series_ticker,series_title,market_ticker,title,status,yes_bid,yes_ask,last_price,previous_price,volume,volume_24h,open_interest,liquidity,floor_strike,open_time,close_time,created_time,updated_time,event_ticker,rules_primary
KXB200W,B200 Weekly Price,KXB200W-26SEP04-6.01,B200 price up in next week?,active,0.6000,0.6400,0.6100,0.0000,400.00,400.00,400.00,0.0000,6.01,2026-08-28T21:00:00Z,2026-09-04T21:00:00Z,2026-08-28T20:30:29.754601Z,2026-08-28T21:00:00.902454Z,KXB200W-26SEP04,"If the value of B200 compute per hour is above 6.01 on Sep 4, 2026, then the market resolves to Yes."
KXB200W,B200 Weekly Price,KXB200W-26AUG28-6.95,B200 price up in next week?,closed,0.0000,1.0000,0.0600,0.0600,1057.22,0.00,1001.00,0.0000,6.95,2026-08-21T21:00:00Z,2026-08-28T21:00:00Z,2026-08-21T20:30:28.937259Z,2026-08-28T21:00:00.716753Z,KXB200W-26AUG28,"If the value of B200 compute per hour is above 6.95 on Aug 28, 2026, then the market resolves to Yes."
KXB200W,B200 Weekly Price,KXB200W-26AUG21-6,B200 price up in next week?,finalized,0.0000,1.0000,0.9900,0.9900,1892.42,0.00,1665.00,0.0000,6.0,2026-08-14T21:00:00Z,2026-08-21T21:00:00Z,2026-08-14T20:30:27.559623Z,2026-08-21T21:35:27.282788Z,KXB200W-26AUG21,"If the value of B200 compute per hour is above 6 on Aug 21, 2026, then the market resolves to Yes."
KXB200W,B200 Weekly Price,KXB200W-26AUG14-5.76,B200 price up in next week?,finalized,0.0000,1.0000,0.9900,0.9900,4117.77,0.00,1665.29,0.0000,5.76,2026-08-07T21:00:00Z,2026-08-14T21:00:00Z,2026-08-07T20:30:28.625901Z,2026-08-14T21:35:32.43175Z,KXB200W-26AUG14,"If the value of B200 compute per hour is above 5.76 on Aug 14, 2026, then the market resolves to Yes."
KXB200W,B200 Weekly Price,KXB200W-26AUG07-6.41,B200 price up in next week?,finalized,0.0000,1.0000,0.0400,0.0400,1138.64,0.00,1080.93,0.0000,6.41,2026-07-31T21:00:00Z,2026-08-07T21:00:00Z,2026-07-31T20:31:52.444367Z,2026-08-07T21:35:35.500898Z,KXB200W-26AUG07,"If the value of B200 compute per hour is above 6.41 on Aug 7, 2026, then the market resolves to Yes."
KXB200W,B200 Weekly Price,KXB200W-26JUL31-6.78,B200 price up in next week?,finalized,0.0000,1.0000,0.0400,0.0400,1109.03,0.00,813.92,0.0000,6.78,2026-07-24T21:00:00Z,2026-07-31T21:00:00Z,2026-07-24T20:30:26.187152Z,2026-07-31T21:35:40.918471Z,KXB200W-26JUL31,"If the value of B200 compute per hour is above 6.78 on Jul 31, 2026, then the market resolves to Yes."
KXB200W,B200 Weekly Price,KXB200W-26JUL24-7.24,B200 price up in next week?,finalized,0.0000,1.0000,0.2500,0.2500,637.37,0.00,421.37,0.0000,7.24,2026-07-17T21:00:00Z,2026-07-24T21:00:00Z,2026-07-17T20:30:27.588268Z,2026-07-27T15:35:25.969996Z,KXB200W-26JUL24,"If the value of B200 compute per hour is above 7.24 on Jul 24, 2026, then the market resolves to Yes."
KXB200W,B200 Weekly Price,KXB200W-26JUL17-6.69,B200 price up in next week?,finalized,0.0000,1.0000,0.9600,0.9600,1327.66,0.00,710.06,0.0000,6.69,2026-07-10T21:00:00Z,2026-07-17T21:00:00Z,2026-07-10T20:30:25.229059Z,2026-07-17T21:35:32.651407Z,KXB200W-26JUL17,"If the value of B200 compute per hour is above 6.69 on Jul 17, 2026, then the market resolves to Yes."
KXB200W,B200 Weekly Price,KXB200W-26JUL10-5.14,B200 price up in next week?,finalized,0.0000,1.0000,0.9900,0.9900,1105.57,0.00,913.00,0.0000,5.14,2026-07-03T21:00:00Z,2026-07-10T21:00:00Z,2026-07-03T20:30:28.825814Z,2026-07-10T21:35:30.330898Z,KXB200W-26JUL10,"If the value of B200 compute per hour is above 5.14 on Jul 10, 2026, then the market resolves to Yes."
KXB200W,B200 Weekly Price,KXB200W-26JUL03-4.5,B200 price up in next week?,finalized,0.0000,1.0000,0.9900,0.9900,2709.62,0.00,1485.62,0.0000,4.5,2026-06-26T21:00:00Z,2026-07-03T21:00:00Z,2026-06-26T20:30:24.769624Z,2026-07-03T21:35:24.484298Z,KXB200W-26JUL03,"If the value of B200 compute per hour is above 4.5 on Jul 3, 2026, then the market resolves to Yes."
KXB200W,B200 Weekly Price,KXB200W-26JUN26-4.3,B200 price up in next week?,finalized,0.0000,1.0000,0.9900,0.9900,1518.65,0.00,757.55,0.0000,4.3,2026-06-19T21:00:00Z,2026-06-26T21:00:00Z,2026-06-19T20:30:31.885514Z,2026-06-26T21:35:33.850567Z,KXB200W-26JUN26,"If the value of B200 compute per hour is above 4.3 on Jun 26, 2026, then the market resolves to Yes."
KXH100WS,H100 Weekly,KXH100WS-26OCT09-4.000,Will the NVIDIA H100 compute per hour price be above $4 at 4 PM ET on Oct 09?,active,0.0100,0.0500,0.0700,0.0700,59.00,0.00,59.00,0.0000,4.0,2026-08-28T20:40:00Z,2026-10-09T20:00:00Z,2026-08-28T20:30:30.140524Z,2026-08-28T20:40:00.883705Z,KXH100WS-26OCT09,"If the value of NVIDIA H100 compute per hour is above $4 on Oct 09, 2026 at 4 PM ET, then the market resolves to Yes."
KXH100WS,H100 Weekly,KXH100WS-26OCT09-3.750,Will the NVIDIA H100 compute per hour price be above $3.75 at 4 PM ET on Oct 09?,active,0.0800,0.0900,0.1000,0.0700,400.00,200.00,0.00,0.0000,3.75,2026-08-28T20:40:00Z,2026-10-09T20:00:00Z,2026-08-28T20:30:30.140524Z,2026-08-28T20:40:00.883705Z,KXH100WS-26OCT09,"If the value of NVIDIA H100 compute per hour is above $3.75 on Oct 09, 2026 at 4 PM ET, then the market resolves to Yes."
KXH100WS,H100 Weekly,KXH100WS-26OCT09-3.500,Will the NVIDIA H100 compute per hour price be above $3.5 at 4 PM ET on Oct 09?,active,0.0700,0.1100,0.0000,0.0000,0.00,0.00,0.00,0.0000,3.5,2026-08-28T20:40:00Z,2026-10-09T20:00:00Z,2026-08-28T20:30:30.140524Z,2026-08-28T20:40:00.883705Z,KXH100WS-26OCT09,"If the value of NVIDIA H100 compute per hour is above $3.5 on Oct 09, 2026 at 4 PM ET, then the market resolves to Yes."
KXH100WS,H100 Weekly,KXH100WS-26OCT09-3.250,Will the NVIDIA H100 compute per hour price be above $3.25 at 4 PM ET on Oct 09?,active,0.2000,0.2100,0.0000,0.0000,0.00,0.00,0.00,0.0000,3.25,2026-08-28T20:40:00Z,2026-10-09T20:00:00Z,2026-08-28T20:30:30.140524Z,2026-08-28T20:40:00.883705Z,KXH100WS-26OCT09,"If the value of NVIDIA H100 compute per hour is above $3.25 on Oct 09, 2026 at 4 PM ET, then the market resolves to Yes."
KXH100WS,H100 Weekly,KXH100WS-26OCT09-3.000,Will the NVIDIA H100 compute per hour price be above $3 at 4 PM ET on Oct 09?,active,0.3700,0.3900,0.0000,0.0000,0.00,0.00,0.00,0.0000,3.0,2026-08-28T20:40:00Z,2026-10-09T20:00:00Z,2026-08-28T20:30:30.140524Z,2026-08-28T20:40:00.883705Z,KXH100WS-26OCT09,"If the value of NVIDIA H100 compute per hour is above $3 on Oct 09, 2026 at 4 PM ET, then the market resolves to Yes."
KXH100WS,H100 Weekly,KXH100WS-26OCT09-2.750,Will the NVIDIA H100 compute per hour price be above $2.75 at 4 PM ET on Oct 09?,active,0.5700,0.5800,0.6300,0.6300,15.47,0.00,15.47,0.0000,2.75,2026-08-28T20:40:00Z,2026-10-09T20:00:00Z,2026-08-28T20:30:30.140524Z,2026-08-28T20:40:00.883705Z,KXH100WS-26OCT09,"If the value of NVIDIA H100 compute per hour is above $2.75 on Oct 09, 2026 at 4 PM ET, then the market resolves to Yes."
KXH100WS,H100 Weekly,KXH100WS-26OCT09-2.500,Will the NVIDIA H100 compute per hour price be above $2.5 at 4 PM ET on Oct 09?,active,0.7400,0.7500,0.0000,0.0000,0.00,0.00,0.00,0.0000,2.5,2026-08-28T20:40:00Z,2026-10-09T20:00:00Z,2026-08-28T20:30:30.140524Z,2026-08-28T20:40:00.883705Z,KXH100WS-26OCT09,"If the value of NVIDIA H100 compute per hour is above $2.5 on Oct 09, 2026 at 4 PM ET, then the market resolves to Yes."
KXH100WS,H100 Weekly,KXH100WS-26OCT09-2.250,Will the NVIDIA H100 compute per hour price be above $2.25 at 4 PM ET on Oct 09?,active,0.9100,0.9500,0.9300,0.9300,3045.00,1842.00,900.00,0.0000,2.25,2026-08-28T20:40:00Z,2026-10-09T20:00:00Z,2026-08-28T20:30:30.140524Z,2026-08-28T20:40:00.883705Z,KXH100WS-26OCT09,"If the value of NVIDIA H100 compute per hour is above $2.25 on Oct 09, 2026 at 4 PM ET, then the market resolves to Yes."
KXH100WS,H100 Weekly,KXH100WS-26OCT09-2.000,Will the NVIDIA H100 compute per hour price be above $2 at 4 PM ET on Oct 09?,active,0.9200,0.9600,0.9500,0.9400,1026.00,838.00,650.00,0.0000,2.0,2026-08-28T20:40:00Z,2026-10-09T20:00:00Z,2026-08-28T20:30:30.140524Z,2026-08-28T20:40:00.883705Z,KXH100WS-26OCT09,"If the value of NVIDIA H100 compute per hour is above $2 on Oct 09, 2026 at 4 PM ET, then the market resolves to Yes."
KXH100WS,H100 Weekly,KXH100WS-26OCT09-1.750,Will the NVIDIA H100 compute per hour price be above $1.75 at 4 PM ET on Oct 09?,active,0.9500,0.9800,0.9100,0.0000,15.00,15.00,15.00,0.0000,1.75,2026-08-28T20:40:00Z,2026-10-09T20:00:00Z,2026-08-28T20:30:30.140524Z,2026-08-28T20:40:00.883705Z,KXH100WS-26OCT09,"If the value of NVIDIA H100 compute per hour is above $1.75 on Oct 09, 2026 at 4 PM ET, then the market resolves to Yes."
KXH100WS,H100 Weekly,KXH100WS-26OCT09-1.250,Will the NVIDIA H100 compute per hour price be above $1.25 at 4 PM ET on Oct 09?,active,0.9700,0.9900,0.0000,0.0000,0.00,0.00,0.00,0.0000,1.25,2026-08-28T20:40:00Z,2026-10-09T20:00:00Z,2026-08-28T20:30:30.140524Z,2026-08-28T20:40:00.883705Z,KXH100WS-26OCT09,"If the value of NVIDIA H100 compute per hour is above $1.25 on Oct 09, 2026 at 4 PM ET, then the market resolves to Yes."
KXH100WS,H100 Weekly,KXH100WS-26OCT09-1.000,Will the NVIDIA H100 compute per hour price be above $1 at 4 PM ET on Oct 09?,active,0.9800,0.9900,0.0000,0.0000,0.00,0.00,0.00,0.0000,1.0,2026-08-28T20:40:00Z,2026-10-09T20:00:00Z,2026-08-28T20:30:30.140524Z,2026-08-28T20:40:00.883705Z,KXH100WS-26OCT09,"If the value of NVIDIA H100 compute per hour is above $1 on Oct 09, 2026 at 4 PM ET, then the market resolves to Yes."
KXH100WS,H100 Weekly,KXH100WS-26OCT02-4.000,Will the NVIDIA H100 compute per hour price be above $4 at 4 PM ET on Oct 02?,active,0.0100,0.0600,0.0600,0.0500,173.00,63.00,163.00,0.0000,4.0,2026-08-21T20:40:00Z,2026-10-02T20:00:00Z,2026-08-21T20:30:28.406754Z,2026-08-21T20:40:00.992987Z,KXH100WS-26OCT02,"If the value of NVIDIA H100 compute per hour is above $4 on Oct 02, 2026 at 4 PM ET, then the market resolves to Yes."
KXH100WS,H100 Weekly,KXH100WS-26OCT02-3.750,Will the NVIDIA H100 compute per hour price be above $3.75 at 4 PM ET on Oct 02?,active,0.0600,0.0700,0.1000,0.0600,400.00,200.00,0.00,0.0000,3.75,2026-08-21T20:40:00Z,2026-10-02T20:00:00Z,2026-08-21T20:30:28.406754Z,2026-08-21T20:40:00.992987Z,KXH100WS-26OCT02,"If the value of NVIDIA H100 compute per hour is above $3.75 on Oct 02, 2026 at 4 PM ET, then the market resolves to Yes."
KXH100WS,H100 Weekly,KXH100WS-26OCT02-3.500,Will the NVIDIA H100 compute per hour price be above $3.5 at 4 PM ET on Oct 02?,active,0.0800,0.0900,0.1200,0.0000,12.00,12.00,12.00,0.0000,3.5,2026-08-21T20:40:00Z,2026-10-02T20:00:00Z,2026-08-21T20:30:28.406754Z,2026-08-21T20:40:00.992987Z,KXH100WS-26OCT02,"If the value of NVIDIA H100 compute per hour is above $3.5 on Oct 02, 2026 at 4 PM ET, then the market resolves to Yes."
KXH100WS,H100 Weekly,KXH100WS-26OCT02-3.250,Will the NVIDIA H100 compute per hour price be above $3.25 at 4 PM ET on Oct 02?,active,0.2100,0.2200,0.2400,0.0000,50.00,50.00,50.00,0.0000,3.25,2026-08-21T20:40:00Z,2026-10-02T20:00:00Z,2026-08-21T20:30:28.406754Z,2026-08-21T20:40:00.992987Z,KXH100WS-26OCT02,"If the value of NVIDIA H100 compute per hour is above $3.25 on Oct 02, 2026 at 4 PM ET, then the market resolves to Yes."
KXH100WS,H100 Weekly,KXH100WS-26OCT02-3.000,Will the NVIDIA H100 compute per hour price be above $3 at 4 PM ET on Oct 02?,active,0.3600,0.3700,0.4000,0.4000,17.00,2.00,15.00,0.0000,3.0,2026-08-21T20:40:00Z,2026-10-02T20:00:00Z,2026-08-21T20:30:28.406754Z,2026-08-21T20:40:00.992987Z,KXH100WS-26OCT02,"If the value of NVIDIA H100 compute per hour is above $3 on Oct 02, 2026 at 4 PM ET, then the market resolves to Yes."
KXH100WS,H100 Weekly,KXH100WS-26OCT02-2.750,Will the NVIDIA H100 compute per hour price be above $2.75 at 4 PM ET on Oct 02?,active,0.5000,0.5300,0.4800,0.4800,15.00,0.00,5.00,0.0000,2.75,2026-08-21T20:40:00Z,2026-10-02T20:00:00Z,2026-08-21T20:30:28.406754Z,2026-08-21T20:40:00.992987Z,KXH100WS-26OCT02,"If the value of NVIDIA H100 compute per hour is above $2.75 on Oct 02, 2026 at 4 PM ET, then the market resolves to Yes."
KXH100WS,H100 Weekly,KXH100WS-26OCT02-2.500,Will the NVIDIA H100 compute per hour price be above $2.5 at 4 PM ET on Oct 02?,active,0.7500,0.7600,0.6000,0.6000,16.00,0.00,11.00,0.0000,2.5,2026-08-21T20:40:00Z,2026-10-02T20:00:00Z,2026-08-21T20:30:28.406754Z,2026-08-21T20:40:00.992987Z,KXH100WS-26OCT02,"If the value of NVIDIA H100 compute per hour is above $2.5 on Oct 02, 2026 at 4 PM ET, then the market resolves to Yes."
KXH100WS,H100 Weekly,KXH100WS-26OCT02-2.250,Will the NVIDIA H100 compute per hour price be above $2.25 at 4 PM ET on Oct 02?,active,0.9000,0.9300,0.9100,0.9000,3377.00,2289.00,1101.00,0.0000,2.25,2026-08-21T20:40:00Z,2026-10-02T20:00:00Z,2026-08-21T20:30:28.406754Z,2026-08-21T20:40:00.992987Z,KXH100WS-26OCT02,"If the value of NVIDIA H100 compute per hour is above $2.25 on Oct 02, 2026 at 4 PM ET, then the market resolves to Yes."
KXH100WS,H100 Weekly,KXH100WS-26OCT02-2.000,Will the NVIDIA H100 compute per hour price be above $2 at 4 PM ET on Oct 02?,active,0.9400,0.9900,0.9400,0.9500,1356.00,956.00,644.00,0.0000,2.0,2026-08-21T20:40:00Z,2026-10-02T20:00:00Z,2026-08-21T20:30:28.406754Z,2026-08-21T20:40:00.992987Z,KXH100WS-26OCT02,"If the value of NVIDIA H100 compute per hour is above $2 on Oct 02, 2026 at 4 PM ET, then the market resolves to Yes."
KXH100WS,H100 Weekly,KXH100WS-26OCT02-1.750,Will the NVIDIA H100 compute per hour price be above $1.75 at 4 PM ET on Oct 02?,active,0.9600,0.9900,0.9800,0.9800,800.00,0.00,400.00,0.0000,1.75,2026-08-21T20:40:00Z,2026-10-02T20:00:00Z,2026-08-21T20:30:28.406754Z,2026-08-21T20:40:00.992987Z,KXH100WS-26OCT02,"If the value of NVIDIA H100 compute per hour is above $1.75 on Oct 02, 2026 at 4 PM ET, then the market resolves to Yes."
KXH100WS,H100 Weekly,KXH100WS-26OCT02-1.250,Will the NVIDIA H100 compute per hour price be above $1.25 at 4 PM ET on Oct 02?,active,0.9800,0.9900,0.0000,0.0000,0.00,0.00,0.00,0.0000,1.25,2026-08-21T20:40:00Z,2026-10-02T20:00:00Z,2026-08-21T20:30:28.406754Z,2026-08-21T20:40:00.992987Z,KXH100WS-26OCT02,"If the value of NVIDIA H100 compute per hour is above $1.25 on Oct 02, 2026 at 4 PM ET, then the market resolves to Yes."
KXH100WS,H100 Weekly,KXH100WS-26OCT02-1.000,Will the NVIDIA H100 compute per hour price be above $1 at 4 PM ET on Oct 02?,active,0.9800,0.9900,0.0000,0.0000,0.00,0.00,0.00,0.0000,1.0,2026-08-21T20:40:00Z,2026-10-02T20:00:00Z,2026-08-21T20:30:28.406754Z,2026-08-21T20:40:00.992987Z,KXH100WS-26OCT02,"If the value of NVIDIA H100 compute per hour is above $1 on Oct 02, 2026 at 4 PM ET, then the market resolves to Yes."
KXH100WS,H100 Weekly,KXH100WS-26SEP25-4.000,Will the NVIDIA H100 compute per hour price be above $4 at 4 PM ET on Sep 25?,active,0.0100,0.0300,0.0500,0.0500,10.00,0.00,10.00,0.0000,4.0,2026-08-14T20:40:00Z,2026-09-25T20:00:00Z,2026-08-14T20:30:29.085326Z,2026-08-14T20:40:00.259461Z,KXH100WS-26SEP25,"If the value of NVIDIA H100 compute per hour is above $4 on Sep 25, 2026 at 4 PM ET, then the market resolves to Yes."
KXH100WS,H100 Weekly,KXH100WS-26SEP25-3.750,Will the NVIDIA H100 compute per hour price be above $3.75 at 4 PM ET on Sep 25?,active,0.0400,0.0700,0.1500,0.1200,458.00,225.00,423.00,0.0000,3.75,2026-08-14T20:40:00Z,2026-09-25T20:00:00Z,2026-08-14T20:30:29.085326Z,2026-08-14T20:40:00.259461Z,KXH100WS-26SEP25,"If the value of NVIDIA H100 compute per hour is above $3.75 on Sep 25, 2026 at 4 PM ET, then the market resolves to Yes."
KXH100WS,H100 Weekly,KXH100WS-26SEP25-3.500,Will the NVIDIA H100 compute per hour price be above $3.5 at 4 PM ET on Sep 25?,active,0.0300,0.1400,0.1500,0.1500,460.25,0.00,443.25,0.0000,3.5,2026-08-14T20:40:00Z,2026-09-25T20:00:00Z,2026-08-14T20:30:29.085326Z,2026-08-14T20:40:00.259461Z,KXH100WS-26SEP25,"If the value of NVIDIA H100 compute per hour is above $3.5 on Sep 25, 2026 at 4 PM ET, then the market resolves to Yes."
KXH100WS,H100 Weekly,KXH100WS-26SEP25-3.250,Will the NVIDIA H100 compute per hour price be above $3.25 at 4 PM ET on Sep 25?,active,0.2200,0.2300,0.2200,0.3500,1372.00,1052.00,610.00,0.0000,3.25,2026-08-14T20:40:00Z,2026-09-25T20:00:00Z,2026-08-14T20:30:29.085326Z,2026-08-14T20:40:00.259461Z,KXH100WS-26SEP25,"If the value of NVIDIA H100 compute per hour is above $3.25 on Sep 25, 2026 at 4 PM ET, then the market resolves to Yes."
KXH100WS,H100 Weekly,KXH100WS-26SEP25-3.000,Will the NVIDIA H100 compute per hour price be above $3 at 4 PM ET on Sep 25?,active,0.3800,0.3900,0.4300,0.4300,522.00,0.00,500.00,0.0000,3.0,2026-08-14T20:40:00Z,2026-09-25T20:00:00Z,2026-08-14T20:30:29.085326Z,2026-08-14T20:40:00.259461Z,KXH100WS-26SEP25,"If the value of NVIDIA H100 compute per hour is above $3 on Sep 25, 2026 at 4 PM ET, then the market resolves to Yes."
KXH100WS,H100 Weekly,KXH100WS-26SEP25-2.750,Will the NVIDIA H100 compute per hour price be above $2.75 at 4 PM ET on Sep 25?,active,0.6600,0.6900,0.6700,0.5400,1050.00,601.00,624.00,0.0000,2.75,2026-08-14T20:40:00Z,2026-09-25T20:00:00Z,2026-08-14T20:30:29.085326Z,2026-08-14T20:40:00.259461Z,KXH100WS-26SEP25,"If the value of NVIDIA H100 compute per hour is above $2.75 on Sep 25, 2026 at 4 PM ET, then the market resolves to Yes."
KXH100WS,H100 Weekly,KXH100WS-26SEP25-2.500,Will the NVIDIA H100 compute per hour price be above $2.5 at 4 PM ET on Sep 25?,active,0.8400,0.8600,0.8400,0.8800,434.00,410.00,426.00,0.0000,2.5,2026-08-14T20:40:00Z,2026-09-25T20:00:00Z,2026-08-14T20:30:29.085326Z,2026-08-14T20:40:00.259461Z,KXH100WS-26SEP25,"If the value of NVIDIA H100 compute per hour is above $2.5 on Sep 25, 2026 at 4 PM ET, then the market resolves to Yes."
KXH100WS,H100 Weekly,KXH100WS-26SEP25-2.250,Will the NVIDIA H100 compute per hour price be above $2.25 at 4 PM ET on Sep 25?,active,0.9400,0.9800,0.9400,0.9500,4606.00,2889.00,1685.00,0.0000,2.25,2026-08-14T20:40:00Z,2026-09-25T20:00:00Z,2026-08-14T20:30:29.085326Z,2026-08-14T20:40:00.259461Z,KXH100WS-26SEP25,"If the value of NVIDIA H100 compute per hour is above $2.25 on Sep 25, 2026 at 4 PM ET, then the market resolves to Yes."
KXH100WS,H100 Weekly,KXH100WS-26SEP25-2.000,Will the NVIDIA H100 compute per hour price be above $2 at 4 PM ET on Sep 25?,active,0.9500,0.9600,0.9700,0.9700,400.00,0.00,400.00,0.0000,2.0,2026-08-14T20:40:00Z,2026-09-25T20:00:00Z,2026-08-14T20:30:29.085326Z,2026-08-14T20:40:00.259461Z,KXH100WS-26SEP25,"If the value of NVIDIA H100 compute per hour is above $2 on Sep 25, 2026 at 4 PM ET, then the market resolves to Yes."
KXH100WS,H100 Weekly,KXH100WS-26SEP25-1.750,Will the NVIDIA H100 compute per hour price be above $1.75 at 4 PM ET on Sep 25?,active,0.9500,0.9900,0.9800,0.9800,1200.00,800.00,800.00,0.0000,1.75,2026-08-14T20:40:00Z,2026-09-25T20:00:00Z,2026-08-14T20:30:29.085326Z,2026-08-14T20:40:00.259461Z,KXH100WS-26SEP25,"If the value of NVIDIA H100 compute per hour is above $1.75 on Sep 25, 2026 at 4 PM ET, then the market resolves to Yes."
KXH100WS,H100 Weekly,KXH100WS-26SEP25-1.250,Will the NVIDIA H100 compute per hour price be above $1.25 at 4 PM ET on Sep 25?,active,0.9800,0.9900,0.0000,0.0000,0.00,0.00,0.00,0.0000,1.25,2026-08-14T20:40:00Z,2026-09-25T20:00:00Z,2026-08-14T20:30:29.085326Z,2026-08-14T20:40:00.212818Z,KXH100WS-26SEP25,"If the value of NVIDIA H100 compute per hour is above $1.25 on Sep 25, 2026 at 4 PM ET, then the market resolves to Yes."
KXH100WS,H100 Weekly,KXH100WS-26SEP25-1.000,Will the NVIDIA H100 compute per hour price be above $1 at 4 PM ET on Sep 25?,active,0.9800,0.9900,0.0000,0.0000,0.00,0.00,0.00,0.0000,1.0,2026-08-14T20:40:00Z,2026-09-25T20:00:00Z,2026-08-14T20:30:29.085326Z,2026-08-14T20:40:00.212818Z,KXH100WS-26SEP25,"If the value of NVIDIA H100 compute per hour is above $1 on Sep 25, 2026 at 4 PM ET, then the market resolves to Yes."
KXH100WS,H100 Weekly,KXH100WS-26SEP18-4.000,Will the NVIDIA H100 compute per hour price be above $4 at 4 PM ET on Sep 18?,active,0.0100,0.0200,0.0400,0.0400,1.00,0.00,1.00,0.0000,4.0,2026-08-07T20:40:00Z,2026-09-18T20:00:00Z,2026-08-07T20:30:30.402821Z,2026-08-07T20:40:00.292707Z,KXH100WS-26SEP18,"If the value of NVIDIA H100 compute per hour is above $4 on Sep 18, 2026 at 4 PM ET, then the market resolves to Yes."
KXH100WS,H100 Weekly,KXH100WS-26SEP18-3.750,Will the NVIDIA H100 compute per hour price be above $3.75 at 4 PM ET on Sep 18?,active,0.0100,0.0500,0.0300,0.0700,446.00,42.00,362.00,0.0000,3.75,2026-08-07T20:40:00Z,2026-09-18T20:00:00Z,2026-08-07T20:30:30.402821Z,2026-08-07T20:40:00.292707Z,KXH100WS-26SEP18,"If the value of NVIDIA H100 compute per hour is above $3.75 on Sep 18, 2026 at 4 PM ET, then the market resolves to Yes."
KXH100WS,H100 Weekly,KXH100WS-26SEP18-3.500,Will the NVIDIA H100 compute per hour price be above $3.5 at 4 PM ET on Sep 18?,active,0.0800,0.0900,0.1500,0.1500,1466.00,0.00,426.00,0.0000,3.5,2026-08-07T20:40:00Z,2026-09-18T20:00:00Z,2026-08-07T20:30:30.402821Z,2026-08-07T20:40:00.292707Z,KXH100WS-26SEP18,"If the value of NVIDIA H100 compute per hour is above $3.5 on Sep 18, 2026 at 4 PM ET, then the market resolves to Yes."
KXH100WS,H100 Weekly,KXH100WS-26SEP18-3.250,Will the NVIDIA H100 compute per hour price be above $3.25 at 4 PM ET on Sep 18?,active,0.2800,0.2900,0.3600,0.3000,807.00,2.00,339.00,0.0000,3.25,2026-08-07T20:40:00Z,2026-09-18T20:00:00Z,2026-08-07T20:30:30.402821Z,2026-08-07T20:40:00.292707Z,KXH100WS-26SEP18,"If the value of NVIDIA H100 compute per hour is above $3.25 on Sep 18, 2026 at 4 PM ET, then the market resolves to Yes."
KXH100WS,H100 Weekly,KXH100WS-26SEP18-3.000,Will the NVIDIA H100 compute per hour price be above $3 at 4 PM ET on Sep 18?,active,0.3500,0.3600,0.3600,0.3600,537.00,33.00,450.00,0.0000,3.0,2026-08-07T20:40:00Z,2026-09-18T20:00:00Z,2026-08-07T20:30:30.402821Z,2026-08-07T20:40:00.292707Z,KXH100WS-26SEP18,"If the value of NVIDIA H100 compute per hour is above $3 on Sep 18, 2026 at 4 PM ET, then the market resolves to Yes."
KXH100WS,H100 Weekly,KXH100WS-26SEP18-2.750,Will the NVIDIA H100 compute per hour price be above $2.75 at 4 PM ET on Sep 18?,active,0.6800,0.7100,0.7000,0.5300,457.00,400.00,435.00,0.0000,2.75,2026-08-07T20:40:00Z,2026-09-18T20:00:00Z,2026-08-07T20:30:30.402821Z,2026-08-07T20:40:00.292707Z,KXH100WS-26SEP18,"If the value of NVIDIA H100 compute per hour is above $2.75 on Sep 18, 2026 at 4 PM ET, then the market resolves to Yes."
KXH100WS,H100 Weekly,KXH100WS-26SEP18-2.500,Will the NVIDIA H100 compute per hour price be above $2.5 at 4 PM ET on Sep 18?,active,0.7800,0.7900,0.8000,0.7300,863.68,200.00,832.00,0.0000,2.5,2026-08-07T20:40:00Z,2026-09-18T20:00:00Z,2026-08-07T20:30:30.402821Z,2026-08-07T20:40:00.292707Z,KXH100WS-26SEP18,"If the value of NVIDIA H100 compute per hour is above $2.5 on Sep 18, 2026 at 4 PM ET, then the market resolves to Yes."
KXH100WS,H100 Weekly,KXH100WS-26SEP18-2.250,Will the NVIDIA H100 compute per hour price be above $2.25 at 4 PM ET on Sep 18?,active,0.9000,0.9400,0.9000,0.9200,2520.00,1320.00,905.00,0.0000,2.25,2026-08-07T20:40:00Z,2026-09-18T20:00:00Z,2026-08-07T20:30:30.402821Z,2026-08-07T20:40:00.292707Z,KXH100WS-26SEP18,"If the value of NVIDIA H100 compute per hour is above $2.25 on Sep 18, 2026 at 4 PM ET, then the market resolves to Yes."
KXH100WS,H100 Weekly,KXH100WS-26SEP18-2.000,Will the NVIDIA H100 compute per hour price be above $2 at 4 PM ET on Sep 18?,active,0.9300,0.9800,0.9200,0.9500,2071.00,871.00,765.00,0.0000,2.0,2026-08-07T20:40:00Z,2026-09-18T20:00:00Z,2026-08-07T20:30:30.402821Z,2026-08-07T20:40:00.24746Z,KXH100WS-26SEP18,"If the value of NVIDIA H100 compute per hour is above $2 on Sep 18, 2026 at 4 PM ET, then the market resolves to Yes."
KXH100WS,H100 Weekly,KXH100WS-26SEP18-1.750,Will the NVIDIA H100 compute per hour price be above $1.75 at 4 PM ET on Sep 18?,active,0.9800,0.9900,0.9800,0.9800,400.00,0.00,400.00,0.0000,1.75,2026-08-07T20:40:00Z,2026-09-18T20:00:00Z,2026-08-07T20:30:30.402821Z,2026-08-07T20:40:00.24746Z,KXH100WS-26SEP18,"If the value of NVIDIA H100 compute per hour is above $1.75 on Sep 18, 2026 at 4 PM ET, then the market resolves to Yes."
KXH100WS,H100 Weekly,KXH100WS-26SEP18-1.250,Will the NVIDIA H100 compute per hour price be above $1.25 at 4 PM ET on Sep 18?,active,0.9800,0.9900,0.0000,0.0000,0.00,0.00,0.00,0.0000,1.25,2026-08-07T20:40:00Z,2026-09-18T20:00:00Z,2026-08-07T20:30:30.402821Z,2026-08-07T20:40:00.24746Z,KXH100WS-26SEP18,"If the value of NVIDIA H100 compute per hour is above $1.25 on Sep 18, 2026 at 4 PM ET, then the market resolves to Yes."
KXH100WS,H100 Weekly,KXH100WS-26SEP18-1.000,Will the NVIDIA H100 compute per hour price be above $1 at 4 PM ET on Sep 18?,active,0.9800,0.9900,0.0000,0.0000,0.00,0.00,0.00,0.0000,1.0,2026-08-07T20:40:00Z,2026-09-18T20:00:00Z,2026-08-07T20:30:30.402821Z,2026-08-07T20:40:00.24746Z,KXH100WS-26SEP18,"If the value of NVIDIA H100 compute per hour is above $1 on Sep 18, 2026 at 4 PM ET, then the market resolves to Yes."
KXH100WS,H100 Weekly,KXH100WS-26SEP11-4.000,Will the NVIDIA H100 compute per hour price be above $4 at 4 PM ET on Sep 11?,active,0.0100,0.0200,0.0700,0.0700,1.00,0.00,1.00,0.0000,4.0,2026-07-31T20:41:00Z,2026-09-11T20:00:00Z,2026-07-31T20:31:53.619103Z,2026-07-31T20:41:00.295862Z,KXH100WS-26SEP11,"If the value of NVIDIA H100 compute per hour is above $4 on Sep 11, 2026 at 4 PM ET, then the market resolves to Yes."
KXH100WS,H100 Weekly,KXH100WS-26SEP11-3.750,Will the NVIDIA H100 compute per hour price be above $3.75 at 4 PM ET on Sep 11?,active,0.0100,0.0200,0.0700,0.0700,18.41,0.00,18.41,0.0000,3.75,2026-07-31T20:41:00Z,2026-09-11T20:00:00Z,2026-07-31T20:31:53.619103Z,2026-07-31T20:41:00.295862Z,KXH100WS-26SEP11,"If the value of NVIDIA H100 compute per hour is above $3.75 on Sep 11, 2026 at 4 PM ET, then the market resolves to Yes."
KXH100WS,H100 Weekly,KXH100WS-26SEP11-3.500,Will the NVIDIA H100 compute per hour price be above $3.5 at 4 PM ET on Sep 11?,active,0.0100,0.0500,0.1300,0.1300,374.00,0.00,119.00,0.0000,3.5,2026-07-31T20:41:00Z,2026-09-11T20:00:00Z,2026-07-31T20:31:53.619103Z,2026-07-31T20:41:00.295862Z,KXH100WS-26SEP11,"If the value of NVIDIA H100 compute per hour is above $3.5 on Sep 11, 2026 at 4 PM ET, then the market resolves to Yes."
KXH100WS,H100 Weekly,KXH100WS-26SEP11-3.250,Will the NVIDIA H100 compute per hour price be above $3.25 at 4 PM ET on Sep 11?,active,0.0500,0.0900,0.1400,0.1900,671.00,5.00,336.00,0.0000,3.25,2026-07-31T20:41:00Z,2026-09-11T20:00:00Z,2026-07-31T20:31:53.619103Z,2026-07-31T20:41:00.295862Z,KXH100WS-26SEP11,"If the value of NVIDIA H100 compute per hour is above $3.25 on Sep 11, 2026 at 4 PM ET, then the market resolves to Yes."
KXH100WS,H100 Weekly,KXH100WS-26SEP11-3.000,Will the NVIDIA H100 compute per hour price be above $3 at 4 PM ET on Sep 11?,active,0.3900,0.4200,0.4700,0.4700,1155.00,1000.00,268.00,0.0000,3.0,2026-07-31T20:41:00Z,2026-09-11T20:00:00Z,2026-07-31T20:31:53.619103Z,2026-07-31T20:41:00.295862Z,KXH100WS-26SEP11,"If the value of NVIDIA H100 compute per hour is above $3 on Sep 11, 2026 at 4 PM ET, then the market resolves to Yes."
KXH100WS,H100 Weekly,KXH100WS-26SEP11-2.750,Will the NVIDIA H100 compute per hour price be above $2.75 at 4 PM ET on Sep 11?,active,0.5600,0.5700,0.6800,0.6600,918.51,7.19,377.19,0.0000,2.75,2026-07-31T20:41:00Z,2026-09-11T20:00:00Z,2026-07-31T20:31:53.619103Z,2026-07-31T20:41:00.295862Z,KXH100WS-26SEP11,"If the value of NVIDIA H100 compute per hour is above $2.75 on Sep 11, 2026 at 4 PM ET, then the market resolves to Yes."
KXH100WS,H100 Weekly,KXH100WS-26SEP11-2.500,Will the NVIDIA H100 compute per hour price be above $2.5 at 4 PM ET on Sep 11?,active,0.7200,0.7300,0.8300,0.9100,984.00,21.00,821.00,0.0000,2.5,2026-07-31T20:41:00Z,2026-09-11T20:00:00Z,2026-07-31T20:31:53.619103Z,2026-07-31T20:41:00.295862Z,KXH100WS-26SEP11,"If the value of NVIDIA H100 compute per hour is above $2.5 on Sep 11, 2026 at 4 PM ET, then the market resolves to Yes."
KXH100WS,H100 Weekly,KXH100WS-26SEP11-2.250,Will the NVIDIA H100 compute per hour price be above $2.25 at 4 PM ET on Sep 11?,active,0.8700,0.9400,0.8900,0.9300,2643.00,1843.00,1043.00,0.0000,2.25,2026-07-31T20:41:00Z,2026-09-11T20:00:00Z,2026-07-31T20:31:53.619103Z,2026-07-31T20:41:00.295862Z,KXH100WS-26SEP11,"If the value of NVIDIA H100 compute per hour is above $2.25 on Sep 11, 2026 at 4 PM ET, then the market resolves to Yes."
KXH100WS,H100 Weekly,KXH100WS-26SEP11-2.000,Will the NVIDIA H100 compute per hour price be above $2 at 4 PM ET on Sep 11?,active,0.9500,0.9900,0.9800,0.9700,1200.00,800.00,800.00,0.0000,2.0,2026-07-31T20:41:00Z,2026-09-11T20:00:00Z,2026-07-31T20:31:53.619103Z,2026-07-31T20:41:00.295862Z,KXH100WS-26SEP11,"If the value of NVIDIA H100 compute per hour is above $2 on Sep 11, 2026 at 4 PM ET, then the market resolves to Yes."
KXH100WS,H100 Weekly,KXH100WS-26SEP11-1.750,Will the NVIDIA H100 compute per hour price be above $1.75 at 4 PM ET on Sep 11?,active,0.9800,0.9900,0.9800,0.9800,400.00,0.00,400.00,0.0000,1.75,2026-07-31T20:41:00Z,2026-09-11T20:00:00Z,2026-07-31T20:31:53.619103Z,2026-07-31T20:41:00.295862Z,KXH100WS-26SEP11,"If the value of NVIDIA H100 compute per hour is above $1.75 on Sep 11, 2026 at 4 PM ET, then the market resolves to Yes."
KXH100WS,H100 Weekly,KXH100WS-26SEP11-1.250,Will the NVIDIA H100 compute per hour price be above $1.25 at 4 PM ET on Sep 11?,active,0.9800,0.9900,0.0000,0.0000,0.00,0.00,0.00,0.0000,1.25,2026-07-31T20:41:00Z,2026-09-11T20:00:00Z,2026-07-31T20:31:53.619103Z,2026-07-31T20:41:00.045541Z,KXH100WS-26SEP11,"If the value of NVIDIA H100 compute per hour is above $1.25 on Sep 11, 2026 at 4 PM ET, then the market resolves to Yes."
KXH100WS,H100 Weekly,KXH100WS-26SEP11-1.000,Will the NVIDIA H100 compute per hour price be above $1 at 4 PM ET on Sep 11?,active,0.9800,0.9900,0.0000,0.0000,0.00,0.00,0.00,0.0000,1.0,2026-07-31T20:41:00Z,2026-09-11T20:00:00Z,2026-07-31T20:31:53.619103Z,2026-07-31T20:41:00.045541Z,KXH100WS-26SEP11,"If the value of NVIDIA H100 compute per hour is above $1 on Sep 11, 2026 at 4 PM ET, then the market resolves to Yes."
KXH100WS,H100 Weekly,KXH100WS-26SEP04-4.000,Will the NVIDIA H100 compute per hour price be above $4 at 4 PM ET on Sep 04?,active,0.0100,0.0200,0.0100,0.0600,301.00,300.00,301.00,0.0000,4.0,2026-07-24T20:40:00Z,2026-09-04T20:00:00Z,2026-07-24T20:30:27.287351Z,2026-07-24T20:40:00.619466Z,KXH100WS-26SEP04,"If the value of NVIDIA H100 compute per hour is above $4 on Sep 04, 2026 at 4 PM ET, then the market resolves to Yes."
KXH100WS,H100 Weekly,KXH100WS-26SEP04-3.750,Will the NVIDIA H100 compute per hour price be above $3.75 at 4 PM ET on Sep 04?,active,0.0100,0.0200,0.0300,0.0300,336.00,0.00,158.00,0.0000,3.75,2026-07-24T20:40:00Z,2026-09-04T20:00:00Z,2026-07-24T20:30:27.287351Z,2026-07-24T20:40:00.619466Z,KXH100WS-26SEP04,"If the value of NVIDIA H100 compute per hour is above $3.75 on Sep 04, 2026 at 4 PM ET, then the market resolves to Yes."
KXH100WS,H100 Weekly,KXH100WS-26SEP04-3.500,Will the NVIDIA H100 compute per hour price be above $3.5 at 4 PM ET on Sep 04?,active,0.0100,0.0200,0.0300,0.0300,748.00,0.00,323.00,0.0000,3.5,2026-07-24T20:40:00Z,2026-09-04T20:00:00Z,2026-07-24T20:30:27.287351Z,2026-07-24T20:40:00.619466Z,KXH100WS-26SEP04,"If the value of NVIDIA H100 compute per hour is above $3.5 on Sep 04, 2026 at 4 PM ET, then the market resolves to Yes."
KXH100WS,H100 Weekly,KXH100WS-26SEP04-3.250,Will the NVIDIA H100 compute per hour price be above $3.25 at 4 PM ET on Sep 04?,active,0.0200,0.1300,0.1200,0.2000,2870.24,993.78,611.24,0.0000,3.25,2026-07-24T20:40:00Z,2026-09-04T20:00:00Z,2026-07-24T20:30:27.287351Z,2026-07-24T20:40:00.619466Z,KXH100WS-26SEP04,"If the value of NVIDIA H100 compute per hour is above $3.25 on Sep 04, 2026 at 4 PM ET, then the market resolves to Yes."
KXH100WS,H100 Weekly,KXH100WS-26SEP04-3.000,Will the NVIDIA H100 compute per hour price be above $3 at 4 PM ET on Sep 04?,active,0.1900,0.2100,0.2100,0.4900,4726.35,370.58,1173.20,0.0000,3.0,2026-07-24T20:40:00Z,2026-09-04T20:00:00Z,2026-07-24T20:30:27.287351Z,2026-07-24T20:40:00.619466Z,KXH100WS-26SEP04,"If the value of NVIDIA H100 compute per hour is above $3 on Sep 04, 2026 at 4 PM ET, then the market resolves to Yes."
KXH100WS,H100 Weekly,KXH100WS-26SEP04-2.750,Will the NVIDIA H100 compute per hour price be above $2.75 at 4 PM ET on Sep 04?,active,0.5200,0.5300,0.5200,0.8400,7941.14,1494.26,2216.03,0.0000,2.75,2026-07-24T20:40:00Z,2026-09-04T20:00:00Z,2026-07-24T20:30:27.287351Z,2026-07-24T20:40:00.619466Z,KXH100WS-26SEP04,"If the value of NVIDIA H100 compute per hour is above $2.75 on Sep 04, 2026 at 4 PM ET, then the market resolves to Yes."
KXH100WS,H100 Weekly,KXH100WS-26SEP04-2.500,Will the NVIDIA H100 compute per hour price be above $2.5 at 4 PM ET on Sep 04?,active,0.8300,0.9500,0.8300,0.9600,5317.45,1791.61,1742.03,0.0000,2.5,2026-07-24T20:40:00Z,2026-09-04T20:00:00Z,2026-07-24T20:30:27.287351Z,2026-07-24T20:40:00.619466Z,KXH100WS-26SEP04,"If the value of NVIDIA H100 compute per hour is above $2.5 on Sep 04, 2026 at 4 PM ET, then the market resolves to Yes."
KXH100WS,H100 Weekly,KXH100WS-26SEP04-2.250,Will the NVIDIA H100 compute per hour price be above $2.25 at 4 PM ET on Sep 04?,active,0.9400,0.9900,0.9600,0.9700,2669.00,1649.00,1687.00,0.0000,2.25,2026-07-24T20:40:00Z,2026-09-04T20:00:00Z,2026-07-24T20:30:27.287351Z,2026-07-24T20:40:00.619466Z,KXH100WS-26SEP04,"If the value of NVIDIA H100 compute per hour is above $2.25 on Sep 04, 2026 at 4 PM ET, then the market resolves to Yes."
KXH100WS,H100 Weekly,KXH100WS-26SEP04-2.000,Will the NVIDIA H100 compute per hour price be above $2 at 4 PM ET on Sep 04?,active,0.9900,1.0000,0.9900,0.9900,21888.00,20098.00,18642.00,0.0000,2.0,2026-07-24T20:40:00Z,2026-09-04T20:00:00Z,2026-07-24T20:30:27.287351Z,2026-07-24T20:40:00.619466Z,KXH100WS-26SEP04,"If the value of NVIDIA H100 compute per hour is above $2 on Sep 04, 2026 at 4 PM ET, then the market resolves to Yes."
KXH100WS,H100 Weekly,KXH100WS-26SEP04-1.750,Will the NVIDIA H100 compute per hour price be above $1.75 at 4 PM ET on Sep 04?,active,0.9900,1.0000,0.9900,0.9900,1177.00,107.00,1166.00,0.0000,1.75,2026-07-24T20:40:00Z,2026-09-04T20:00:00Z,2026-07-24T20:30:27.287351Z,2026-07-24T20:40:00.619466Z,KXH100WS-26SEP04,"If the value of NVIDIA H100 compute per hour is above $1.75 on Sep 04, 2026 at 4 PM ET, then the market resolves to Yes."
KXH100WS,H100 Weekly,KXH100WS-26SEP04-1.250,Will the NVIDIA H100 compute per hour price be above $1.25 at 4 PM ET on Sep 04?,active,0.9900,1.0000,0.9900,0.9900,1464.28,0.00,1399.28,0.0000,1.25,2026-07-24T20:40:00Z,2026-09-04T20:00:00Z,2026-07-24T20:30:27.287351Z,2026-07-24T20:40:00.619466Z,KXH100WS-26SEP04,"If the value of NVIDIA H100 compute per hour is above $1.25 on Sep 04, 2026 at 4 PM ET, then the market resolves to Yes."
KXH100WS,H100 Weekly,KXH100WS-26SEP04-1.000,Will the NVIDIA H100 compute per hour price be above $1 at 4 PM ET on Sep 04?,active,0.9900,1.0000,0.9900,0.9900,1524.13,0.00,1519.13,0.0000,1.0,2026-07-24T20:40:00Z,2026-09-04T20:00:00Z,2026-07-24T20:30:27.287351Z,2026-07-24T20:40:00.619466Z,KXH100WS-26SEP04,"If the value of NVIDIA H100 compute per hour is above $1 on Sep 04, 2026 at 4 PM ET, then the market resolves to Yes."
KXH100WS,H100 Weekly,KXH100WS-26AUG28-4.000,Will the NVIDIA H100 compute per hour price be above $4 at 4 PM ET on Aug 28?,finalized,0.0000,1.0000,0.0100,0.0100,2431.00,0.00,1331.00,0.0000,4.0,2026-07-17T20:40:00Z,2026-08-28T20:00:00Z,2026-07-17T20:30:32.226592Z,2026-08-31T15:43:50.287681Z,KXH100WS-26AUG28,"If the value of NVIDIA H100 compute per hour is above $4 on Aug 28, 2026 at 4 PM ET, then the market resolves to Yes."
KXH100WS,H100 Weekly,KXH100WS-26AUG28-3.750,Will the NVIDIA H100 compute per hour price be above $3.75 at 4 PM ET on Aug 28?,finalized,0.0000,1.0000,0.0100,0.0100,6094.00,0.00,2468.00,0.0000,3.75,2026-07-17T20:40:00Z,2026-08-28T20:00:00Z,2026-07-17T20:30:32.226592Z,2026-08-31T15:43:50.117162Z,KXH100WS-26AUG28,"If the value of NVIDIA H100 compute per hour is above $3.75 on Aug 28, 2026 at 4 PM ET, then the market resolves to Yes."
KXH100WS,H100 Weekly,KXH100WS-26AUG28-3.500,Will the NVIDIA H100 compute per hour price be above $3.5 at 4 PM ET on Aug 28?,finalized,0.0000,1.0000,0.0100,0.0100,5937.00,0.00,1871.00,0.0000,3.5,2026-07-17T20:40:00Z,2026-08-28T20:00:00Z,2026-07-17T20:30:32.226592Z,2026-08-31T15:43:49.826158Z,KXH100WS-26AUG28,"If the value of NVIDIA H100 compute per hour is above $3.5 on Aug 28, 2026 at 4 PM ET, then the market resolves to Yes."
KXH100WS,H100 Weekly,KXH100WS-26AUG28-3.250,Will the NVIDIA H100 compute per hour price be above $3.25 at 4 PM ET on Aug 28?,finalized,0.0000,1.0000,0.0100,0.0100,6844.05,0.00,3967.79,0.0000,3.25,2026-07-17T20:40:00Z,2026-08-28T20:00:00Z,2026-07-17T20:30:32.226592Z,2026-08-31T15:43:49.686726Z,KXH100WS-26AUG28,"If the value of NVIDIA H100 compute per hour is above $3.25 on Aug 28, 2026 at 4 PM ET, then the market resolves to Yes."
KXH100WS,H100 Weekly,KXH100WS-26AUG28-3.000,Will the NVIDIA H100 compute per hour price be above $3 at 4 PM ET on Aug 28?,finalized,0.0000,1.0000,0.0100,0.0100,8286.49,0.00,2000.92,0.0000,3.0,2026-07-17T20:40:00Z,2026-08-28T20:00:00Z,2026-07-17T20:30:32.226592Z,2026-08-31T15:43:49.483109Z,KXH100WS-26AUG28,"If the value of NVIDIA H100 compute per hour is above $3 on Aug 28, 2026 at 4 PM ET, then the market resolves to Yes."
KXH100WS,H100 Weekly,KXH100WS-26AUG28-2.750,Will the NVIDIA H100 compute per hour price be above $2.75 at 4 PM ET on Aug 28?,finalized,0.0000,1.0000,0.9800,0.9800,18438.22,0.00,5662.49,0.0000,2.75,2026-07-17T20:40:00Z,2026-08-28T20:00:00Z,2026-07-17T20:30:32.226592Z,2026-08-31T15:43:49.217663Z,KXH100WS-26AUG28,"If the value of NVIDIA H100 compute per hour is above $2.75 on Aug 28, 2026 at 4 PM ET, then the market resolves to Yes."
KXH100WS,H100 Weekly,KXH100WS-26AUG28-2.500,Will the NVIDIA H100 compute per hour price be above $2.5 at 4 PM ET on Aug 28?,finalized,0.0000,1.0000,0.9900,0.9900,7078.26,0.00,4192.02,0.0000,2.5,2026-07-17T20:40:00Z,2026-08-28T20:00:00Z,2026-07-17T20:30:32.226592Z,2026-08-31T15:43:48.856014Z,KXH100WS-26AUG28,"If the value of NVIDIA H100 compute per hour is above $2.5 on Aug 28, 2026 at 4 PM ET, then the market resolves to Yes."
KXH100WS,H100 Weekly,KXH100WS-26AUG28-2.250,Will the NVIDIA H100 compute per hour price be above $2.25 at 4 PM ET on Aug 28?,finalized,0.0000,1.0000,0.9900,0.9900,2458.10,0.00,2164.00,0.0000,2.25,2026-07-17T20:40:00Z,2026-08-28T20:00:00Z,2026-07-17T20:30:32.226592Z,2026-08-31T15:43:48.58888Z,KXH100WS-26AUG28,"If the value of NVIDIA H100 compute per hour is above $2.25 on Aug 28, 2026 at 4 PM ET, then the market resolves to Yes."
KXH100WS,H100 Weekly,KXH100WS-26AUG28-2.000,Will the NVIDIA H100 compute per hour price be above $2 at 4 PM ET on Aug 28?,finalized,0.0000,1.0000,0.9900,0.9900,4845.00,0.00,4493.00,0.0000,2.0,2026-07-17T20:40:00Z,2026-08-28T20:00:00Z,2026-07-17T20:30:32.226592Z,2026-08-31T15:43:48.385801Z,KXH100WS-26AUG28,"If the value of NVIDIA H100 compute per hour is above $2 on Aug 28, 2026 at 4 PM ET, then the market resolves to Yes."
KXH100WS,H100 Weekly,KXH100WS-26AUG28-1.750,Will the NVIDIA H100 compute per hour price be above $1.75 at 4 PM ET on Aug 28?,finalized,0.0000,1.0000,0.9900,0.9900,1609.00,0.00,1453.00,0.0000,1.75,2026-07-17T20:40:00Z,2026-08-28T20:00:00Z,2026-07-17T20:30:32.226592Z,2026-08-31T15:43:48.046223Z,KXH100WS-26AUG28,"If the value of NVIDIA H100 compute per hour is above $1.75 on Aug 28, 2026 at 4 PM ET, then the market resolves to Yes."
KXH100WS,H100 Weekly,KXH100WS-26AUG28-1.250,Will the NVIDIA H100 compute per hour price be above $1.25 at 4 PM ET on Aug 28?,finalized,0.0000,1.0000,0.9900,0.9900,1363.00,0.00,1349.00,0.0000,1.25,2026-07-17T20:40:00Z,2026-08-28T20:00:00Z,2026-07-17T20:30:32.226592Z,2026-08-31T15:43:46.852578Z,KXH100WS-26AUG28,"If the value of NVIDIA H100 compute per hour is above $1.25 on Aug 28, 2026 at 4 PM ET, then the market resolves to Yes."
KXH100WS,H100 Weekly,KXH100WS-26AUG28-1.000,Will the NVIDIA H100 compute per hour price be above $1 at 4 PM ET on Aug 28?,finalized,0.0000,1.0000,0.9900,0.9900,1366.00,0.00,1350.00,0.0000,1.0,2026-07-17T20:40:00Z,2026-08-28T20:00:00Z,2026-07-17T20:30:32.226592Z,2026-08-31T15:43:46.514442Z,KXH100WS-26AUG28,"If the value of NVIDIA H100 compute per hour is above $1 on Aug 28, 2026 at 4 PM ET, then the market resolves to Yes."
KXH100WS,H100 Weekly,KXH100WS-26AUG21-4.000,Will the NVIDIA H100 compute per hour price be above $4 at 4 PM ET on Aug 21?,finalized,0.0000,1.0000,0.0100,0.0100,4921.10,0.00,3596.10,0.0000,4.0,2026-07-17T20:40:00Z,2026-08-21T20:00:00Z,2026-07-17T20:30:31.507451Z,2026-08-24T16:09:41.207814Z,KXH100WS-26AUG21,"If the value of NVIDIA H100 compute per hour is above $4 on Aug 21, 2026 at 4 PM ET, then the market resolves to Yes."
KXH100WS,H100 Weekly,KXH100WS-26AUG21-3.750,Will the NVIDIA H100 compute per hour price be above $3.75 at 4 PM ET on Aug 21?,finalized,0.0000,1.0000,0.0100,0.0100,2864.59,0.00,2684.59,0.0000,3.75,2026-07-17T20:40:00Z,2026-08-21T20:00:00Z,2026-07-17T20:30:31.507451Z,2026-08-24T16:09:41.129781Z,KXH100WS-26AUG21,"If the value of NVIDIA H100 compute per hour is above $3.75 on Aug 21, 2026 at 4 PM ET, then the market resolves to Yes."
KXH100WS,H100 Weekly,KXH100WS-26AUG21-3.500,Will the NVIDIA H100 compute per hour price be above $3.5 at 4 PM ET on Aug 21?,finalized,0.0000,1.0000,0.0100,0.0100,7995.77,0.00,2379.67,0.0000,3.5,2026-07-17T20:40:00Z,2026-08-21T20:00:00Z,2026-07-17T20:30:31.507451Z,2026-08-24T16:09:41.038331Z,KXH100WS-26AUG21,"If the value of NVIDIA H100 compute per hour is above $3.5 on Aug 21, 2026 at 4 PM ET, then the market resolves to Yes."
KXH100WS,H100 Weekly,KXH100WS-26AUG21-3.250,Will the NVIDIA H100 compute per hour price be above $3.25 at 4 PM ET on Aug 21?,finalized,0.0000,1.0000,0.0300,0.0300,8100.58,0.00,4101.35,0.0000,3.25,2026-07-17T20:40:00Z,2026-08-21T20:00:00Z,2026-07-17T20:30:31.507451Z,2026-08-24T16:09:40.910213Z,KXH100WS-26AUG21,"If the value of NVIDIA H100 compute per hour is above $3.25 on Aug 21, 2026 at 4 PM ET, then the market resolves to Yes."
KXH100WS,H100 Weekly,KXH100WS-26AUG21-3.000,Will the NVIDIA H100 compute per hour price be above $3 at 4 PM ET on Aug 21?,finalized,0.0000,1.0000,0.0500,0.0500,13510.86,0.00,6180.21,0.0000,3.0,2026-07-17T20:40:00Z,2026-08-21T20:00:00Z,2026-07-17T20:30:31.507451Z,2026-08-24T16:09:40.824859Z,KXH100WS-26AUG21,"If the value of NVIDIA H100 compute per hour is above $3 on Aug 21, 2026 at 4 PM ET, then the market resolves to Yes."
KXH100WS,H100 Weekly,KXH100WS-26AUG21-2.750,Will the NVIDIA H100 compute per hour price be above $2.75 at 4 PM ET on Aug 21?,finalized,0.0000,1.0000,0.9800,0.9800,19259.20,0.00,11040.39,0.0000,2.75,2026-07-17T20:40:00Z,2026-08-21T20:00:00Z,2026-07-17T20:30:31.507451Z,2026-08-24T16:09:40.733423Z,KXH100WS-26AUG21,"If the value of NVIDIA H100 compute per hour is above $2.75 on Aug 21, 2026 at 4 PM ET, then the market resolves to Yes."
KXH100WS,H100 Weekly,KXH100WS-26AUG21-2.500,Will the NVIDIA H100 compute per hour price be above $2.5 at 4 PM ET on Aug 21?,finalized,0.0000,1.0000,0.9900,0.9900,4723.29,0.00,3507.08,0.0000,2.5,2026-07-17T20:40:00Z,2026-08-21T20:00:00Z,2026-07-17T20:30:31.507451Z,2026-08-24T16:09:40.650904Z,KXH100WS-26AUG21,"If the value of NVIDIA H100 compute per hour is above $2.5 on Aug 21, 2026 at 4 PM ET, then the market resolves to Yes."
KXH100WS,H100 Weekly,KXH100WS-26AUG21-2.250,Will the NVIDIA H100 compute per hour price be above $2.25 at 4 PM ET on Aug 21?,finalized,0.0000,1.0000,0.9900,0.9900,2346.19,0.00,1738.19,0.0000,2.25,2026-07-17T20:40:00Z,2026-08-21T20:00:00Z,2026-07-17T20:30:31.507451Z,2026-08-24T16:09:40.565332Z,KXH100WS-26AUG21,"If the value of NVIDIA H100 compute per hour is above $2.25 on Aug 21, 2026 at 4 PM ET, then the market resolves to Yes."
KXH100WS,H100 Weekly,KXH100WS-26AUG21-2.000,Will the NVIDIA H100 compute per hour price be above $2 at 4 PM ET on Aug 21?,finalized,0.0000,1.0000,0.9900,0.9900,1670.00,0.00,1181.00,0.0000,2.0,2026-07-17T20:40:00Z,2026-08-21T20:00:00Z,2026-07-17T20:30:31.507451Z,2026-08-24T16:09:40.475295Z,KXH100WS-26AUG21,"If the value of NVIDIA H100 compute per hour is above $2 on Aug 21, 2026 at 4 PM ET, then the market resolves to Yes."
KXH100WS,H100 Weekly,KXH100WS-26AUG21-1.750,Will the NVIDIA H100 compute per hour price be above $1.75 at 4 PM ET on Aug 21?,finalized,0.0000,1.0000,0.9900,0.9900,1352.00,0.00,1352.00,0.0000,1.75,2026-07-17T20:40:00Z,2026-08-21T20:00:00Z,2026-07-17T20:30:31.507451Z,2026-08-24T16:09:40.390601Z,KXH100WS-26AUG21,"If the value of NVIDIA H100 compute per hour is above $1.75 on Aug 21, 2026 at 4 PM ET, then the market resolves to Yes."
KXH100WS,H100 Weekly,KXH100WS-26AUG21-1.250,Will the NVIDIA H100 compute per hour price be above $1.25 at 4 PM ET on Aug 21?,finalized,0.0000,1.0000,0.9900,0.9900,2074.00,0.00,1159.00,0.0000,1.25,2026-07-17T20:40:00Z,2026-08-21T20:00:00Z,2026-07-17T20:30:31.507451Z,2026-08-24T16:09:40.300126Z,KXH100WS-26AUG21,"If the value of NVIDIA H100 compute per hour is above $1.25 on Aug 21, 2026 at 4 PM ET, then the market resolves to Yes."
KXH100WS,H100 Weekly,KXH100WS-26AUG21-1.000,Will the NVIDIA H100 compute per hour price be above $1 at 4 PM ET on Aug 21?,finalized,0.0000,1.0000,0.9900,0.9900,1452.00,0.00,1452.00,0.0000,1.0,2026-07-17T20:40:00Z,2026-08-21T20:00:00Z,2026-07-17T20:30:31.507451Z,2026-08-24T16:09:40.196094Z,KXH100WS-26AUG21,"If the value of NVIDIA H100 compute per hour is above $1 on Aug 21, 2026 at 4 PM ET, then the market resolves to Yes."
KXH100WS,H100 Weekly,KXH100WS-26AUG14-4.000,Will the NVIDIA H100 compute per hour price be above $4 at 4 PM ET on Aug 14?,finalized,0.0000,1.0000,0.0100,0.0100,1292.00,0.00,1290.00,0.0000,4.0,2026-07-17T20:40:00Z,2026-08-14T20:00:00Z,2026-07-17T20:30:30.561954Z,2026-08-14T21:51:42.398552Z,KXH100WS-26AUG14,"If the value of NVIDIA H100 compute per hour is above $4 on Aug 14, 2026 at 4 PM ET, then the market resolves to Yes."
KXH100WS,H100 Weekly,KXH100WS-26AUG14-3.750,Will the NVIDIA H100 compute per hour price be above $3.75 at 4 PM ET on Aug 14?,finalized,0.0000,1.0000,0.0100,0.0100,1397.00,0.00,1110.00,0.0000,3.75,2026-07-17T20:40:00Z,2026-08-14T20:00:00Z,2026-07-17T20:30:30.561954Z,2026-08-14T21:51:42.398552Z,KXH100WS-26AUG14,"If the value of NVIDIA H100 compute per hour is above $3.75 on Aug 14, 2026 at 4 PM ET, then the market resolves to Yes."
KXH100WS,H100 Weekly,KXH100WS-26AUG14-3.500,Will the NVIDIA H100 compute per hour price be above $3.5 at 4 PM ET on Aug 14?,finalized,0.0000,1.0000,0.0100,0.0100,1443.69,0.00,1121.69,0.0000,3.5,2026-07-17T20:40:00Z,2026-08-14T20:00:00Z,2026-07-17T20:30:30.561954Z,2026-08-14T21:51:42.398552Z,KXH100WS-26AUG14,"If the value of NVIDIA H100 compute per hour is above $3.5 on Aug 14, 2026 at 4 PM ET, then the market resolves to Yes."
KXH100WS,H100 Weekly,KXH100WS-26AUG14-3.250,Will the NVIDIA H100 compute per hour price be above $3.25 at 4 PM ET on Aug 14?,finalized,0.0000,1.0000,0.0100,0.0100,4272.93,0.00,2734.93,0.0000,3.25,2026-07-17T20:40:00Z,2026-08-14T20:00:00Z,2026-07-17T20:30:30.561954Z,2026-08-14T21:51:42.398552Z,KXH100WS-26AUG14,"If the value of NVIDIA H100 compute per hour is above $3.25 on Aug 14, 2026 at 4 PM ET, then the market resolves to Yes."
KXH100WS,H100 Weekly,KXH100WS-26AUG14-3.000,Will the NVIDIA H100 compute per hour price be above $3 at 4 PM ET on Aug 14?,finalized,0.0000,1.0000,0.0100,0.0100,4871.92,0.00,2796.97,0.0000,3.0,2026-07-17T20:40:00Z,2026-08-14T20:00:00Z,2026-07-17T20:30:30.561954Z,2026-08-14T21:51:42.398552Z,KXH100WS-26AUG14,"If the value of NVIDIA H100 compute per hour is above $3 on Aug 14, 2026 at 4 PM ET, then the market resolves to Yes."
KXH100WS,H100 Weekly,KXH100WS-26AUG14-2.750,Will the NVIDIA H100 compute per hour price be above $2.75 at 4 PM ET on Aug 14?,finalized,0.0000,1.0000,0.9900,0.9900,15389.15,0.00,5275.19,0.0000,2.75,2026-07-17T20:40:00Z,2026-08-14T20:00:00Z,2026-07-17T20:30:30.561954Z,2026-08-14T21:51:42.398552Z,KXH100WS-26AUG14,"If the value of NVIDIA H100 compute per hour is above $2.75 on Aug 14, 2026 at 4 PM ET, then the market resolves to Yes."
KXH100WS,H100 Weekly,KXH100WS-26AUG14-2.500,Will the NVIDIA H100 compute per hour price be above $2.5 at 4 PM ET on Aug 14?,finalized,0.0000,1.0000,0.9900,0.9900,6129.60,0.00,3525.67,0.0000,2.5,2026-07-17T20:40:00Z,2026-08-14T20:00:00Z,2026-07-17T20:30:30.561954Z,2026-08-14T21:51:42.398552Z,KXH100WS-26AUG14,"If the value of NVIDIA H100 compute per hour is above $2.5 on Aug 14, 2026 at 4 PM ET, then the market resolves to Yes."
KXH100WS,H100 Weekly,KXH100WS-26AUG14-2.250,Will the NVIDIA H100 compute per hour price be above $2.25 at 4 PM ET on Aug 14?,finalized,0.0000,1.0000,0.9900,0.9900,5910.69,0.00,4266.79,0.0000,2.25,2026-07-17T20:40:00Z,2026-08-14T20:00:00Z,2026-07-17T20:30:30.561954Z,2026-08-14T21:51:42.398552Z,KXH100WS-26AUG14,"If the value of NVIDIA H100 compute per hour is above $2.25 on Aug 14, 2026 at 4 PM ET, then the market resolves to Yes."
KXH100WS,H100 Weekly,KXH100WS-26AUG14-2.000,Will the NVIDIA H100 compute per hour price be above $2 at 4 PM ET on Aug 14?,finalized,0.0000,1.0000,0.9900,0.9900,2486.00,0.00,1306.00,0.0000,2.0,2026-07-17T20:40:00Z,2026-08-14T20:00:00Z,2026-07-17T20:30:30.561954Z,2026-08-14T21:51:42.398552Z,KXH100WS-26AUG14,"If the value of NVIDIA H100 compute per hour is above $2 on Aug 14, 2026 at 4 PM ET, then the market resolves to Yes."
KXH100WS,H100 Weekly,KXH100WS-26AUG14-1.750,Will the NVIDIA H100 compute per hour price be above $1.75 at 4 PM ET on Aug 14?,finalized,0.0000,1.0000,0.9900,0.9900,3014.15,0.00,2803.15,0.0000,1.75,2026-07-17T20:40:00Z,2026-08-14T20:00:00Z,2026-07-17T20:30:30.561954Z,2026-08-14T21:51:42.398552Z,KXH100WS-26AUG14,"If the value of NVIDIA H100 compute per hour is above $1.75 on Aug 14, 2026 at 4 PM ET, then the market resolves to Yes."
KXH100WS,H100 Weekly,KXH100WS-26AUG14-1.250,Will the NVIDIA H100 compute per hour price be above $1.25 at 4 PM ET on Aug 14?,finalized,0.0000,1.0000,0.9900,0.9900,2570.00,0.00,2281.00,0.0000,1.25,2026-07-17T20:40:00Z,2026-08-14T20:00:00Z,2026-07-17T20:30:30.561954Z,2026-08-14T21:51:42.398552Z,KXH100WS-26AUG14,"If the value of NVIDIA H100 compute per hour is above $1.25 on Aug 14, 2026 at 4 PM ET, then the market resolves to Yes."
KXH100WS,H100 Weekly,KXH100WS-26AUG14-1.000,Will the NVIDIA H100 compute per hour price be above $1 at 4 PM ET on Aug 14?,finalized,0.0000,1.0000,0.9900,0.9900,2979.00,0.00,2968.00,0.0000,1.0,2026-07-17T20:40:00Z,2026-08-14T20:00:00Z,2026-07-17T20:30:30.561954Z,2026-08-14T21:51:42.398552Z,KXH100WS-26AUG14,"If the value of NVIDIA H100 compute per hour is above $1 on Aug 14, 2026 at 4 PM ET, then the market resolves to Yes."
KXH100WS,H100 Weekly,KXH100WS-26AUG07-4.000,Will the NVIDIA H100 compute per hour price be above $4 at 4 PM ET on Aug 07?,finalized,0.0000,1.0000,0.0100,0.0100,3390.60,0.00,2232.00,0.0000,4.0,2026-06-29T19:11:00Z,2026-08-07T20:00:00Z,2026-06-29T19:01:36.901309Z,2026-08-07T21:05:15.493201Z,KXH100WS-26AUG07,"If the value of NVIDIA H100 compute per hour is above $4 on Aug 07, 2026 at 4 PM ET, then the market resolves to Yes."
KXH100WS,H100 Weekly,KXH100WS-26AUG07-3.750,Will the NVIDIA H100 compute per hour price be above $3.75 at 4 PM ET on Aug 07?,finalized,0.0000,1.0000,0.0100,0.0100,1825.99,0.00,1607.59,0.0000,3.75,2026-06-29T19:11:00Z,2026-08-07T20:00:00Z,2026-06-29T19:01:36.901309Z,2026-08-07T21:05:15.493201Z,KXH100WS-26AUG07,"If the value of NVIDIA H100 compute per hour is above $3.75 on Aug 07, 2026 at 4 PM ET, then the market resolves to Yes."
KXH100WS,H100 Weekly,KXH100WS-26AUG07-3.500,Will the NVIDIA H100 compute per hour price be above $3.5 at 4 PM ET on Aug 07?,finalized,0.0000,1.0000,0.0100,0.0100,2117.21,0.00,1705.00,0.0000,3.5,2026-06-29T19:11:00Z,2026-08-07T20:00:00Z,2026-06-29T19:01:36.901309Z,2026-08-07T21:05:15.493201Z,KXH100WS-26AUG07,"If the value of NVIDIA H100 compute per hour is above $3.5 on Aug 07, 2026 at 4 PM ET, then the market resolves to Yes."
KXH100WS,H100 Weekly,KXH100WS-26AUG07-3.250,Will the NVIDIA H100 compute per hour price be above $3.25 at 4 PM ET on Aug 07?,finalized,0.0000,1.0000,0.0100,0.0100,3292.74,0.00,1765.62,0.0000,3.25,2026-06-29T19:11:00Z,2026-08-07T20:00:00Z,2026-06-29T19:01:36.901309Z,2026-08-07T21:05:15.493201Z,KXH100WS-26AUG07,"If the value of NVIDIA H100 compute per hour is above $3.25 on Aug 07, 2026 at 4 PM ET, then the market resolves to Yes."
KXH100WS,H100 Weekly,KXH100WS-26AUG07-3.000,Will the NVIDIA H100 compute per hour price be above $3 at 4 PM ET on Aug 07?,finalized,0.0000,1.0000,0.0100,0.0100,3765.99,0.00,2442.62,0.0000,3.0,2026-06-29T19:11:00Z,2026-08-07T20:00:00Z,2026-06-29T19:01:36.901309Z,2026-08-07T21:05:15.493201Z,KXH100WS-26AUG07,"If the value of NVIDIA H100 compute per hour is above $3 on Aug 07, 2026 at 4 PM ET, then the market resolves to Yes."
KXH100WS,H100 Weekly,KXH100WS-26AUG07-2.750,Will the NVIDIA H100 compute per hour price be above $2.75 at 4 PM ET on Aug 07?,finalized,0.0000,1.0000,0.0500,0.0500,9752.38,0.00,4605.01,0.0000,2.75,2026-06-29T19:11:00Z,2026-08-07T20:00:00Z,2026-06-29T19:01:36.901309Z,2026-08-07T21:05:15.493201Z,KXH100WS-26AUG07,"If the value of NVIDIA H100 compute per hour is above $2.75 on Aug 07, 2026 at 4 PM ET, then the market resolves to Yes."
KXH100WS,H100 Weekly,KXH100WS-26AUG07-2.500,Will the NVIDIA H100 compute per hour price be above $2.5 at 4 PM ET on Aug 07?,finalized,0.0000,1.0000,0.9700,0.9700,7244.19,0.00,5310.85,0.0000,2.5,2026-06-29T19:11:00Z,2026-08-07T20:00:00Z,2026-06-29T19:01:36.901309Z,2026-08-07T21:05:15.493201Z,KXH100WS-26AUG07,"If the value of NVIDIA H100 compute per hour is above $2.5 on Aug 07, 2026 at 4 PM ET, then the market resolves to Yes."
KXH100WS,H100 Weekly,KXH100WS-26AUG07-2.250,Will the NVIDIA H100 compute per hour price be above $2.25 at 4 PM ET on Aug 07?,finalized,0.0000,1.0000,0.9900,0.9900,2141.03,0.00,1633.01,0.0000,2.25,2026-06-29T19:11:00Z,2026-08-07T20:00:00Z,2026-06-29T19:01:36.901309Z,2026-08-07T21:05:15.493201Z,KXH100WS-26AUG07,"If the value of NVIDIA H100 compute per hour is above $2.25 on Aug 07, 2026 at 4 PM ET, then the market resolves to Yes."
KXH100WS,H100 Weekly,KXH100WS-26AUG07-2.000,Will the NVIDIA H100 compute per hour price be above $2 at 4 PM ET on Aug 07?,finalized,0.0000,1.0000,0.9900,0.9900,2443.68,0.00,1606.22,0.0000,2.0,2026-06-29T19:11:00Z,2026-08-07T20:00:00Z,2026-06-29T19:01:36.901309Z,2026-08-07T21:05:15.493201Z,KXH100WS-26AUG07,"If the value of NVIDIA H100 compute per hour is above $2 on Aug 07, 2026 at 4 PM ET, then the market resolves to Yes."
KXH100WS,H100 Weekly,KXH100WS-26JUL31-4.000,Will the NVIDIA H100 compute per hour price be above $4 at 4 PM ET on Jul 31?,finalized,0.0000,1.0000,0.0100,0.0100,2177.00,0.00,1948.01,0.0000,4.0,2026-06-29T19:11:00Z,2026-07-31T20:00:00Z,2026-06-29T19:01:36.189764Z,2026-07-31T21:27:30.976857Z,KXH100WS-26JUL31,"If the value of NVIDIA H100 compute per hour is above $4 on Jul 31, 2026 at 4 PM ET, then the market resolves to Yes."
KXH100WS,H100 Weekly,KXH100WS-26JUL31-3.750,Will the NVIDIA H100 compute per hour price be above $3.75 at 4 PM ET on Jul 31?,finalized,0.0000,1.0000,0.0100,0.0100,1489.00,0.00,1387.00,0.0000,3.75,2026-06-29T19:11:00Z,2026-07-31T20:00:00Z,2026-06-29T19:01:36.189764Z,2026-07-31T21:27:30.976857Z,KXH100WS-26JUL31,"If the value of NVIDIA H100 compute per hour is above $3.75 on Jul 31, 2026 at 4 PM ET, then the market resolves to Yes."
KXH100WS,H100 Weekly,KXH100WS-26JUL31-3.500,Will the NVIDIA H100 compute per hour price be above $3.5 at 4 PM ET on Jul 31?,finalized,0.0000,1.0000,0.0100,0.0100,1063.60,0.00,1054.60,0.0000,3.5,2026-06-29T19:11:00Z,2026-07-31T20:00:00Z,2026-06-29T19:01:36.189764Z,2026-07-31T21:27:30.976857Z,KXH100WS-26JUL31,"If the value of NVIDIA H100 compute per hour is above $3.5 on Jul 31, 2026 at 4 PM ET, then the market resolves to Yes."
KXH100WS,H100 Weekly,KXH100WS-26JUL31-3.250,Will the NVIDIA H100 compute per hour price be above $3.25 at 4 PM ET on Jul 31?,finalized,0.0000,1.0000,0.0100,0.0100,3837.07,0.00,3655.97,0.0000,3.25,2026-06-29T19:11:00Z,2026-07-31T20:00:00Z,2026-06-29T19:01:36.189764Z,2026-07-31T21:27:30.976857Z,KXH100WS-26JUL31,"If the value of NVIDIA H100 compute per hour is above $3.25 on Jul 31, 2026 at 4 PM ET, then the market resolves to Yes."
KXH100WS,H100 Weekly,KXH100WS-26JUL31-3.000,Will the NVIDIA H100 compute per hour price be above $3 at 4 PM ET on Jul 31?,finalized,0.0000,1.0000,0.0200,0.0200,629.25,0.00,238.13,0.0000,3.0,2026-06-29T19:11:00Z,2026-07-31T20:00:00Z,2026-06-29T19:01:36.189764Z,2026-07-31T21:27:30.976857Z,KXH100WS-26JUL31,"If the value of NVIDIA H100 compute per hour is above $3 on Jul 31, 2026 at 4 PM ET, then the market resolves to Yes."
KXH100WS,H100 Weekly,KXH100WS-26JUL31-2.750,Will the NVIDIA H100 compute per hour price be above $2.75 at 4 PM ET on Jul 31?,finalized,0.0000,1.0000,0.9900,0.9900,9046.31,0.00,2724.93,0.0000,2.75,2026-06-29T19:11:00Z,2026-07-31T20:00:00Z,2026-06-29T19:01:36.189764Z,2026-07-31T21:27:30.976857Z,KXH100WS-26JUL31,"If the value of NVIDIA H100 compute per hour is above $2.75 on Jul 31, 2026 at 4 PM ET, then the market resolves to Yes."
KXH100WS,H100 Weekly,KXH100WS-26JUL31-2.500,Will the NVIDIA H100 compute per hour price be above $2.5 at 4 PM ET on Jul 31?,finalized,0.0000,1.0000,0.9900,0.9900,1491.31,0.00,607.85,0.0000,2.5,2026-06-29T19:11:00Z,2026-07-31T20:00:00Z,2026-06-29T19:01:36.189764Z,2026-07-31T21:27:30.976857Z,KXH100WS-26JUL31,"If the value of NVIDIA H100 compute per hour is above $2.5 on Jul 31, 2026 at 4 PM ET, then the market resolves to Yes."
KXH100WS,H100 Weekly,KXH100WS-26JUL31-2.250,Will the NVIDIA H100 compute per hour price be above $2.25 at 4 PM ET on Jul 31?,finalized,0.0000,1.0000,0.9800,0.9800,1574.73,0.00,1352.72,0.0000,2.25,2026-06-29T19:11:00Z,2026-07-31T20:00:00Z,2026-06-29T19:01:36.189764Z,2026-07-31T21:27:30.976857Z,KXH100WS-26JUL31,"If the value of NVIDIA H100 compute per hour is above $2.25 on Jul 31, 2026 at 4 PM ET, then the market resolves to Yes."
KXH100WS,H100 Weekly,KXH100WS-26JUL31-2.000,Will the NVIDIA H100 compute per hour price be above $2 at 4 PM ET on Jul 31?,finalized,0.0000,1.0000,0.9900,0.9900,1376.00,0.00,1375.00,0.0000,2.0,2026-06-29T19:11:00Z,2026-07-31T20:00:00Z,2026-06-29T19:01:36.189764Z,2026-07-31T21:27:30.976857Z,KXH100WS-26JUL31,"If the value of NVIDIA H100 compute per hour is above $2 on Jul 31, 2026 at 4 PM ET, then the market resolves to Yes."
KXH100WS,H100 Weekly,KXH100WS-26JUL24-4.000,Will the NVIDIA H100 compute per hour price be above $4 at 4 PM ET on Jul 24?,finalized,0.0000,1.0000,0.0100,0.0100,2157.93,0.00,2153.00,0.0000,4.0,2026-06-29T19:11:00Z,2026-07-24T20:00:00Z,2026-06-29T19:01:35.369871Z,2026-07-24T20:48:26.02919Z,KXH100WS-26JUL24,"If the value of NVIDIA H100 compute per hour is above $4 on Jul 24, 2026 at 4 PM ET, then the market resolves to Yes."
KXH100WS,H100 Weekly,KXH100WS-26JUL24-3.750,Will the NVIDIA H100 compute per hour price be above $3.75 at 4 PM ET on Jul 24?,finalized,0.0000,1.0000,0.0100,0.0100,2914.94,0.00,2900.94,0.0000,3.75,2026-06-29T19:11:00Z,2026-07-24T20:00:00Z,2026-06-29T19:01:35.369871Z,2026-07-24T20:48:26.02919Z,KXH100WS-26JUL24,"If the value of NVIDIA H100 compute per hour is above $3.75 on Jul 24, 2026 at 4 PM ET, then the market resolves to Yes."
KXH100WS,H100 Weekly,KXH100WS-26JUL24-3.500,Will the NVIDIA H100 compute per hour price be above $3.5 at 4 PM ET on Jul 24?,finalized,0.0000,1.0000,0.0100,0.0100,2643.00,0.00,2435.00,0.0000,3.5,2026-06-29T19:11:00Z,2026-07-24T20:00:00Z,2026-06-29T19:01:35.369871Z,2026-07-24T20:48:26.02919Z,KXH100WS-26JUL24,"If the value of NVIDIA H100 compute per hour is above $3.5 on Jul 24, 2026 at 4 PM ET, then the market resolves to Yes."
KXH100WS,H100 Weekly,KXH100WS-26JUL24-3.250,Will the NVIDIA H100 compute per hour price be above $3.25 at 4 PM ET on Jul 24?,finalized,0.0000,1.0000,0.0100,0.0100,9872.40,0.00,9462.94,0.0000,3.25,2026-06-29T19:11:00Z,2026-07-24T20:00:00Z,2026-06-29T19:01:35.369871Z,2026-07-24T20:48:26.02919Z,KXH100WS-26JUL24,"If the value of NVIDIA H100 compute per hour is above $3.25 on Jul 24, 2026 at 4 PM ET, then the market resolves to Yes."
KXH100WS,H100 Weekly,KXH100WS-26JUL24-3.000,Will the NVIDIA H100 compute per hour price be above $3 at 4 PM ET on Jul 24?,finalized,0.0000,1.0000,0.1200,0.1200,2387.31,0.00,1372.08,0.0000,3.0,2026-06-29T19:11:00Z,2026-07-24T20:00:00Z,2026-06-29T19:01:35.369871Z,2026-07-24T20:48:26.02919Z,KXH100WS-26JUL24,"If the value of NVIDIA H100 compute per hour is above $3 on Jul 24, 2026 at 4 PM ET, then the market resolves to Yes."
KXH100WS,H100 Weekly,KXH100WS-26JUL24-2.750,Will the NVIDIA H100 compute per hour price be above $2.75 at 4 PM ET on Jul 24?,finalized,0.0000,1.0000,0.1200,0.1200,3891.24,0.00,1852.90,0.0000,2.75,2026-06-29T19:11:00Z,2026-07-24T20:00:00Z,2026-06-29T19:01:35.369871Z,2026-07-24T20:48:26.02919Z,KXH100WS-26JUL24,"If the value of NVIDIA H100 compute per hour is above $2.75 on Jul 24, 2026 at 4 PM ET, then the market resolves to Yes."
KXH100WS,H100 Weekly,KXH100WS-26JUL24-2.500,Will the NVIDIA H100 compute per hour price be above $2.5 at 4 PM ET on Jul 24?,finalized,0.0000,1.0000,0.9800,0.9800,2301.75,0.00,1436.80,0.0000,2.5,2026-06-29T19:11:00Z,2026-07-24T20:00:00Z,2026-06-29T19:01:35.369871Z,2026-07-24T20:48:26.02919Z,KXH100WS-26JUL24,"If the value of NVIDIA H100 compute per hour is above $2.5 on Jul 24, 2026 at 4 PM ET, then the market resolves to Yes."
KXH100WS,H100 Weekly,KXH100WS-26JUL24-2.250,Will the NVIDIA H100 compute per hour price be above $2.25 at 4 PM ET on Jul 24?,finalized,0.0000,1.0000,0.9900,0.9900,1530.87,0.00,1483.96,0.0000,2.25,2026-06-29T19:11:00Z,2026-07-24T20:00:00Z,2026-06-29T19:01:35.369871Z,2026-07-24T20:48:26.02919Z,KXH100WS-26JUL24,"If the value of NVIDIA H100 compute per hour is above $2.25 on Jul 24, 2026 at 4 PM ET, then the market resolves to Yes."
KXH100WS,H100 Weekly,KXH100WS-26JUL24-2.000,Will the NVIDIA H100 compute per hour price be above $2 at 4 PM ET on Jul 24?,finalized,0.0000,1.0000,0.9900,0.9900,9089.21,0.00,8588.00,0.0000,2.0,2026-06-29T19:11:00Z,2026-07-24T20:00:00Z,2026-06-29T19:01:35.369871Z,2026-07-24T20:48:26.02919Z,KXH100WS-26JUL24,"If the value of NVIDIA H100 compute per hour is above $2 on Jul 24, 2026 at 4 PM ET, then the market resolves to Yes."
KXH100WS,H100 Weekly,KXH100WS-26JUL17-4.000,Will the NVIDIA H100 compute per hour price be above $4 at 4 PM ET on Jul 17?,finalized,0.0000,1.0000,0.0100,0.0100,1233.00,0.00,1233.00,0.0000,4.0,2026-06-29T19:11:00Z,2026-07-17T20:00:00Z,2026-06-29T19:01:34.407136Z,2026-07-20T13:50:16.09387Z,KXH100WS-26JUL17,"If the value of NVIDIA H100 compute per hour is above $4 on Jul 17, 2026 at 4 PM ET, then the market resolves to Yes."
KXH100WS,H100 Weekly,KXH100WS-26JUL17-3.750,Will the NVIDIA H100 compute per hour price be above $3.75 at 4 PM ET on Jul 17?,finalized,0.0000,1.0000,0.0100,0.0100,1402.00,0.00,1388.00,0.0000,3.75,2026-06-29T19:11:00Z,2026-07-17T20:00:00Z,2026-06-29T19:01:34.407136Z,2026-07-20T13:50:15.948929Z,KXH100WS-26JUL17,"If the value of NVIDIA H100 compute per hour is above $3.75 on Jul 17, 2026 at 4 PM ET, then the market resolves to Yes."
KXH100WS,H100 Weekly,KXH100WS-26JUL17-3.500,Will the NVIDIA H100 compute per hour price be above $3.5 at 4 PM ET on Jul 17?,finalized,0.0000,1.0000,0.0100,0.0100,2031.64,0.00,1947.64,0.0000,3.5,2026-06-29T19:11:00Z,2026-07-17T20:00:00Z,2026-06-29T19:01:34.407136Z,2026-07-20T13:50:15.847539Z,KXH100WS-26JUL17,"If the value of NVIDIA H100 compute per hour is above $3.5 on Jul 17, 2026 at 4 PM ET, then the market resolves to Yes."
KXH100WS,H100 Weekly,KXH100WS-26JUL17-3.250,Will the NVIDIA H100 compute per hour price be above $3.25 at 4 PM ET on Jul 17?,finalized,0.0000,1.0000,0.0100,0.0100,1859.05,0.00,1847.04,0.0000,3.25,2026-06-29T19:11:00Z,2026-07-17T20:00:00Z,2026-06-29T19:01:34.407136Z,2026-07-20T13:50:15.752011Z,KXH100WS-26JUL17,"If the value of NVIDIA H100 compute per hour is above $3.25 on Jul 17, 2026 at 4 PM ET, then the market resolves to Yes."
KXH100WS,H100 Weekly,KXH100WS-26JUL17-3.000,Will the NVIDIA H100 compute per hour price be above $3 at 4 PM ET on Jul 17?,finalized,0.0000,1.0000,0.0100,0.0100,2047.65,0.00,1734.76,0.0000,3.0,2026-06-29T19:11:00Z,2026-07-17T20:00:00Z,2026-06-29T19:01:34.407136Z,2026-07-20T13:50:15.662275Z,KXH100WS-26JUL17,"If the value of NVIDIA H100 compute per hour is above $3 on Jul 17, 2026 at 4 PM ET, then the market resolves to Yes."
KXH100WS,H100 Weekly,KXH100WS-26JUL17-2.750,Will the NVIDIA H100 compute per hour price be above $2.75 at 4 PM ET on Jul 17?,finalized,0.0000,1.0000,0.0900,0.0900,3217.68,0.00,2226.85,0.0000,2.75,2026-06-29T19:11:00Z,2026-07-17T20:00:00Z,2026-06-29T19:01:34.407136Z,2026-07-20T13:50:15.570763Z,KXH100WS-26JUL17,"If the value of NVIDIA H100 compute per hour is above $2.75 on Jul 17, 2026 at 4 PM ET, then the market resolves to Yes."
KXH100WS,H100 Weekly,KXH100WS-26JUL17-2.500,Will the NVIDIA H100 compute per hour price be above $2.5 at 4 PM ET on Jul 17?,finalized,0.0000,1.0000,0.9400,0.9400,4195.66,0.00,2293.93,0.0000,2.5,2026-06-29T19:11:00Z,2026-07-17T20:00:00Z,2026-06-29T19:01:34.407136Z,2026-07-20T13:50:15.446824Z,KXH100WS-26JUL17,"If the value of NVIDIA H100 compute per hour is above $2.5 on Jul 17, 2026 at 4 PM ET, then the market resolves to Yes."
KXH100WS,H100 Weekly,KXH100WS-26JUL17-2.250,Will the NVIDIA H100 compute per hour price be above $2.25 at 4 PM ET on Jul 17?,finalized,0.0000,1.0000,0.9900,0.9900,2054.00,0.00,2032.00,0.0000,2.25,2026-06-29T19:11:00Z,2026-07-17T20:00:00Z,2026-06-29T19:01:34.407136Z,2026-07-20T13:50:15.351435Z,KXH100WS-26JUL17,"If the value of NVIDIA H100 compute per hour is above $2.25 on Jul 17, 2026 at 4 PM ET, then the market resolves to Yes."
KXH100WS,H100 Weekly,KXH100WS-26JUL17-2.000,Will the NVIDIA H100 compute per hour price be above $2 at 4 PM ET on Jul 17?,finalized,0.0000,1.0000,0.9900,0.9900,2771.00,0.00,2405.72,0.0000,2.0,2026-06-29T19:11:00Z,2026-07-17T20:00:00Z,2026-06-29T19:01:34.407136Z,2026-07-20T13:50:15.264162Z,KXH100WS-26JUL17,"If the value of NVIDIA H100 compute per hour is above $2 on Jul 17, 2026 at 4 PM ET, then the market resolves to Yes."
KXH100WS,H100 Weekly,KXH100WS-26JUL10-4.000,Will the NVIDIA H100 compute per hour price be above $4 at 4 PM ET on Jul 10?,finalized,0.0000,1.0000,0.0100,0.0100,2831.51,0.00,2738.00,0.0000,4.0,2026-06-29T19:11:00Z,2026-07-10T20:00:00Z,2026-06-29T19:01:33.631891Z,2026-07-10T21:23:09.513277Z,KXH100WS-26JUL10,"If the value of NVIDIA H100 compute per hour is above $4 on Jul 10, 2026 at 4 PM ET, then the market resolves to Yes."
KXH100WS,H100 Weekly,KXH100WS-26JUL10-3.750,Will the NVIDIA H100 compute per hour price be above $3.75 at 4 PM ET on Jul 10?,finalized,0.0000,1.0000,0.0100,0.0100,4162.00,0.00,3501.00,0.0000,3.75,2026-06-29T19:11:00Z,2026-07-10T20:00:00Z,2026-06-29T19:01:33.631891Z,2026-07-10T21:23:09.513277Z,KXH100WS-26JUL10,"If the value of NVIDIA H100 compute per hour is above $3.75 on Jul 10, 2026 at 4 PM ET, then the market resolves to Yes."
KXH100WS,H100 Weekly,KXH100WS-26JUL10-3.500,Will the NVIDIA H100 compute per hour price be above $3.5 at 4 PM ET on Jul 10?,finalized,0.0000,1.0000,0.0100,0.0100,3380.00,0.00,3309.00,0.0000,3.5,2026-06-29T19:11:00Z,2026-07-10T20:00:00Z,2026-06-29T19:01:33.631891Z,2026-07-10T21:23:09.513277Z,KXH100WS-26JUL10,"If the value of NVIDIA H100 compute per hour is above $3.5 on Jul 10, 2026 at 4 PM ET, then the market resolves to Yes."
KXH100WS,H100 Weekly,KXH100WS-26JUL10-3.250,Will the NVIDIA H100 compute per hour price be above $3.25 at 4 PM ET on Jul 10?,finalized,0.0000,1.0000,0.0100,0.0100,2183.66,0.00,2115.66,0.0000,3.25,2026-06-29T19:11:00Z,2026-07-10T20:00:00Z,2026-06-29T19:01:33.631891Z,2026-07-10T21:23:09.513277Z,KXH100WS-26JUL10,"If the value of NVIDIA H100 compute per hour is above $3.25 on Jul 10, 2026 at 4 PM ET, then the market resolves to Yes."
KXH100WS,H100 Weekly,KXH100WS-26JUL10-3.000,Will the NVIDIA H100 compute per hour price be above $3 at 4 PM ET on Jul 10?,finalized,0.0000,1.0000,0.0700,0.0700,1111.76,0.00,1083.76,0.0000,3.0,2026-06-29T19:11:00Z,2026-07-10T20:00:00Z,2026-06-29T19:01:33.631891Z,2026-07-10T21:23:09.513277Z,KXH100WS-26JUL10,"If the value of NVIDIA H100 compute per hour is above $3 on Jul 10, 2026 at 4 PM ET, then the market resolves to Yes."
KXH100WS,H100 Weekly,KXH100WS-26JUL10-2.750,Will the NVIDIA H100 compute per hour price be above $2.75 at 4 PM ET on Jul 10?,finalized,0.0000,1.0000,0.1000,0.1000,614.64,0.00,325.10,0.0000,2.75,2026-06-29T19:11:00Z,2026-07-10T20:00:00Z,2026-06-29T19:01:33.631891Z,2026-07-10T21:23:09.513277Z,KXH100WS-26JUL10,"If the value of NVIDIA H100 compute per hour is above $2.75 on Jul 10, 2026 at 4 PM ET, then the market resolves to Yes."
KXH100WS,H100 Weekly,KXH100WS-26JUL10-2.500,Will the NVIDIA H100 compute per hour price be above $2.5 at 4 PM ET on Jul 10?,finalized,0.0000,1.0000,0.2800,0.2800,879.09,0.00,228.35,0.0000,2.5,2026-06-29T19:11:00Z,2026-07-10T20:00:00Z,2026-06-29T19:01:33.631891Z,2026-07-10T21:23:09.513277Z,KXH100WS-26JUL10,"If the value of NVIDIA H100 compute per hour is above $2.5 on Jul 10, 2026 at 4 PM ET, then the market resolves to Yes."
KXH100WS,H100 Weekly,KXH100WS-26JUL10-2.250,Will the NVIDIA H100 compute per hour price be above $2.25 at 4 PM ET on Jul 10?,finalized,0.0000,1.0000,0.9900,0.9900,1068.47,0.00,693.71,0.0000,2.25,2026-06-29T19:11:00Z,2026-07-10T20:00:00Z,2026-06-29T19:01:33.631891Z,2026-07-10T21:23:09.513277Z,KXH100WS-26JUL10,"If the value of NVIDIA H100 compute per hour is above $2.25 on Jul 10, 2026 at 4 PM ET, then the market resolves to Yes."
KXH100WS,H100 Weekly,KXH100WS-26JUL10-2.000,Will the NVIDIA H100 compute per hour price be above $2 at 4 PM ET on Jul 10?,finalized,0.0000,1.0000,0.9900,0.9900,1825.00,0.00,1794.00,0.0000,2.0,2026-06-29T19:11:00Z,2026-07-10T20:00:00Z,2026-06-29T19:01:33.631891Z,2026-07-10T21:23:09.513277Z,KXH100WS-26JUL10,"If the value of NVIDIA H100 compute per hour is above $2 on Jul 10, 2026 at 4 PM ET, then the market resolves to Yes."
KXH100WS,H100 Weekly,KXH100WS-26JUL03-4.000,Will the NVIDIA H100 compute per hour price be above $4 at 4 PM ET on Jul 03?,finalized,0.0000,1.0000,0.0100,0.0100,2598.51,0.00,2245.00,0.0000,4.0,2026-06-29T19:11:00Z,2026-07-03T20:00:00Z,2026-06-29T19:01:32.909276Z,2026-07-06T17:35:34.598072Z,KXH100WS-26JUL03,"If the value of NVIDIA H100 compute per hour is above $4 on Jul 03, 2026 at 4 PM ET, then the market resolves to Yes."
KXH100WS,H100 Weekly,KXH100WS-26JUL03-3.750,Will the NVIDIA H100 compute per hour price be above $3.75 at 4 PM ET on Jul 03?,finalized,0.0000,1.0000,0.0100,0.0100,3950.00,0.00,3650.00,0.0000,3.75,2026-06-29T19:11:00Z,2026-07-03T20:00:00Z,2026-06-29T19:01:32.909276Z,2026-07-06T17:35:34.598072Z,KXH100WS-26JUL03,"If the value of NVIDIA H100 compute per hour is above $3.75 on Jul 03, 2026 at 4 PM ET, then the market resolves to Yes."
KXH100WS,H100 Weekly,KXH100WS-26JUL03-3.500,Will the NVIDIA H100 compute per hour price be above $3.5 at 4 PM ET on Jul 03?,finalized,0.0000,1.0000,0.0100,0.0100,3788.00,0.00,2647.00,0.0000,3.5,2026-06-29T19:11:00Z,2026-07-03T20:00:00Z,2026-06-29T19:01:32.909276Z,2026-07-06T17:35:34.598072Z,KXH100WS-26JUL03,"If the value of NVIDIA H100 compute per hour is above $3.5 on Jul 03, 2026 at 4 PM ET, then the market resolves to Yes."
KXH100WS,H100 Weekly,KXH100WS-26JUL03-3.250,Will the NVIDIA H100 compute per hour price be above $3.25 at 4 PM ET on Jul 03?,finalized,0.0000,1.0000,0.0100,0.0100,3787.18,0.00,2825.00,0.0000,3.25,2026-06-29T19:11:00Z,2026-07-03T20:00:00Z,2026-06-29T19:01:32.909276Z,2026-07-06T17:35:34.598072Z,KXH100WS-26JUL03,"If the value of NVIDIA H100 compute per hour is above $3.25 on Jul 03, 2026 at 4 PM ET, then the market resolves to Yes."
KXH100WS,H100 Weekly,KXH100WS-26JUL03-3.000,Will the NVIDIA H100 compute per hour price be above $3 at 4 PM ET on Jul 03?,finalized,0.0000,1.0000,0.0200,0.0200,3514.05,0.00,1861.74,0.0000,3.0,2026-06-29T19:11:00Z,2026-07-03T20:00:00Z,2026-06-29T19:01:32.909276Z,2026-07-06T17:35:34.598072Z,KXH100WS-26JUL03,"If the value of NVIDIA H100 compute per hour is above $3 on Jul 03, 2026 at 4 PM ET, then the market resolves to Yes."
KXH100WS,H100 Weekly,KXH100WS-26JUL03-2.750,Will the NVIDIA H100 compute per hour price be above $2.75 at 4 PM ET on Jul 03?,finalized,0.0000,1.0000,0.8500,0.8500,1911.61,0.00,971.09,0.0000,2.75,2026-06-29T19:11:00Z,2026-07-03T20:00:00Z,2026-06-29T19:01:32.909276Z,2026-07-06T17:35:34.598072Z,KXH100WS-26JUL03,"If the value of NVIDIA H100 compute per hour is above $2.75 on Jul 03, 2026 at 4 PM ET, then the market resolves to Yes."
KXH100WS,H100 Weekly,KXH100WS-26JUL03-2.500,Will the NVIDIA H100 compute per hour price be above $2.5 at 4 PM ET on Jul 03?,finalized,0.0000,1.0000,0.9800,0.9800,2890.09,0.00,817.01,0.0000,2.5,2026-06-29T19:11:00Z,2026-07-03T20:00:00Z,2026-06-29T19:01:32.909276Z,2026-07-06T17:35:34.598072Z,KXH100WS-26JUL03,"If the value of NVIDIA H100 compute per hour is above $2.5 on Jul 03, 2026 at 4 PM ET, then the market resolves to Yes."
KXH100WS,H100 Weekly,KXH100WS-26JUL03-2.250,Will the NVIDIA H100 compute per hour price be above $2.25 at 4 PM ET on Jul 03?,finalized,0.0000,1.0000,0.9900,0.9900,1817.22,0.00,1091.00,0.0000,2.25,2026-06-29T19:11:00Z,2026-07-03T20:00:00Z,2026-06-29T19:01:32.909276Z,2026-07-06T17:35:34.598072Z,KXH100WS-26JUL03,"If the value of NVIDIA H100 compute per hour is above $2.25 on Jul 03, 2026 at 4 PM ET, then the market resolves to Yes."
KXH100WS,H100 Weekly,KXH100WS-26JUL03-2.000,Will the NVIDIA H100 compute per hour price be above $2 at 4 PM ET on Jul 03?,finalized,0.0000,1.0000,0.9900,0.9900,2441.68,0.00,2408.56,0.0000,2.0,2026-06-29T19:11:00Z,2026-07-03T20:00:00Z,2026-06-29T19:01:32.909276Z,2026-07-06T17:35:34.598072Z,KXH100WS-26JUL03,"If the value of NVIDIA H100 compute per hour is above $2 on Jul 03, 2026 at 4 PM ET, then the market resolves to Yes."
KXB200MS,B200 Monthly,KXB200MS-27AUG-9.000,Will the monthly average compute price of NVIDIA's B200 be above $9.00 in August 2027?,active,0.1900,0.2200,0.1900,0.1900,913.00,0.00,313.00,0.0000,9.0,2026-08-01T14:00:00Z,2027-09-01T03:59:59Z,2026-08-01T09:00:33.795731Z,2026-08-01T14:00:00.053004Z,KXB200MS-27AUG,"If the average value of NVIDIA B200 compute per hour is above $9 in August 2027, then the market resolves to Yes."
KXB200MS,B200 Monthly,KXB200MS-27AUG-8.500,Will the monthly average compute price of NVIDIA's B200 be above $8.50 in August 2027?,active,0.2500,0.2600,0.2500,0.2500,475.00,0.00,75.00,0.0000,8.5,2026-08-01T14:00:00Z,2027-09-01T03:59:59Z,2026-08-01T09:00:33.795731Z,2026-08-01T14:00:00.053004Z,KXB200MS-27AUG,"If the average value of NVIDIA B200 compute per hour is above $8.5 in August 2027, then the market resolves to Yes."
KXB200MS,B200 Monthly,KXB200MS-27AUG-8.000,Will the monthly average compute price of NVIDIA's B200 be above $8.00 in August 2027?,active,0.2500,0.3000,0.3400,0.3400,230.00,0.00,115.00,0.0000,8.0,2026-08-01T14:00:00Z,2027-09-01T03:59:59Z,2026-08-01T09:00:33.795731Z,2026-08-01T14:00:00.053004Z,KXB200MS-27AUG,"If the average value of NVIDIA B200 compute per hour is above $8 in August 2027, then the market resolves to Yes."
KXB200MS,B200 Monthly,KXB200MS-27AUG-7.500,Will the monthly average compute price of NVIDIA's B200 be above $7.50 in August 2027?,active,0.3000,0.3600,0.3800,0.3800,150.00,0.00,25.00,0.0000,7.5,2026-08-01T14:00:00Z,2027-09-01T03:59:59Z,2026-08-01T09:00:33.795731Z,2026-08-01T14:00:00.053004Z,KXB200MS-27AUG,"If the average value of NVIDIA B200 compute per hour is above $7.5 in August 2027, then the market resolves to Yes."
KXB200MS,B200 Monthly,KXB200MS-27AUG-7.000,Will the monthly average compute price of NVIDIA's B200 be above $7.00 in August 2027?,active,0.3500,0.3800,0.4300,0.4300,290.00,0.00,130.00,0.0000,7.0,2026-08-01T14:00:00Z,2027-09-01T03:59:59Z,2026-08-01T09:00:33.795731Z,2026-08-01T14:00:00.053004Z,KXB200MS-27AUG,"If the average value of NVIDIA B200 compute per hour is above $7 in August 2027, then the market resolves to Yes."
KXB200MS,B200 Monthly,KXB200MS-27AUG-6.500,Will the monthly average compute price of NVIDIA's B200 be above $6.50 in August 2027?,active,0.4000,0.4700,0.0000,0.0000,0.00,0.00,0.00,0.0000,6.5,2026-08-01T14:00:00Z,2027-09-01T03:59:59Z,2026-08-01T09:00:33.795731Z,2026-08-01T14:00:00.053004Z,KXB200MS-27AUG,"If the average value of NVIDIA B200 compute per hour is above $6.5 in August 2027, then the market resolves to Yes."
KXB200MS,B200 Monthly,KXB200MS-27AUG-6.000,Will the monthly average compute price of NVIDIA's B200 be above $6.00 in August 2027?,active,0.4700,0.5200,0.5100,0.5100,3.64,0.00,1.82,0.0000,6.0,2026-08-01T14:00:00Z,2027-09-01T03:59:59Z,2026-08-01T09:00:33.795731Z,2026-08-01T14:00:00.053004Z,KXB200MS-27AUG,"If the average value of NVIDIA B200 compute per hour is above $6 in August 2027, then the market resolves to Yes."
KXB200MS,B200 Monthly,KXB200MS-27AUG-5.500,Will the monthly average compute price of NVIDIA's B200 be above $5.50 in August 2027?,active,0.5300,0.5900,0.5500,0.5500,16.33,0.00,8.33,0.0000,5.5,2026-08-01T14:00:00Z,2027-09-01T03:59:59Z,2026-08-01T09:00:33.795731Z,2026-08-01T14:00:00.053004Z,KXB200MS-27AUG,"If the average value of NVIDIA B200 compute per hour is above $5.5 in August 2027, then the market resolves to Yes."
KXB200MS,B200 Monthly,KXB200MS-27AUG-5.000,Will the monthly average compute price of NVIDIA's B200 be above $5.00 in August 2027?,active,0.5800,0.6500,0.6600,0.6600,200.00,0.00,200.00,0.0000,5.0,2026-08-01T14:00:00Z,2027-09-01T03:59:59Z,2026-08-01T09:00:33.795731Z,2026-08-01T14:00:00.053004Z,KXB200MS-27AUG,"If the average value of NVIDIA B200 compute per hour is above $5 in August 2027, then the market resolves to Yes."
KXB200MS,B200 Monthly,KXB200MS-27AUG-4.500,Will the monthly average compute price of NVIDIA's B200 be above $4.50 in August 2027?,active,0.6400,0.7000,0.7200,0.7200,175.00,0.00,175.00,0.0000,4.5,2026-08-01T14:00:00Z,2027-09-01T03:59:59Z,2026-08-01T09:00:33.795731Z,2026-08-01T14:00:00.053004Z,KXB200MS-27AUG,"If the average value of NVIDIA B200 compute per hour is above $4.5 in August 2027, then the market resolves to Yes."
KXB200MS,B200 Monthly,KXB200MS-27AUG-4.000,Will the monthly average compute price of NVIDIA's B200 be above $4.00 in August 2027?,active,0.7000,0.7600,0.7600,0.7600,100.00,0.00,100.00,0.0000,4.0,2026-08-01T14:00:00Z,2027-09-01T03:59:59Z,2026-08-01T09:00:33.795731Z,2026-08-01T14:00:00.053004Z,KXB200MS-27AUG,"If the average value of NVIDIA B200 compute per hour is above $4 in August 2027, then the market resolves to Yes."
KXB200MS,B200 Monthly,KXB200MS-27AUG-3.500,Will the monthly average compute price of NVIDIA's B200 be above $3.50 in August 2027?,active,0.7700,0.8000,0.8700,0.8700,275.00,0.00,275.00,0.0000,3.5,2026-08-01T14:00:00Z,2027-09-01T03:59:59Z,2026-08-01T09:00:33.795731Z,2026-08-01T14:00:00.053004Z,KXB200MS-27AUG,"If the average value of NVIDIA B200 compute per hour is above $3.5 in August 2027, then the market resolves to Yes."
KXB200MS,B200 Monthly,KXB200MS-27AUG-3.000,Will the monthly average compute price of NVIDIA's B200 be above $3.00 in August 2027?,active,0.8000,0.8400,0.8300,0.8300,150.00,0.00,75.00,0.0000,3.0,2026-08-01T14:00:00Z,2027-09-01T03:59:59Z,2026-08-01T09:00:33.795731Z,2026-08-01T14:00:00.053004Z,KXB200MS-27AUG,"If the average value of NVIDIA B200 compute per hour is above $3 in August 2027, then the market resolves to Yes."
KXB200MS,B200 Monthly,KXB200MS-27AUG-2.500,Will the monthly average compute price of NVIDIA's B200 be above $2.50 in August 2027?,active,0.8600,0.8800,0.8600,0.8600,850.00,0.00,254.00,0.0000,2.5,2026-08-01T14:00:00Z,2027-09-01T03:59:59Z,2026-08-01T09:00:33.795731Z,2026-08-01T14:00:00.053004Z,KXB200MS-27AUG,"If the average value of NVIDIA B200 compute per hour is above $2.5 in August 2027, then the market resolves to Yes."
KXB200MS,B200 Monthly,KXB200MS-27AUG-2.000,Will the monthly average compute price of NVIDIA's B200 be above $2.00 in August 2027?,active,0.8900,0.9100,0.8800,0.8800,850.00,0.00,400.00,0.0000,2.0,2026-08-01T14:00:00Z,2027-09-01T03:59:59Z,2026-08-01T09:00:33.795731Z,2026-08-01T14:00:00.053004Z,KXB200MS-27AUG,"If the average value of NVIDIA B200 compute per hour is above $2 in August 2027, then the market resolves to Yes."
KXB200MS,B200 Monthly,KXB200MS-27JUL-7.000,Will the monthly average compute price of NVIDIA's B200 be above $7.00 in July 2027?,active,0.3500,0.4100,0.3800,0.3800,2661.00,0.00,220.00,0.0000,7.0,2026-07-01T14:00:00Z,2027-08-01T03:59:59Z,2026-07-01T09:00:32.799297Z,2026-07-13T17:29:36.992999Z,KXB200MS-27JUL,"If the average value of NVIDIA B200 compute per hour is above $7 in July 2027, then the market resolves to Yes."
KXB200MS,B200 Monthly,KXB200MS-27JUL-6.500,Will the monthly average compute price of NVIDIA's B200 be above $6.50 in July 2027?,active,0.4100,0.4800,0.4500,0.4500,264.00,0.00,2.00,0.0000,6.5,2026-07-01T14:00:00Z,2027-08-01T03:59:59Z,2026-07-01T09:00:32.799297Z,2026-07-13T17:29:36.992999Z,KXB200MS-27JUL,"If the average value of NVIDIA B200 compute per hour is above $6.5 in July 2027, then the market resolves to Yes."
KXB200MS,B200 Monthly,KXB200MS-27JUL-6.000,Will the monthly average compute price of NVIDIA's B200 be above $6.00 in July 2027?,active,0.4900,0.5300,0.5400,0.5400,1685.00,0.00,173.00,0.0000,6.0,2026-07-01T14:00:00Z,2027-08-01T03:59:59Z,2026-07-01T09:00:32.799297Z,2026-07-13T17:29:36.992999Z,KXB200MS-27JUL,"If the average value of NVIDIA B200 compute per hour is above $6 in July 2027, then the market resolves to Yes."
KXB200MS,B200 Monthly,KXB200MS-27JUL-5.500,Will the monthly average compute price of NVIDIA's B200 be above $5.50 in July 2027?,active,0.5800,0.6100,0.6100,0.6100,1571.00,0.00,59.00,0.0000,5.5,2026-07-01T14:00:00Z,2027-08-01T03:59:59Z,2026-07-01T09:00:32.799297Z,2026-07-13T17:29:36.992999Z,KXB200MS-27JUL,"If the average value of NVIDIA B200 compute per hour is above $5.5 in July 2027, then the market resolves to Yes."
KXB200MS,B200 Monthly,KXB200MS-27JUL-5.000,Will the monthly average compute price of NVIDIA's B200 be above $5.00 in July 2027?,active,0.6300,0.7000,0.6600,0.6600,399.04,0.00,255.02,0.0000,5.0,2026-07-01T14:00:00Z,2027-08-01T03:59:59Z,2026-07-01T09:00:32.799297Z,2026-07-13T17:29:36.992999Z,KXB200MS-27JUL,"If the average value of NVIDIA B200 compute per hour is above $5 in July 2027, then the market resolves to Yes."
KXB200MS,B200 Monthly,KXB200MS-27JUL-4.500,Will the monthly average compute price of NVIDIA's B200 be above $4.50 in July 2027?,active,0.6800,0.7400,0.7100,0.7100,398.00,0.00,78.00,0.0000,4.5,2026-07-01T14:00:00Z,2027-08-01T03:59:59Z,2026-07-01T09:00:32.799297Z,2026-07-13T17:29:36.992999Z,KXB200MS-27JUL,"If the average value of NVIDIA B200 compute per hour is above $4.5 in July 2027, then the market resolves to Yes."
KXB200MS,B200 Monthly,KXB200MS-27JUL-4.000,Will the monthly average compute price of NVIDIA's B200 be above $4.00 in July 2027?,active,0.7400,0.7700,0.6800,0.6800,177.00,0.00,32.00,0.0000,4.0,2026-07-01T14:00:00Z,2027-08-01T03:59:59Z,2026-07-01T09:00:32.799297Z,2026-07-13T17:29:36.992999Z,KXB200MS-27JUL,"If the average value of NVIDIA B200 compute per hour is above $4 in July 2027, then the market resolves to Yes."
KXB200MS,B200 Monthly,KXB200MS-27JUL-3.500,Will the monthly average compute price of NVIDIA's B200 be above $3.50 in July 2027?,active,0.7900,0.8200,0.7100,0.7100,118.00,0.00,55.00,0.0000,3.5,2026-07-01T14:00:00Z,2027-08-01T03:59:59Z,2026-07-01T09:00:32.799297Z,2026-07-13T17:29:36.992999Z,KXB200MS-27JUL,"If the average value of NVIDIA B200 compute per hour is above $3.5 in July 2027, then the market resolves to Yes."
KXB200MS,B200 Monthly,KXB200MS-27JUL-3.000,Will the monthly average compute price of NVIDIA's B200 be above $3.00 in July 2027?,active,0.8400,0.9100,0.8600,0.8600,1410.00,0.00,360.00,0.0000,3.0,2026-07-01T14:00:00Z,2027-08-01T03:59:59Z,2026-07-01T09:00:32.799297Z,2026-07-13T17:29:37.017686Z,KXB200MS-27JUL,"If the average value of NVIDIA B200 compute per hour is above $3 in July 2027, then the market resolves to Yes."
KXB200MS,B200 Monthly,KXB200MS-27JUN-3.00,Will the monthly average compute price of NVIDIA's B200 be above $3.00 in June 2027?,active,0.8600,0.8700,0.8700,0.8700,3684.00,0.00,795.00,0.0000,3.0,2026-06-24T21:45:00Z,2027-07-01T03:59:59Z,2026-06-24T21:23:50.320267Z,2026-07-13T17:29:11.564764Z,KXB200MS-27JUN,"If the average value of NVIDIA B200 compute per hour is above $3 in June 2027, then the market resolves to Yes."
KXB200MS,B200 Monthly,KXB200MS-27JUN-3.50,Will the monthly average compute price of NVIDIA's B200 be above $3.50 in June 2027?,active,0.8200,0.8300,0.7500,0.7500,509.00,0.00,97.00,0.0000,3.5,2026-06-24T21:45:00Z,2027-07-01T03:59:59Z,2026-06-24T21:23:31.873622Z,2026-07-13T17:29:11.539664Z,KXB200MS-27JUN,"If the average value of NVIDIA B200 compute per hour is above $3.5 in June 2027, then the market resolves to Yes."
KXB200MS,B200 Monthly,KXB200MS-27MAY-3.00,Will the monthly average compute price of NVIDIA's B200 be above $3.00 in May 2027?,active,0.8800,0.9500,0.8500,0.8500,5218.85,0.00,1240.85,0.0000,3.0,2026-06-24T21:45:00Z,2027-06-01T03:59:59Z,2026-06-24T21:23:00.997287Z,2026-07-13T17:28:47.442028Z,KXB200MS-27MAY,"If the average value of NVIDIA B200 compute per hour is above $3 in May 2027, then the market resolves to Yes."
KXB200MS,B200 Monthly,KXB200MS-27MAY-3.50,Will the monthly average compute price of NVIDIA's B200 be above $3.50 in May 2027?,active,0.8200,0.8600,0.8700,0.8700,300.00,0.00,141.00,0.0000,3.5,2026-06-24T21:45:00Z,2027-06-01T03:59:59Z,2026-06-24T21:22:43.642044Z,2026-07-13T17:28:47.418594Z,KXB200MS-27MAY,"If the average value of NVIDIA B200 compute per hour is above $3.5 in May 2027, then the market resolves to Yes."
KXB200MS,B200 Monthly,KXB200MS-27APR-3.00,Will the monthly average compute price of NVIDIA's B200 be above $3.00 in April 2027?,active,0.8800,0.9000,0.8700,0.8700,4040.00,0.00,543.00,0.0000,3.0,2026-06-24T21:30:00Z,2027-05-01T03:59:59Z,2026-06-24T21:21:23.443813Z,2026-07-13T17:28:17.868019Z,KXB200MS-27APR,"If the average value of NVIDIA B200 compute per hour is above $3 in April 2027, then the market resolves to Yes."
KXB200MS,B200 Monthly,KXB200MS-27APR-3.50,Will the monthly average compute price of NVIDIA's B200 be above $3.50 in April 2027?,active,0.8300,0.8600,0.8500,0.7600,70.00,5.00,40.00,0.0000,3.5,2026-06-24T21:30:00Z,2027-05-01T03:59:59Z,2026-06-24T21:20:58.914599Z,2026-07-13T17:28:17.841073Z,KXB200MS-27APR,"If the average value of NVIDIA B200 compute per hour is above $3.5 in April 2027, then the market resolves to Yes."
KXB200MS,B200 Monthly,KXB200MS-27MAR-3.00,Will the monthly average compute price of NVIDIA's B200 be above $3.00 in March 2027?,active,0.8700,0.9100,0.9100,0.9100,5728.99,0.00,438.57,0.0000,3.0,2026-06-24T21:30:00Z,2027-04-01T03:59:59Z,2026-06-24T21:20:17.511973Z,2026-07-13T17:27:47.558969Z,KXB200MS-27MAR,"If the average value of NVIDIA B200 compute per hour is above $3 in March 2027, then the market resolves to Yes."
KXB200MS,B200 Monthly,KXB200MS-27MAR-3.50,Will the monthly average compute price of NVIDIA's B200 be above $3.50 in March 2027?,active,0.8300,0.8700,0.8700,0.8700,1340.00,0.00,506.00,0.0000,3.5,2026-06-24T21:30:00Z,2027-04-01T03:59:59Z,2026-06-24T21:19:56.024712Z,2026-07-13T17:27:47.534935Z,KXB200MS-27MAR,"If the average value of NVIDIA B200 compute per hour is above $3.5 in March 2027, then the market resolves to Yes."
KXB200MS,B200 Monthly,KXB200MS-27FEB-3.00,Will the monthly average compute price of NVIDIA's B200 be above $3.00 in February 2027?,active,0.9100,0.9300,0.9100,0.9000,3099.00,20.00,984.00,0.0000,3.0,2026-06-24T21:45:00Z,2027-03-01T04:59:59Z,2026-06-24T21:11:57.217339Z,2026-07-13T17:27:21.505662Z,KXB200MS-27FEB,"If the average value of NVIDIA B200 compute per hour is above $3 in February 2027, then the market resolves to Yes."
KXB200MS,B200 Monthly,KXB200MS-27FEB-3.50,Will the monthly average compute price of NVIDIA's B200 be above $3.50 in February 2027?,active,0.8600,0.8900,0.8900,0.8900,639.00,0.00,360.00,0.0000,3.5,2026-06-24T21:30:00Z,2027-03-01T04:59:59Z,2026-06-24T21:11:32.260253Z,2026-07-13T17:27:21.480319Z,KXB200MS-27FEB,"If the average value of NVIDIA B200 compute per hour is above $3.5 in February 2027, then the market resolves to Yes."
KXB200MS,B200 Monthly,KXB200MS-27JAN-3.00,Will the monthly average compute price of NVIDIA's B200 be above $3.00 in January 2027?,active,0.9100,0.9500,0.9300,0.9300,96.00,0.00,46.00,0.0000,3.0,2026-06-24T21:10:00Z,2027-02-01T04:59:59Z,2026-06-24T21:05:37.524603Z,2026-07-13T17:26:50.210297Z,KXB200MS-27JAN,"If the average value of NVIDIA B200 compute per hour is above $3 in January 2027, then the market resolves to Yes."
KXB200MS,B200 Monthly,KXB200MS-27JAN-3.50,Will the monthly average compute price of NVIDIA's B200 be above $3.50 in January 2027?,active,0.9200,0.9300,0.9100,0.9000,2303.00,99.00,706.00,0.0000,3.5,2026-06-24T21:05:00Z,2027-02-01T04:59:59Z,2026-06-24T21:05:02.613457Z,2026-07-13T17:26:50.186026Z,KXB200MS-27JAN,"If the average value of NVIDIA B200 compute per hour is above $3.5 in January 2027, then the market resolves to Yes."
KXB200MS,B200 Monthly,KXB200MS-26DEC-3.00,Will the monthly average compute price of NVIDIA's B200 be above $3.00 in December 2026?,active,0.9700,0.9800,0.9600,0.9600,3089.00,0.00,1189.00,0.0000,3.0,2026-06-24T21:05:00Z,2027-01-01T04:59:59Z,2026-06-24T21:03:53.248779Z,2026-07-13T17:26:19.942312Z,KXB200MS-26DEC,"If the average value of NVIDIA B200 compute per hour is above $3 in December 2026, then the market resolves to Yes."
KXB200MS,B200 Monthly,KXB200MS-26DEC-3.50,Will the monthly average compute price of NVIDIA's B200 be above $3.50 in December 2026?,active,0.9400,0.9500,0.9300,0.9300,466.00,0.00,450.00,0.0000,3.5,2026-06-24T21:05:00Z,2027-01-01T04:59:59Z,2026-06-24T21:03:37.408855Z,2026-07-13T17:26:19.917505Z,KXB200MS-26DEC,"If the average value of NVIDIA B200 compute per hour is above $3.5 in December 2026, then the market resolves to Yes."
KXB200MS,B200 Monthly,KXB200MS-26NOV-3.00,Will the monthly average compute price of NVIDIA's B200 be above $3.00 in November 2026?,active,0.9600,0.9700,0.9200,0.9200,7497.00,0.00,224.00,0.0000,3.0,2026-06-24T21:05:00Z,2026-12-01T04:59:59Z,2026-06-24T21:01:34.131088Z,2026-07-13T17:25:55.080329Z,KXB200MS-26NOV,"If the average value of NVIDIA B200 compute per hour is above $3 in November 2026, then the market resolves to Yes."
KXB200MS,B200 Monthly,KXB200MS-26NOV-3.50,Will the monthly average compute price of NVIDIA's B200 be above $3.50 in November 2026?,active,0.9600,0.9700,0.9400,0.9400,1770.98,0.00,980.34,0.0000,3.5,2026-06-24T21:05:00Z,2026-12-01T04:59:59Z,2026-06-24T21:01:07.567903Z,2026-07-13T17:25:55.052202Z,KXB200MS-26NOV,"If the average value of NVIDIA B200 compute per hour is above $3.5 in November 2026, then the market resolves to Yes."
KXB200MS,B200 Monthly,KXB200MS-26OCT-3.00,Will the monthly average compute price of NVIDIA's B200 be above $3.00 in October 2026?,active,0.9700,0.9800,0.9700,0.9700,330.00,0.00,197.00,0.0000,3.0,2026-06-24T21:00:00Z,2026-11-01T03:59:59Z,2026-06-24T20:58:45.750285Z,2026-07-13T17:25:22.882143Z,KXB200MS-26OCT,"If the average value of NVIDIA B200 compute per hour is above $3 in October 2026, then the market resolves to Yes."
KXB200MS,B200 Monthly,KXB200MS-26OCT-3.50,Will the monthly average compute price of NVIDIA's B200 be above $3.50 in October 2026?,active,0.9700,0.9800,0.9800,0.9700,1564.00,200.00,487.00,0.0000,3.5,2026-06-24T21:00:00Z,2026-11-01T03:59:59Z,2026-06-24T20:58:30.20585Z,2026-07-13T17:25:22.846568Z,KXB200MS-26OCT,"If the average value of NVIDIA B200 compute per hour is above $3.5 in October 2026, then the market resolves to Yes."
KXB200MS,B200 Monthly,KXB200MS-26SEP-3.00,Will the monthly average compute price of NVIDIA's B200 be above $3.00 in September 2026?,active,0.9800,0.9900,0.9900,0.8700,2116.00,23.00,418.00,0.0000,3.0,2026-06-24T21:00:00Z,2026-10-01T03:59:59Z,2026-06-24T20:55:47.153056Z,2026-07-13T17:24:52.10535Z,KXB200MS-26SEP,"If the average value of NVIDIA B200 compute per hour is above $3 in September 2026, then the market resolves to Yes."
KXB200MS,B200 Monthly,KXB200MS-26SEP-3.50,Will the monthly average compute price of NVIDIA's B200 be above $3.50 in September 2026?,active,0.9800,0.9900,0.9800,0.9800,298.00,0.00,178.50,0.0000,3.5,2026-06-24T21:00:00Z,2026-10-01T03:59:59Z,2026-06-24T20:55:25.566419Z,2026-07-13T17:24:52.080472Z,KXB200MS-26SEP,"If the average value of NVIDIA B200 compute per hour is above $3.5 in September 2026, then the market resolves to Yes."
KXB200MS,B200 Monthly,KXB200MS-26AUG-3.00,Will the monthly average compute price of NVIDIA's B200 be above $3.00 in August 2026?,finalized,0.0000,1.0000,0.9900,0.9900,4194.00,0.00,2681.00,0.0000,3.0,2026-06-24T21:00:00Z,2026-08-31T21:43:02Z,2026-06-24T20:54:35.420978Z,2026-08-31T22:13:11.46807Z,KXB200MS-26AUG,"If the average value of NVIDIA B200 compute per hour is above $3 in August 2026, then the market resolves to Yes."
KXB200MS,B200 Monthly,KXB200MS-26AUG-3.50,Will the monthly average compute price of NVIDIA's B200 be above $3.50 in August 2026?,finalized,0.0000,1.0000,0.9900,0.9900,2816.00,0.00,2076.00,0.0000,3.5,2026-06-24T21:00:00Z,2026-08-31T21:43:02Z,2026-06-24T20:54:09.373091Z,2026-08-31T22:13:11.46807Z,KXB200MS-26AUG,"If the average value of NVIDIA B200 compute per hour is above $3.5 in August 2026, then the market resolves to Yes."
KXB200MS,B200 Monthly,KXB200MS-26JUL-3.00,Will the monthly average compute price of NVIDIA's B200 be above $3.00 in July 2026?,finalized,0.0000,1.0000,0.9900,0.9900,4578.21,0.00,3328.21,0.0000,3.0,2026-06-24T21:00:00Z,2026-07-31T21:45:07Z,2026-06-24T20:53:17.325426Z,2026-07-31T22:15:11.071991Z,KXB200MS-26JUL,"If the average value of NVIDIA B200 compute per hour is above $3 in July 2026, then the market resolves to Yes."
KXB200MS,B200 Monthly,KXB200MS-26JUL-3.50,Will the monthly average compute price of NVIDIA's B200 be above $3.50 in July 2026?,finalized,0.0000,1.0000,0.9900,0.9900,4425.00,0.00,1641.00,0.0000,3.5,2026-06-24T21:00:00Z,2026-07-31T21:45:07Z,2026-06-24T20:52:56.673737Z,2026-07-31T22:15:11.071991Z,KXB200MS-26JUL,"If the average value of NVIDIA B200 compute per hour is above $3.5 in July 2026, then the market resolves to Yes."
KXB200MS,B200 Monthly,KXB200MS-26JUN-3.50,Will the monthly average compute price of NVIDIA's B200 be above $3.50 in June 2026?,finalized,0.0000,1.0000,0.9900,0.9900,50.00,0.00,50.00,0.0000,3.5,2026-06-24T21:00:00Z,2026-06-30T21:30:59Z,2026-06-24T20:51:41.474308Z,2026-06-30T22:01:01.966336Z,KXB200MS-26JUN,"If the average value of NVIDIA B200 compute per hour is above $3.5 in June 2026, then the market resolves to Yes."
KXB200MS,B200 Monthly,KXB200MS-26JUN-3.00,Will the monthly average compute price of NVIDIA's B200 be above $3.00 in June 2026?,finalized,0.0000,1.0000,0.9800,0.9800,103.33,0.00,103.33,0.0000,3.0,2026-06-24T21:00:00Z,2026-06-30T21:30:59Z,2026-06-24T20:49:34.374744Z,2026-06-30T22:01:01.966336Z,KXB200MS-26JUN,"If the average value of NVIDIA B200 compute per hour is above $3 in June 2026, then the market resolves to Yes."
KXB200MS,B200 Monthly,KXB200MS-27JUN-7.000,Will the monthly average compute price of NVIDIA's B200 be above $7.00 in June 2027?,active,0.3500,0.4100,0.3800,0.3800,2358.00,0.00,631.00,0.0000,7.0,2026-06-17T13:31:00Z,2027-07-01T03:59:59Z,2026-06-17T13:30:13.251165Z,2026-07-13T17:29:11.539664Z,KXB200MS-27JUN,"If the average value of NVIDIA B200 compute per hour is above $7 in June 2027, then the market resolves to Yes."
KXB200MS,B200 Monthly,KXB200MS-27JUN-6.500,Will the monthly average compute price of NVIDIA's B200 be above $6.50 in June 2027?,active,0.4100,0.4900,0.5100,0.5100,698.08,0.00,295.24,0.0000,6.5,2026-06-17T13:31:00Z,2027-07-01T03:59:59Z,2026-06-17T13:30:13.251165Z,2026-07-13T17:29:11.539664Z,KXB200MS-27JUN,"If the average value of NVIDIA B200 compute per hour is above $6.5 in June 2027, then the market resolves to Yes."
KXB200MS,B200 Monthly,KXB200MS-27JUN-6.000,Will the monthly average compute price of NVIDIA's B200 be above $6.00 in June 2027?,active,0.5200,0.5500,0.5100,0.5100,1257.50,0.00,670.50,0.0000,6.0,2026-06-17T13:31:00Z,2027-07-01T03:59:59Z,2026-06-17T13:30:13.251165Z,2026-07-13T17:29:11.539664Z,KXB200MS-27JUN,"If the average value of NVIDIA B200 compute per hour is above $6 in June 2027, then the market resolves to Yes."
KXB200MS,B200 Monthly,KXB200MS-27JUN-5.500,Will the monthly average compute price of NVIDIA's B200 be above $5.50 in June 2027?,active,0.5500,0.6200,0.5400,0.5400,709.01,0.00,417.00,0.0000,5.5,2026-06-17T13:31:00Z,2027-07-01T03:59:59Z,2026-06-17T13:30:13.251165Z,2026-07-13T17:29:11.539664Z,KXB200MS-27JUN,"If the average value of NVIDIA B200 compute per hour is above $5.5 in June 2027, then the market resolves to Yes."
KXB200MS,B200 Monthly,KXB200MS-27JUN-5.000,Will the monthly average compute price of NVIDIA's B200 be above $5.00 in June 2027?,active,0.6100,0.6800,0.6500,0.6500,304.01,0.00,154.01,0.0000,5.0,2026-06-17T13:31:00Z,2027-07-01T03:59:59Z,2026-06-17T13:30:13.251165Z,2026-07-13T17:29:11.539664Z,KXB200MS-27JUN,"If the average value of NVIDIA B200 compute per hour is above $5 in June 2027, then the market resolves to Yes."
KXB200MS,B200 Monthly,KXB200MS-27JUN-4.500,Will the monthly average compute price of NVIDIA's B200 be above $4.50 in June 2027?,active,0.7200,0.7500,0.1200,0.1200,227.18,0.00,129.18,0.0000,4.5,2026-06-17T13:31:00Z,2027-07-01T03:59:59Z,2026-06-17T13:30:13.251165Z,2026-07-13T17:29:11.539664Z,KXB200MS-27JUN,"If the average value of NVIDIA B200 compute per hour is above $4.5 in June 2027, then the market resolves to Yes."
KXB200MS,B200 Monthly,KXB200MS-27JUN-4.000,Will the monthly average compute price of NVIDIA's B200 be above $4.00 in June 2027?,active,0.7600,0.7800,0.7800,0.5700,151.00,5.00,134.00,0.0000,4.0,2026-06-17T13:31:00Z,2027-07-01T03:59:59Z,2026-06-17T13:30:13.251165Z,2026-07-13T17:29:11.539664Z,KXB200MS-27JUN,"If the average value of NVIDIA B200 compute per hour is above $4 in June 2027, then the market resolves to Yes."
KXB200MS,B200 Monthly,KXB200MS-27MAY-7.000,Will the monthly average compute price of NVIDIA's B200 be above $7.00 in May 2027?,active,0.3300,0.3900,0.3300,0.3300,2054.63,0.00,965.11,0.0000,7.0,2026-06-17T13:31:00Z,2027-06-01T03:59:59Z,2026-06-17T13:30:12.741312Z,2026-07-13T17:28:47.418594Z,KXB200MS-27MAY,"If the average value of NVIDIA B200 compute per hour is above $7 in May 2027, then the market resolves to Yes."
KXB200MS,B200 Monthly,KXB200MS-27MAY-6.500,Will the monthly average compute price of NVIDIA's B200 be above $6.50 in May 2027?,active,0.4000,0.4600,0.4700,0.4700,2639.60,0.00,789.05,0.0000,6.5,2026-06-17T13:31:00Z,2027-06-01T03:59:59Z,2026-06-17T13:30:12.741312Z,2026-07-13T17:28:47.418594Z,KXB200MS-27MAY,"If the average value of NVIDIA B200 compute per hour is above $6.5 in May 2027, then the market resolves to Yes."
KXB200MS,B200 Monthly,KXB200MS-27MAY-6.000,Will the monthly average compute price of NVIDIA's B200 be above $6.00 in May 2027?,active,0.4600,0.5400,0.5300,0.5300,2257.29,0.00,737.11,0.0000,6.0,2026-06-17T13:31:00Z,2027-06-01T03:59:59Z,2026-06-17T13:30:12.741312Z,2026-07-13T17:28:47.418594Z,KXB200MS-27MAY,"If the average value of NVIDIA B200 compute per hour is above $6 in May 2027, then the market resolves to Yes."
KXB200MS,B200 Monthly,KXB200MS-27MAY-5.500,Will the monthly average compute price of NVIDIA's B200 be above $5.50 in May 2027?,active,0.6100,0.6200,0.6700,0.6700,488.00,0.00,255.00,0.0000,5.5,2026-06-17T13:31:00Z,2027-06-01T03:59:59Z,2026-06-17T13:30:12.741312Z,2026-07-13T17:28:47.418594Z,KXB200MS-27MAY,"If the average value of NVIDIA B200 compute per hour is above $5.5 in May 2027, then the market resolves to Yes."
KXB200MS,B200 Monthly,KXB200MS-27MAY-5.000,Will the monthly average compute price of NVIDIA's B200 be above $5.00 in May 2027?,active,0.6000,0.6500,0.6400,0.6400,1036.00,0.00,331.00,0.0000,5.0,2026-06-17T13:31:00Z,2027-06-01T03:59:59Z,2026-06-17T13:30:12.741312Z,2026-07-13T17:28:47.418594Z,KXB200MS-27MAY,"If the average value of NVIDIA B200 compute per hour is above $5 in May 2027, then the market resolves to Yes."
KXB200MS,B200 Monthly,KXB200MS-27MAY-4.500,Will the monthly average compute price of NVIDIA's B200 be above $4.50 in May 2027?,active,0.7200,0.7400,0.7400,0.7400,916.01,0.00,297.01,0.0000,4.5,2026-06-17T13:31:00Z,2027-06-01T03:59:59Z,2026-06-17T13:30:12.741312Z,2026-07-13T17:28:47.418594Z,KXB200MS-27MAY,"If the average value of NVIDIA B200 compute per hour is above $4.5 in May 2027, then the market resolves to Yes."
KXB200MS,B200 Monthly,KXB200MS-27MAY-4.000,Will the monthly average compute price of NVIDIA's B200 be above $4.00 in May 2027?,active,0.7700,0.7900,0.8100,0.8100,207.01,0.00,76.00,0.0000,4.0,2026-06-17T13:31:00Z,2027-06-01T03:59:59Z,2026-06-17T13:30:12.741312Z,2026-07-13T17:28:47.418594Z,KXB200MS-27MAY,"If the average value of NVIDIA B200 compute per hour is above $4 in May 2027, then the market resolves to Yes."
KXB200MS,B200 Monthly,KXB200MS-27APR-7.000,Will the monthly average compute price of NVIDIA's B200 be above $7.00 in April 2027?,active,0.3300,0.4000,0.4100,0.4100,482.11,0.00,188.02,0.0000,7.0,2026-06-17T13:31:00Z,2027-05-01T03:59:59Z,2026-06-17T13:30:12.200862Z,2026-07-13T17:28:17.841073Z,KXB200MS-27APR,"If the average value of NVIDIA B200 compute per hour is above $7 in April 2027, then the market resolves to Yes."
KXB200MS,B200 Monthly,KXB200MS-27APR-6.500,Will the monthly average compute price of NVIDIA's B200 be above $6.50 in April 2027?,active,0.4100,0.4800,0.4600,0.4600,659.02,0.00,231.00,0.0000,6.5,2026-06-17T13:31:00Z,2027-05-01T03:59:59Z,2026-06-17T13:30:12.200862Z,2026-07-13T17:28:17.841073Z,KXB200MS-27APR,"If the average value of NVIDIA B200 compute per hour is above $6.5 in April 2027, then the market resolves to Yes."
KXB200MS,B200 Monthly,KXB200MS-27APR-6.000,Will the monthly average compute price of NVIDIA's B200 be above $6.00 in April 2027?,active,0.4900,0.5400,0.5100,0.5100,2832.00,0.00,485.00,0.0000,6.0,2026-06-17T13:31:00Z,2027-05-01T03:59:59Z,2026-06-17T13:30:12.200862Z,2026-07-13T17:28:17.841073Z,KXB200MS-27APR,"If the average value of NVIDIA B200 compute per hour is above $6 in April 2027, then the market resolves to Yes."
KXB200MS,B200 Monthly,KXB200MS-27APR-5.500,Will the monthly average compute price of NVIDIA's B200 be above $5.50 in April 2027?,active,0.6000,0.6700,0.6100,0.6100,447.11,0.00,136.00,0.0000,5.5,2026-06-17T13:31:00Z,2027-05-01T03:59:59Z,2026-06-17T13:30:12.200862Z,2026-07-13T17:28:17.841073Z,KXB200MS-27APR,"If the average value of NVIDIA B200 compute per hour is above $5.5 in April 2027, then the market resolves to Yes."
KXB200MS,B200 Monthly,KXB200MS-27APR-5.000,Will the monthly average compute price of NVIDIA's B200 be above $5.00 in April 2027?,active,0.6800,0.6900,0.6900,0.5700,124.99,5.00,92.00,0.0000,5.0,2026-06-17T13:31:00Z,2027-05-01T03:59:59Z,2026-06-17T13:30:12.200862Z,2026-07-13T17:28:17.841073Z,KXB200MS-27APR,"If the average value of NVIDIA B200 compute per hour is above $5 in April 2027, then the market resolves to Yes."
KXB200MS,B200 Monthly,KXB200MS-27APR-4.500,Will the monthly average compute price of NVIDIA's B200 be above $4.50 in April 2027?,active,0.7500,0.7600,0.7500,0.7500,181.00,0.00,114.00,0.0000,4.5,2026-06-17T13:31:00Z,2027-05-01T03:59:59Z,2026-06-17T13:30:12.200862Z,2026-07-13T17:28:17.841073Z,KXB200MS-27APR,"If the average value of NVIDIA B200 compute per hour is above $4.5 in April 2027, then the market resolves to Yes."
KXB200MS,B200 Monthly,KXB200MS-27APR-4.000,Will the monthly average compute price of NVIDIA's B200 be above $4.00 in April 2027?,active,0.7800,0.8300,0.5400,0.5400,251.00,0.00,117.00,0.0000,4.0,2026-06-17T13:31:00Z,2027-05-01T03:59:59Z,2026-06-17T13:30:12.200862Z,2026-07-13T17:28:17.841073Z,KXB200MS-27APR,"If the average value of NVIDIA B200 compute per hour is above $4 in April 2027, then the market resolves to Yes."
KXB200MS,B200 Monthly,KXB200MS-27MAR-7.000,Will the monthly average compute price of NVIDIA's B200 be above $7.00 in March 2027?,active,0.3200,0.3500,0.3800,0.3800,1037.00,0.00,341.00,0.0000,7.0,2026-06-17T13:31:00Z,2027-04-01T03:59:59Z,2026-06-17T13:30:11.738798Z,2026-07-13T17:27:47.534935Z,KXB200MS-27MAR,"If the average value of NVIDIA B200 compute per hour is above $7 in March 2027, then the market resolves to Yes."
KXB200MS,B200 Monthly,KXB200MS-27MAR-6.500,Will the monthly average compute price of NVIDIA's B200 be above $6.50 in March 2027?,active,0.3900,0.4500,0.4600,0.4600,1987.83,0.00,695.01,0.0000,6.5,2026-06-17T13:31:00Z,2027-04-01T03:59:59Z,2026-06-17T13:30:11.738798Z,2026-07-13T17:27:47.534935Z,KXB200MS-27MAR,"If the average value of NVIDIA B200 compute per hour is above $6.5 in March 2027, then the market resolves to Yes."
KXB200MS,B200 Monthly,KXB200MS-27MAR-6.000,Will the monthly average compute price of NVIDIA's B200 be above $6.00 in March 2027?,active,0.4700,0.5200,0.5200,0.5200,2496.97,0.00,232.00,0.0000,6.0,2026-06-17T13:31:00Z,2027-04-01T03:59:59Z,2026-06-17T13:30:11.738798Z,2026-07-13T17:27:47.534935Z,KXB200MS-27MAR,"If the average value of NVIDIA B200 compute per hour is above $6 in March 2027, then the market resolves to Yes."
KXB200MS,B200 Monthly,KXB200MS-27MAR-5.500,Will the monthly average compute price of NVIDIA's B200 be above $5.50 in March 2027?,active,0.5600,0.6300,0.5900,0.5900,606.00,0.00,301.00,0.0000,5.5,2026-06-17T13:31:00Z,2027-04-01T03:59:59Z,2026-06-17T13:30:11.738798Z,2026-07-13T17:27:47.534935Z,KXB200MS-27MAR,"If the average value of NVIDIA B200 compute per hour is above $5.5 in March 2027, then the market resolves to Yes."
KXB200MS,B200 Monthly,KXB200MS-27MAR-5.000,Will the monthly average compute price of NVIDIA's B200 be above $5.00 in March 2027?,active,0.6300,0.7100,0.7000,0.7000,902.84,0.00,276.61,0.0000,5.0,2026-06-17T13:31:00Z,2027-04-01T03:59:59Z,2026-06-17T13:30:11.738798Z,2026-07-13T17:27:47.534935Z,KXB200MS-27MAR,"If the average value of NVIDIA B200 compute per hour is above $5 in March 2027, then the market resolves to Yes."
KXB200MS,B200 Monthly,KXB200MS-27MAR-4.500,Will the monthly average compute price of NVIDIA's B200 be above $4.50 in March 2027?,active,0.6900,0.7300,0.6900,0.6900,364.00,0.00,246.00,0.0000,4.5,2026-06-17T13:31:00Z,2027-04-01T03:59:59Z,2026-06-17T13:30:11.738798Z,2026-07-13T17:27:47.534935Z,KXB200MS-27MAR,"If the average value of NVIDIA B200 compute per hour is above $4.5 in March 2027, then the market resolves to Yes."
KXB200MS,B200 Monthly,KXB200MS-27MAR-4.000,Will the monthly average compute price of NVIDIA's B200 be above $4.00 in March 2027?,active,0.7700,0.8200,0.8100,0.8000,517.00,100.00,279.00,0.0000,4.0,2026-06-17T13:31:00Z,2027-04-01T03:59:59Z,2026-06-17T13:30:11.738798Z,2026-07-13T17:27:47.534935Z,KXB200MS-27MAR,"If the average value of NVIDIA B200 compute per hour is above $4 in March 2027, then the market resolves to Yes."
KXB200MS,B200 Monthly,KXB200MS-27FEB-7.000,Will the monthly average compute price of NVIDIA's B200 be above $7.00 in February 2027?,active,0.3100,0.3800,0.3900,0.3900,98.00,0.00,28.00,0.0000,7.0,2026-06-17T13:31:00Z,2027-03-01T04:59:59Z,2026-06-17T13:30:11.233757Z,2026-07-13T17:27:21.480319Z,KXB200MS-27FEB,"If the average value of NVIDIA B200 compute per hour is above $7 in February 2027, then the market resolves to Yes."
KXB200MS,B200 Monthly,KXB200MS-27FEB-6.500,Will the monthly average compute price of NVIDIA's B200 be above $6.50 in February 2027?,active,0.3800,0.4300,0.4100,0.4100,3486.00,0.00,424.00,0.0000,6.5,2026-06-17T13:31:00Z,2027-03-01T04:59:59Z,2026-06-17T13:30:11.233757Z,2026-07-13T17:27:21.480319Z,KXB200MS-27FEB,"If the average value of NVIDIA B200 compute per hour is above $6.5 in February 2027, then the market resolves to Yes."
KXB200MS,B200 Monthly,KXB200MS-27FEB-6.000,Will the monthly average compute price of NVIDIA's B200 be above $6.00 in February 2027?,active,0.5100,0.5700,0.5000,0.5000,1601.01,0.00,314.00,0.0000,6.0,2026-06-17T13:31:00Z,2027-03-01T04:59:59Z,2026-06-17T13:30:11.233757Z,2026-07-13T17:27:21.480319Z,KXB200MS-27FEB,"If the average value of NVIDIA B200 compute per hour is above $6 in February 2027, then the market resolves to Yes."
KXB200MS,B200 Monthly,KXB200MS-27FEB-5.500,Will the monthly average compute price of NVIDIA's B200 be above $5.50 in February 2027?,active,0.6000,0.6500,0.6200,0.6200,379.90,0.00,139.90,0.0000,5.5,2026-06-17T13:31:00Z,2027-03-01T04:59:59Z,2026-06-17T13:30:11.233757Z,2026-07-13T17:27:21.480319Z,KXB200MS-27FEB,"If the average value of NVIDIA B200 compute per hour is above $5.5 in February 2027, then the market resolves to Yes."
KXB200MS,B200 Monthly,KXB200MS-27FEB-5.000,Will the monthly average compute price of NVIDIA's B200 be above $5.00 in February 2027?,active,0.6900,0.7300,0.7200,0.6600,338.00,100.00,203.00,0.0000,5.0,2026-06-17T13:31:00Z,2027-03-01T04:59:59Z,2026-06-17T13:30:11.233757Z,2026-07-13T17:27:21.480319Z,KXB200MS-27FEB,"If the average value of NVIDIA B200 compute per hour is above $5 in February 2027, then the market resolves to Yes."
KXB200MS,B200 Monthly,KXB200MS-27FEB-4.500,Will the monthly average compute price of NVIDIA's B200 be above $4.50 in February 2027?,active,0.8100,0.8300,0.8300,0.7500,896.92,597.00,607.46,0.0000,4.5,2026-06-17T13:31:00Z,2027-03-01T04:59:59Z,2026-06-17T13:30:11.233757Z,2026-07-13T17:27:21.480319Z,KXB200MS-27FEB,"If the average value of NVIDIA B200 compute per hour is above $4.5 in February 2027, then the market resolves to Yes."
KXB200MS,B200 Monthly,KXB200MS-27FEB-4.000,Will the monthly average compute price of NVIDIA's B200 be above $4.00 in February 2027?,active,0.8500,0.8700,0.8500,0.8300,1929.00,6.00,1004.00,0.0000,4.0,2026-06-17T13:31:00Z,2027-03-01T04:59:59Z,2026-06-17T13:30:11.233757Z,2026-07-13T17:27:21.480319Z,KXB200MS-27FEB,"If the average value of NVIDIA B200 compute per hour is above $4 in February 2027, then the market resolves to Yes."
KXB200MS,B200 Monthly,KXB200MS-27JAN-7.000,Will the monthly average compute price of NVIDIA's B200 be above $7.00 in January 2027?,active,0.3400,0.3700,0.2500,0.2500,71.00,0.00,48.00,0.0000,7.0,2026-06-17T13:31:00Z,2027-02-01T04:59:59Z,2026-06-17T13:30:10.729137Z,2026-07-13T17:26:50.186026Z,KXB200MS-27JAN,"If the average value of NVIDIA B200 compute per hour is above $7 in January 2027, then the market resolves to Yes."
KXB200MS,B200 Monthly,KXB200MS-27JAN-6.500,Will the monthly average compute price of NVIDIA's B200 be above $6.50 in January 2027?,active,0.4300,0.4600,0.4500,0.4500,3201.00,0.00,604.00,0.0000,6.5,2026-06-17T13:31:00Z,2027-02-01T04:59:59Z,2026-06-17T13:30:10.729137Z,2026-07-13T17:26:50.186026Z,KXB200MS-27JAN,"If the average value of NVIDIA B200 compute per hour is above $6.5 in January 2027, then the market resolves to Yes."
KXB200MS,B200 Monthly,KXB200MS-27JAN-6.000,Will the monthly average compute price of NVIDIA's B200 be above $6.00 in January 2027?,active,0.5900,0.6000,0.5600,0.4300,1277.00,5.00,192.00,0.0000,6.0,2026-06-17T13:31:00Z,2027-02-01T04:59:59Z,2026-06-17T13:30:10.729137Z,2026-07-13T17:26:50.186026Z,KXB200MS-27JAN,"If the average value of NVIDIA B200 compute per hour is above $6 in January 2027, then the market resolves to Yes."
KXB200MS,B200 Monthly,KXB200MS-27JAN-5.500,Will the monthly average compute price of NVIDIA's B200 be above $5.50 in January 2027?,active,0.7200,0.7300,0.7000,0.7000,3402.00,0.00,206.00,0.0000,5.5,2026-06-17T13:31:00Z,2027-02-01T04:59:59Z,2026-06-17T13:30:10.729137Z,2026-07-13T17:26:50.186026Z,KXB200MS-27JAN,"If the average value of NVIDIA B200 compute per hour is above $5.5 in January 2027, then the market resolves to Yes."
KXB200MS,B200 Monthly,KXB200MS-27JAN-5.000,Will the monthly average compute price of NVIDIA's B200 be above $5.00 in January 2027?,active,0.8100,0.8200,0.8300,0.7500,1288.00,662.00,1027.00,0.0000,5.0,2026-06-17T13:31:00Z,2027-02-01T04:59:59Z,2026-06-17T13:30:10.729137Z,2026-07-13T17:26:50.186026Z,KXB200MS-27JAN,"If the average value of NVIDIA B200 compute per hour is above $5 in January 2027, then the market resolves to Yes."
KXB200MS,B200 Monthly,KXB200MS-27JAN-4.500,Will the monthly average compute price of NVIDIA's B200 be above $4.50 in January 2027?,active,0.8800,0.9100,0.8600,0.8300,2181.00,86.00,1021.00,0.0000,4.5,2026-06-17T13:31:00Z,2027-02-01T04:59:59Z,2026-06-17T13:30:10.729137Z,2026-07-13T17:26:50.186026Z,KXB200MS-27JAN,"If the average value of NVIDIA B200 compute per hour is above $4.5 in January 2027, then the market resolves to Yes."
KXB200MS,B200 Monthly,KXB200MS-27JAN-4.000,Will the monthly average compute price of NVIDIA's B200 be above $4.00 in January 2027?,active,0.9000,0.9500,0.8800,0.8800,1182.00,0.00,1110.00,0.0000,4.0,2026-06-17T13:31:00Z,2027-02-01T04:59:59Z,2026-06-17T13:30:10.729137Z,2026-07-13T17:26:50.186026Z,KXB200MS-27JAN,"If the average value of NVIDIA B200 compute per hour is above $4 in January 2027, then the market resolves to Yes."
KXB200MS,B200 Monthly,KXB200MS-26DEC-7.000,Will the monthly average compute price of NVIDIA's B200 be above $7.00 in December 2026?,active,0.2900,0.3500,0.2800,0.2800,399.22,0.00,228.21,0.0000,7.0,2026-06-17T13:31:00Z,2027-01-01T04:59:59Z,2026-06-17T13:30:10.190779Z,2026-07-13T17:26:19.917505Z,KXB200MS-26DEC,"If the average value of NVIDIA B200 compute per hour is above $7 in December 2026, then the market resolves to Yes."
KXB200MS,B200 Monthly,KXB200MS-26DEC-6.500,Will the monthly average compute price of NVIDIA's B200 be above $6.50 in December 2026?,active,0.4700,0.4800,0.4500,0.4500,349.12,0.00,157.01,0.0000,6.5,2026-06-17T13:31:00Z,2027-01-01T04:59:59Z,2026-06-17T13:30:10.190779Z,2026-07-13T17:26:19.917505Z,KXB200MS-26DEC,"If the average value of NVIDIA B200 compute per hour is above $6.5 in December 2026, then the market resolves to Yes."
KXB200MS,B200 Monthly,KXB200MS-26DEC-6.000,Will the monthly average compute price of NVIDIA's B200 be above $6.00 in December 2026?,active,0.5800,0.5900,0.5900,0.5500,6324.71,5.00,746.01,0.0000,6.0,2026-06-17T13:31:00Z,2027-01-01T04:59:59Z,2026-06-17T13:30:10.190779Z,2026-07-13T17:26:19.917505Z,KXB200MS-26DEC,"If the average value of NVIDIA B200 compute per hour is above $6 in December 2026, then the market resolves to Yes."
KXB200MS,B200 Monthly,KXB200MS-26DEC-5.500,Will the monthly average compute price of NVIDIA's B200 be above $5.50 in December 2026?,active,0.7000,0.7100,0.6500,0.6500,248.01,0.00,108.01,0.0000,5.5,2026-06-17T13:31:00Z,2027-01-01T04:59:59Z,2026-06-17T13:30:10.190779Z,2026-07-13T17:26:19.917505Z,KXB200MS-26DEC,"If the average value of NVIDIA B200 compute per hour is above $5.5 in December 2026, then the market resolves to Yes."
KXB200MS,B200 Monthly,KXB200MS-26DEC-5.000,Will the monthly average compute price of NVIDIA's B200 be above $5.00 in December 2026?,active,0.8300,0.8400,0.8400,0.7200,2318.01,468.00,754.01,0.0000,5.0,2026-06-17T13:31:00Z,2027-01-01T04:59:59Z,2026-06-17T13:30:10.190779Z,2026-07-13T17:26:19.917505Z,KXB200MS-26DEC,"If the average value of NVIDIA B200 compute per hour is above $5 in December 2026, then the market resolves to Yes."
KXB200MS,B200 Monthly,KXB200MS-26DEC-4.500,Will the monthly average compute price of NVIDIA's B200 be above $4.50 in December 2026?,active,0.9100,0.9600,0.8900,0.8800,1103.00,352.00,862.00,0.0000,4.5,2026-06-17T13:31:00Z,2027-01-01T04:59:59Z,2026-06-17T13:30:10.190779Z,2026-07-13T17:26:19.917505Z,KXB200MS-26DEC,"If the average value of NVIDIA B200 compute per hour is above $4.5 in December 2026, then the market resolves to Yes."
KXB200MS,B200 Monthly,KXB200MS-26DEC-4.000,Will the monthly average compute price of NVIDIA's B200 be above $4.00 in December 2026?,active,0.9400,0.9500,0.9200,0.9200,898.00,0.00,562.00,0.0000,4.0,2026-06-17T13:31:00Z,2027-01-01T04:59:59Z,2026-06-17T13:30:10.190779Z,2026-07-13T17:26:19.917505Z,KXB200MS-26DEC,"If the average value of NVIDIA B200 compute per hour is above $4 in December 2026, then the market resolves to Yes."
KXB200MS,B200 Monthly,KXB200MS-26NOV-7.000,Will the monthly average compute price of NVIDIA's B200 be above $7.00 in November 2026?,active,0.3000,0.3100,0.2400,0.2400,4362.00,0.00,1068.01,0.0000,7.0,2026-06-17T13:31:00Z,2026-12-01T04:59:59Z,2026-06-17T13:30:09.685249Z,2026-07-13T17:25:55.052202Z,KXB200MS-26NOV,"If the average value of NVIDIA B200 compute per hour is above $7 in November 2026, then the market resolves to Yes."
KXB200MS,B200 Monthly,KXB200MS-26NOV-6.500,Will the monthly average compute price of NVIDIA's B200 be above $6.50 in November 2026?,active,0.4200,0.4400,0.4400,0.4400,1744.99,0.00,841.01,0.0000,6.5,2026-06-17T13:31:00Z,2026-12-01T04:59:59Z,2026-06-17T13:30:09.685249Z,2026-07-13T17:25:55.052202Z,KXB200MS-26NOV,"If the average value of NVIDIA B200 compute per hour is above $6.5 in November 2026, then the market resolves to Yes."
KXB200MS,B200 Monthly,KXB200MS-26NOV-6.000,Will the monthly average compute price of NVIDIA's B200 be above $6.00 in November 2026?,active,0.5300,0.5800,0.5300,0.5300,1863.62,0.00,325.00,0.0000,6.0,2026-06-17T13:31:00Z,2026-12-01T04:59:59Z,2026-06-17T13:30:09.685249Z,2026-07-13T17:25:55.052202Z,KXB200MS-26NOV,"If the average value of NVIDIA B200 compute per hour is above $6 in November 2026, then the market resolves to Yes."
KXB200MS,B200 Monthly,KXB200MS-26NOV-5.500,Will the monthly average compute price of NVIDIA's B200 be above $5.50 in November 2026?,active,0.7000,0.7100,0.7100,0.6800,2649.45,5.00,1356.76,0.0000,5.5,2026-06-17T13:31:00Z,2026-12-01T04:59:59Z,2026-06-17T13:30:09.685249Z,2026-07-13T17:25:55.052202Z,KXB200MS-26NOV,"If the average value of NVIDIA B200 compute per hour is above $5.5 in November 2026, then the market resolves to Yes."
KXB200MS,B200 Monthly,KXB200MS-26NOV-5.000,Will the monthly average compute price of NVIDIA's B200 be above $5.00 in November 2026?,active,0.8400,0.8600,0.8800,0.8000,2479.57,754.00,1405.19,0.0000,5.0,2026-06-17T13:31:00Z,2026-12-01T04:59:59Z,2026-06-17T13:30:09.685249Z,2026-07-13T17:25:55.052202Z,KXB200MS-26NOV,"If the average value of NVIDIA B200 compute per hour is above $5 in November 2026, then the market resolves to Yes."
KXB200MS,B200 Monthly,KXB200MS-26NOV-4.500,Will the monthly average compute price of NVIDIA's B200 be above $4.50 in November 2026?,active,0.9000,0.9300,0.9000,0.9000,970.00,0.00,606.00,0.0000,4.5,2026-06-17T13:31:00Z,2026-12-01T04:59:59Z,2026-06-17T13:30:09.685249Z,2026-07-13T17:25:55.052202Z,KXB200MS-26NOV,"If the average value of NVIDIA B200 compute per hour is above $4.5 in November 2026, then the market resolves to Yes."
KXB200MS,B200 Monthly,KXB200MS-26NOV-4.000,Will the monthly average compute price of NVIDIA's B200 be above $4.00 in November 2026?,active,0.9200,0.9500,0.9400,0.9400,824.04,0.00,465.99,0.0000,4.0,2026-06-17T13:31:00Z,2026-12-01T04:59:59Z,2026-06-17T13:30:09.685249Z,2026-07-13T17:25:55.052202Z,KXB200MS-26NOV,"If the average value of NVIDIA B200 compute per hour is above $4 in November 2026, then the market resolves to Yes."
KXB200MS,B200 Monthly,KXB200MS-26OCT-7.000,Will the monthly average compute price of NVIDIA's B200 be above $7.00 in October 2026?,active,0.2100,0.2300,0.2600,0.2600,735.00,0.00,388.00,0.0000,7.0,2026-06-17T13:31:00Z,2026-11-01T03:59:59Z,2026-06-17T13:30:09.218452Z,2026-07-13T17:25:22.846568Z,KXB200MS-26OCT,"If the average value of NVIDIA B200 compute per hour is above $7 in October 2026, then the market resolves to Yes."
KXB200MS,B200 Monthly,KXB200MS-26OCT-6.500,Will the monthly average compute price of NVIDIA's B200 be above $6.50 in October 2026?,active,0.3500,0.4200,0.3900,0.3900,1533.00,0.00,583.00,0.0000,6.5,2026-06-17T13:31:00Z,2026-11-01T03:59:59Z,2026-06-17T13:30:09.218452Z,2026-07-13T17:25:22.846568Z,KXB200MS-26OCT,"If the average value of NVIDIA B200 compute per hour is above $6.5 in October 2026, then the market resolves to Yes."
KXB200MS,B200 Monthly,KXB200MS-26OCT-6.000,Will the monthly average compute price of NVIDIA's B200 be above $6.00 in October 2026?,active,0.5700,0.5800,0.6100,0.6100,2271.00,0.00,715.00,0.0000,6.0,2026-06-17T13:31:00Z,2026-11-01T03:59:59Z,2026-06-17T13:30:09.218452Z,2026-07-13T17:25:22.846568Z,KXB200MS-26OCT,"If the average value of NVIDIA B200 compute per hour is above $6 in October 2026, then the market resolves to Yes."
KXB200MS,B200 Monthly,KXB200MS-26OCT-5.500,Will the monthly average compute price of NVIDIA's B200 be above $5.50 in October 2026?,active,0.7600,0.7800,0.8100,0.7500,654.00,285.00,475.00,0.0000,5.5,2026-06-17T13:31:00Z,2026-11-01T03:59:59Z,2026-06-17T13:30:09.218452Z,2026-07-13T17:25:22.846568Z,KXB200MS-26OCT,"If the average value of NVIDIA B200 compute per hour is above $5.5 in October 2026, then the market resolves to Yes."
KXB200MS,B200 Monthly,KXB200MS-26OCT-5.000,Will the monthly average compute price of NVIDIA's B200 be above $5.00 in October 2026?,active,0.9200,0.9500,0.9500,0.9500,2867.27,0.00,1391.00,0.0000,5.0,2026-06-17T13:31:00Z,2026-11-01T03:59:59Z,2026-06-17T13:30:09.218452Z,2026-07-13T17:25:22.846568Z,KXB200MS-26OCT,"If the average value of NVIDIA B200 compute per hour is above $5 in October 2026, then the market resolves to Yes."
KXB200MS,B200 Monthly,KXB200MS-26OCT-4.500,Will the monthly average compute price of NVIDIA's B200 be above $4.50 in October 2026?,active,0.9600,0.9700,0.9300,0.9300,1174.44,0.00,938.27,0.0000,4.5,2026-06-17T13:31:00Z,2026-11-01T03:59:59Z,2026-06-17T13:30:09.218452Z,2026-07-13T17:25:22.846568Z,KXB200MS-26OCT,"If the average value of NVIDIA B200 compute per hour is above $4.5 in October 2026, then the market resolves to Yes."
KXB200MS,B200 Monthly,KXB200MS-26OCT-4.000,Will the monthly average compute price of NVIDIA's B200 be above $4.00 in October 2026?,active,0.9600,0.9700,0.9200,0.9200,1259.52,0.00,795.00,0.0000,4.0,2026-06-17T13:31:00Z,2026-11-01T03:59:59Z,2026-06-17T13:30:09.218452Z,2026-07-13T17:25:22.846568Z,KXB200MS-26OCT,"If the average value of NVIDIA B200 compute per hour is above $4 in October 2026, then the market resolves to Yes."
KXB200MS,B200 Monthly,KXB200MS-26SEP-7.000,Will the monthly average compute price of NVIDIA's B200 be above $7.00 in September 2026?,active,0.0600,0.0700,0.1500,0.1500,1466.00,0.00,467.00,0.0000,7.0,2026-06-17T13:31:00Z,2026-10-01T03:59:59Z,2026-06-17T13:30:08.687072Z,2026-07-13T17:24:52.080472Z,KXB200MS-26SEP,"If the average value of NVIDIA B200 compute per hour is above $7 in September 2026, then the market resolves to Yes."
KXB200MS,B200 Monthly,KXB200MS-26SEP-6.500,Will the monthly average compute price of NVIDIA's B200 be above $6.50 in September 2026?,active,0.2100,0.2500,0.2500,0.4000,470.80,3.80,294.00,0.0000,6.5,2026-06-17T13:31:00Z,2026-10-01T03:59:59Z,2026-06-17T13:30:08.687072Z,2026-07-13T17:24:52.080472Z,KXB200MS-26SEP,"If the average value of NVIDIA B200 compute per hour is above $6.5 in September 2026, then the market resolves to Yes."
KXB200MS,B200 Monthly,KXB200MS-26SEP-6.000,Will the monthly average compute price of NVIDIA's B200 be above $6.00 in September 2026?,active,0.5600,0.5700,0.6400,0.7700,488.10,8.13,255.13,0.0000,6.0,2026-06-17T13:31:00Z,2026-10-01T03:59:59Z,2026-06-17T13:30:08.687072Z,2026-07-13T17:24:52.080472Z,KXB200MS-26SEP,"If the average value of NVIDIA B200 compute per hour is above $6 in September 2026, then the market resolves to Yes."
KXB200MS,B200 Monthly,KXB200MS-26SEP-5.500,Will the monthly average compute price of NVIDIA's B200 be above $5.50 in September 2026?,active,0.8600,0.8900,0.8600,0.8300,1596.00,500.00,1063.00,0.0000,5.5,2026-06-17T13:31:00Z,2026-10-01T03:59:59Z,2026-06-17T13:30:08.687072Z,2026-07-13T17:24:52.080472Z,KXB200MS-26SEP,"If the average value of NVIDIA B200 compute per hour is above $5.5 in September 2026, then the market resolves to Yes."
KXB200MS,B200 Monthly,KXB200MS-26SEP-5.000,Will the monthly average compute price of NVIDIA's B200 be above $5.00 in September 2026?,active,0.9500,0.9800,0.9400,0.9400,1786.19,0.00,1330.01,0.0000,5.0,2026-06-17T13:31:00Z,2026-10-01T03:59:59Z,2026-06-17T13:30:08.687072Z,2026-07-13T17:24:52.080472Z,KXB200MS-26SEP,"If the average value of NVIDIA B200 compute per hour is above $5 in September 2026, then the market resolves to Yes."
KXB200MS,B200 Monthly,KXB200MS-26SEP-4.500,Will the monthly average compute price of NVIDIA's B200 be above $4.50 in September 2026?,active,0.9700,0.9800,0.9800,0.9800,1591.10,0.00,766.10,0.0000,4.5,2026-06-17T13:31:00Z,2026-10-01T03:59:59Z,2026-06-17T13:30:08.687072Z,2026-07-13T17:24:52.080472Z,KXB200MS-26SEP,"If the average value of NVIDIA B200 compute per hour is above $4.5 in September 2026, then the market resolves to Yes."
KXB200MS,B200 Monthly,KXB200MS-26SEP-4.000,Will the monthly average compute price of NVIDIA's B200 be above $4.00 in September 2026?,active,0.9800,0.9900,0.9900,0.9900,1689.00,0.00,698.10,0.0000,4.0,2026-06-17T13:31:00Z,2026-10-01T03:59:59Z,2026-06-17T13:30:08.687072Z,2026-07-13T17:24:52.080472Z,KXB200MS-26SEP,"If the average value of NVIDIA B200 compute per hour is above $4 in September 2026, then the market resolves to Yes."
KXB200MS,B200 Monthly,KXB200MS-26AUG-7.000,Will the monthly average compute price of NVIDIA's B200 be above $7.00 in August 2026?,finalized,0.0000,1.0000,0.0100,0.0100,21663.87,0.00,15895.23,0.0000,7.0,2026-06-17T13:31:00Z,2026-08-31T21:43:02Z,2026-06-17T13:30:08.176585Z,2026-08-31T22:13:11.46807Z,KXB200MS-26AUG,"If the average value of NVIDIA B200 compute per hour is above $7 in August 2026, then the market resolves to Yes."
KXB200MS,B200 Monthly,KXB200MS-26AUG-6.500,Will the monthly average compute price of NVIDIA's B200 be above $6.50 in August 2026?,finalized,0.0000,1.0000,0.0100,0.0100,24230.31,0.00,8783.83,0.0000,6.5,2026-06-17T13:31:00Z,2026-08-31T21:43:02Z,2026-06-17T13:30:08.176585Z,2026-08-31T22:13:11.46807Z,KXB200MS-26AUG,"If the average value of NVIDIA B200 compute per hour is above $6.5 in August 2026, then the market resolves to Yes."
KXB200MS,B200 Monthly,KXB200MS-26AUG-6.000,Will the monthly average compute price of NVIDIA's B200 be above $6.00 in August 2026?,finalized,0.0000,1.0000,0.9900,0.9900,7712.21,64.35,4106.53,0.0000,6.0,2026-06-17T13:31:00Z,2026-08-31T21:43:02Z,2026-06-17T13:30:08.176585Z,2026-08-31T22:13:11.46807Z,KXB200MS-26AUG,"If the average value of NVIDIA B200 compute per hour is above $6 in August 2026, then the market resolves to Yes."
KXB200MS,B200 Monthly,KXB200MS-26AUG-5.500,Will the monthly average compute price of NVIDIA's B200 be above $5.50 in August 2026?,finalized,0.0000,1.0000,0.9900,0.9900,5837.35,0.00,4382.85,0.0000,5.5,2026-06-17T13:31:00Z,2026-08-31T21:43:02Z,2026-06-17T13:30:08.176585Z,2026-08-31T22:13:11.46807Z,KXB200MS-26AUG,"If the average value of NVIDIA B200 compute per hour is above $5.5 in August 2026, then the market resolves to Yes."
KXB200MS,B200 Monthly,KXB200MS-26AUG-5.000,Will the monthly average compute price of NVIDIA's B200 be above $5.00 in August 2026?,finalized,0.0000,1.0000,0.9900,0.9900,2039.22,0.00,1366.75,0.0000,5.0,2026-06-17T13:31:00Z,2026-08-31T21:43:02Z,2026-06-17T13:30:08.176585Z,2026-08-31T22:13:11.46807Z,KXB200MS-26AUG,"If the average value of NVIDIA B200 compute per hour is above $5 in August 2026, then the market resolves to Yes."
KXB200MS,B200 Monthly,KXB200MS-26AUG-4.500,Will the monthly average compute price of NVIDIA's B200 be above $4.50 in August 2026?,finalized,0.0000,1.0000,0.9900,0.9900,1495.88,0.00,1193.00,0.0000,4.5,2026-06-17T13:31:00Z,2026-08-31T21:43:02Z,2026-06-17T13:30:08.176585Z,2026-08-31T22:13:11.46807Z,KXB200MS-26AUG,"If the average value of NVIDIA B200 compute per hour is above $4.5 in August 2026, then the market resolves to Yes."
KXB200MS,B200 Monthly,KXB200MS-26AUG-4.000,Will the monthly average compute price of NVIDIA's B200 be above $4.00 in August 2026?,finalized,0.0000,1.0000,0.9900,0.9900,2766.00,0.00,2390.00,0.0000,4.0,2026-06-17T13:31:00Z,2026-08-31T21:43:02Z,2026-06-17T13:30:08.176585Z,2026-08-31T22:13:11.46807Z,KXB200MS-26AUG,"If the average value of NVIDIA B200 compute per hour is above $4 in August 2026, then the market resolves to Yes."
KXB200MS,B200 Monthly,KXB200MS-26JUL-7.000,Will the monthly average compute price of NVIDIA's B200 be above $7.00 in July 2026?,finalized,0.0000,1.0000,0.0100,0.0100,15421.16,0.00,5448.38,0.0000,7.0,2026-06-17T13:31:00Z,2026-07-31T21:45:07Z,2026-06-17T13:30:07.687463Z,2026-07-31T22:15:11.071991Z,KXB200MS-26JUL,"If the average value of NVIDIA B200 compute per hour is above $7 in July 2026, then the market resolves to Yes."
KXB200MS,B200 Monthly,KXB200MS-26JUL-6.500,Will the monthly average compute price of NVIDIA's B200 be above $6.50 in July 2026?,finalized,0.0000,1.0000,0.0100,0.0100,11331.59,0.00,4895.98,0.0000,6.5,2026-06-17T13:31:00Z,2026-07-31T21:45:07Z,2026-06-17T13:30:07.687463Z,2026-07-31T22:15:11.071991Z,KXB200MS-26JUL,"If the average value of NVIDIA B200 compute per hour is above $6.5 in July 2026, then the market resolves to Yes."
KXB200MS,B200 Monthly,KXB200MS-26JUL-6.000,Will the monthly average compute price of NVIDIA's B200 be above $6.00 in July 2026?,finalized,0.0000,1.0000,0.9900,0.9900,4346.29,0.00,2713.18,0.0000,6.0,2026-06-17T13:31:00Z,2026-07-31T21:45:07Z,2026-06-17T13:30:07.687463Z,2026-07-31T22:15:11.071991Z,KXB200MS-26JUL,"If the average value of NVIDIA B200 compute per hour is above $6 in July 2026, then the market resolves to Yes."
KXB200MS,B200 Monthly,KXB200MS-26JUL-5.500,Will the monthly average compute price of NVIDIA's B200 be above $5.50 in July 2026?,finalized,0.0000,1.0000,0.9900,0.9900,4649.98,0.00,2898.00,0.0000,5.5,2026-06-17T13:31:00Z,2026-07-31T21:45:07Z,2026-06-17T13:30:07.687463Z,2026-07-31T22:15:11.071991Z,KXB200MS-26JUL,"If the average value of NVIDIA B200 compute per hour is above $5.5 in July 2026, then the market resolves to Yes."
KXB200MS,B200 Monthly,KXB200MS-26JUL-5.000,Will the monthly average compute price of NVIDIA's B200 be above $5.00 in July 2026?,finalized,0.0000,1.0000,0.9900,0.9900,5111.71,0.00,3966.09,0.0000,5.0,2026-06-17T13:31:00Z,2026-07-31T21:45:07Z,2026-06-17T13:30:07.687463Z,2026-07-31T22:15:11.071991Z,KXB200MS-26JUL,"If the average value of NVIDIA B200 compute per hour is above $5 in July 2026, then the market resolves to Yes."
KXB200MS,B200 Monthly,KXB200MS-26JUL-4.500,Will the monthly average compute price of NVIDIA's B200 be above $4.50 in July 2026?,finalized,0.0000,1.0000,0.9900,0.9900,4676.14,0.00,2092.00,0.0000,4.5,2026-06-17T13:31:00Z,2026-07-31T21:45:07Z,2026-06-17T13:30:07.687463Z,2026-07-31T22:15:11.071991Z,KXB200MS-26JUL,"If the average value of NVIDIA B200 compute per hour is above $4.5 in July 2026, then the market resolves to Yes."
KXB200MS,B200 Monthly,KXB200MS-26JUL-4.000,Will the monthly average compute price of NVIDIA's B200 be above $4.00 in July 2026?,finalized,0.0000,1.0000,0.9900,0.9900,3317.54,0.00,1851.08,0.0000,4.0,2026-06-17T13:31:00Z,2026-07-31T21:45:07Z,2026-06-17T13:30:07.687463Z,2026-07-31T22:15:11.071991Z,KXB200MS-26JUL,"If the average value of NVIDIA B200 compute per hour is above $4 in July 2026, then the market resolves to Yes."
KXB200MS,B200 Monthly,KXB200MS-26JUN-7.000,Will the monthly average compute price of NVIDIA's B200 be above $7.00 in June 2026?,finalized,0.0000,1.0000,0.0200,0.0200,4109.00,0.00,1755.00,0.0000,7.0,2026-06-17T13:31:00Z,2026-06-30T21:30:59Z,2026-06-17T13:30:07.152595Z,2026-06-30T22:01:01.966336Z,KXB200MS-26JUN,"If the average value of NVIDIA B200 compute per hour is above $7 in June 2026, then the market resolves to Yes."
KXB200MS,B200 Monthly,KXB200MS-26JUN-6.500,Will the monthly average compute price of NVIDIA's B200 be above $6.50 in June 2026?,finalized,0.0000,1.0000,0.0200,0.0200,2434.00,0.00,946.01,0.0000,6.5,2026-06-17T13:31:00Z,2026-06-30T21:30:59Z,2026-06-17T13:30:07.152595Z,2026-06-30T22:01:01.966336Z,KXB200MS-26JUN,"If the average value of NVIDIA B200 compute per hour is above $6.5 in June 2026, then the market resolves to Yes."
KXB200MS,B200 Monthly,KXB200MS-26JUN-6.000,Will the monthly average compute price of NVIDIA's B200 be above $6.00 in June 2026?,finalized,0.0000,1.0000,0.0100,0.0100,3274.00,0.00,2254.00,0.0000,6.0,2026-06-17T13:31:00Z,2026-06-30T21:30:59Z,2026-06-17T13:30:07.152595Z,2026-06-30T22:01:01.966336Z,KXB200MS-26JUN,"If the average value of NVIDIA B200 compute per hour is above $6 in June 2026, then the market resolves to Yes."
KXB200MS,B200 Monthly,KXB200MS-26JUN-5.500,Will the monthly average compute price of NVIDIA's B200 be above $5.50 in June 2026?,finalized,0.0000,1.0000,0.0100,0.0100,7498.26,0.00,4264.72,0.0000,5.5,2026-06-17T13:31:00Z,2026-06-30T21:30:59Z,2026-06-17T13:30:07.152595Z,2026-06-30T22:01:01.966336Z,KXB200MS-26JUN,"If the average value of NVIDIA B200 compute per hour is above $5.5 in June 2026, then the market resolves to Yes."
KXB200MS,B200 Monthly,KXB200MS-26JUN-5.000,Will the monthly average compute price of NVIDIA's B200 be above $5.00 in June 2026?,finalized,0.0000,1.0000,0.0100,0.0100,19022.17,0.00,12668.37,0.0000,5.0,2026-06-17T13:31:00Z,2026-06-30T21:30:59Z,2026-06-17T13:30:07.152595Z,2026-06-30T22:01:01.966336Z,KXB200MS-26JUN,"If the average value of NVIDIA B200 compute per hour is above $5 in June 2026, then the market resolves to Yes."
KXB200MS,B200 Monthly,KXB200MS-26JUN-4.500,Will the monthly average compute price of NVIDIA's B200 be above $4.50 in June 2026?,finalized,0.0000,1.0000,0.9900,0.9900,4487.77,0.00,4084.12,0.0000,4.5,2026-06-17T13:31:00Z,2026-06-30T21:30:59Z,2026-06-17T13:30:07.152595Z,2026-06-30T22:01:01.966336Z,KXB200MS-26JUN,"If the average value of NVIDIA B200 compute per hour is above $4.5 in June 2026, then the market resolves to Yes."
KXB200MS,B200 Monthly,KXB200MS-26JUN-4.000,Will the monthly average compute price of NVIDIA's B200 be above $4.00 in June 2026?,finalized,0.0000,1.0000,0.9900,0.9900,6216.53,0.00,4522.50,0.0000,4.0,2026-06-17T13:31:00Z,2026-06-30T21:30:59Z,2026-06-17T13:30:07.152595Z,2026-06-30T22:01:01.966336Z,KXB200MS-26JUN,"If the average value of NVIDIA B200 compute per hour is above $4 in June 2026, then the market resolves to Yes."
KXA100MON,A100 Monthly Price,KXA100MON-26AUG31-1.480,Will the A100 SXM4 compute per hour price be above $1.48 on Aug 31?,finalized,0.0000,1.0000,0.0000,0.0000,0.00,0.00,0.00,0.0000,1.48,2026-08-02T00:00:00Z,2026-08-31T21:31:24Z,2026-08-01T09:00:34.985627Z,2026-08-31T22:01:31.225292Z,KXA100MON-26AUG31,"If the value of A100 SXM4 compute per hour is above $1.48 on Aug 31, 2026, then the market resolves to Yes."
KXA100MON,A100 Monthly Price,KXA100MON-26AUG31-1.430,Will the A100 SXM4 compute per hour price be above $1.43 on Aug 31?,finalized,0.0000,1.0000,0.0000,0.0000,0.00,0.00,0.00,0.0000,1.43,2026-08-02T00:00:00Z,2026-08-31T21:31:24Z,2026-08-01T09:00:34.985627Z,2026-08-31T22:01:31.225292Z,KXA100MON-26AUG31,"If the value of A100 SXM4 compute per hour is above $1.43 on Aug 31, 2026, then the market resolves to Yes."
KXA100MON,A100 Monthly Price,KXA100MON-26AUG31-1.380,Will the A100 SXM4 compute per hour price be above $1.38 on Aug 31?,finalized,0.0000,1.0000,0.0200,0.0200,256.00,0.00,256.00,0.0000,1.38,2026-08-02T00:00:00Z,2026-08-31T21:31:24Z,2026-08-01T09:00:34.985627Z,2026-08-31T22:01:31.225292Z,KXA100MON-26AUG31,"If the value of A100 SXM4 compute per hour is above $1.38 on Aug 31, 2026, then the market resolves to Yes."
KXA100MON,A100 Monthly Price,KXA100MON-26AUG31-1.330,Will the A100 SXM4 compute per hour price be above $1.33 on Aug 31?,finalized,0.0000,1.0000,0.0200,0.0200,257.00,0.00,257.00,0.0000,1.33,2026-08-02T00:00:00Z,2026-08-31T21:31:24Z,2026-08-01T09:00:34.985627Z,2026-08-31T22:01:31.225292Z,KXA100MON-26AUG31,"If the value of A100 SXM4 compute per hour is above $1.33 on Aug 31, 2026, then the market resolves to Yes."
KXA100MON,A100 Monthly Price,KXA100MON-26AUG31-1.280,Will the A100 SXM4 compute per hour price be above $1.28 on Aug 31?,finalized,0.0000,1.0000,0.0400,0.0400,610.00,0.00,518.00,0.0000,1.28,2026-08-02T00:00:00Z,2026-08-31T21:31:24Z,2026-08-01T09:00:34.985627Z,2026-08-31T22:01:31.225292Z,KXA100MON-26AUG31,"If the value of A100 SXM4 compute per hour is above $1.28 on Aug 31, 2026, then the market resolves to Yes."
KXA100MON,A100 Monthly Price,KXA100MON-26AUG31-1.230,Will the A100 SXM4 compute per hour price be above $1.23 on Aug 31?,finalized,0.0000,1.0000,0.0400,0.0400,565.00,0.00,395.00,0.0000,1.23,2026-08-02T00:00:00Z,2026-08-31T21:31:24Z,2026-08-01T09:00:34.985627Z,2026-08-31T22:01:31.225292Z,KXA100MON-26AUG31,"If the value of A100 SXM4 compute per hour is above $1.23 on Aug 31, 2026, then the market resolves to Yes."
KXA100MON,A100 Monthly Price,KXA100MON-26AUG31-1.180,Will the A100 SXM4 compute per hour price be above $1.18 on Aug 31?,finalized,0.0000,1.0000,0.0200,0.0300,1700.44,147.44,1239.44,0.0000,1.18,2026-08-02T00:00:00Z,2026-08-31T21:31:24Z,2026-08-01T09:00:34.985627Z,2026-08-31T22:01:31.225292Z,KXA100MON-26AUG31,"If the value of A100 SXM4 compute per hour is above $1.18 on Aug 31, 2026, then the market resolves to Yes."
KXA100MON,A100 Monthly Price,KXA100MON-26AUG31-1.130,Will the A100 SXM4 compute per hour price be above $1.13 on Aug 31?,finalized,0.0000,1.0000,0.0400,0.0400,1962.00,0.00,1222.00,0.0000,1.13,2026-08-02T00:00:00Z,2026-08-31T21:31:24Z,2026-08-01T09:00:34.985627Z,2026-08-31T22:01:31.225292Z,KXA100MON-26AUG31,"If the value of A100 SXM4 compute per hour is above $1.13 on Aug 31, 2026, then the market resolves to Yes."
KXA100MON,A100 Monthly Price,KXA100MON-26AUG31-1.080,Will the A100 SXM4 compute per hour price be above $1.08 on Aug 31?,finalized,0.0000,1.0000,0.0200,0.6500,4431.07,99.09,1099.18,0.0000,1.08,2026-08-02T00:00:00Z,2026-08-31T21:31:24Z,2026-08-01T09:00:34.985627Z,2026-08-31T22:01:31.225292Z,KXA100MON-26AUG31,"If the value of A100 SXM4 compute per hour is above $1.08 on Aug 31, 2026, then the market resolves to Yes."
KXA100MON,A100 Monthly Price,KXA100MON-26AUG31-1.030,Will the A100 SXM4 compute per hour price be above $1.03 on Aug 31?,finalized,0.0000,1.0000,0.0100,0.3600,5056.56,871.62,1625.99,0.0000,1.03,2026-08-02T00:00:00Z,2026-08-31T21:31:24Z,2026-08-01T09:00:34.985627Z,2026-08-31T22:01:31.225292Z,KXA100MON-26AUG31,"If the value of A100 SXM4 compute per hour is above $1.03 on Aug 31, 2026, then the market resolves to Yes."
KXA100MON,A100 Monthly Price,KXA100MON-26AUG31-0.980,Will the A100 SXM4 compute per hour price be above $0.98 on Aug 31?,finalized,0.0000,1.0000,0.9900,0.9400,5104.16,671.00,2146.10,0.0000,0.98,2026-08-02T00:00:00Z,2026-08-31T21:31:24Z,2026-08-01T09:00:34.985627Z,2026-08-31T22:01:31.225292Z,KXA100MON-26AUG31,"If the value of A100 SXM4 compute per hour is above $0.98 on Aug 31, 2026, then the market resolves to Yes."
KXA100MON,A100 Monthly Price,KXA100MON-26AUG31-0.930,Will the A100 SXM4 compute per hour price be above $0.93 on Aug 31?,finalized,0.0000,1.0000,0.9900,0.9900,2016.00,5.00,2013.00,0.0000,0.93,2026-08-02T00:00:00Z,2026-08-31T21:31:24Z,2026-08-01T09:00:34.985627Z,2026-08-31T22:01:31.225292Z,KXA100MON-26AUG31,"If the value of A100 SXM4 compute per hour is above $0.93 on Aug 31, 2026, then the market resolves to Yes."
KXA100MON,A100 Monthly Price,KXA100MON-26AUG31-0.880,Will the A100 SXM4 compute per hour price be above $0.88 on Aug 31?,finalized,0.0000,1.0000,0.9900,0.9600,1332.00,5.00,1332.00,0.0000,0.88,2026-08-02T00:00:00Z,2026-08-31T21:31:24Z,2026-08-01T09:00:34.985627Z,2026-08-31T22:01:31.225292Z,KXA100MON-26AUG31,"If the value of A100 SXM4 compute per hour is above $0.88 on Aug 31, 2026, then the market resolves to Yes."
KXA100MON,A100 Monthly Price,KXA100MON-26AUG31-0.830,Will the A100 SXM4 compute per hour price be above $0.83 on Aug 31?,finalized,0.0000,1.0000,0.9900,0.9800,812.00,5.00,812.00,0.0000,0.83,2026-08-02T00:00:00Z,2026-08-31T21:31:24Z,2026-08-01T09:00:34.985627Z,2026-08-31T22:01:31.225292Z,KXA100MON-26AUG31,"If the value of A100 SXM4 compute per hour is above $0.83 on Aug 31, 2026, then the market resolves to Yes."
KXA100MON,A100 Monthly Price,KXA100MON-26AUG31-0.780,Will the A100 SXM4 compute per hour price be above $0.78 on Aug 31?,finalized,0.0000,1.0000,0.9900,0.0000,5.00,5.00,5.00,0.0000,0.78,2026-08-02T00:00:00Z,2026-08-31T21:31:24Z,2026-08-01T09:00:34.985627Z,2026-08-31T22:01:31.225292Z,KXA100MON-26AUG31,"If the value of A100 SXM4 compute per hour is above $0.78 on Aug 31, 2026, then the market resolves to Yes."
KXA100MON,A100 Monthly Price,KXA100MON-26AUG31-0.730,Will the A100 SXM4 compute per hour price be above $0.73 on Aug 31?,finalized,0.0000,1.0000,0.9900,0.0000,5.00,5.00,5.00,0.0000,0.73,2026-08-02T00:00:00Z,2026-08-31T21:31:24Z,2026-08-01T09:00:34.985627Z,2026-08-31T22:01:31.225292Z,KXA100MON-26AUG31,"If the value of A100 SXM4 compute per hour is above $0.73 on Aug 31, 2026, then the market resolves to Yes."
KXA100MON,A100 Monthly Price,KXA100MON-26AUG31-0.680,Will the A100 SXM4 compute per hour price be above $0.68 on Aug 31?,finalized,0.0000,1.0000,0.9900,0.0000,5.00,5.00,5.00,0.0000,0.68,2026-08-02T00:00:00Z,2026-08-31T21:31:24Z,2026-08-01T09:00:34.985627Z,2026-08-31T22:01:31.225292Z,KXA100MON-26AUG31,"If the value of A100 SXM4 compute per hour is above $0.68 on Aug 31, 2026, then the market resolves to Yes."
KXA100MON,A100 Monthly Price,KXA100MON-26AUG31-0.630,Will the A100 SXM4 compute per hour price be above $0.63 on Aug 31?,finalized,0.0000,1.0000,0.9900,0.0000,5.00,5.00,5.00,0.0000,0.63,2026-08-02T00:00:00Z,2026-08-31T21:31:24Z,2026-08-01T09:00:34.985627Z,2026-08-31T22:01:31.225292Z,KXA100MON-26AUG31,"If the value of A100 SXM4 compute per hour is above $0.63 on Aug 31, 2026, then the market resolves to Yes."
KXA100MON,A100 Monthly Price,KXA100MON-26AUG31-0.580,Will the A100 SXM4 compute per hour price be above $0.58 on Aug 31?,finalized,0.0000,1.0000,0.9900,0.9900,206.00,5.00,206.00,0.0000,0.58,2026-08-02T00:00:00Z,2026-08-31T21:31:24Z,2026-08-01T09:00:34.985627Z,2026-08-31T22:01:31.225292Z,KXA100MON-26AUG31,"If the value of A100 SXM4 compute per hour is above $0.58 on Aug 31, 2026, then the market resolves to Yes."
KXA100MON,A100 Monthly Price,KXA100MON-26AUG31-0.530,Will the A100 SXM4 compute per hour price be above $0.53 on Aug 31?,finalized,0.0000,1.0000,0.9900,0.9900,206.00,5.00,206.00,0.0000,0.53,2026-08-02T00:00:00Z,2026-08-31T21:31:24Z,2026-08-01T09:00:34.985627Z,2026-08-31T22:01:31.225292Z,KXA100MON-26AUG31,"If the value of A100 SXM4 compute per hour is above $0.53 on Aug 31, 2026, then the market resolves to Yes."
KXA100MON,A100 Monthly Price,KXA100MON-26JUL31-1.470,Will the A100 SXM4 compute per hour price be above $1.47 on Jul 31?,finalized,0.0000,1.0000,0.0700,0.0700,10.00,0.00,10.00,0.0000,1.47,2026-07-02T00:00:00Z,2026-08-01T03:59:59Z,2026-07-01T09:00:33.488728Z,2026-08-03T19:40:40.944358Z,KXA100MON-26JUL31,"If the value of A100 SXM4 compute per hour is above $1.47 on Jul 31, 2026, then the market resolves to Yes."
KXA100MON,A100 Monthly Price,KXA100MON-26JUL31-1.420,Will the A100 SXM4 compute per hour price be above $1.42 on Jul 31?,finalized,0.0000,1.0000,0.0000,0.0000,0.00,0.00,0.00,0.0000,1.42,2026-07-02T00:00:00Z,2026-08-01T03:59:59Z,2026-07-01T09:00:33.488728Z,2026-08-03T19:40:40.944358Z,KXA100MON-26JUL31,"If the value of A100 SXM4 compute per hour is above $1.42 on Jul 31, 2026, then the market resolves to Yes."
KXA100MON,A100 Monthly Price,KXA100MON-26JUL31-1.370,Will the A100 SXM4 compute per hour price be above $1.37 on Jul 31?,finalized,0.0000,1.0000,0.0100,0.0100,15.93,0.00,8.00,0.0000,1.37,2026-07-02T00:00:00Z,2026-08-01T03:59:59Z,2026-07-01T09:00:33.488728Z,2026-08-03T19:40:40.944358Z,KXA100MON-26JUL31,"If the value of A100 SXM4 compute per hour is above $1.37 on Jul 31, 2026, then the market resolves to Yes."
KXA100MON,A100 Monthly Price,KXA100MON-26JUL31-1.320,Will the A100 SXM4 compute per hour price be above $1.32 on Jul 31?,finalized,0.0000,1.0000,0.0100,0.0100,71.93,0.00,26.00,0.0000,1.32,2026-07-02T00:00:00Z,2026-08-01T03:59:59Z,2026-07-01T09:00:33.488728Z,2026-08-03T19:40:40.944358Z,KXA100MON-26JUL31,"If the value of A100 SXM4 compute per hour is above $1.32 on Jul 31, 2026, then the market resolves to Yes."
KXA100MON,A100 Monthly Price,KXA100MON-26JUL31-1.270,Will the A100 SXM4 compute per hour price be above $1.27 on Jul 31?,finalized,0.0000,1.0000,0.0100,0.0100,108.17,0.00,100.17,0.0000,1.27,2026-07-02T00:00:00Z,2026-08-01T03:59:59Z,2026-07-01T09:00:33.488728Z,2026-08-03T19:40:40.944358Z,KXA100MON-26JUL31,"If the value of A100 SXM4 compute per hour is above $1.27 on Jul 31, 2026, then the market resolves to Yes."
KXA100MON,A100 Monthly Price,KXA100MON-26JUL31-1.220,Will the A100 SXM4 compute per hour price be above $1.22 on Jul 31?,finalized,0.0000,1.0000,0.0100,0.0100,247.51,0.00,98.51,0.0000,1.22,2026-07-02T00:00:00Z,2026-08-01T03:59:59Z,2026-07-01T09:00:33.488728Z,2026-08-03T19:40:40.944358Z,KXA100MON-26JUL31,"If the value of A100 SXM4 compute per hour is above $1.22 on Jul 31, 2026, then the market resolves to Yes."
KXA100MON,A100 Monthly Price,KXA100MON-26JUL31-1.170,Will the A100 SXM4 compute per hour price be above $1.17 on Jul 31?,finalized,0.0000,1.0000,0.0100,0.0100,153.84,0.00,112.84,0.0000,1.17,2026-07-02T00:00:00Z,2026-08-01T03:59:59Z,2026-07-01T09:00:33.488728Z,2026-08-03T19:40:40.944358Z,KXA100MON-26JUL31,"If the value of A100 SXM4 compute per hour is above $1.17 on Jul 31, 2026, then the market resolves to Yes."
KXA100MON,A100 Monthly Price,KXA100MON-26JUL31-1.120,Will the A100 SXM4 compute per hour price be above $1.12 on Jul 31?,finalized,0.0000,1.0000,0.0100,0.0100,1419.51,0.00,811.51,0.0000,1.12,2026-07-02T00:00:00Z,2026-08-01T03:59:59Z,2026-07-01T09:00:33.488728Z,2026-08-03T19:40:40.944358Z,KXA100MON-26JUL31,"If the value of A100 SXM4 compute per hour is above $1.12 on Jul 31, 2026, then the market resolves to Yes."
KXA100MON,A100 Monthly Price,KXA100MON-26JUL31-1.070,Will the A100 SXM4 compute per hour price be above $1.07 on Jul 31?,finalized,0.0000,1.0000,0.0100,0.0100,1580.87,0.00,935.50,0.0000,1.07,2026-07-02T00:00:00Z,2026-08-01T03:59:59Z,2026-07-01T09:00:33.488728Z,2026-08-03T19:40:40.944358Z,KXA100MON-26JUL31,"If the value of A100 SXM4 compute per hour is above $1.07 on Jul 31, 2026, then the market resolves to Yes."
KXA100MON,A100 Monthly Price,KXA100MON-26JUL31-1.020,Will the A100 SXM4 compute per hour price be above $1.02 on Jul 31?,finalized,0.0000,1.0000,0.9900,0.9900,3012.74,0.00,697.49,0.0000,1.02,2026-07-02T00:00:00Z,2026-08-01T03:59:59Z,2026-07-01T09:00:33.488728Z,2026-08-03T19:40:40.944358Z,KXA100MON-26JUL31,"If the value of A100 SXM4 compute per hour is above $1.02 on Jul 31, 2026, then the market resolves to Yes."
KXA100MON,A100 Monthly Price,KXA100MON-26JUL31-0.970,Will the A100 SXM4 compute per hour price be above $0.97 on Jul 31?,finalized,0.0000,1.0000,0.9900,0.9900,970.36,0.00,662.36,0.0000,0.97,2026-07-02T00:00:00Z,2026-08-01T03:59:59Z,2026-07-01T09:00:33.488728Z,2026-08-03T19:40:40.944358Z,KXA100MON-26JUL31,"If the value of A100 SXM4 compute per hour is above $0.97 on Jul 31, 2026, then the market resolves to Yes."
KXA100MON,A100 Monthly Price,KXA100MON-26JUL31-0.920,Will the A100 SXM4 compute per hour price be above $0.92 on Jul 31?,finalized,0.0000,1.0000,0.9900,0.9900,1013.61,0.00,355.56,0.0000,0.92,2026-07-02T00:00:00Z,2026-08-01T03:59:59Z,2026-07-01T09:00:33.488728Z,2026-08-03T19:40:40.944358Z,KXA100MON-26JUL31,"If the value of A100 SXM4 compute per hour is above $0.92 on Jul 31, 2026, then the market resolves to Yes."
KXA100MON,A100 Monthly Price,KXA100MON-26JUL31-0.870,Will the A100 SXM4 compute per hour price be above $0.87 on Jul 31?,finalized,0.0000,1.0000,0.9900,0.9900,438.53,0.00,158.52,0.0000,0.87,2026-07-02T00:00:00Z,2026-08-01T03:59:59Z,2026-07-01T09:00:33.488728Z,2026-08-03T19:40:40.944358Z,KXA100MON-26JUL31,"If the value of A100 SXM4 compute per hour is above $0.87 on Jul 31, 2026, then the market resolves to Yes."
KXA100MON,A100 Monthly Price,KXA100MON-26JUL31-0.820,Will the A100 SXM4 compute per hour price be above $0.82 on Jul 31?,finalized,0.0000,1.0000,0.9900,0.9900,164.00,0.00,128.00,0.0000,0.82,2026-07-02T00:00:00Z,2026-08-01T03:59:59Z,2026-07-01T09:00:33.488728Z,2026-08-03T19:40:40.944358Z,KXA100MON-26JUL31,"If the value of A100 SXM4 compute per hour is above $0.82 on Jul 31, 2026, then the market resolves to Yes."
KXA100MON,A100 Monthly Price,KXA100MON-26JUL31-0.770,Will the A100 SXM4 compute per hour price be above $0.77 on Jul 31?,finalized,0.0000,1.0000,0.9900,0.9900,147.00,0.00,128.01,0.0000,0.77,2026-07-02T00:00:00Z,2026-08-01T03:59:59Z,2026-07-01T09:00:33.488728Z,2026-08-03T19:40:40.944358Z,KXA100MON-26JUL31,"If the value of A100 SXM4 compute per hour is above $0.77 on Jul 31, 2026, then the market resolves to Yes."
KXA100MON,A100 Monthly Price,KXA100MON-26JUL31-0.720,Will the A100 SXM4 compute per hour price be above $0.72 on Jul 31?,finalized,0.0000,1.0000,0.9900,0.9900,164.00,0.00,153.01,0.0000,0.72,2026-07-02T00:00:00Z,2026-08-01T03:59:59Z,2026-07-01T09:00:33.488728Z,2026-08-03T19:40:40.944358Z,KXA100MON-26JUL31,"If the value of A100 SXM4 compute per hour is above $0.72 on Jul 31, 2026, then the market resolves to Yes."
KXA100MON,A100 Monthly Price,KXA100MON-26JUL31-0.670,Will the A100 SXM4 compute per hour price be above $0.67 on Jul 31?,finalized,0.0000,1.0000,0.9900,0.9900,56.00,0.00,54.00,0.0000,0.67,2026-07-02T00:00:00Z,2026-08-01T03:59:59Z,2026-07-01T09:00:33.488728Z,2026-08-03T19:40:40.944358Z,KXA100MON-26JUL31,"If the value of A100 SXM4 compute per hour is above $0.67 on Jul 31, 2026, then the market resolves to Yes."
KXA100MON,A100 Monthly Price,KXA100MON-26JUL31-0.620,Will the A100 SXM4 compute per hour price be above $0.62 on Jul 31?,finalized,0.0000,1.0000,0.9900,0.9900,69.00,0.00,67.00,0.0000,0.62,2026-07-02T00:00:00Z,2026-08-01T03:59:59Z,2026-07-01T09:00:33.488728Z,2026-08-03T19:40:40.944358Z,KXA100MON-26JUL31,"If the value of A100 SXM4 compute per hour is above $0.62 on Jul 31, 2026, then the market resolves to Yes."
KXA100MON,A100 Monthly Price,KXA100MON-26JUL31-0.570,Will the A100 SXM4 compute per hour price be above $0.57 on Jul 31?,finalized,0.0000,1.0000,0.9900,0.9900,67.01,0.00,67.01,0.0000,0.57,2026-07-02T00:00:00Z,2026-08-01T03:59:59Z,2026-07-01T09:00:33.488728Z,2026-08-03T19:40:40.944358Z,KXA100MON-26JUL31,"If the value of A100 SXM4 compute per hour is above $0.57 on Jul 31, 2026, then the market resolves to Yes."
KXA100MON,A100 Monthly Price,KXA100MON-26JUL31-0.520,Will the A100 SXM4 compute per hour price be above $0.52 on Jul 31?,finalized,0.0000,1.0000,0.9900,0.9900,40.01,0.00,40.01,0.0000,0.52,2026-07-02T00:00:00Z,2026-08-01T03:59:59Z,2026-07-01T09:00:33.488728Z,2026-08-03T19:40:40.944358Z,KXA100MON-26JUL31,"If the value of A100 SXM4 compute per hour is above $0.52 on Jul 31, 2026, then the market resolves to Yes."
KXA100MON,A100 Monthly Price,KXA100MON-26APR22-1.150,Will the test compute per hour price be above $1.15 on Apr 22?,closed,0.0000,0.0000,0.0000,0.0000,0.00,0.00,0.00,0.0000,1.15,2026-04-09T08:00:00Z,2026-04-22T14:00:00Z,2026-04-09T07:51:53.102782Z,2026-04-22T14:00:01.387409Z,KXA100MON-26APR22,"If the value of test compute per hour is above $1.15 on Apr 22, 2026, then the market resolves to Yes."
KXA100MON,A100 Monthly Price,KXA100MON-26APR22-1.140,Will the test compute per hour price be above $1.14 on Apr 22?,closed,0.0000,0.0000,0.0000,0.0000,0.00,0.00,0.00,0.0000,1.14,2026-04-09T08:00:00Z,2026-04-22T14:00:00Z,2026-04-09T07:51:53.102782Z,2026-04-22T14:00:01.387409Z,KXA100MON-26APR22,"If the value of test compute per hour is above $1.14 on Apr 22, 2026, then the market resolves to Yes."
KXA100MON,A100 Monthly Price,KXA100MON-26APR22-1.130,Will the test compute per hour price be above $1.13 on Apr 22?,closed,0.0000,0.0000,0.0000,0.0000,0.00,0.00,0.00,0.0000,1.13,2026-04-09T08:00:00Z,2026-04-22T14:00:00Z,2026-04-09T07:51:53.102782Z,2026-04-22T14:00:01.387409Z,KXA100MON-26APR22,"If the value of test compute per hour is above $1.13 on Apr 22, 2026, then the market resolves to Yes."
KXA100MON,A100 Monthly Price,KXA100MON-26APR22-1.120,Will the test compute per hour price be above $1.12 on Apr 22?,closed,0.0000,0.0000,0.0000,0.0000,0.00,0.00,0.00,0.0000,1.12,2026-04-09T08:00:00Z,2026-04-22T14:00:00Z,2026-04-09T07:51:53.102782Z,2026-04-22T14:00:01.387409Z,KXA100MON-26APR22,"If the value of test compute per hour is above $1.12 on Apr 22, 2026, then the market resolves to Yes."
KXA100MON,A100 Monthly Price,KXA100MON-26APR22-1.110,Will the test compute per hour price be above $1.11 on Apr 22?,closed,0.0000,0.0000,0.0000,0.0000,0.00,0.00,0.00,0.0000,1.11,2026-04-09T08:00:00Z,2026-04-22T14:00:00Z,2026-04-09T07:51:53.102782Z,2026-04-22T14:00:01.387409Z,KXA100MON-26APR22,"If the value of test compute per hour is above $1.11 on Apr 22, 2026, then the market resolves to Yes."
KXA100MON,A100 Monthly Price,KXA100MON-26APR22-1.100,Will the test compute per hour price be above $1.1 on Apr 22?,closed,0.0000,0.0000,0.0000,0.0000,0.00,0.00,0.00,0.0000,1.1,2026-04-09T08:00:00Z,2026-04-22T14:00:00Z,2026-04-09T07:51:53.102782Z,2026-04-22T14:00:01.387409Z,KXA100MON-26APR22,"If the value of test compute per hour is above $1.1 on Apr 22, 2026, then the market resolves to Yes."
KXA100MON,A100 Monthly Price,KXA100MON-26APR22-1.090,Will the test compute per hour price be above $1.09 on Apr 22?,closed,0.0000,0.0000,0.0000,0.0000,0.00,0.00,0.00,0.0000,1.09,2026-04-09T08:00:00Z,2026-04-22T14:00:00Z,2026-04-09T07:51:53.102782Z,2026-04-22T14:00:01.387409Z,KXA100MON-26APR22,"If the value of test compute per hour is above $1.09 on Apr 22, 2026, then the market resolves to Yes."
KXA100MON,A100 Monthly Price,KXA100MON-26APR22-1.080,Will the test compute per hour price be above $1.08 on Apr 22?,closed,0.0000,0.0000,0.0000,0.0000,0.00,0.00,0.00,0.0000,1.08,2026-04-09T08:00:00Z,2026-04-22T14:00:00Z,2026-04-09T07:51:53.102782Z,2026-04-22T14:00:01.387409Z,KXA100MON-26APR22,"If the value of test compute per hour is above $1.08 on Apr 22, 2026, then the market resolves to Yes."
KXA100MON,A100 Monthly Price,KXA100MON-26APR22-1.070,Will the test compute per hour price be above $1.07 on Apr 22?,closed,0.0000,0.0000,0.0000,0.0000,0.00,0.00,0.00,0.0000,1.07,2026-04-09T08:00:00Z,2026-04-22T14:00:00Z,2026-04-09T07:51:53.102782Z,2026-04-22T14:00:01.387409Z,KXA100MON-26APR22,"If the value of test compute per hour is above $1.07 on Apr 22, 2026, then the market resolves to Yes."
KXA100MON,A100 Monthly Price,KXA100MON-26APR22-1.060,Will the test compute per hour price be above $1.06 on Apr 22?,closed,0.0000,0.0000,0.0000,0.0000,0.00,0.00,0.00,0.0000,1.06,2026-04-09T08:00:00Z,2026-04-22T14:00:00Z,2026-04-09T07:51:53.102782Z,2026-04-22T14:00:01.387409Z,KXA100MON-26APR22,"If the value of test compute per hour is above $1.06 on Apr 22, 2026, then the market resolves to Yes."
KXA100MON,A100 Monthly Price,KXA100MON-26APR22-1.050,Will the test compute per hour price be above $1.05 on Apr 22?,closed,0.0000,0.0000,0.0000,0.0000,0.00,0.00,0.00,0.0000,1.05,2026-04-09T08:00:00Z,2026-04-22T14:00:00Z,2026-04-09T07:51:53.102782Z,2026-04-22T14:00:01.387409Z,KXA100MON-26APR22,"If the value of test compute per hour is above $1.05 on Apr 22, 2026, then the market resolves to Yes."
KXA100MON,A100 Monthly Price,KXA100MON-26APR22-1.040,Will the test compute per hour price be above $1.04 on Apr 22?,closed,0.0000,0.0000,0.0000,0.0000,0.00,0.00,0.00,0.0000,1.04,2026-04-09T08:00:00Z,2026-04-22T14:00:00Z,2026-04-09T07:51:53.102782Z,2026-04-22T14:00:01.387409Z,KXA100MON-26APR22,"If the value of test compute per hour is above $1.04 on Apr 22, 2026, then the market resolves to Yes."
KXA100MON,A100 Monthly Price,KXA100MON-26APR22-1.030,Will the test compute per hour price be above $1.03 on Apr 22?,closed,0.0000,0.0000,0.0000,0.0000,0.00,0.00,0.00,0.0000,1.03,2026-04-09T08:00:00Z,2026-04-22T14:00:00Z,2026-04-09T07:51:53.102782Z,2026-04-22T14:00:01.387409Z,KXA100MON-26APR22,"If the value of test compute per hour is above $1.03 on Apr 22, 2026, then the market resolves to Yes."
KXA100MON,A100 Monthly Price,KXA100MON-26APR22-1.020,Will the test compute per hour price be above $1.02 on Apr 22?,closed,0.0000,0.0000,0.0000,0.0000,0.00,0.00,0.00,0.0000,1.02,2026-04-09T08:00:00Z,2026-04-22T14:00:00Z,2026-04-09T07:51:53.102782Z,2026-04-22T14:00:01.387409Z,KXA100MON-26APR22,"If the value of test compute per hour is above $1.02 on Apr 22, 2026, then the market resolves to Yes."
KXA100MON,A100 Monthly Price,KXA100MON-26APR22-1.010,Will the test compute per hour price be above $1.01 on Apr 22?,closed,0.0000,0.0000,0.0000,0.0000,0.00,0.00,0.00,0.0000,1.01,2026-04-09T08:00:00Z,2026-04-22T14:00:00Z,2026-04-09T07:51:53.102782Z,2026-04-22T14:00:01.387409Z,KXA100MON-26APR22,"If the value of test compute per hour is above $1.01 on Apr 22, 2026, then the market resolves to Yes."
KXA100MON,A100 Monthly Price,KXA100MON-26APR22-1.000,Will the test compute per hour price be above $1 on Apr 22?,closed,0.0000,0.0000,0.0000,0.0000,0.00,0.00,0.00,0.0000,1.0,2026-04-09T08:00:00Z,2026-04-22T14:00:00Z,2026-04-09T07:51:53.102782Z,2026-04-22T14:00:01.387409Z,KXA100MON-26APR22,"If the value of test compute per hour is above $1 on Apr 22, 2026, then the market resolves to Yes."
KXA100MON,A100 Monthly Price,KXA100MON-26APR22-0.990,Will the test compute per hour price be above $0.99 on Apr 22?,closed,0.0000,0.0000,0.0000,0.0000,0.00,0.00,0.00,0.0000,0.99,2026-04-09T08:00:00Z,2026-04-22T14:00:00Z,2026-04-09T07:51:53.102782Z,2026-04-22T14:00:01.387409Z,KXA100MON-26APR22,"If the value of test compute per hour is above $0.99 on Apr 22, 2026, then the market resolves to Yes."
KXA100MON,A100 Monthly Price,KXA100MON-26APR22-0.980,Will the test compute per hour price be above $0.98 on Apr 22?,closed,0.0000,0.0000,0.0000,0.0000,0.00,0.00,0.00,0.0000,0.98,2026-04-09T08:00:00Z,2026-04-22T14:00:00Z,2026-04-09T07:51:53.102782Z,2026-04-22T14:00:01.387409Z,KXA100MON-26APR22,"If the value of test compute per hour is above $0.98 on Apr 22, 2026, then the market resolves to Yes."
KXA100MON,A100 Monthly Price,KXA100MON-26APR22-0.970,Will the test compute per hour price be above $0.97 on Apr 22?,closed,0.0000,0.0000,0.0000,0.0000,0.00,0.00,0.00,0.0000,0.97,2026-04-09T08:00:00Z,2026-04-22T14:00:00Z,2026-04-09T07:51:53.102782Z,2026-04-22T14:00:01.387409Z,KXA100MON-26APR22,"If the value of test compute per hour is above $0.97 on Apr 22, 2026, then the market resolves to Yes."
KXA100MON,A100 Monthly Price,KXA100MON-26APR22-0.960,Will the test compute per hour price be above $0.96 on Apr 22?,closed,0.0000,0.0000,0.0000,0.0000,0.00,0.00,0.00,0.0000,0.96,2026-04-09T08:00:00Z,2026-04-22T14:00:00Z,2026-04-09T07:51:53.102782Z,2026-04-22T14:00:01.387409Z,KXA100MON-26APR22,"If the value of test compute per hour is above $0.96 on Apr 22, 2026, then the market resolves to Yes."
KXA100MON,A100 Monthly Price,KXA100MON-26APR22-0.950,Will the test compute per hour price be above $0.95 on Apr 22?,closed,0.0000,0.0000,0.0000,0.0000,0.00,0.00,0.00,0.0000,0.95,2026-04-09T08:00:00Z,2026-04-22T14:00:00Z,2026-04-09T07:51:53.102782Z,2026-04-22T14:00:01.387409Z,KXA100MON-26APR22,"If the value of test compute per hour is above $0.95 on Apr 22, 2026, then the market resolves to Yes."
KXA100MON,A100 Monthly Price,KXA100MON-26APR22-0.940,Will the test compute per hour price be above $0.94 on Apr 22?,closed,0.0000,0.0000,0.0000,0.0000,0.00,0.00,0.00,0.0000,0.94,2026-04-09T08:00:00Z,2026-04-22T14:00:00Z,2026-04-09T07:51:53.102782Z,2026-04-22T14:00:01.387409Z,KXA100MON-26APR22,"If the value of test compute per hour is above $0.94 on Apr 22, 2026, then the market resolves to Yes."
KXA100MON,A100 Monthly Price,KXA100MON-26APR22-0.930,Will the test compute per hour price be above $0.93 on Apr 22?,closed,0.0000,0.0000,0.0000,0.0000,0.00,0.00,0.00,0.0000,0.93,2026-04-09T08:00:00Z,2026-04-22T14:00:00Z,2026-04-09T07:51:53.102782Z,2026-04-22T14:00:01.387409Z,KXA100MON-26APR22,"If the value of test compute per hour is above $0.93 on Apr 22, 2026, then the market resolves to Yes."
KXA100MON,A100 Monthly Price,KXA100MON-26APR22-0.920,Will the test compute per hour price be above $0.92 on Apr 22?,closed,0.0000,0.0000,0.0000,0.0000,0.00,0.00,0.00,0.0000,0.92,2026-04-09T08:00:00Z,2026-04-22T14:00:00Z,2026-04-09T07:51:53.102782Z,2026-04-22T14:00:01.387409Z,KXA100MON-26APR22,"If the value of test compute per hour is above $0.92 on Apr 22, 2026, then the market resolves to Yes."
KXA100MON,A100 Monthly Price,KXA100MON-26APR22-0.910,Will the test compute per hour price be above $0.91 on Apr 22?,closed,0.0000,0.0000,0.0000,0.0000,0.00,0.00,0.00,0.0000,0.91,2026-04-09T08:00:00Z,2026-04-22T14:00:00Z,2026-04-09T07:51:53.102782Z,2026-04-22T14:00:01.387409Z,KXA100MON-26APR22,"If the value of test compute per hour is above $0.91 on Apr 22, 2026, then the market resolves to Yes."
KXA100MON,A100 Monthly Price,KXA100MON-26APR22-0.900,Will the test compute per hour price be above $0.9 on Apr 22?,closed,0.0000,0.0000,0.0000,0.0000,0.00,0.00,0.00,0.0000,0.9,2026-04-09T08:00:00Z,2026-04-22T14:00:00Z,2026-04-09T07:51:53.102782Z,2026-04-22T14:00:01.387409Z,KXA100MON-26APR22,"If the value of test compute per hour is above $0.9 on Apr 22, 2026, then the market resolves to Yes."
KXA100MON,A100 Monthly Price,KXA100MON-26APR22-0.890,Will the test compute per hour price be above $0.89 on Apr 22?,closed,0.0000,0.0000,0.0000,0.0000,0.00,0.00,0.00,0.0000,0.89,2026-04-09T08:00:00Z,2026-04-22T14:00:00Z,2026-04-09T07:51:53.102782Z,2026-04-22T14:00:01.387409Z,KXA100MON-26APR22,"If the value of test compute per hour is above $0.89 on Apr 22, 2026, then the market resolves to Yes."
KXA100MON,A100 Monthly Price,KXA100MON-26APR22-0.880,Will the test compute per hour price be above $0.88 on Apr 22?,closed,0.0000,0.0000,0.0000,0.0000,0.00,0.00,0.00,0.0000,0.88,2026-04-09T08:00:00Z,2026-04-22T14:00:00Z,2026-04-09T07:51:53.102782Z,2026-04-22T14:00:01.387409Z,KXA100MON-26APR22,"If the value of test compute per hour is above $0.88 on Apr 22, 2026, then the market resolves to Yes."
KXA100MON,A100 Monthly Price,KXA100MON-26APR22-0.870,Will the test compute per hour price be above $0.87 on Apr 22?,closed,0.0000,0.0000,0.0000,0.0000,0.00,0.00,0.00,0.0000,0.87,2026-04-09T08:00:00Z,2026-04-22T14:00:00Z,2026-04-09T07:51:53.102782Z,2026-04-22T14:00:01.387409Z,KXA100MON-26APR22,"If the value of test compute per hour is above $0.87 on Apr 22, 2026, then the market resolves to Yes."
KXA100MON,A100 Monthly Price,KXA100MON-26APR22-0.860,Will the test compute per hour price be above $0.86 on Apr 22?,closed,0.0000,0.0000,0.0000,0.0000,0.00,0.00,0.00,0.0000,0.86,2026-04-09T08:00:00Z,2026-04-22T14:00:00Z,2026-04-09T07:51:53.102782Z,2026-04-22T14:00:01.387409Z,KXA100MON-26APR22,"If the value of test compute per hour is above $0.86 on Apr 22, 2026, then the market resolves to Yes."
KXA100MON,A100 Monthly Price,KXA100MON-26APR22-0.850,Will the test compute per hour price be above $0.85 on Apr 22?,closed,0.0000,0.0000,0.0000,0.0000,0.00,0.00,0.00,0.0000,0.85,2026-04-09T08:00:00Z,2026-04-22T14:00:00Z,2026-04-09T07:51:53.102782Z,2026-04-22T14:00:01.387409Z,KXA100MON-26APR22,"If the value of test compute per hour is above $0.85 on Apr 22, 2026, then the market resolves to Yes."
KXA100MON,A100 Monthly Price,KXA100MON-26APR22-0.840,Will the test compute per hour price be above $0.84 on Apr 22?,closed,0.0000,0.0000,0.0000,0.0000,0.00,0.00,0.00,0.0000,0.84,2026-04-09T08:00:00Z,2026-04-22T14:00:00Z,2026-04-09T07:51:53.102782Z,2026-04-22T14:00:01.387409Z,KXA100MON-26APR22,"If the value of test compute per hour is above $0.84 on Apr 22, 2026, then the market resolves to Yes."
KXA100MON,A100 Monthly Price,KXA100MON-26APR22-0.830,Will the test compute per hour price be above $0.83 on Apr 22?,closed,0.0000,0.0000,0.0000,0.0000,0.00,0.00,0.00,0.0000,0.83,2026-04-09T08:00:00Z,2026-04-22T14:00:00Z,2026-04-09T07:51:53.102782Z,2026-04-22T14:00:01.387409Z,KXA100MON-26APR22,"If the value of test compute per hour is above $0.83 on Apr 22, 2026, then the market resolves to Yes."
KXA100MON,A100 Monthly Price,KXA100MON-26APR22-0.820,Will the test compute per hour price be above $0.82 on Apr 22?,closed,0.0000,0.0000,0.0000,0.0000,0.00,0.00,0.00,0.0000,0.82,2026-04-09T08:00:00Z,2026-04-22T14:00:00Z,2026-04-09T07:51:53.102782Z,2026-04-22T14:00:01.387409Z,KXA100MON-26APR22,"If the value of test compute per hour is above $0.82 on Apr 22, 2026, then the market resolves to Yes."
KXA100MON,A100 Monthly Price,KXA100MON-26APR22-0.810,Will the test compute per hour price be above $0.81 on Apr 22?,closed,0.0000,0.0000,0.0000,0.0000,0.00,0.00,0.00,0.0000,0.81,2026-04-09T08:00:00Z,2026-04-22T14:00:00Z,2026-04-09T07:51:53.102782Z,2026-04-22T14:00:01.387409Z,KXA100MON-26APR22,"If the value of test compute per hour is above $0.81 on Apr 22, 2026, then the market resolves to Yes."
KXA100MON,A100 Monthly Price,KXA100MON-26APR22-0.800,Will the test compute per hour price be above $0.8 on Apr 22?,closed,0.0000,0.0000,0.0000,0.0000,0.00,0.00,0.00,0.0000,0.8,2026-04-09T08:00:00Z,2026-04-22T14:00:00Z,2026-04-09T07:51:53.102782Z,2026-04-22T14:00:01.387409Z,KXA100MON-26APR22,"If the value of test compute per hour is above $0.8 on Apr 22, 2026, then the market resolves to Yes."
KXA100MON,A100 Monthly Price,KXA100MON-26APR22-0.790,Will the test compute per hour price be above $0.79 on Apr 22?,closed,0.0000,0.0000,0.0000,0.0000,0.00,0.00,0.00,0.0000,0.79,2026-04-09T08:00:00Z,2026-04-22T14:00:00Z,2026-04-09T07:51:53.102782Z,2026-04-22T14:00:01.387409Z,KXA100MON-26APR22,"If the value of test compute per hour is above $0.79 on Apr 22, 2026, then the market resolves to Yes."
KXA100MON,A100 Monthly Price,KXA100MON-26APR22-0.780,Will the test compute per hour price be above $0.78 on Apr 22?,closed,0.0000,0.0000,0.0000,0.0000,0.00,0.00,0.00,0.0000,0.78,2026-04-09T08:00:00Z,2026-04-22T14:00:00Z,2026-04-09T07:51:53.102782Z,2026-04-22T14:00:01.387409Z,KXA100MON-26APR22,"If the value of test compute per hour is above $0.78 on Apr 22, 2026, then the market resolves to Yes."
KXA100MON,A100 Monthly Price,KXA100MON-26APR22-0.770,Will the test compute per hour price be above $0.77 on Apr 22?,closed,0.0000,0.0000,0.0000,0.0000,0.00,0.00,0.00,0.0000,0.77,2026-04-09T08:00:00Z,2026-04-22T14:00:00Z,2026-04-09T07:51:53.102782Z,2026-04-22T14:00:01.387409Z,KXA100MON-26APR22,"If the value of test compute per hour is above $0.77 on Apr 22, 2026, then the market resolves to Yes."
KXA100MON,A100 Monthly Price,KXA100MON-26APR22-0.760,Will the test compute per hour price be above $0.76 on Apr 22?,closed,0.0000,0.0000,0.0000,0.0000,0.00,0.00,0.00,0.0000,0.76,2026-04-09T08:00:00Z,2026-04-22T14:00:00Z,2026-04-09T07:51:53.102782Z,2026-04-22T14:00:01.387409Z,KXA100MON-26APR22,"If the value of test compute per hour is above $0.76 on Apr 22, 2026, then the market resolves to Yes."
KXH100W,H100 Weekly Price,KXH100W-26SEP04-2.93,H100 SXM price up in next week?,active,0.4700,0.5100,0.5200,0.6800,3810.53,1784.45,977.97,0.0000,2.93,2026-08-28T21:00:00Z,2026-09-04T21:00:00Z,2026-08-28T20:30:27.49708Z,2026-08-28T21:00:01.700393Z,KXH100W-26SEP04,"If the value of H100 SXM compute per hour is above 2.93 on Sep 4, 2026, then the market resolves to Yes."
KXH100W,H100 Weekly Price,KXH100W-26AUG28-2.88,H100 SXM price up in next week?,finalized,0.0000,1.0000,0.9900,0.9900,10408.56,0.00,1443.88,0.0000,2.88,2026-08-21T21:00:00Z,2026-08-28T21:00:00Z,2026-08-21T20:30:27.197057Z,2026-08-28T21:35:31.219969Z,KXH100W-26AUG28,"If the value of H100 SXM compute per hour is above 2.88 on Aug 28, 2026, then the market resolves to Yes."
KXH100W,H100 Weekly Price,KXH100W-26AUG21-2.79,H100 SXM price up in next week?,finalized,0.0000,1.0000,0.9800,0.9800,7704.72,0.00,3334.72,0.0000,2.79,2026-08-14T21:00:00Z,2026-08-21T21:00:00Z,2026-08-14T20:30:26.068991Z,2026-08-21T21:35:27.282788Z,KXH100W-26AUG21,"If the value of H100 SXM compute per hour is above 2.79 on Aug 21, 2026, then the market resolves to Yes."
KXH100W,H100 Weekly Price,KXH100W-26AUG14-2.68,H100 SXM price up in next week?,finalized,0.0000,1.0000,0.9900,0.9900,7611.77,0.00,2998.85,0.0000,2.68,2026-08-07T21:00:00Z,2026-08-14T21:00:00Z,2026-08-07T20:30:26.706368Z,2026-08-14T21:35:32.43175Z,KXH100W-26AUG14,"If the value of H100 SXM compute per hour is above 2.68 on Aug 14, 2026, then the market resolves to Yes."
KXH100W,H100 Weekly Price,KXH100W-26AUG07-2.76,H100 SXM price up in next week?,finalized,0.0000,1.0000,0.0200,0.0200,2883.48,0.00,1624.54,0.0000,2.76,2026-07-31T21:00:00Z,2026-08-07T21:00:00Z,2026-07-31T20:31:50.800464Z,2026-08-07T21:35:35.500898Z,KXH100W-26AUG07,"If the value of H100 SXM compute per hour is above 2.76 on Aug 7, 2026, then the market resolves to Yes."
KXH100W,H100 Weekly Price,KXH100W-26JUL31-2.73,H100 SXM price up in next week?,finalized,0.0000,1.0000,0.9900,0.9900,2150.00,0.00,978.96,0.0000,2.73,2026-07-24T21:00:00Z,2026-07-31T21:00:00Z,2026-07-24T20:30:24.391406Z,2026-07-31T21:35:30.919385Z,KXH100W-26JUL31,"If the value of H100 SXM compute per hour is above 2.73 on Jul 31, 2026, then the market resolves to Yes."
KXH100W,H100 Weekly Price,KXH100W-26JUL24-2.65,H100 SXM price up in next week?,finalized,0.0000,1.0000,0.9900,0.9900,1473.59,0.00,1122.01,0.0000,2.65,2026-07-17T21:00:00Z,2026-07-24T21:00:00Z,2026-07-17T20:30:25.706752Z,2026-07-24T21:35:35.975349Z,KXH100W-26JUL24,"If the value of H100 SXM compute per hour is above 2.65 on Jul 24, 2026, then the market resolves to Yes."
KXH100W,H100 Weekly Price,KXH100W-26JUL17-2.52,H100 SXM price up in next week?,finalized,0.0000,1.0000,0.9900,0.9900,1804.86,0.00,558.86,0.0000,2.52,2026-07-10T21:00:00Z,2026-07-17T21:00:00Z,2026-07-10T20:30:23.369716Z,2026-07-17T21:35:32.651407Z,KXH100W-26JUL17,"If the value of H100 SXM compute per hour is above 2.52 on Jul 17, 2026, then the market resolves to Yes."
KXH100W,H100 Weekly Price,KXH100W-26JUL10-2.64,H100 SXM price up in next week?,finalized,0.0000,1.0000,0.0900,0.0900,397.77,0.00,339.00,0.0000,2.64,2026-07-03T21:00:00Z,2026-07-10T21:00:00Z,2026-07-03T20:30:26.576177Z,2026-07-10T22:35:29.526623Z,KXH100W-26JUL10,"If the value of H100 SXM compute per hour is above 2.64 on Jul 10, 2026, then the market resolves to Yes."
KXH100W,H100 Weekly Price,KXH100W-26JUL03-2.44,H100 SXM price up in next week?,finalized,0.0000,1.0000,0.9900,0.9900,3630.87,0.00,1486.91,0.0000,2.44,2026-06-26T21:00:00Z,2026-07-03T21:00:00Z,2026-06-26T20:30:23.00803Z,2026-07-03T21:35:24.484298Z,KXH100W-26JUL03,"If the value of H100 SXM compute per hour is above 2.44 on Jul 3, 2026, then the market resolves to Yes."
KXH100W,H100 Weekly Price,KXH100W-26JUN26-2.4,H100 SXM price up in next week?,finalized,0.0000,1.0000,0.9900,0.9900,3861.05,0.00,983.23,0.0000,2.4,2026-06-19T21:00:00Z,2026-06-26T21:00:00Z,2026-06-19T20:30:29.822731Z,2026-06-26T21:35:23.850799Z,KXH100W-26JUN26,"If the value of H100 SXM compute per hour is above 2.4 on Jun 26, 2026, then the market resolves to Yes."
KXH200MAX,H200 Yearly Directional Price,KXH200MAX-26DEC31-6.690,Will the H200 compute per hour price be above $6.69 by Dec 31?,active,0.5400,0.5800,0.5600,0.5600,5498.49,0.00,1258.59,0.0000,6.69,2026-05-27T03:59:00Z,2027-01-01T04:59:59Z,2026-05-27T03:49:35.642556Z,2026-05-27T03:59:00.832251Z,KXH200MAX-26DEC31,"If the value of H200 compute per hour is above $6.69 by Dec 31, 2026, then the market resolves to Yes."
KXH200MAX,H200 Yearly Directional Price,KXH200MAX-26DEC31-6.390,Will the H200 compute per hour price be above $6.39 by Dec 31?,active,0.5800,0.6000,0.7500,0.7500,9233.73,0.00,1595.94,0.0000,6.39,2026-05-27T03:59:00Z,2027-01-01T04:59:59Z,2026-05-27T03:49:35.642556Z,2026-05-27T03:59:00.832251Z,KXH200MAX-26DEC31,"If the value of H200 compute per hour is above $6.39 by Dec 31, 2026, then the market resolves to Yes."
KXH200MAX,H200 Yearly Directional Price,KXH200MAX-26DEC31-6.090,Will the H200 compute per hour price be above $6.09 by Dec 31?,active,0.7500,0.7900,0.7100,0.7100,5956.22,0.00,1243.32,0.0000,6.09,2026-05-27T03:59:00Z,2027-01-01T04:59:59Z,2026-05-27T03:49:35.642556Z,2026-05-27T03:59:00.832251Z,KXH200MAX-26DEC31,"If the value of H200 compute per hour is above $6.09 by Dec 31, 2026, then the market resolves to Yes."
KXH200MAX,H200 Yearly Directional Price,KXH200MAX-26DEC31-5.790,Will the H200 compute per hour price be above $5.79 by Dec 31?,active,0.7500,0.7600,0.7700,0.7700,5751.13,0.00,1648.20,0.0000,5.79,2026-05-27T03:59:00Z,2027-01-01T04:59:59Z,2026-05-27T03:49:35.642556Z,2026-05-27T03:59:00.832251Z,KXH200MAX-26DEC31,"If the value of H200 compute per hour is above $5.79 by Dec 31, 2026, then the market resolves to Yes."
KXH200MAX,H200 Yearly Directional Price,KXH200MAX-26DEC31-5.490,Will the H200 compute per hour price be above $5.49 by Dec 31?,finalized,0.0000,1.0000,0.9900,0.9900,35389.80,0.00,27561.06,0.0000,5.49,2026-05-27T03:59:00Z,2026-08-07T18:39:56Z,2026-05-27T03:49:35.642556Z,2026-08-07T19:10:05.474217Z,KXH200MAX-26DEC31,"If the value of H200 compute per hour is above $5.49 by Dec 31, 2026, then the market resolves to Yes."
KXH200MAX,H200 Yearly Directional Price,KXH200MAX-26DEC31-5.190,Will the H200 compute per hour price be above $5.19 by Dec 31?,finalized,0.0000,1.0000,0.9700,0.9700,7005.59,0.00,2868.51,0.0000,5.19,2026-05-27T03:59:00Z,2026-07-27T21:16:54Z,2026-05-27T03:49:35.642556Z,2026-07-27T21:46:56.463093Z,KXH200MAX-26DEC31,"If the value of H200 compute per hour is above $5.19 by Dec 31, 2026, then the market resolves to Yes."
KXH200MON,H200 Monthly Price,KXH200MON-26AUG31-3.620,Will the H200 compute per hour price be above $3.62 on Aug 31?,finalized,0.0000,1.0000,0.9900,0.9900,405.00,0.00,405.00,0.0000,3.62,2026-08-03T20:32:00Z,2026-08-31T21:28:33Z,2026-08-03T20:24:17.20343Z,2026-08-31T21:58:41.175878Z,KXH200MON-26AUG31,"If the value of H200 compute per hour is above $3.62 on Aug 31, 2026, then the market resolves to Yes."
KXH200MON,H200 Monthly Price,KXH200MON-26AUG31-3.720,Will the H200 compute per hour price be above $3.72 on Aug 31?,finalized,0.0000,1.0000,0.9900,0.9900,1920.23,0.00,1509.23,0.0000,3.72,2026-08-03T20:32:00Z,2026-08-31T21:28:33Z,2026-08-03T20:24:06.94333Z,2026-08-31T21:58:41.175878Z,KXH200MON-26AUG31,"If the value of H200 compute per hour is above $3.72 on Aug 31, 2026, then the market resolves to Yes."
KXH200MON,H200 Monthly Price,KXH200MON-26AUG31-3.820,Will the H200 compute per hour price be above $3.82 on Aug 31?,finalized,0.0000,1.0000,0.9900,0.9800,265.00,5.00,260.00,0.0000,3.82,2026-08-03T20:32:00Z,2026-08-31T21:28:33Z,2026-08-03T20:23:56.669593Z,2026-08-31T21:58:41.175878Z,KXH200MON-26AUG31,"If the value of H200 compute per hour is above $3.82 on Aug 31, 2026, then the market resolves to Yes."
KXH200MON,H200 Monthly Price,KXH200MON-26AUG31-3.920,Will the H200 compute per hour price be above $3.92 on Aug 31?,finalized,0.0000,1.0000,0.9900,0.9800,702.58,5.00,677.58,0.0000,3.92,2026-08-03T20:32:00Z,2026-08-31T21:28:33Z,2026-08-03T20:23:46.40249Z,2026-08-31T21:58:41.175878Z,KXH200MON-26AUG31,"If the value of H200 compute per hour is above $3.92 on Aug 31, 2026, then the market resolves to Yes."
KXH200MON,H200 Monthly Price,KXH200MON-26AUG31-4.020,Will the H200 compute per hour price be above $4.02 on Aug 31?,finalized,0.0000,1.0000,0.9900,0.8900,1213.00,10.00,580.00,0.0000,4.02,2026-08-03T20:32:00Z,2026-08-31T21:28:33Z,2026-08-03T20:23:36.158514Z,2026-08-31T21:58:41.175878Z,KXH200MON-26AUG31,"If the value of H200 compute per hour is above $4.02 on Aug 31, 2026, then the market resolves to Yes."
KXH200MON,H200 Monthly Price,KXH200MON-26AUG31-4.120,Will the H200 compute per hour price be above $4.12 on Aug 31?,finalized,0.0000,1.0000,0.9900,0.9800,954.27,5.00,452.00,0.0000,4.12,2026-08-03T20:32:00Z,2026-08-31T21:28:33Z,2026-08-03T20:23:25.89839Z,2026-08-31T21:58:41.175878Z,KXH200MON-26AUG31,"If the value of H200 compute per hour is above $4.12 on Aug 31, 2026, then the market resolves to Yes."
KXH200MON,H200 Monthly Price,KXH200MON-26AUG31-4.220,Will the H200 compute per hour price be above $4.22 on Aug 31?,finalized,0.0000,1.0000,0.9900,0.5400,1388.00,176.00,1381.00,0.0000,4.22,2026-08-03T20:32:00Z,2026-08-31T21:28:33Z,2026-08-03T20:23:15.651982Z,2026-08-31T21:58:41.175878Z,KXH200MON-26AUG31,"If the value of H200 compute per hour is above $4.22 on Aug 31, 2026, then the market resolves to Yes."
KXH200MON,H200 Monthly Price,KXH200MON-26AUG31-4.320,Will the H200 compute per hour price be above $4.32 on Aug 31?,finalized,0.0000,1.0000,0.9900,0.6400,547.82,198.00,187.41,0.0000,4.32,2026-08-03T20:32:00Z,2026-08-31T21:28:33Z,2026-08-03T20:23:05.416475Z,2026-08-31T21:58:41.175878Z,KXH200MON-26AUG31,"If the value of H200 compute per hour is above $4.32 on Aug 31, 2026, then the market resolves to Yes."
KXH200MON,H200 Monthly Price,KXH200MON-26AUG31-4.420,Will the H200 compute per hour price be above $4.42 on Aug 31?,finalized,0.0000,1.0000,0.0100,0.6100,1612.11,497.11,535.54,0.0000,4.42,2026-08-03T20:32:00Z,2026-08-31T21:28:33Z,2026-08-03T20:22:55.143724Z,2026-08-31T21:58:41.175878Z,KXH200MON-26AUG31,"If the value of H200 compute per hour is above $4.42 on Aug 31, 2026, then the market resolves to Yes."
KXH200MON,H200 Monthly Price,KXH200MON-26AUG31-4.520,Will the H200 compute per hour price be above $4.52 on Aug 31?,finalized,0.0000,1.0000,0.5900,0.5600,2132.36,312.36,692.11,0.0000,4.52,2026-08-03T20:32:00Z,2026-08-31T21:28:33Z,2026-08-03T20:22:44.894956Z,2026-08-31T21:58:41.175878Z,KXH200MON-26AUG31,"If the value of H200 compute per hour is above $4.52 on Aug 31, 2026, then the market resolves to Yes."
KXH200MON,H200 Monthly Price,KXH200MON-26AUG31-6.520,Will the H200 compute per hour price be above $6.52 on Aug 31?,finalized,0.0000,1.0000,0.0600,0.0600,668.00,0.00,654.00,0.0000,6.52,2026-08-02T00:00:00Z,2026-08-31T21:28:33Z,2026-08-01T09:00:34.239912Z,2026-08-31T21:58:41.175878Z,KXH200MON-26AUG31,"If the value of H200 compute per hour is above $6.52 on Aug 31, 2026, then the market resolves to Yes."
KXH200MON,H200 Monthly Price,KXH200MON-26AUG31-6.420,Will the H200 compute per hour price be above $6.42 on Aug 31?,finalized,0.0000,1.0000,0.0200,0.0200,1310.15,0.00,891.06,0.0000,6.42,2026-08-02T00:00:00Z,2026-08-31T21:28:33Z,2026-08-01T09:00:34.239912Z,2026-08-31T21:58:41.175878Z,KXH200MON-26AUG31,"If the value of H200 compute per hour is above $6.42 on Aug 31, 2026, then the market resolves to Yes."
KXH200MON,H200 Monthly Price,KXH200MON-26AUG31-6.320,Will the H200 compute per hour price be above $6.32 on Aug 31?,finalized,0.0000,1.0000,0.0300,0.0300,1342.00,0.00,842.00,0.0000,6.32,2026-08-02T00:00:00Z,2026-08-31T21:28:33Z,2026-08-01T09:00:34.239912Z,2026-08-31T21:58:41.175878Z,KXH200MON-26AUG31,"If the value of H200 compute per hour is above $6.32 on Aug 31, 2026, then the market resolves to Yes."
KXH200MON,H200 Monthly Price,KXH200MON-26AUG31-6.220,Will the H200 compute per hour price be above $6.22 on Aug 31?,finalized,0.0000,1.0000,0.0300,0.0300,1798.00,0.00,959.00,0.0000,6.22,2026-08-02T00:00:00Z,2026-08-31T21:28:33Z,2026-08-01T09:00:34.239912Z,2026-08-31T21:58:41.175878Z,KXH200MON-26AUG31,"If the value of H200 compute per hour is above $6.22 on Aug 31, 2026, then the market resolves to Yes."
KXH200MON,H200 Monthly Price,KXH200MON-26AUG31-6.120,Will the H200 compute per hour price be above $6.12 on Aug 31?,finalized,0.0000,1.0000,0.0300,0.0300,893.00,0.00,454.00,0.0000,6.12,2026-08-02T00:00:00Z,2026-08-31T21:28:33Z,2026-08-01T09:00:34.239912Z,2026-08-31T21:58:41.175878Z,KXH200MON-26AUG31,"If the value of H200 compute per hour is above $6.12 on Aug 31, 2026, then the market resolves to Yes."
KXH200MON,H200 Monthly Price,KXH200MON-26AUG31-6.020,Will the H200 compute per hour price be above $6.02 on Aug 31?,finalized,0.0000,1.0000,0.0300,0.0300,1563.09,0.00,1002.09,0.0000,6.02,2026-08-02T00:00:00Z,2026-08-31T21:28:33Z,2026-08-01T09:00:34.239912Z,2026-08-31T21:58:41.175878Z,KXH200MON-26AUG31,"If the value of H200 compute per hour is above $6.02 on Aug 31, 2026, then the market resolves to Yes."
KXH200MON,H200 Monthly Price,KXH200MON-26AUG31-5.920,Will the H200 compute per hour price be above $5.92 on Aug 31?,finalized,0.0000,1.0000,0.0600,0.0600,1320.00,0.00,472.00,0.0000,5.92,2026-08-02T00:00:00Z,2026-08-31T21:28:33Z,2026-08-01T09:00:34.239912Z,2026-08-31T21:58:41.175878Z,KXH200MON-26AUG31,"If the value of H200 compute per hour is above $5.92 on Aug 31, 2026, then the market resolves to Yes."
KXH200MON,H200 Monthly Price,KXH200MON-26AUG31-5.820,Will the H200 compute per hour price be above $5.82 on Aug 31?,finalized,0.0000,1.0000,0.0600,0.0600,993.00,0.00,84.00,0.0000,5.82,2026-08-02T00:00:00Z,2026-08-31T21:28:33Z,2026-08-01T09:00:34.239912Z,2026-08-31T21:58:41.175878Z,KXH200MON-26AUG31,"If the value of H200 compute per hour is above $5.82 on Aug 31, 2026, then the market resolves to Yes."
KXH200MON,H200 Monthly Price,KXH200MON-26AUG31-5.720,Will the H200 compute per hour price be above $5.72 on Aug 31?,finalized,0.0000,1.0000,0.0700,0.0700,705.00,0.00,210.00,0.0000,5.72,2026-08-02T00:00:00Z,2026-08-31T21:28:33Z,2026-08-01T09:00:34.239912Z,2026-08-31T21:58:41.175878Z,KXH200MON-26AUG31,"If the value of H200 compute per hour is above $5.72 on Aug 31, 2026, then the market resolves to Yes."
KXH200MON,H200 Monthly Price,KXH200MON-26AUG31-5.620,Will the H200 compute per hour price be above $5.62 on Aug 31?,finalized,0.0000,1.0000,0.3900,0.3900,65.00,0.00,45.00,0.0000,5.62,2026-08-02T00:00:00Z,2026-08-31T21:28:33Z,2026-08-01T09:00:34.239912Z,2026-08-31T21:58:41.175878Z,KXH200MON-26AUG31,"If the value of H200 compute per hour is above $5.62 on Aug 31, 2026, then the market resolves to Yes."
KXH200MON,H200 Monthly Price,KXH200MON-26AUG31-5.520,Will the H200 compute per hour price be above $5.52 on Aug 31?,finalized,0.0000,1.0000,0.1400,0.1400,376.59,0.00,331.59,0.0000,5.52,2026-08-02T00:00:00Z,2026-08-31T21:28:33Z,2026-08-01T09:00:34.239912Z,2026-08-31T21:58:41.175878Z,KXH200MON-26AUG31,"If the value of H200 compute per hour is above $5.52 on Aug 31, 2026, then the market resolves to Yes."
KXH200MON,H200 Monthly Price,KXH200MON-26AUG31-5.420,Will the H200 compute per hour price be above $5.42 on Aug 31?,finalized,0.0000,1.0000,0.0600,0.0600,268.00,0.00,207.00,0.0000,5.42,2026-08-02T00:00:00Z,2026-08-31T21:28:33Z,2026-08-01T09:00:34.239912Z,2026-08-31T21:58:41.175878Z,KXH200MON-26AUG31,"If the value of H200 compute per hour is above $5.42 on Aug 31, 2026, then the market resolves to Yes."
KXH200MON,H200 Monthly Price,KXH200MON-26AUG31-5.320,Will the H200 compute per hour price be above $5.32 on Aug 31?,finalized,0.0000,1.0000,0.0700,0.0700,205.00,0.00,80.00,0.0000,5.32,2026-08-02T00:00:00Z,2026-08-31T21:28:33Z,2026-08-01T09:00:34.239912Z,2026-08-31T21:58:41.175878Z,KXH200MON-26AUG31,"If the value of H200 compute per hour is above $5.32 on Aug 31, 2026, then the market resolves to Yes."
KXH200MON,H200 Monthly Price,KXH200MON-26AUG31-5.220,Will the H200 compute per hour price be above $5.22 on Aug 31?,finalized,0.0000,1.0000,0.0900,0.0900,165.00,0.00,73.00,0.0000,5.22,2026-08-02T00:00:00Z,2026-08-31T21:28:33Z,2026-08-01T09:00:34.239912Z,2026-08-31T21:58:41.175878Z,KXH200MON-26AUG31,"If the value of H200 compute per hour is above $5.22 on Aug 31, 2026, then the market resolves to Yes."
KXH200MON,H200 Monthly Price,KXH200MON-26AUG31-5.120,Will the H200 compute per hour price be above $5.12 on Aug 31?,finalized,0.0000,1.0000,0.0700,0.4900,81.11,11.11,46.11,0.0000,5.12,2026-08-02T00:00:00Z,2026-08-31T21:28:33Z,2026-08-01T09:00:34.239912Z,2026-08-31T21:58:41.175878Z,KXH200MON-26AUG31,"If the value of H200 compute per hour is above $5.12 on Aug 31, 2026, then the market resolves to Yes."
KXH200MON,H200 Monthly Price,KXH200MON-26AUG31-5.020,Will the H200 compute per hour price be above $5.02 on Aug 31?,finalized,0.0000,1.0000,0.0400,0.0400,1139.00,0.00,161.00,0.0000,5.02,2026-08-02T00:00:00Z,2026-08-31T21:28:33Z,2026-08-01T09:00:34.239912Z,2026-08-31T21:58:41.175878Z,KXH200MON-26AUG31,"If the value of H200 compute per hour is above $5.02 on Aug 31, 2026, then the market resolves to Yes."
KXH200MON,H200 Monthly Price,KXH200MON-26AUG31-4.920,Will the H200 compute per hour price be above $4.92 on Aug 31?,finalized,0.0000,1.0000,0.0200,0.0200,429.00,0.00,80.00,0.0000,4.92,2026-08-02T00:00:00Z,2026-08-31T21:28:33Z,2026-08-01T09:00:34.239912Z,2026-08-31T21:58:41.175878Z,KXH200MON-26AUG31,"If the value of H200 compute per hour is above $4.92 on Aug 31, 2026, then the market resolves to Yes."
KXH200MON,H200 Monthly Price,KXH200MON-26AUG31-4.820,Will the H200 compute per hour price be above $4.82 on Aug 31?,finalized,0.0000,1.0000,0.0100,0.0300,643.54,151.00,513.54,0.0000,4.82,2026-08-02T00:00:00Z,2026-08-31T21:28:33Z,2026-08-01T09:00:34.239912Z,2026-08-31T21:58:41.175878Z,KXH200MON-26AUG31,"If the value of H200 compute per hour is above $4.82 on Aug 31, 2026, then the market resolves to Yes."
KXH200MON,H200 Monthly Price,KXH200MON-26AUG31-4.720,Will the H200 compute per hour price be above $4.72 on Aug 31?,finalized,0.0000,1.0000,0.0100,0.0400,475.75,261.31,320.47,0.0000,4.72,2026-08-02T00:00:00Z,2026-08-31T21:28:33Z,2026-08-01T09:00:34.239912Z,2026-08-31T21:58:41.175878Z,KXH200MON-26AUG31,"If the value of H200 compute per hour is above $4.72 on Aug 31, 2026, then the market resolves to Yes."
KXH200MON,H200 Monthly Price,KXH200MON-26AUG31-4.620,Will the H200 compute per hour price be above $4.62 on Aug 31?,finalized,0.0000,1.0000,0.0100,0.6200,834.80,459.46,447.85,0.0000,4.62,2026-08-02T00:00:00Z,2026-08-31T21:28:33Z,2026-08-01T09:00:34.239912Z,2026-08-31T21:58:41.175878Z,KXH200MON-26AUG31,"If the value of H200 compute per hour is above $4.62 on Aug 31, 2026, then the market resolves to Yes."
KXH200MON,H200 Monthly Price,KXH200MON-26JUL31-7.550,Will the H200 compute per hour price be above $7.55 on Jul 31?,finalized,0.0000,1.0000,0.0000,0.0000,0.00,0.00,0.00,0.0000,7.55,2026-08-01T03:00:00Z,2026-08-01T03:59:59Z,2026-08-01T02:52:28.669261Z,2026-08-03T19:40:40.944358Z,KXH200MON-26JUL31,"If the value of H200 compute per hour is above $7.55 on Jul 31, 2026, then the market resolves to Yes."
KXH200MON,H200 Monthly Price,KXH200MON-26JUL31-7.450,Will the H200 compute per hour price be above $7.45 on Jul 31?,finalized,0.0000,1.0000,0.0000,0.0000,0.00,0.00,0.00,0.0000,7.45,2026-08-01T03:00:00Z,2026-08-01T03:59:59Z,2026-08-01T02:52:18.340334Z,2026-08-03T19:40:40.944358Z,KXH200MON-26JUL31,"If the value of H200 compute per hour is above $7.45 on Jul 31, 2026, then the market resolves to Yes."
KXH200MON,H200 Monthly Price,KXH200MON-26JUL31-7.350,Will the H200 compute per hour price be above $7.35 on Jul 31?,finalized,0.0000,1.0000,0.0000,0.0000,0.00,0.00,0.00,0.0000,7.35,2026-08-01T03:00:00Z,2026-08-01T03:59:59Z,2026-08-01T02:52:08.003905Z,2026-08-03T19:40:40.944358Z,KXH200MON-26JUL31,"If the value of H200 compute per hour is above $7.35 on Jul 31, 2026, then the market resolves to Yes."
KXH200MON,H200 Monthly Price,KXH200MON-26JUL31-7.250,Will the H200 compute per hour price be above $7.25 on Jul 31?,finalized,0.0000,1.0000,0.0000,0.0000,0.00,0.00,0.00,0.0000,7.25,2026-08-01T03:00:00Z,2026-08-01T03:59:59Z,2026-08-01T02:51:57.710098Z,2026-08-03T19:40:40.944358Z,KXH200MON-26JUL31,"If the value of H200 compute per hour is above $7.25 on Jul 31, 2026, then the market resolves to Yes."
KXH200MON,H200 Monthly Price,KXH200MON-26JUL31-7.150,Will the H200 compute per hour price be above $7.15 on Jul 31?,finalized,0.0000,1.0000,0.0000,0.0000,0.00,0.00,0.00,0.0000,7.15,2026-08-01T03:00:00Z,2026-08-01T03:59:59Z,2026-08-01T02:51:47.424183Z,2026-08-03T19:40:40.944358Z,KXH200MON-26JUL31,"If the value of H200 compute per hour is above $7.15 on Jul 31, 2026, then the market resolves to Yes."
KXH200MON,H200 Monthly Price,KXH200MON-26JUL31-7.050,Will the H200 compute per hour price be above $7.05 on Jul 31?,finalized,0.0000,1.0000,0.0000,0.0000,0.00,0.00,0.00,0.0000,7.05,2026-08-01T03:00:00Z,2026-08-01T03:59:59Z,2026-08-01T02:51:37.129609Z,2026-08-03T19:40:40.944358Z,KXH200MON-26JUL31,"If the value of H200 compute per hour is above $7.05 on Jul 31, 2026, then the market resolves to Yes."
KXH200MON,H200 Monthly Price,KXH200MON-26JUL31-6.950,Will the H200 compute per hour price be above $6.95 on Jul 31?,finalized,0.0000,1.0000,0.0000,0.0000,0.00,0.00,0.00,0.0000,6.95,2026-08-01T03:00:00Z,2026-08-01T03:59:59Z,2026-08-01T02:51:26.857763Z,2026-08-03T19:40:40.944358Z,KXH200MON-26JUL31,"If the value of H200 compute per hour is above $6.95 on Jul 31, 2026, then the market resolves to Yes."
KXH200MON,H200 Monthly Price,KXH200MON-26JUL31-6.850,Will the H200 compute per hour price be above $6.85 on Jul 31?,finalized,0.0000,1.0000,0.0000,0.0000,0.00,0.00,0.00,0.0000,6.85,2026-08-01T03:00:00Z,2026-08-01T03:59:59Z,2026-08-01T02:51:16.561228Z,2026-08-03T19:40:40.944358Z,KXH200MON-26JUL31,"If the value of H200 compute per hour is above $6.85 on Jul 31, 2026, then the market resolves to Yes."
KXH200MON,H200 Monthly Price,KXH200MON-26JUL31-6.750,Will the H200 compute per hour price be above $6.75 on Jul 31?,finalized,0.0000,1.0000,0.0000,0.0000,0.00,0.00,0.00,0.0000,6.75,2026-08-01T03:00:00Z,2026-08-01T03:59:59Z,2026-08-01T02:51:06.266462Z,2026-08-03T19:40:40.944358Z,KXH200MON-26JUL31,"If the value of H200 compute per hour is above $6.75 on Jul 31, 2026, then the market resolves to Yes."
KXH200MON,H200 Monthly Price,KXH200MON-26JUL31-6.650,Will the H200 compute per hour price be above $6.65 on Jul 31?,finalized,0.0000,1.0000,0.0000,0.0000,0.00,0.00,0.00,0.0000,6.65,2026-08-01T03:00:00Z,2026-08-01T03:59:59Z,2026-08-01T02:50:55.979328Z,2026-08-03T19:40:40.944358Z,KXH200MON-26JUL31,"If the value of H200 compute per hour is above $6.65 on Jul 31, 2026, then the market resolves to Yes."
KXH200MON,H200 Monthly Price,KXH200MON-26JUL31-6.550,Will the H200 compute per hour price be above $6.55 on Jul 31?,finalized,0.0000,1.0000,0.8600,0.8600,11.00,0.00,10.00,0.0000,6.55,2026-07-31T17:32:00Z,2026-08-01T03:59:59Z,2026-07-31T17:24:14.80086Z,2026-08-03T19:40:40.944358Z,KXH200MON-26JUL31,"If the value of H200 compute per hour is above $6.55 on Jul 31, 2026, then the market resolves to Yes."
KXH200MON,H200 Monthly Price,KXH200MON-26JUL31-6.450,Will the H200 compute per hour price be above $6.45 on Jul 31?,finalized,0.0000,1.0000,0.8600,0.8600,11.00,0.00,10.00,0.0000,6.45,2026-07-31T17:32:00Z,2026-08-01T03:59:59Z,2026-07-31T17:24:04.498562Z,2026-08-03T19:40:40.944358Z,KXH200MON-26JUL31,"If the value of H200 compute per hour is above $6.45 on Jul 31, 2026, then the market resolves to Yes."
KXH200MON,H200 Monthly Price,KXH200MON-26JUL31-6.350,Will the H200 compute per hour price be above $6.35 on Jul 31?,finalized,0.0000,1.0000,0.8600,0.8600,11.00,0.00,10.00,0.0000,6.35,2026-07-31T17:32:00Z,2026-08-01T03:59:59Z,2026-07-31T17:23:54.179124Z,2026-08-03T19:40:40.944358Z,KXH200MON-26JUL31,"If the value of H200 compute per hour is above $6.35 on Jul 31, 2026, then the market resolves to Yes."
KXH200MON,H200 Monthly Price,KXH200MON-26JUL31-6.250,Will the H200 compute per hour price be above $6.25 on Jul 31?,finalized,0.0000,1.0000,0.8400,0.8400,11.00,0.00,10.00,0.0000,6.25,2026-07-31T17:32:00Z,2026-08-01T03:59:59Z,2026-07-31T17:23:43.918055Z,2026-08-03T19:40:40.944358Z,KXH200MON-26JUL31,"If the value of H200 compute per hour is above $6.25 on Jul 31, 2026, then the market resolves to Yes."
KXH200MON,H200 Monthly Price,KXH200MON-26JUL31-6.150,Will the H200 compute per hour price be above $6.15 on Jul 31?,finalized,0.0000,1.0000,0.8400,0.8400,11.00,0.00,10.00,0.0000,6.15,2026-07-31T17:32:00Z,2026-08-01T03:59:59Z,2026-07-31T17:23:33.644847Z,2026-08-03T19:40:40.944358Z,KXH200MON-26JUL31,"If the value of H200 compute per hour is above $6.15 on Jul 31, 2026, then the market resolves to Yes."
KXH200MON,H200 Monthly Price,KXH200MON-26JUL31-6.050,Will the H200 compute per hour price be above $6.05 on Jul 31?,finalized,0.0000,1.0000,0.8400,0.8400,11.00,0.00,10.00,0.0000,6.05,2026-07-31T17:32:00Z,2026-08-01T03:59:59Z,2026-07-31T17:23:23.384027Z,2026-08-03T19:40:40.944358Z,KXH200MON-26JUL31,"If the value of H200 compute per hour is above $6.05 on Jul 31, 2026, then the market resolves to Yes."
KXH200MON,H200 Monthly Price,KXH200MON-26JUL31-5.950,Will the H200 compute per hour price be above $5.95 on Jul 31?,finalized,0.0000,1.0000,0.8400,0.8400,11.00,0.00,10.00,0.0000,5.95,2026-07-31T17:32:00Z,2026-08-01T03:59:59Z,2026-07-31T17:23:13.109111Z,2026-08-03T19:40:40.944358Z,KXH200MON-26JUL31,"If the value of H200 compute per hour is above $5.95 on Jul 31, 2026, then the market resolves to Yes."
KXH200MON,H200 Monthly Price,KXH200MON-26JUL31-5.850,Will the H200 compute per hour price be above $5.85 on Jul 31?,finalized,0.0000,1.0000,0.0100,0.0100,10.00,0.00,10.00,0.0000,5.85,2026-07-31T17:32:00Z,2026-08-01T03:59:59Z,2026-07-31T17:23:02.85715Z,2026-08-03T19:40:40.944358Z,KXH200MON-26JUL31,"If the value of H200 compute per hour is above $5.85 on Jul 31, 2026, then the market resolves to Yes."
KXH200MON,H200 Monthly Price,KXH200MON-26JUL31-5.750,Will the H200 compute per hour price be above $5.75 on Jul 31?,finalized,0.0000,1.0000,0.0100,0.0100,10.00,0.00,10.00,0.0000,5.75,2026-07-31T17:32:00Z,2026-08-01T03:59:59Z,2026-07-31T17:22:52.58858Z,2026-08-03T19:40:40.944358Z,KXH200MON-26JUL31,"If the value of H200 compute per hour is above $5.75 on Jul 31, 2026, then the market resolves to Yes."
KXH200MON,H200 Monthly Price,KXH200MON-26JUL31-5.650,Will the H200 compute per hour price be above $5.65 on Jul 31?,finalized,0.0000,1.0000,0.0100,0.0100,10.00,0.00,10.00,0.0000,5.65,2026-07-31T17:32:00Z,2026-08-01T03:59:59Z,2026-07-31T17:22:42.324201Z,2026-08-03T19:40:40.944358Z,KXH200MON-26JUL31,"If the value of H200 compute per hour is above $5.65 on Jul 31, 2026, then the market resolves to Yes."
KXH200MON,H200 Monthly Price,KXH200MON-26JUL31-5.550,Will the H200 compute per hour price be above $5.55 on Jul 31?,finalized,0.0000,1.0000,0.9100,0.9100,733.88,0.00,281.88,0.0000,5.55,2026-07-16T22:10:00Z,2026-08-01T03:59:59Z,2026-07-16T22:02:19.197446Z,2026-08-03T19:40:40.944358Z,KXH200MON-26JUL31,"If the value of H200 compute per hour is above $5.55 on Jul 31, 2026, then the market resolves to Yes."
KXH200MON,H200 Monthly Price,KXH200MON-26JUL31-5.450,Will the H200 compute per hour price be above $5.45 on Jul 31?,finalized,0.0000,1.0000,0.9900,0.9900,804.82,0.00,730.66,0.0000,5.45,2026-07-16T22:10:00Z,2026-08-01T03:59:59Z,2026-07-16T22:02:08.870158Z,2026-08-03T19:40:40.944358Z,KXH200MON-26JUL31,"If the value of H200 compute per hour is above $5.45 on Jul 31, 2026, then the market resolves to Yes."
KXH200MON,H200 Monthly Price,KXH200MON-26JUL31-5.350,Will the H200 compute per hour price be above $5.35 on Jul 31?,finalized,0.0000,1.0000,0.9400,0.9400,1297.65,0.00,902.34,0.0000,5.35,2026-07-16T22:10:00Z,2026-08-01T03:59:59Z,2026-07-16T22:01:58.535246Z,2026-08-03T19:40:40.944358Z,KXH200MON-26JUL31,"If the value of H200 compute per hour is above $5.35 on Jul 31, 2026, then the market resolves to Yes."
KXH200MON,H200 Monthly Price,KXH200MON-26JUL31-5.250,Will the H200 compute per hour price be above $5.25 on Jul 31?,finalized,0.0000,1.0000,0.8400,0.8400,883.85,0.00,451.42,0.0000,5.25,2026-07-16T22:10:00Z,2026-08-01T03:59:59Z,2026-07-16T22:01:48.16639Z,2026-08-03T19:40:40.944358Z,KXH200MON-26JUL31,"If the value of H200 compute per hour is above $5.25 on Jul 31, 2026, then the market resolves to Yes."
KXH200MON,H200 Monthly Price,KXH200MON-26JUL31-5.150,Will the H200 compute per hour price be above $5.15 on Jul 31?,finalized,0.0000,1.0000,0.9900,0.9900,682.91,0.00,442.41,0.0000,5.15,2026-07-16T22:10:00Z,2026-08-01T03:59:59Z,2026-07-16T22:01:37.865703Z,2026-08-03T19:40:40.944358Z,KXH200MON-26JUL31,"If the value of H200 compute per hour is above $5.15 on Jul 31, 2026, then the market resolves to Yes."
KXH200MON,H200 Monthly Price,KXH200MON-26JUL31-5.050,Will the H200 compute per hour price be above $5.05 on Jul 31?,finalized,0.0000,1.0000,0.9900,0.9900,1405.00,0.00,922.14,0.0000,5.05,2026-07-16T22:10:00Z,2026-08-01T03:59:59Z,2026-07-16T22:01:27.54356Z,2026-08-03T19:40:40.944358Z,KXH200MON-26JUL31,"If the value of H200 compute per hour is above $5.05 on Jul 31, 2026, then the market resolves to Yes."
KXH200MON,H200 Monthly Price,KXH200MON-26JUL31-4.950,Will the H200 compute per hour price be above $4.95 on Jul 31?,finalized,0.0000,1.0000,0.9900,0.9900,2153.12,0.00,771.91,0.0000,4.95,2026-07-16T22:10:00Z,2026-08-01T03:59:59Z,2026-07-16T22:01:17.199561Z,2026-08-03T19:40:40.944358Z,KXH200MON-26JUL31,"If the value of H200 compute per hour is above $4.95 on Jul 31, 2026, then the market resolves to Yes."
KXH200MON,H200 Monthly Price,KXH200MON-26JUL31-4.850,Will the H200 compute per hour price be above $4.85 on Jul 31?,finalized,0.0000,1.0000,0.9900,0.9900,890.60,0.00,649.60,0.0000,4.85,2026-07-16T22:10:00Z,2026-08-01T03:59:59Z,2026-07-16T22:01:06.888548Z,2026-08-03T19:40:40.944358Z,KXH200MON-26JUL31,"If the value of H200 compute per hour is above $4.85 on Jul 31, 2026, then the market resolves to Yes."
KXH200MON,H200 Monthly Price,KXH200MON-26JUL31-4.750,Will the H200 compute per hour price be above $4.75 on Jul 31?,finalized,0.0000,1.0000,0.9900,0.9900,1046.46,0.00,322.80,0.0000,4.75,2026-07-16T22:10:00Z,2026-08-01T03:59:59Z,2026-07-16T22:00:56.562902Z,2026-08-03T19:40:40.944358Z,KXH200MON-26JUL31,"If the value of H200 compute per hour is above $4.75 on Jul 31, 2026, then the market resolves to Yes."
KXH200MON,H200 Monthly Price,KXH200MON-26JUL31-4.650,Will the H200 compute per hour price be above $4.65 on Jul 31?,finalized,0.0000,1.0000,0.9900,0.9900,473.00,0.00,336.00,0.0000,4.65,2026-07-16T22:10:00Z,2026-08-01T03:59:59Z,2026-07-16T22:00:46.254873Z,2026-08-03T19:40:40.944358Z,KXH200MON-26JUL31,"If the value of H200 compute per hour is above $4.65 on Jul 31, 2026, then the market resolves to Yes."
KXH200MON,H200 Monthly Price,KXH200MON-26JUL31-4.550,Will the H200 compute per hour price be above $4.55 on Jul 31?,finalized,0.0000,1.0000,0.9900,0.9900,1620.88,0.00,933.92,0.0000,4.55,2026-07-02T00:00:00Z,2026-08-01T03:59:59Z,2026-07-01T09:00:32.569832Z,2026-08-03T19:40:40.944358Z,KXH200MON-26JUL31,"If the value of H200 compute per hour is above $4.55 on Jul 31, 2026, then the market resolves to Yes."
KXH200MON,H200 Monthly Price,KXH200MON-26JUL31-4.450,Will the H200 compute per hour price be above $4.45 on Jul 31?,finalized,0.0000,1.0000,0.9900,0.9900,126.19,0.00,65.18,0.0000,4.45,2026-07-02T00:00:00Z,2026-08-01T03:59:59Z,2026-07-01T09:00:32.569832Z,2026-08-03T19:40:40.944358Z,KXH200MON-26JUL31,"If the value of H200 compute per hour is above $4.45 on Jul 31, 2026, then the market resolves to Yes."
KXH200MON,H200 Monthly Price,KXH200MON-26JUL31-4.350,Will the H200 compute per hour price be above $4.35 on Jul 31?,finalized,0.0000,1.0000,0.9900,0.9900,352.06,0.00,311.03,0.0000,4.35,2026-07-02T00:00:00Z,2026-08-01T03:59:59Z,2026-07-01T09:00:32.569832Z,2026-08-03T19:40:40.944358Z,KXH200MON-26JUL31,"If the value of H200 compute per hour is above $4.35 on Jul 31, 2026, then the market resolves to Yes."
KXH200MON,H200 Monthly Price,KXH200MON-26JUL31-4.250,Will the H200 compute per hour price be above $4.25 on Jul 31?,finalized,0.0000,1.0000,0.9900,0.9900,389.52,0.00,265.56,0.0000,4.25,2026-07-02T00:00:00Z,2026-08-01T03:59:59Z,2026-07-01T09:00:32.569832Z,2026-08-03T19:40:40.944358Z,KXH200MON-26JUL31,"If the value of H200 compute per hour is above $4.25 on Jul 31, 2026, then the market resolves to Yes."
KXH200MON,H200 Monthly Price,KXH200MON-26JUL31-4.150,Will the H200 compute per hour price be above $4.15 on Jul 31?,finalized,0.0000,1.0000,0.9900,0.9900,568.60,0.00,383.48,0.0000,4.15,2026-07-02T00:00:00Z,2026-08-01T03:59:59Z,2026-07-01T09:00:32.569832Z,2026-08-03T19:40:40.944358Z,KXH200MON-26JUL31,"If the value of H200 compute per hour is above $4.15 on Jul 31, 2026, then the market resolves to Yes."
KXH200MON,H200 Monthly Price,KXH200MON-26JUL31-4.050,Will the H200 compute per hour price be above $4.05 on Jul 31?,finalized,0.0000,1.0000,0.9900,0.9900,1301.13,0.00,702.04,0.0000,4.05,2026-07-02T00:00:00Z,2026-08-01T03:59:59Z,2026-07-01T09:00:32.569832Z,2026-08-03T19:40:40.944358Z,KXH200MON-26JUL31,"If the value of H200 compute per hour is above $4.05 on Jul 31, 2026, then the market resolves to Yes."
KXH200MON,H200 Monthly Price,KXH200MON-26JUL31-3.950,Will the H200 compute per hour price be above $3.95 on Jul 31?,finalized,0.0000,1.0000,0.9900,0.9900,2528.79,0.00,1109.17,0.0000,3.95,2026-07-02T00:00:00Z,2026-08-01T03:59:59Z,2026-07-01T09:00:32.569832Z,2026-08-03T19:40:40.944358Z,KXH200MON-26JUL31,"If the value of H200 compute per hour is above $3.95 on Jul 31, 2026, then the market resolves to Yes."
KXH200MON,H200 Monthly Price,KXH200MON-26JUL31-3.850,Will the H200 compute per hour price be above $3.85 on Jul 31?,finalized,0.0000,1.0000,0.9900,0.9900,1084.41,0.00,828.86,0.0000,3.85,2026-07-02T00:00:00Z,2026-08-01T03:59:59Z,2026-07-01T09:00:32.569832Z,2026-08-03T19:40:40.944358Z,KXH200MON-26JUL31,"If the value of H200 compute per hour is above $3.85 on Jul 31, 2026, then the market resolves to Yes."
KXH200MON,H200 Monthly Price,KXH200MON-26JUL31-3.750,Will the H200 compute per hour price be above $3.75 on Jul 31?,finalized,0.0000,1.0000,0.9900,0.9900,805.39,0.00,665.38,0.0000,3.75,2026-07-02T00:00:00Z,2026-08-01T03:59:59Z,2026-07-01T09:00:32.569832Z,2026-08-03T19:40:40.944358Z,KXH200MON-26JUL31,"If the value of H200 compute per hour is above $3.75 on Jul 31, 2026, then the market resolves to Yes."
KXH200MON,H200 Monthly Price,KXH200MON-26JUL31-3.650,Will the H200 compute per hour price be above $3.65 on Jul 31?,finalized,0.0000,1.0000,0.9900,0.9900,1140.95,0.00,897.22,0.0000,3.65,2026-07-02T00:00:00Z,2026-08-01T03:59:59Z,2026-07-01T09:00:32.569832Z,2026-08-03T19:40:40.944358Z,KXH200MON-26JUL31,"If the value of H200 compute per hour is above $3.65 on Jul 31, 2026, then the market resolves to Yes."
KXH200MON,H200 Monthly Price,KXH200MON-26JUL31-3.550,Will the H200 compute per hour price be above $3.55 on Jul 31?,finalized,0.0000,1.0000,0.9900,0.9900,1035.62,0.00,682.60,0.0000,3.55,2026-07-02T00:00:00Z,2026-08-01T03:59:59Z,2026-07-01T09:00:32.569832Z,2026-08-03T19:40:40.944358Z,KXH200MON-26JUL31,"If the value of H200 compute per hour is above $3.55 on Jul 31, 2026, then the market resolves to Yes."
KXH200MON,H200 Monthly Price,KXH200MON-26JUL31-3.450,Will the H200 compute per hour price be above $3.45 on Jul 31?,finalized,0.0000,1.0000,0.9900,0.9900,1386.95,0.00,813.93,0.0000,3.45,2026-07-02T00:00:00Z,2026-08-01T03:59:59Z,2026-07-01T09:00:32.569832Z,2026-08-03T19:40:40.944358Z,KXH200MON-26JUL31,"If the value of H200 compute per hour is above $3.45 on Jul 31, 2026, then the market resolves to Yes."
KXH200MON,H200 Monthly Price,KXH200MON-26JUL31-3.350,Will the H200 compute per hour price be above $3.35 on Jul 31?,finalized,0.0000,1.0000,0.9900,0.9900,1629.59,0.00,924.53,0.0000,3.35,2026-07-02T00:00:00Z,2026-08-01T03:59:59Z,2026-07-01T09:00:32.569832Z,2026-08-03T19:40:40.944358Z,KXH200MON-26JUL31,"If the value of H200 compute per hour is above $3.35 on Jul 31, 2026, then the market resolves to Yes."
KXH200MON,H200 Monthly Price,KXH200MON-26JUL31-3.250,Will the H200 compute per hour price be above $3.25 on Jul 31?,finalized,0.0000,1.0000,0.9900,0.9900,1690.00,0.00,972.00,0.0000,3.25,2026-07-02T00:00:00Z,2026-08-01T03:59:59Z,2026-07-01T09:00:32.569832Z,2026-08-03T19:40:40.944358Z,KXH200MON-26JUL31,"If the value of H200 compute per hour is above $3.25 on Jul 31, 2026, then the market resolves to Yes."
KXH200MON,H200 Monthly Price,KXH200MON-26JUL31-3.150,Will the H200 compute per hour price be above $3.15 on Jul 31?,finalized,0.0000,1.0000,0.9900,0.9900,297.00,0.00,199.00,0.0000,3.15,2026-07-02T00:00:00Z,2026-08-01T03:59:59Z,2026-07-01T09:00:32.569832Z,2026-08-03T19:40:40.944358Z,KXH200MON-26JUL31,"If the value of H200 compute per hour is above $3.15 on Jul 31, 2026, then the market resolves to Yes."
KXH200MON,H200 Monthly Price,KXH200MON-26JUL31-3.050,Will the H200 compute per hour price be above $3.05 on Jul 31?,finalized,0.0000,1.0000,0.9900,0.9900,400.00,0.00,337.00,0.0000,3.05,2026-07-02T00:00:00Z,2026-08-01T03:59:59Z,2026-07-01T09:00:32.569832Z,2026-08-03T19:40:40.944358Z,KXH200MON-26JUL31,"If the value of H200 compute per hour is above $3.05 on Jul 31, 2026, then the market resolves to Yes."
KXH200MON,H200 Monthly Price,KXH200MON-26JUL31-2.950,Will the H200 compute per hour price be above $2.95 on Jul 31?,finalized,0.0000,1.0000,0.9200,0.9200,262.00,0.00,185.00,0.0000,2.95,2026-07-02T00:00:00Z,2026-08-01T03:59:59Z,2026-07-01T09:00:32.569832Z,2026-08-03T19:40:40.944358Z,KXH200MON-26JUL31,"If the value of H200 compute per hour is above $2.95 on Jul 31, 2026, then the market resolves to Yes."
KXH200MON,H200 Monthly Price,KXH200MON-26JUL31-2.850,Will the H200 compute per hour price be above $2.85 on Jul 31?,finalized,0.0000,1.0000,0.9900,0.9900,97.00,0.00,88.99,0.0000,2.85,2026-07-02T00:00:00Z,2026-08-01T03:59:59Z,2026-07-01T09:00:32.569832Z,2026-08-03T19:40:40.944358Z,KXH200MON-26JUL31,"If the value of H200 compute per hour is above $2.85 on Jul 31, 2026, then the market resolves to Yes."
KXH200MON,H200 Monthly Price,KXH200MON-26JUL31-2.750,Will the H200 compute per hour price be above $2.75 on Jul 31?,finalized,0.0000,1.0000,0.9900,0.9900,337.01,0.00,323.01,0.0000,2.75,2026-07-02T00:00:00Z,2026-08-01T03:59:59Z,2026-07-01T09:00:32.569832Z,2026-08-03T19:40:40.944358Z,KXH200MON-26JUL31,"If the value of H200 compute per hour is above $2.75 on Jul 31, 2026, then the market resolves to Yes."
KXH200MON,H200 Monthly Price,KXH200MON-26JUL31-2.650,Will the H200 compute per hour price be above $2.65 on Jul 31?,finalized,0.0000,1.0000,0.9700,0.9700,2249.01,0.00,415.01,0.0000,2.65,2026-07-02T00:00:00Z,2026-08-01T03:59:59Z,2026-07-01T09:00:32.569832Z,2026-08-03T19:40:40.944358Z,KXH200MON-26JUL31,"If the value of H200 compute per hour is above $2.65 on Jul 31, 2026, then the market resolves to Yes."
KXH100MAX,H100 Yearly Directional Price,KXH100MAX-26DEC31-3.980,Will the H100 SXM compute per hour price be above $3.98 by Dec 31?,active,0.1900,0.2400,0.1600,0.1600,1133.00,0.00,679.00,0.0000,3.98,2026-05-27T03:59:00Z,2027-01-01T04:59:59Z,2026-05-27T03:50:25.619304Z,2026-05-27T03:59:00.832251Z,KXH100MAX-26DEC31,"If the value of H100 SXM compute per hour is above $3.98 by Dec 31, 2026, then the market resolves to Yes."
KXH100MAX,H100 Yearly Directional Price,KXH100MAX-26DEC31-3.830,Will the H100 SXM compute per hour price be above $3.83 by Dec 31?,active,0.3400,0.4100,0.1600,0.1600,1010.75,0.00,527.43,0.0000,3.83,2026-05-27T03:59:00Z,2027-01-01T04:59:59Z,2026-05-27T03:50:25.619304Z,2026-05-27T03:59:00.832251Z,KXH100MAX-26DEC31,"If the value of H100 SXM compute per hour is above $3.83 by Dec 31, 2026, then the market resolves to Yes."
KXH100MAX,H100 Yearly Directional Price,KXH100MAX-26DEC31-3.680,Will the H100 SXM compute per hour price be above $3.68 by Dec 31?,active,0.4200,0.4900,0.3600,0.3600,1592.62,0.00,749.00,0.0000,3.68,2026-05-27T03:59:00Z,2027-01-01T04:59:59Z,2026-05-27T03:50:25.619304Z,2026-05-27T03:59:00.832251Z,KXH100MAX-26DEC31,"If the value of H100 SXM compute per hour is above $3.68 by Dec 31, 2026, then the market resolves to Yes."
KXH100MAX,H100 Yearly Directional Price,KXH100MAX-26DEC31-3.530,Will the H100 SXM compute per hour price be above $3.53 by Dec 31?,active,0.5200,0.5900,0.4900,0.4900,1759.77,0.00,848.59,0.0000,3.53,2026-05-27T03:59:00Z,2027-01-01T04:59:59Z,2026-05-27T03:50:25.619304Z,2026-05-27T03:59:00.832251Z,KXH100MAX-26DEC31,"If the value of H100 SXM compute per hour is above $3.53 by Dec 31, 2026, then the market resolves to Yes."
KXH100MAX,H100 Yearly Directional Price,KXH100MAX-26DEC31-3.380,Will the H100 SXM compute per hour price be above $3.38 by Dec 31?,active,0.6800,0.7500,0.6100,0.6100,386.29,0.00,96.14,0.0000,3.38,2026-05-27T03:59:00Z,2027-01-01T04:59:59Z,2026-05-27T03:50:25.619304Z,2026-05-27T03:59:00.832251Z,KXH100MAX-26DEC31,"If the value of H100 SXM compute per hour is above $3.38 by Dec 31, 2026, then the market resolves to Yes."
KXH100MAX,H100 Yearly Directional Price,KXH100MAX-26DEC31-3.230,Will the H100 SXM compute per hour price be above $3.23 by Dec 31?,active,0.8000,0.8600,0.6100,0.6100,414.59,0.00,108.21,0.0000,3.23,2026-05-27T03:59:00Z,2027-01-01T04:59:59Z,2026-05-27T03:50:25.619304Z,2026-05-27T03:59:00.832251Z,KXH100MAX-26DEC31,"If the value of H100 SXM compute per hour is above $3.23 by Dec 31, 2026, then the market resolves to Yes."
KXH200Q,H200 Quarterly Directional Price,KXH200Q-26JUN30-5.790,Will the H200 compute per hour price be above $5.79 by Jun 30?,finalized,0.0000,1.0000,0.0100,0.0100,44949.94,0.00,21277.81,0.0000,5.79,2026-05-27T03:59:00Z,2026-07-01T03:59:59Z,2026-05-27T03:47:20.39888Z,2026-07-06T15:21:24.297565Z,KXH200Q-26JUN30,"If the value of H200 compute per hour is above $5.79 by Jun 30, 2026, then the market resolves to Yes."
KXH200Q,H200 Quarterly Directional Price,KXH200Q-26JUN30-5.590,Will the H200 compute per hour price be above $5.59 by Jun 30?,finalized,0.0000,1.0000,0.0100,0.0100,33920.06,0.00,13017.49,0.0000,5.59,2026-05-27T03:59:00Z,2026-07-01T03:59:59Z,2026-05-27T03:47:20.39888Z,2026-07-06T15:21:24.205173Z,KXH200Q-26JUN30,"If the value of H200 compute per hour is above $5.59 by Jun 30, 2026, then the market resolves to Yes."
KXH200Q,H200 Quarterly Directional Price,KXH200Q-26JUN30-5.390,Will the H200 compute per hour price be above $5.39 by Jun 30?,finalized,0.0000,1.0000,0.0100,0.0100,35624.24,0.00,22724.64,0.0000,5.39,2026-05-27T03:59:00Z,2026-07-01T03:59:59Z,2026-05-27T03:47:20.39888Z,2026-07-06T15:21:24.125495Z,KXH200Q-26JUN30,"If the value of H200 compute per hour is above $5.39 by Jun 30, 2026, then the market resolves to Yes."
KXH200Q,H200 Quarterly Directional Price,KXH200Q-26JUN30-5.190,Will the H200 compute per hour price be above $5.19 by Jun 30?,finalized,0.0000,1.0000,0.0100,0.0100,59541.33,0.00,42057.86,0.0000,5.19,2026-05-27T03:59:00Z,2026-07-01T03:59:59Z,2026-05-27T03:47:20.39888Z,2026-07-06T15:21:24.045255Z,KXH200Q-26JUN30,"If the value of H200 compute per hour is above $5.19 by Jun 30, 2026, then the market resolves to Yes."
KXH200Q,H200 Quarterly Directional Price,KXH200Q-26JUN30-4.990,Will the H200 compute per hour price be above $4.99 by Jun 30?,finalized,0.0000,1.0000,0.9900,0.9900,141888.82,0.00,78164.84,0.0000,4.99,2026-05-27T03:59:00Z,2026-06-30T14:11:56Z,2026-05-27T03:47:20.39888Z,2026-07-06T15:21:23.944715Z,KXH200Q-26JUN30,"If the value of H200 compute per hour is above $4.99 by Jun 30, 2026, then the market resolves to Yes."
KXH200Q,H200 Quarterly Directional Price,KXH200Q-26JUN30-4.790,Will the H200 compute per hour price be above $4.79 by Jun 30?,finalized,0.0000,1.0000,0.9900,0.9900,54239.22,0.00,42350.37,0.0000,4.79,2026-05-27T03:59:00Z,2026-06-30T14:11:31Z,2026-05-27T03:47:20.39888Z,2026-07-06T15:21:23.769239Z,KXH200Q-26JUN30,"If the value of H200 compute per hour is above $4.79 by Jun 30, 2026, then the market resolves to Yes."
KXH200Q,H200 Quarterly Directional Price,KXH200Q-26JUN30-4.590,Will the H200 compute per hour price be above $4.59 by Jun 30?,finalized,0.0000,1.0000,0.9900,0.9900,52430.26,0.00,41814.26,0.0000,4.59,2026-05-27T03:59:00Z,2026-06-30T14:11:14Z,2026-05-27T03:47:20.39888Z,2026-07-06T15:21:23.663876Z,KXH200Q-26JUN30,"If the value of H200 compute per hour is above $4.59 by Jun 30, 2026, then the market resolves to Yes."
KXH200Q,H200 Quarterly Directional Price,KXH200Q-26JUN30-4.390,Will the H200 compute per hour price be above $4.39 by Jun 30?,finalized,0.0000,1.0000,0.9800,0.9800,46347.72,0.00,35132.67,0.0000,4.39,2026-05-27T03:59:00Z,2026-06-30T14:10:20Z,2026-05-27T03:47:20.39888Z,2026-07-06T15:21:23.581718Z,KXH200Q-26JUN30,"If the value of H200 compute per hour is above $4.39 by Jun 30, 2026, then the market resolves to Yes."
KXH200Q,H200 Quarterly Directional Price,KXH200Q-26JUN30-4.190,Will the H200 compute per hour price be above $4.19 by Jun 30?,finalized,0.0000,1.0000,0.9700,0.9700,45894.87,0.00,35336.74,0.0000,4.19,2026-05-27T03:59:00Z,2026-06-30T14:10:05Z,2026-05-27T03:47:20.39888Z,2026-07-06T15:21:23.499212Z,KXH200Q-26JUN30,"If the value of H200 compute per hour is above $4.19 by Jun 30, 2026, then the market resolves to Yes."
KXH200Q,H200 Quarterly Directional Price,KXH200Q-26JUN30-3.990,Will the H200 compute per hour price be above $3.99 by Jun 30?,finalized,0.0000,1.0000,0.9700,0.9700,26676.11,0.00,23145.40,0.0000,3.99,2026-05-27T03:59:00Z,2026-06-30T14:09:37Z,2026-05-27T03:47:20.39888Z,2026-07-06T15:21:23.351844Z,KXH200Q-26JUN30,"If the value of H200 compute per hour is above $3.99 by Jun 30, 2026, then the market resolves to Yes."
KXH200Q,H200 Quarterly Directional Price,KXH200Q-26JUN30-3.790,Will the H200 compute per hour price be above $3.79 by Jun 30?,finalized,0.0000,1.0000,0.9700,0.9700,25801.89,0.00,19417.45,0.0000,3.79,2026-05-27T03:59:00Z,2026-06-30T14:09:11Z,2026-05-27T03:47:20.39888Z,2026-07-06T15:21:23.16205Z,KXH200Q-26JUN30,"If the value of H200 compute per hour is above $3.79 by Jun 30, 2026, then the market resolves to Yes."
KXH200Q,H200 Quarterly Directional Price,KXH200Q-26JUN30-3.590,Will the H200 compute per hour price be above $3.59 by Jun 30?,finalized,0.0000,1.0000,0.9800,0.9800,10547.04,0.00,6475.40,0.0000,3.59,2026-05-27T03:59:00Z,2026-06-30T14:08:39Z,2026-05-27T03:47:20.39888Z,2026-07-06T15:21:23.020622Z,KXH200Q-26JUN30,"If the value of H200 compute per hour is above $3.59 by Jun 30, 2026, then the market resolves to Yes."
KXH200Q,H200 Quarterly Directional Price,KXH200Q-26JUN30-3.390,Will the H200 compute per hour price be above $3.39 by Jun 30?,finalized,0.0000,1.0000,0.9900,0.9900,13073.81,0.00,8288.31,0.0000,3.39,2026-05-27T03:59:00Z,2026-06-30T14:08:08Z,2026-05-27T03:47:20.39888Z,2026-07-06T15:21:22.917367Z,KXH200Q-26JUN30,"If the value of H200 compute per hour is above $3.39 by Jun 30, 2026, then the market resolves to Yes."
KXH200Q,H200 Quarterly Directional Price,KXH200Q-26JUN30-3.190,Will the H200 compute per hour price be above $3.19 by Jun 30?,finalized,0.0000,1.0000,0.9900,0.9900,11703.31,0.00,7811.99,0.0000,3.19,2026-05-27T03:59:00Z,2026-06-30T14:07:40Z,2026-05-27T03:47:20.39888Z,2026-07-06T15:21:22.833768Z,KXH200Q-26JUN30,"If the value of H200 compute per hour is above $3.19 by Jun 30, 2026, then the market resolves to Yes."
KXH200Q,H200 Quarterly Directional Price,KXH200Q-26JUN30-2.990,Will the H200 compute per hour price be above $2.99 by Jun 30?,finalized,0.0000,1.0000,0.9900,0.9900,11296.11,0.00,6451.39,0.0000,2.99,2026-05-27T03:59:00Z,2026-06-30T14:07:19Z,2026-05-27T03:47:20.39888Z,2026-07-06T15:21:22.75006Z,KXH200Q-26JUN30,"If the value of H200 compute per hour is above $2.99 by Jun 30, 2026, then the market resolves to Yes."
KXH200Q,H200 Quarterly Directional Price,KXH200Q-26JUN30-2.790,Will the H200 compute per hour price be above $2.79 by Jun 30?,finalized,0.0000,1.0000,0.9900,0.9900,6209.00,0.00,1768.00,0.0000,2.79,2026-05-27T03:59:00Z,2026-06-30T14:06:43Z,2026-05-27T03:47:20.39888Z,2026-07-06T15:21:22.669026Z,KXH200Q-26JUN30,"If the value of H200 compute per hour is above $2.79 by Jun 30, 2026, then the market resolves to Yes."
KXH200Q,H200 Quarterly Directional Price,KXH200Q-26JUN30-2.590,Will the H200 compute per hour price be above $2.59 by Jun 30?,finalized,0.0000,1.0000,0.9900,0.9900,13640.11,0.00,4934.51,0.0000,2.59,2026-05-27T03:59:00Z,2026-06-30T14:06:27Z,2026-05-27T03:47:20.39888Z,2026-07-06T15:21:22.586129Z,KXH200Q-26JUN30,"If the value of H200 compute per hour is above $2.59 by Jun 30, 2026, then the market resolves to Yes."
KXH200Q,H200 Quarterly Directional Price,KXH200Q-26JUN30-2.390,Will the H200 compute per hour price be above $2.39 by Jun 30?,finalized,0.0000,1.0000,0.9900,0.9900,3389.46,0.00,1566.46,0.0000,2.39,2026-05-27T03:59:00Z,2026-06-30T14:06:12Z,2026-05-27T03:47:20.39888Z,2026-07-06T15:21:22.497198Z,KXH200Q-26JUN30,"If the value of H200 compute per hour is above $2.39 by Jun 30, 2026, then the market resolves to Yes."
KXH200Q,H200 Quarterly Directional Price,KXH200Q-26JUN30-2.190,Will the H200 compute per hour price be above $2.19 by Jun 30?,finalized,0.0000,1.0000,0.9900,0.9900,1805.00,0.00,1672.00,0.0000,2.19,2026-05-27T03:59:00Z,2026-06-30T14:05:50Z,2026-05-27T03:47:20.39888Z,2026-07-06T15:21:22.400849Z,KXH200Q-26JUN30,"If the value of H200 compute per hour is above $2.19 by Jun 30, 2026, then the market resolves to Yes."
KXH200Q,H200 Quarterly Directional Price,KXH200Q-26JUN30-1.990,Will the H200 compute per hour price be above $1.99 by Jun 30?,finalized,0.0000,1.0000,0.9900,0.9900,2647.33,0.00,1865.00,0.0000,1.99,2026-05-27T03:59:00Z,2026-06-30T13:55:01Z,2026-05-27T03:47:20.39888Z,2026-07-06T15:21:22.322565Z,KXH200Q-26JUN30,"If the value of H200 compute per hour is above $1.99 by Jun 30, 2026, then the market resolves to Yes."
KXNVDAA,Nvidia KPI,KXNVDAA-28JANHEAD-56000,Will NVIDIA Corporation report above 56000 total employees in 2027?,active,0.0400,0.6600,0.2800,0.1000,861.92,306.69,414.77,0.0000,56000.0,2026-06-23T22:27:00Z,2028-03-31T15:00:00Z,2026-06-23T19:20:47.170708Z,2026-08-04T18:47:36.451419Z,KXNVDAA-28JANHEAD,"If NVIDIA Corporation reports above 56000 total employees in 2027, then the market resolves to Yes."
KXNVDAA,Nvidia KPI,KXNVDAA-28JANHEAD-54000,Will NVIDIA Corporation report above 54000 total employees in 2027?,active,0.1600,0.7200,0.4800,0.4800,1367.03,0.00,859.01,0.0000,54000.0,2026-06-23T22:27:00Z,2028-03-31T15:00:00Z,2026-06-23T19:20:47.170708Z,2026-08-04T18:47:36.451419Z,KXNVDAA-28JANHEAD,"If NVIDIA Corporation reports above 54000 total employees in 2027, then the market resolves to Yes."
KXNVDAA,Nvidia KPI,KXNVDAA-28JANHEAD-52000,Will NVIDIA Corporation report above 52000 total employees in 2027?,active,0.6600,0.7000,0.7000,0.6400,7660.56,42.29,1190.28,0.0000,52000.0,2026-06-23T22:27:00Z,2028-03-31T15:00:00Z,2026-06-23T19:20:47.170708Z,2026-08-04T18:47:36.451419Z,KXNVDAA-28JANHEAD,"If NVIDIA Corporation reports above 52000 total employees in 2027, then the market resolves to Yes."
KXNVDAA,Nvidia KPI,KXNVDAA-28JANHEAD-50000,Will NVIDIA Corporation report above 50000 total employees in 2027?,active,0.4100,0.9200,0.8200,0.8000,4079.23,2.40,641.65,0.0000,50000.0,2026-06-23T22:27:00Z,2028-03-31T15:00:00Z,2026-06-23T19:20:47.170708Z,2026-08-04T18:47:36.451419Z,KXNVDAA-28JANHEAD,"If NVIDIA Corporation reports above 50000 total employees in 2027, then the market resolves to Yes."
KXNVDAA,Nvidia KPI,KXNVDAA-28JANHEAD-48000,Will NVIDIA Corporation report above 48000 total employees in 2027?,active,0.8400,0.9000,0.8800,0.8800,3747.92,0.00,679.88,0.0000,48000.0,2026-06-23T22:27:00Z,2028-03-31T15:00:00Z,2026-06-23T19:20:47.170708Z,2026-08-04T18:47:36.451419Z,KXNVDAA-28JANHEAD,"If NVIDIA Corporation reports above 48000 total employees in 2027, then the market resolves to Yes."
KXNVDAA,Nvidia KPI,KXNVDAA-28JANHEAD-46000,Will NVIDIA Corporation report above 46000 total employees in 2027?,active,0.3700,0.9800,0.0500,0.0500,6684.24,0.00,474.79,0.0000,46000.0,2026-06-23T22:27:00Z,2028-03-31T15:00:00Z,2026-06-23T19:20:47.170708Z,2026-08-04T18:47:36.451419Z,KXNVDAA-28JANHEAD,"If NVIDIA Corporation reports above 46000 total employees in 2027, then the market resolves to Yes."
KXA100W,A100 Weekly Price,KXA100W-26SEP04-1.21,A100 SXM4 price up in next week?,active,0.0500,0.0900,0.0800,0.0700,2902.47,835.41,502.47,0.0000,1.21,2026-08-28T21:00:00Z,2026-09-04T21:00:00Z,2026-08-28T20:30:28.960171Z,2026-08-28T21:00:00.902454Z,KXA100W-26SEP04,"If the value of A100 SXM4 compute per hour is above 1.21 on Sep 4, 2026, then the market resolves to Yes."
KXA100W,A100 Weekly Price,KXA100W-26AUG28-1.07,A100 SXM4 price up in next week?,finalized,0.0000,1.0000,0.9900,0.9900,5139.00,0.00,1506.00,0.0000,1.07,2026-08-21T21:00:00Z,2026-08-28T21:00:00Z,2026-08-21T20:30:28.430222Z,2026-08-28T21:35:31.219969Z,KXA100W-26AUG28,"If the value of A100 SXM4 compute per hour is above 1.07 on Aug 28, 2026, then the market resolves to Yes."
KXA100W,A100 Weekly Price,KXA100W-26AUG21-1.04,A100 SXM4 price up in next week?,finalized,0.0000,1.0000,0.9900,0.9900,8346.32,0.00,1669.23,0.0000,1.04,2026-08-14T21:00:00Z,2026-08-21T21:00:00Z,2026-08-14T20:30:27.079412Z,2026-08-21T21:35:27.282788Z,KXA100W-26AUG21,"If the value of A100 SXM4 compute per hour is above 1.04 on Aug 21, 2026, then the market resolves to Yes."
KXA100W,A100 Weekly Price,KXA100W-26AUG14-1.03,A100 SXM4 price up in next week?,finalized,0.0000,1.0000,0.9900,0.9900,9721.80,0.00,3377.82,0.0000,1.03,2026-08-07T21:00:00Z,2026-08-14T21:00:00Z,2026-08-07T20:30:27.975444Z,2026-08-14T21:35:32.43175Z,KXA100W-26AUG14,"If the value of A100 SXM4 compute per hour is above 1.03 on Aug 14, 2026, then the market resolves to Yes."
KXA100W,A100 Weekly Price,KXA100W-26AUG07-1.03,A100 SXM4 price up in next week?,finalized,0.0000,1.0000,0.0500,0.0500,5283.43,0.00,1561.75,0.0000,1.03,2026-07-31T21:00:00Z,2026-08-07T21:00:00Z,2026-07-31T20:31:51.903967Z,2026-08-07T21:35:35.500898Z,KXA100W-26AUG07,"If the value of A100 SXM4 compute per hour is above 1.03 on Aug 7, 2026, then the market resolves to Yes."
KXA100W,A100 Weekly Price,KXA100W-26JUL31-1.06,A100 SXM4 price up in next week?,finalized,0.0000,1.0000,0.1000,0.1000,1468.09,0.00,354.83,0.0000,1.06,2026-07-24T21:00:00Z,2026-07-31T21:00:00Z,2026-07-24T20:30:25.652405Z,2026-07-31T22:35:40.922381Z,KXA100W-26JUL31,"If the value of A100 SXM4 compute per hour is above 1.06 on Jul 31, 2026, then the market resolves to Yes."
KXA100W,A100 Weekly Price,KXA100W-26JUL24-1.02,A100 SXM4 price up in next week?,finalized,0.0000,1.0000,0.9900,0.9900,881.29,0.00,144.12,0.0000,1.02,2026-07-17T21:00:00Z,2026-07-24T21:00:00Z,2026-07-17T20:30:26.884575Z,2026-07-24T21:35:35.975349Z,KXA100W-26JUL24,"If the value of A100 SXM4 compute per hour is above 1.02 on Jul 24, 2026, then the market resolves to Yes."
KXA100W,A100 Weekly Price,KXA100W-26JUL17-1.01,A100 SXM4 price up in next week?,finalized,0.0000,1.0000,0.9900,0.9900,2488.10,0.00,753.60,0.0000,1.01,2026-07-10T21:00:00Z,2026-07-17T21:00:00Z,2026-07-10T20:30:24.623057Z,2026-07-17T21:35:32.651407Z,KXA100W-26JUL17,"If the value of A100 SXM4 compute per hour is above 1.01 on Jul 17, 2026, then the market resolves to Yes."
KXA100W,A100 Weekly Price,KXA100W-26JUL10-1.02,A100 SXM4 price up in next week?,finalized,0.0000,1.0000,0.0100,0.0100,463.59,0.00,363.59,0.0000,1.02,2026-07-03T21:00:00Z,2026-07-10T21:00:00Z,2026-07-03T20:30:27.952065Z,2026-07-10T21:35:30.330898Z,KXA100W-26JUL10,"If the value of A100 SXM4 compute per hour is above 1.02 on Jul 10, 2026, then the market resolves to Yes."
KXA100W,A100 Weekly Price,KXA100W-26JUL03-1.03,A100 SXM4 price up in next week?,finalized,0.0000,1.0000,0.7100,0.7100,1604.75,0.00,955.75,0.0000,1.03,2026-06-26T21:00:00Z,2026-07-03T21:00:00Z,2026-06-26T20:30:24.217251Z,2026-07-13T14:35:28.29226Z,KXA100W-26JUL03,"If the value of A100 SXM4 compute per hour is above 1.03 on Jul 3, 2026, then the market resolves to Yes."
KXA100W,A100 Weekly Price,KXA100W-26JUN26-1.06,A100 SXM4 price up in next week?,finalized,0.0000,1.0000,0.0400,0.0400,969.22,0.00,916.22,0.0000,1.06,2026-06-19T21:00:00Z,2026-06-26T21:00:00Z,2026-06-19T20:30:31.247391Z,2026-06-26T21:35:33.850567Z,KXA100W-26JUN26,"If the value of A100 SXM4 compute per hour is above 1.06 on Jun 26, 2026, then the market resolves to Yes."
KXB200MON,B200 Monthly Price,KXB200MON-26AUG31-7.310,Will the B200 compute per hour price be above $7.31 on Aug 31?,finalized,0.0000,1.0000,0.0200,0.0100,707.50,93.50,643.50,0.0000,7.31,2026-08-02T00:00:00Z,2026-08-31T21:29:57Z,2026-08-01T09:00:35.704019Z,2026-08-31T22:00:01.173764Z,KXB200MON-26AUG31,"If the value of B200 compute per hour is above $7.31 on Aug 31, 2026, then the market resolves to Yes."
KXB200MON,B200 Monthly Price,KXB200MON-26AUG31-7.210,Will the B200 compute per hour price be above $7.21 on Aug 31?,finalized,0.0000,1.0000,0.0200,0.0200,2478.91,141.91,1933.91,0.0000,7.21,2026-08-02T00:00:00Z,2026-08-31T21:29:57Z,2026-08-01T09:00:35.704019Z,2026-08-31T22:00:01.173764Z,KXB200MON-26AUG31,"If the value of B200 compute per hour is above $7.21 on Aug 31, 2026, then the market resolves to Yes."
KXB200MON,B200 Monthly Price,KXB200MON-26AUG31-7.110,Will the B200 compute per hour price be above $7.11 on Aug 31?,finalized,0.0000,1.0000,0.1000,0.1000,395.00,0.00,261.00,0.0000,7.11,2026-08-02T00:00:00Z,2026-08-31T21:29:57Z,2026-08-01T09:00:35.704019Z,2026-08-31T22:00:01.173764Z,KXB200MON-26AUG31,"If the value of B200 compute per hour is above $7.11 on Aug 31, 2026, then the market resolves to Yes."
KXB200MON,B200 Monthly Price,KXB200MON-26AUG31-7.010,Will the B200 compute per hour price be above $7.01 on Aug 31?,finalized,0.0000,1.0000,0.0200,0.0200,2529.10,0.00,2055.10,0.0000,7.01,2026-08-02T00:00:00Z,2026-08-31T21:29:57Z,2026-08-01T09:00:35.704019Z,2026-08-31T22:00:01.173764Z,KXB200MON-26AUG31,"If the value of B200 compute per hour is above $7.01 on Aug 31, 2026, then the market resolves to Yes."
KXB200MON,B200 Monthly Price,KXB200MON-26AUG31-6.910,Will the B200 compute per hour price be above $6.91 on Aug 31?,finalized,0.0000,1.0000,0.0200,0.0200,1091.43,0.00,692.43,0.0000,6.91,2026-08-02T00:00:00Z,2026-08-31T21:29:57Z,2026-08-01T09:00:35.704019Z,2026-08-31T22:00:01.173764Z,KXB200MON-26AUG31,"If the value of B200 compute per hour is above $6.91 on Aug 31, 2026, then the market resolves to Yes."
KXB200MON,B200 Monthly Price,KXB200MON-26AUG31-6.810,Will the B200 compute per hour price be above $6.81 on Aug 31?,finalized,0.0000,1.0000,0.0200,0.0200,1100.00,0.00,555.00,0.0000,6.81,2026-08-02T00:00:00Z,2026-08-31T21:29:57Z,2026-08-01T09:00:35.704019Z,2026-08-31T22:00:01.173764Z,KXB200MON-26AUG31,"If the value of B200 compute per hour is above $6.81 on Aug 31, 2026, then the market resolves to Yes."
KXB200MON,B200 Monthly Price,KXB200MON-26AUG31-6.710,Will the B200 compute per hour price be above $6.71 on Aug 31?,finalized,0.0000,1.0000,0.0200,0.0200,1026.00,0.00,663.00,0.0000,6.71,2026-08-02T00:00:00Z,2026-08-31T21:29:57Z,2026-08-01T09:00:35.704019Z,2026-08-31T22:00:01.173764Z,KXB200MON-26AUG31,"If the value of B200 compute per hour is above $6.71 on Aug 31, 2026, then the market resolves to Yes."
KXB200MON,B200 Monthly Price,KXB200MON-26AUG31-6.610,Will the B200 compute per hour price be above $6.61 on Aug 31?,finalized,0.0000,1.0000,0.0200,0.0200,1468.00,0.00,692.00,0.0000,6.61,2026-08-02T00:00:00Z,2026-08-31T21:29:57Z,2026-08-01T09:00:35.704019Z,2026-08-31T22:00:01.173764Z,KXB200MON-26AUG31,"If the value of B200 compute per hour is above $6.61 on Aug 31, 2026, then the market resolves to Yes."
KXB200MON,B200 Monthly Price,KXB200MON-26AUG31-6.510,Will the B200 compute per hour price be above $6.51 on Aug 31?,finalized,0.0000,1.0000,0.0600,0.0300,3276.88,385.00,1256.94,0.0000,6.51,2026-08-02T00:00:00Z,2026-08-31T21:29:57Z,2026-08-01T09:00:35.704019Z,2026-08-31T22:00:01.173764Z,KXB200MON-26AUG31,"If the value of B200 compute per hour is above $6.51 on Aug 31, 2026, then the market resolves to Yes."
KXB200MON,B200 Monthly Price,KXB200MON-26AUG31-6.410,Will the B200 compute per hour price be above $6.41 on Aug 31?,finalized,0.0000,1.0000,0.0200,0.1000,2538.51,431.00,1052.00,0.0000,6.41,2026-08-02T00:00:00Z,2026-08-31T21:29:57Z,2026-08-01T09:00:35.704019Z,2026-08-31T22:00:01.173764Z,KXB200MON-26AUG31,"If the value of B200 compute per hour is above $6.41 on Aug 31, 2026, then the market resolves to Yes."
KXB200MON,B200 Monthly Price,KXB200MON-26AUG31-6.310,Will the B200 compute per hour price be above $6.31 on Aug 31?,finalized,0.0000,1.0000,0.0100,0.1300,2485.31,587.04,933.10,0.0000,6.31,2026-08-02T00:00:00Z,2026-08-31T21:29:57Z,2026-08-01T09:00:35.704019Z,2026-08-31T22:00:01.173764Z,KXB200MON-26AUG31,"If the value of B200 compute per hour is above $6.31 on Aug 31, 2026, then the market resolves to Yes."
KXB200MON,B200 Monthly Price,KXB200MON-26AUG31-6.210,Will the B200 compute per hour price be above $6.21 on Aug 31?,finalized,0.0000,1.0000,0.0100,0.1200,2050.11,608.83,1433.01,0.0000,6.21,2026-08-02T00:00:00Z,2026-08-31T21:29:57Z,2026-08-01T09:00:35.704019Z,2026-08-31T22:00:01.173764Z,KXB200MON-26AUG31,"If the value of B200 compute per hour is above $6.21 on Aug 31, 2026, then the market resolves to Yes."
KXB200MON,B200 Monthly Price,KXB200MON-26AUG31-6.110,Will the B200 compute per hour price be above $6.11 on Aug 31?,finalized,0.0000,1.0000,0.0100,0.3900,1815.16,485.68,1000.56,0.0000,6.11,2026-08-02T00:00:00Z,2026-08-31T21:29:57Z,2026-08-01T09:00:35.704019Z,2026-08-31T22:00:01.173764Z,KXB200MON-26AUG31,"If the value of B200 compute per hour is above $6.11 on Aug 31, 2026, then the market resolves to Yes."
KXB200MON,B200 Monthly Price,KXB200MON-26AUG31-6.010,Will the B200 compute per hour price be above $6.01 on Aug 31?,finalized,0.0000,1.0000,0.9300,0.9700,4684.84,1178.61,1171.07,0.0000,6.01,2026-08-02T00:00:00Z,2026-08-31T21:29:57Z,2026-08-01T09:00:35.704019Z,2026-08-31T22:00:01.173764Z,KXB200MON-26AUG31,"If the value of B200 compute per hour is above $6.01 on Aug 31, 2026, then the market resolves to Yes."
KXB200MON,B200 Monthly Price,KXB200MON-26AUG31-5.910,Will the B200 compute per hour price be above $5.91 on Aug 31?,finalized,0.0000,1.0000,0.9900,0.9700,1611.45,235.00,982.87,0.0000,5.91,2026-08-02T00:00:00Z,2026-08-31T21:29:57Z,2026-08-01T09:00:35.704019Z,2026-08-31T22:00:01.173764Z,KXB200MON-26AUG31,"If the value of B200 compute per hour is above $5.91 on Aug 31, 2026, then the market resolves to Yes."
KXB200MON,B200 Monthly Price,KXB200MON-26AUG31-5.810,Will the B200 compute per hour price be above $5.81 on Aug 31?,finalized,0.0000,1.0000,0.9900,0.9800,732.64,5.00,523.00,0.0000,5.81,2026-08-02T00:00:00Z,2026-08-31T21:29:57Z,2026-08-01T09:00:35.704019Z,2026-08-31T22:00:01.173764Z,KXB200MON-26AUG31,"If the value of B200 compute per hour is above $5.81 on Aug 31, 2026, then the market resolves to Yes."
KXB200MON,B200 Monthly Price,KXB200MON-26AUG31-5.710,Will the B200 compute per hour price be above $5.71 on Aug 31?,finalized,0.0000,1.0000,0.9900,0.9800,1102.30,5.00,876.36,0.0000,5.71,2026-08-02T00:00:00Z,2026-08-31T21:29:57Z,2026-08-01T09:00:35.704019Z,2026-08-31T22:00:01.173764Z,KXB200MON-26AUG31,"If the value of B200 compute per hour is above $5.71 on Aug 31, 2026, then the market resolves to Yes."
KXB200MON,B200 Monthly Price,KXB200MON-26AUG31-5.610,Will the B200 compute per hour price be above $5.61 on Aug 31?,finalized,0.0000,1.0000,0.9900,0.9800,1901.00,5.00,1398.00,0.0000,5.61,2026-08-02T00:00:00Z,2026-08-31T21:29:57Z,2026-08-01T09:00:35.704019Z,2026-08-31T22:00:01.173764Z,KXB200MON-26AUG31,"If the value of B200 compute per hour is above $5.61 on Aug 31, 2026, then the market resolves to Yes."
KXB200MON,B200 Monthly Price,KXB200MON-26AUG31-5.510,Will the B200 compute per hour price be above $5.51 on Aug 31?,finalized,0.0000,1.0000,0.9900,0.9700,2834.19,5.00,2078.00,0.0000,5.51,2026-08-02T00:00:00Z,2026-08-31T21:29:57Z,2026-08-01T09:00:35.704019Z,2026-08-31T22:00:01.173764Z,KXB200MON-26AUG31,"If the value of B200 compute per hour is above $5.51 on Aug 31, 2026, then the market resolves to Yes."
KXB200MON,B200 Monthly Price,KXB200MON-26AUG31-5.410,Will the B200 compute per hour price be above $5.41 on Aug 31?,finalized,0.0000,1.0000,0.9900,0.9900,2730.21,5.00,2484.21,0.0000,5.41,2026-08-02T00:00:00Z,2026-08-31T21:29:57Z,2026-08-01T09:00:35.704019Z,2026-08-31T22:00:01.173764Z,KXB200MON-26AUG31,"If the value of B200 compute per hour is above $5.41 on Aug 31, 2026, then the market resolves to Yes."
KXB200MON,B200 Monthly Price,KXB200MON-26JUL31-7.360,Will the B200 compute per hour price be above $7.36 on Jul 31?,finalized,0.0000,1.0000,0.0100,0.0100,4360.29,0.00,2012.00,0.0000,7.36,2026-07-19T21:10:00Z,2026-08-01T03:59:59Z,2026-07-19T21:02:26.847259Z,2026-08-01T04:40:40.973151Z,KXB200MON-26JUL31,"If the value of B200 compute per hour is above $7.36 on Jul 31, 2026, then the market resolves to Yes."
KXB200MON,B200 Monthly Price,KXB200MON-26JUL31-7.260,Will the B200 compute per hour price be above $7.26 on Jul 31?,finalized,0.0000,1.0000,0.0100,0.0100,3474.63,0.00,1715.90,0.0000,7.26,2026-07-19T21:10:00Z,2026-08-01T03:59:59Z,2026-07-19T21:02:16.44925Z,2026-08-01T04:40:40.973151Z,KXB200MON-26JUL31,"If the value of B200 compute per hour is above $7.26 on Jul 31, 2026, then the market resolves to Yes."
KXB200MON,B200 Monthly Price,KXB200MON-26JUL31-7.160,Will the B200 compute per hour price be above $7.16 on Jul 31?,finalized,0.0000,1.0000,0.0100,0.0100,3070.34,0.00,1842.01,0.0000,7.16,2026-07-19T21:10:00Z,2026-08-01T03:59:59Z,2026-07-19T21:02:06.029254Z,2026-08-01T04:40:40.973151Z,KXB200MON-26JUL31,"If the value of B200 compute per hour is above $7.16 on Jul 31, 2026, then the market resolves to Yes."
KXB200MON,B200 Monthly Price,KXB200MON-26JUL31-7.060,Will the B200 compute per hour price be above $7.06 on Jul 31?,finalized,0.0000,1.0000,0.0100,0.0100,5317.38,0.00,3206.50,0.0000,7.06,2026-07-19T21:10:00Z,2026-08-01T03:59:59Z,2026-07-19T21:01:55.616417Z,2026-08-01T04:40:40.973151Z,KXB200MON-26JUL31,"If the value of B200 compute per hour is above $7.06 on Jul 31, 2026, then the market resolves to Yes."
KXB200MON,B200 Monthly Price,KXB200MON-26JUL31-6.960,Will the B200 compute per hour price be above $6.96 on Jul 31?,finalized,0.0000,1.0000,0.0100,0.0100,5230.18,0.00,2700.05,0.0000,6.96,2026-07-19T21:10:00Z,2026-08-01T03:59:59Z,2026-07-19T21:01:45.227185Z,2026-08-01T04:40:40.973151Z,KXB200MON-26JUL31,"If the value of B200 compute per hour is above $6.96 on Jul 31, 2026, then the market resolves to Yes."
KXB200MON,B200 Monthly Price,KXB200MON-26JUL31-6.860,Will the B200 compute per hour price be above $6.86 on Jul 31?,finalized,0.0000,1.0000,0.0100,0.0100,3442.60,0.00,2374.71,0.0000,6.86,2026-07-19T21:10:00Z,2026-08-01T03:59:59Z,2026-07-19T21:01:34.870615Z,2026-08-01T04:40:40.973151Z,KXB200MON-26JUL31,"If the value of B200 compute per hour is above $6.86 on Jul 31, 2026, then the market resolves to Yes."
KXB200MON,B200 Monthly Price,KXB200MON-26JUL31-6.760,Will the B200 compute per hour price be above $6.76 on Jul 31?,finalized,0.0000,1.0000,0.0100,0.0100,3855.33,0.00,3349.61,0.0000,6.76,2026-07-19T21:10:00Z,2026-08-01T03:59:59Z,2026-07-19T21:01:24.509898Z,2026-08-01T04:40:40.973151Z,KXB200MON-26JUL31,"If the value of B200 compute per hour is above $6.76 on Jul 31, 2026, then the market resolves to Yes."
KXB200MON,B200 Monthly Price,KXB200MON-26JUL31-6.660,Will the B200 compute per hour price be above $6.66 on Jul 31?,finalized,0.0000,1.0000,0.0100,0.0100,2516.11,0.00,2095.01,0.0000,6.66,2026-07-19T21:10:00Z,2026-08-01T03:59:59Z,2026-07-19T21:01:14.059251Z,2026-08-01T04:40:40.973151Z,KXB200MON-26JUL31,"If the value of B200 compute per hour is above $6.66 on Jul 31, 2026, then the market resolves to Yes."
KXB200MON,B200 Monthly Price,KXB200MON-26JUL31-6.560,Will the B200 compute per hour price be above $6.56 on Jul 31?,finalized,0.0000,1.0000,0.0100,0.0100,6921.92,0.00,3967.87,0.0000,6.56,2026-07-19T21:10:00Z,2026-08-01T03:59:59Z,2026-07-19T21:01:03.698768Z,2026-08-01T04:40:40.973151Z,KXB200MON-26JUL31,"If the value of B200 compute per hour is above $6.56 on Jul 31, 2026, then the market resolves to Yes."
KXB200MON,B200 Monthly Price,KXB200MON-26JUL31-6.460,Will the B200 compute per hour price be above $6.46 on Jul 31?,finalized,0.0000,1.0000,0.0100,0.0100,12526.49,0.00,9214.28,0.0000,6.46,2026-07-19T21:10:00Z,2026-08-01T03:59:59Z,2026-07-19T21:00:53.242266Z,2026-08-01T04:40:40.973151Z,KXB200MON-26JUL31,"If the value of B200 compute per hour is above $6.46 on Jul 31, 2026, then the market resolves to Yes."
KXB200MON,B200 Monthly Price,KXB200MON-26JUL31-6.360,Will the B200 compute per hour price be above $6.36 on Jul 31?,finalized,0.0000,1.0000,0.9900,0.9900,6528.04,0.00,3328.53,0.0000,6.36,2026-07-16T21:12:00Z,2026-08-01T03:59:59Z,2026-07-16T21:04:04.221133Z,2026-08-01T04:40:40.973151Z,KXB200MON-26JUL31,"If the value of B200 compute per hour is above $6.36 on Jul 31, 2026, then the market resolves to Yes."
KXB200MON,B200 Monthly Price,KXB200MON-26JUL31-6.260,Will the B200 compute per hour price be above $6.26 on Jul 31?,finalized,0.0000,1.0000,0.9900,0.9900,2847.36,0.00,2171.50,0.0000,6.26,2026-07-16T21:12:00Z,2026-08-01T03:59:59Z,2026-07-16T21:03:53.897832Z,2026-08-01T04:40:40.973151Z,KXB200MON-26JUL31,"If the value of B200 compute per hour is above $6.26 on Jul 31, 2026, then the market resolves to Yes."
KXB200MON,B200 Monthly Price,KXB200MON-26JUL31-6.160,Will the B200 compute per hour price be above $6.16 on Jul 31?,finalized,0.0000,1.0000,0.9900,0.9900,2257.02,0.00,1868.15,0.0000,6.16,2026-07-16T21:12:00Z,2026-08-01T03:59:59Z,2026-07-16T21:03:43.574687Z,2026-08-01T04:40:40.973151Z,KXB200MON-26JUL31,"If the value of B200 compute per hour is above $6.16 on Jul 31, 2026, then the market resolves to Yes."
KXB200MON,B200 Monthly Price,KXB200MON-26JUL31-6.060,Will the B200 compute per hour price be above $6.06 on Jul 31?,finalized,0.0000,1.0000,0.9900,0.9900,2154.06,0.00,1851.06,0.0000,6.06,2026-07-16T21:12:00Z,2026-08-01T03:59:59Z,2026-07-16T21:03:33.271449Z,2026-08-01T04:40:40.973151Z,KXB200MON-26JUL31,"If the value of B200 compute per hour is above $6.06 on Jul 31, 2026, then the market resolves to Yes."
KXB200MON,B200 Monthly Price,KXB200MON-26JUL31-5.960,Will the B200 compute per hour price be above $5.96 on Jul 31?,finalized,0.0000,1.0000,0.9900,0.9900,2800.38,0.00,2281.08,0.0000,5.96,2026-07-16T21:12:00Z,2026-08-01T03:59:59Z,2026-07-16T21:03:22.969539Z,2026-08-01T04:40:40.973151Z,KXB200MON-26JUL31,"If the value of B200 compute per hour is above $5.96 on Jul 31, 2026, then the market resolves to Yes."
KXB200MON,B200 Monthly Price,KXB200MON-26JUL31-5.860,Will the B200 compute per hour price be above $5.86 on Jul 31?,finalized,0.0000,1.0000,0.9900,0.9900,2406.80,0.00,2157.80,0.0000,5.86,2026-07-16T21:12:00Z,2026-08-01T03:59:59Z,2026-07-16T21:03:12.669868Z,2026-08-01T04:40:40.973151Z,KXB200MON-26JUL31,"If the value of B200 compute per hour is above $5.86 on Jul 31, 2026, then the market resolves to Yes."
KXB200MON,B200 Monthly Price,KXB200MON-26JUL31-5.760,Will the B200 compute per hour price be above $5.76 on Jul 31?,finalized,0.0000,1.0000,0.9900,0.9900,2551.39,0.00,2163.39,0.0000,5.76,2026-07-16T21:12:00Z,2026-08-01T03:59:59Z,2026-07-16T21:03:02.366594Z,2026-08-01T04:40:40.973151Z,KXB200MON-26JUL31,"If the value of B200 compute per hour is above $5.76 on Jul 31, 2026, then the market resolves to Yes."
KXB200MON,B200 Monthly Price,KXB200MON-26JUL31-5.660,Will the B200 compute per hour price be above $5.66 on Jul 31?,finalized,0.0000,1.0000,0.9900,0.9900,2453.00,0.00,1973.00,0.0000,5.66,2026-07-16T21:12:00Z,2026-08-01T03:59:59Z,2026-07-16T21:02:52.071324Z,2026-08-01T04:40:40.973151Z,KXB200MON-26JUL31,"If the value of B200 compute per hour is above $5.66 on Jul 31, 2026, then the market resolves to Yes."
KXB200MON,B200 Monthly Price,KXB200MON-26JUL31-5.560,Will the B200 compute per hour price be above $5.56 on Jul 31?,finalized,0.0000,1.0000,0.9900,0.9900,3292.39,0.00,2448.38,0.0000,5.56,2026-07-16T21:12:00Z,2026-08-01T03:59:59Z,2026-07-16T21:02:41.794262Z,2026-08-01T04:40:40.973151Z,KXB200MON-26JUL31,"If the value of B200 compute per hour is above $5.56 on Jul 31, 2026, then the market resolves to Yes."
KXB200MON,B200 Monthly Price,KXB200MON-26JUL31-5.460,Will the B200 compute per hour price be above $5.46 on Jul 31?,finalized,0.0000,1.0000,0.9900,0.9900,3164.13,0.00,2693.12,0.0000,5.46,2026-07-16T21:12:00Z,2026-08-01T03:59:59Z,2026-07-16T21:02:31.492542Z,2026-08-01T04:40:40.973151Z,KXB200MON-26JUL31,"If the value of B200 compute per hour is above $5.46 on Jul 31, 2026, then the market resolves to Yes."
KXB200MON,B200 Monthly Price,KXB200MON-26JUL31-5.360,Will the B200 compute per hour price be above $5.36 on Jul 31?,finalized,0.0000,1.0000,0.9900,0.9900,4177.22,0.00,2495.32,0.0000,5.36,2026-07-02T00:00:00Z,2026-08-01T03:59:59Z,2026-07-01T09:00:34.397383Z,2026-08-01T04:40:40.973151Z,KXB200MON-26JUL31,"If the value of B200 compute per hour is above $5.36 on Jul 31, 2026, then the market resolves to Yes."
KXB200MON,B200 Monthly Price,KXB200MON-26JUL31-5.260,Will the B200 compute per hour price be above $5.26 on Jul 31?,finalized,0.0000,1.0000,0.9900,0.9900,3077.44,0.00,2445.33,0.0000,5.26,2026-07-02T00:00:00Z,2026-08-01T03:59:59Z,2026-07-01T09:00:34.397383Z,2026-08-01T04:40:40.973151Z,KXB200MON-26JUL31,"If the value of B200 compute per hour is above $5.26 on Jul 31, 2026, then the market resolves to Yes."
KXB200MON,B200 Monthly Price,KXB200MON-26JUL31-5.160,Will the B200 compute per hour price be above $5.16 on Jul 31?,finalized,0.0000,1.0000,0.9900,0.9900,3656.15,0.00,2670.78,0.0000,5.16,2026-07-02T00:00:00Z,2026-08-01T03:59:59Z,2026-07-01T09:00:34.397383Z,2026-08-01T04:40:40.973151Z,KXB200MON-26JUL31,"If the value of B200 compute per hour is above $5.16 on Jul 31, 2026, then the market resolves to Yes."
KXB200MON,B200 Monthly Price,KXB200MON-26JUL31-5.060,Will the B200 compute per hour price be above $5.06 on Jul 31?,finalized,0.0000,1.0000,0.9900,0.9900,2957.03,0.00,2040.03,0.0000,5.06,2026-07-02T00:00:00Z,2026-08-01T03:59:59Z,2026-07-01T09:00:34.397383Z,2026-08-01T04:40:40.973151Z,KXB200MON-26JUL31,"If the value of B200 compute per hour is above $5.06 on Jul 31, 2026, then the market resolves to Yes."
KXB200MON,B200 Monthly Price,KXB200MON-26JUL31-4.960,Will the B200 compute per hour price be above $4.96 on Jul 31?,finalized,0.0000,1.0000,0.9900,0.9900,3230.82,0.00,2144.01,0.0000,4.96,2026-07-02T00:00:00Z,2026-08-01T03:59:59Z,2026-07-01T09:00:34.397383Z,2026-08-01T04:40:40.973151Z,KXB200MON-26JUL31,"If the value of B200 compute per hour is above $4.96 on Jul 31, 2026, then the market resolves to Yes."
KXB200MON,B200 Monthly Price,KXB200MON-26JUL31-4.860,Will the B200 compute per hour price be above $4.86 on Jul 31?,finalized,0.0000,1.0000,0.9900,0.9900,2455.04,0.00,1910.25,0.0000,4.86,2026-07-02T00:00:00Z,2026-08-01T03:59:59Z,2026-07-01T09:00:34.397383Z,2026-08-01T04:40:40.973151Z,KXB200MON-26JUL31,"If the value of B200 compute per hour is above $4.86 on Jul 31, 2026, then the market resolves to Yes."
KXB200MON,B200 Monthly Price,KXB200MON-26JUL31-4.760,Will the B200 compute per hour price be above $4.76 on Jul 31?,finalized,0.0000,1.0000,0.9900,0.9900,2408.08,0.00,1821.07,0.0000,4.76,2026-07-02T00:00:00Z,2026-08-01T03:59:59Z,2026-07-01T09:00:34.397383Z,2026-08-01T04:40:40.973151Z,KXB200MON-26JUL31,"If the value of B200 compute per hour is above $4.76 on Jul 31, 2026, then the market resolves to Yes."
KXB200MON,B200 Monthly Price,KXB200MON-26JUL31-4.660,Will the B200 compute per hour price be above $4.66 on Jul 31?,finalized,0.0000,1.0000,0.9900,0.9900,3075.15,0.00,2513.00,0.0000,4.66,2026-07-02T00:00:00Z,2026-08-01T03:59:59Z,2026-07-01T09:00:34.397383Z,2026-08-01T04:40:40.973151Z,KXB200MON-26JUL31,"If the value of B200 compute per hour is above $4.66 on Jul 31, 2026, then the market resolves to Yes."
KXB200MON,B200 Monthly Price,KXB200MON-26JUL31-4.560,Will the B200 compute per hour price be above $4.56 on Jul 31?,finalized,0.0000,1.0000,0.9900,0.9900,2326.14,0.00,2143.00,0.0000,4.56,2026-07-02T00:00:00Z,2026-08-01T03:59:59Z,2026-07-01T09:00:34.397383Z,2026-08-01T04:40:40.973151Z,KXB200MON-26JUL31,"If the value of B200 compute per hour is above $4.56 on Jul 31, 2026, then the market resolves to Yes."
KXB200MON,B200 Monthly Price,KXB200MON-26JUL31-4.460,Will the B200 compute per hour price be above $4.46 on Jul 31?,finalized,0.0000,1.0000,0.9900,0.9900,2211.03,0.00,1799.01,0.0000,4.46,2026-07-02T00:00:00Z,2026-08-01T03:59:59Z,2026-07-01T09:00:34.397383Z,2026-08-01T04:40:40.973151Z,KXB200MON-26JUL31,"If the value of B200 compute per hour is above $4.46 on Jul 31, 2026, then the market resolves to Yes."
KXB200MON,B200 Monthly Price,KXB200MON-26JUL31-4.360,Will the B200 compute per hour price be above $4.36 on Jul 31?,finalized,0.0000,1.0000,0.9900,0.9900,2187.05,0.00,2001.20,0.0000,4.36,2026-07-02T00:00:00Z,2026-08-01T03:59:59Z,2026-07-01T09:00:34.397383Z,2026-08-01T04:40:40.973151Z,KXB200MON-26JUL31,"If the value of B200 compute per hour is above $4.36 on Jul 31, 2026, then the market resolves to Yes."
KXB200MON,B200 Monthly Price,KXB200MON-26JUL31-4.260,Will the B200 compute per hour price be above $4.26 on Jul 31?,finalized,0.0000,1.0000,0.9900,0.9900,2502.00,0.00,1789.00,0.0000,4.26,2026-07-02T00:00:00Z,2026-08-01T03:59:59Z,2026-07-01T09:00:34.397383Z,2026-08-01T04:40:40.973151Z,KXB200MON-26JUL31,"If the value of B200 compute per hour is above $4.26 on Jul 31, 2026, then the market resolves to Yes."
KXB200MON,B200 Monthly Price,KXB200MON-26JUL31-4.160,Will the B200 compute per hour price be above $4.16 on Jul 31?,finalized,0.0000,1.0000,0.9900,0.9900,2119.00,0.00,1686.00,0.0000,4.16,2026-07-02T00:00:00Z,2026-08-01T03:59:59Z,2026-07-01T09:00:34.397383Z,2026-08-01T04:40:40.973151Z,KXB200MON-26JUL31,"If the value of B200 compute per hour is above $4.16 on Jul 31, 2026, then the market resolves to Yes."
KXB200MON,B200 Monthly Price,KXB200MON-26JUL31-4.060,Will the B200 compute per hour price be above $4.06 on Jul 31?,finalized,0.0000,1.0000,0.9900,0.9900,2460.11,0.00,1630.11,0.0000,4.06,2026-07-02T00:00:00Z,2026-08-01T03:59:59Z,2026-07-01T09:00:34.397383Z,2026-08-01T04:40:40.973151Z,KXB200MON-26JUL31,"If the value of B200 compute per hour is above $4.06 on Jul 31, 2026, then the market resolves to Yes."
KXB200MON,B200 Monthly Price,KXB200MON-26JUL31-3.960,Will the B200 compute per hour price be above $3.96 on Jul 31?,finalized,0.0000,1.0000,0.9900,0.9900,3085.00,0.00,1550.00,0.0000,3.96,2026-07-02T00:00:00Z,2026-08-01T03:59:59Z,2026-07-01T09:00:34.397383Z,2026-08-01T04:40:40.973151Z,KXB200MON-26JUL31,"If the value of B200 compute per hour is above $3.96 on Jul 31, 2026, then the market resolves to Yes."
KXB200MON,B200 Monthly Price,KXB200MON-26JUL31-3.860,Will the B200 compute per hour price be above $3.86 on Jul 31?,finalized,0.0000,1.0000,0.9900,0.9900,1366.00,0.00,1268.00,0.0000,3.86,2026-07-02T00:00:00Z,2026-08-01T03:59:59Z,2026-07-01T09:00:34.397383Z,2026-08-01T04:40:40.973151Z,KXB200MON-26JUL31,"If the value of B200 compute per hour is above $3.86 on Jul 31, 2026, then the market resolves to Yes."
KXB200MON,B200 Monthly Price,KXB200MON-26JUL31-3.760,Will the B200 compute per hour price be above $3.76 on Jul 31?,finalized,0.0000,1.0000,0.9900,0.9900,1275.00,0.00,1233.01,0.0000,3.76,2026-07-02T00:00:00Z,2026-08-01T03:59:59Z,2026-07-01T09:00:34.397383Z,2026-08-01T04:40:40.973151Z,KXB200MON-26JUL31,"If the value of B200 compute per hour is above $3.76 on Jul 31, 2026, then the market resolves to Yes."
KXB200MON,B200 Monthly Price,KXB200MON-26JUL31-3.660,Will the B200 compute per hour price be above $3.66 on Jul 31?,finalized,0.0000,1.0000,0.9900,0.9900,1314.00,0.00,1291.00,0.0000,3.66,2026-07-02T00:00:00Z,2026-08-01T03:59:59Z,2026-07-01T09:00:34.397383Z,2026-08-01T04:40:40.973151Z,KXB200MON-26JUL31,"If the value of B200 compute per hour is above $3.66 on Jul 31, 2026, then the market resolves to Yes."
KXB200MON,B200 Monthly Price,KXB200MON-26JUL31-3.560,Will the B200 compute per hour price be above $3.56 on Jul 31?,finalized,0.0000,1.0000,0.9900,0.9900,1264.00,0.00,1217.00,0.0000,3.56,2026-07-02T00:00:00Z,2026-08-01T03:59:59Z,2026-07-01T09:00:34.397383Z,2026-08-01T04:40:40.973151Z,KXB200MON-26JUL31,"If the value of B200 compute per hour is above $3.56 on Jul 31, 2026, then the market resolves to Yes."
KXB200MON,B200 Monthly Price,KXB200MON-26JUL31-3.460,Will the B200 compute per hour price be above $3.46 on Jul 31?,finalized,0.0000,1.0000,0.9900,0.9900,5208.96,0.00,1416.03,0.0000,3.46,2026-07-02T00:00:00Z,2026-08-01T03:59:59Z,2026-07-01T09:00:34.397383Z,2026-08-01T04:40:40.973151Z,KXB200MON-26JUL31,"If the value of B200 compute per hour is above $3.46 on Jul 31, 2026, then the market resolves to Yes."
KXB200Q,B200 Quarterly Directional Price,KXB200Q-26JUN30-7.070,Will the B200 compute per hour price be above $7.07 by Jun 30?,finalized,0.0000,1.0000,0.0100,0.0100,35783.07,0.00,15243.24,0.0000,7.07,2026-05-27T03:59:00Z,2026-07-01T03:59:59Z,2026-05-27T03:49:19.806754Z,2026-07-01T15:48:02.659062Z,KXB200Q-26JUN30,"If the value of B200 compute per hour is above $7.07 by Jun 30, 2026, then the market resolves to Yes."
KXB200Q,B200 Quarterly Directional Price,KXB200Q-26JUN30-6.870,Will the B200 compute per hour price be above $6.87 by Jun 30?,finalized,0.0000,1.0000,0.0100,0.0100,21372.20,0.00,9383.97,0.0000,6.87,2026-05-27T03:59:00Z,2026-07-01T03:59:59Z,2026-05-27T03:49:19.806754Z,2026-07-01T15:48:02.659062Z,KXB200Q-26JUN30,"If the value of B200 compute per hour is above $6.87 by Jun 30, 2026, then the market resolves to Yes."
KXB200Q,B200 Quarterly Directional Price,KXB200Q-26JUN30-6.670,Will the B200 compute per hour price be above $6.67 by Jun 30?,finalized,0.0000,1.0000,0.0100,0.0100,39498.51,0.00,16880.64,0.0000,6.67,2026-05-27T03:59:00Z,2026-07-01T03:59:59Z,2026-05-27T03:49:19.806754Z,2026-07-01T15:48:02.659062Z,KXB200Q-26JUN30,"If the value of B200 compute per hour is above $6.67 by Jun 30, 2026, then the market resolves to Yes."
KXB200Q,B200 Quarterly Directional Price,KXB200Q-26JUN30-6.470,Will the B200 compute per hour price be above $6.47 by Jun 30?,finalized,0.0000,1.0000,0.0100,0.0100,76012.41,0.00,26370.35,0.0000,6.47,2026-05-27T03:59:00Z,2026-07-01T03:59:59Z,2026-05-27T03:49:19.806754Z,2026-07-01T15:48:02.659062Z,KXB200Q-26JUN30,"If the value of B200 compute per hour is above $6.47 by Jun 30, 2026, then the market resolves to Yes."
KXB200Q,B200 Quarterly Directional Price,KXB200Q-26JUN30-6.270,Will the B200 compute per hour price be above $6.27 by Jun 30?,finalized,0.0000,1.0000,0.0100,0.0100,84769.40,0.00,33148.43,0.0000,6.27,2026-05-27T03:59:00Z,2026-07-01T03:59:59Z,2026-05-27T03:49:19.806754Z,2026-07-01T15:48:02.659062Z,KXB200Q-26JUN30,"If the value of B200 compute per hour is above $6.27 by Jun 30, 2026, then the market resolves to Yes."
KXA100Q,A100 Quarterly Directional Price,KXA100Q-26JUN30-2.140,Will the A100 SXM4 compute per hour price be above $2.14 by Jun 30?,finalized,0.0000,1.0000,0.0300,0.0300,145.00,0.00,78.00,0.0000,2.14,2026-05-27T03:59:00Z,2026-07-01T03:59:59Z,2026-05-27T03:48:38.432318Z,2026-07-06T15:21:07.915526Z,KXA100Q-26JUN30,"If the value of A100 SXM4 compute per hour is above $2.14 by Jun 30, 2026, then the market resolves to Yes."
KXA100Q,A100 Quarterly Directional Price,KXA100Q-26JUN30-2.040,Will the A100 SXM4 compute per hour price be above $2.04 by Jun 30?,finalized,0.0000,1.0000,0.8400,0.8400,341.68,0.00,195.68,0.0000,2.04,2026-05-27T03:59:00Z,2026-07-01T03:59:59Z,2026-05-27T03:48:38.432318Z,2026-07-06T15:21:07.836015Z,KXA100Q-26JUN30,"If the value of A100 SXM4 compute per hour is above $2.04 by Jun 30, 2026, then the market resolves to Yes."
KXA100Q,A100 Quarterly Directional Price,KXA100Q-26JUN30-1.940,Will the A100 SXM4 compute per hour price be above $1.94 by Jun 30?,finalized,0.0000,1.0000,0.0400,0.0400,522.26,0.00,310.13,0.0000,1.94,2026-05-27T03:59:00Z,2026-07-01T03:59:59Z,2026-05-27T03:48:38.432318Z,2026-07-06T15:21:07.694642Z,KXA100Q-26JUN30,"If the value of A100 SXM4 compute per hour is above $1.94 by Jun 30, 2026, then the market resolves to Yes."
KXA100Q,A100 Quarterly Directional Price,KXA100Q-26JUN30-1.840,Will the A100 SXM4 compute per hour price be above $1.84 by Jun 30?,finalized,0.0000,1.0000,0.1400,0.1400,361.73,0.00,207.00,0.0000,1.84,2026-05-27T03:59:00Z,2026-07-01T03:59:59Z,2026-05-27T03:48:38.432318Z,2026-07-06T15:21:07.592551Z,KXA100Q-26JUN30,"If the value of A100 SXM4 compute per hour is above $1.84 by Jun 30, 2026, then the market resolves to Yes."
KXA100Q,A100 Quarterly Directional Price,KXA100Q-26JUN30-1.740,Will the A100 SXM4 compute per hour price be above $1.74 by Jun 30?,finalized,0.0000,1.0000,0.0800,0.0800,263.82,0.00,98.59,0.0000,1.74,2026-05-27T03:59:00Z,2026-07-01T03:59:59Z,2026-05-27T03:48:38.432318Z,2026-07-06T15:21:07.508838Z,KXA100Q-26JUN30,"If the value of A100 SXM4 compute per hour is above $1.74 by Jun 30, 2026, then the market resolves to Yes."
KXA100Q,A100 Quarterly Directional Price,KXA100Q-26JUN30-1.640,Will the A100 SXM4 compute per hour price be above $1.64 by Jun 30?,finalized,0.0000,1.0000,0.0800,0.0800,421.00,0.00,159.00,0.0000,1.64,2026-05-27T03:59:00Z,2026-07-01T03:59:59Z,2026-05-27T03:48:38.432318Z,2026-07-06T15:21:07.400721Z,KXA100Q-26JUN30,"If the value of A100 SXM4 compute per hour is above $1.64 by Jun 30, 2026, then the market resolves to Yes."
KXA100Q,A100 Quarterly Directional Price,KXA100Q-26JUN30-1.540,Will the A100 SXM4 compute per hour price be above $1.54 by Jun 30?,finalized,0.0000,1.0000,0.0800,0.0800,201.21,0.00,99.21,0.0000,1.54,2026-05-27T03:59:00Z,2026-07-01T03:59:59Z,2026-05-27T03:48:38.432318Z,2026-07-06T15:21:07.317459Z,KXA100Q-26JUN30,"If the value of A100 SXM4 compute per hour is above $1.54 by Jun 30, 2026, then the market resolves to Yes."
KXA100Q,A100 Quarterly Directional Price,KXA100Q-26JUN30-1.440,Will the A100 SXM4 compute per hour price be above $1.44 by Jun 30?,finalized,0.0000,1.0000,0.0100,0.0100,746.79,0.00,585.77,0.0000,1.44,2026-05-27T03:59:00Z,2026-07-01T03:59:59Z,2026-05-27T03:48:38.432318Z,2026-07-06T15:21:07.230262Z,KXA100Q-26JUN30,"If the value of A100 SXM4 compute per hour is above $1.44 by Jun 30, 2026, then the market resolves to Yes."
KXA100Q,A100 Quarterly Directional Price,KXA100Q-26JUN30-1.340,Will the A100 SXM4 compute per hour price be above $1.34 by Jun 30?,finalized,0.0000,1.0000,0.0100,0.0100,479.71,0.00,260.53,0.0000,1.34,2026-05-27T03:59:00Z,2026-07-01T03:59:59Z,2026-05-27T03:48:38.432318Z,2026-07-06T15:21:07.129871Z,KXA100Q-26JUN30,"If the value of A100 SXM4 compute per hour is above $1.34 by Jun 30, 2026, then the market resolves to Yes."
KXA100WS,A100 Weekly,KXA100WS-26OCT09-2.000,Will the NVIDIA A100 compute per hour price be above $2 at 4 PM ET on Oct 09?,active,0.0100,0.0200,0.0000,0.0000,0.00,0.00,0.00,0.0000,2.0,2026-08-28T20:40:00Z,2026-10-09T20:00:00Z,2026-08-28T20:30:31.025693Z,2026-08-28T20:40:00.883705Z,KXA100WS-26OCT09,"If the value of NVIDIA A100 compute per hour is above $2 on Oct 09, 2026 at 4 PM ET, then the market resolves to Yes."
KXA100WS,A100 Weekly,KXA100WS-26OCT09-1.750,Will the NVIDIA A100 compute per hour price be above $1.75 at 4 PM ET on Oct 09?,active,0.0100,0.0200,0.0000,0.0000,0.00,0.00,0.00,0.0000,1.75,2026-08-28T20:40:00Z,2026-10-09T20:00:00Z,2026-08-28T20:30:31.025693Z,2026-08-28T20:40:00.883705Z,KXA100WS-26OCT09,"If the value of NVIDIA A100 compute per hour is above $1.75 on Oct 09, 2026 at 4 PM ET, then the market resolves to Yes."
KXA100WS,A100 Weekly,KXA100WS-26OCT09-1.500,Will the NVIDIA A100 compute per hour price be above $1.5 at 4 PM ET on Oct 09?,active,0.0100,0.0300,0.0000,0.0000,0.00,0.00,0.00,0.0000,1.5,2026-08-28T20:40:00Z,2026-10-09T20:00:00Z,2026-08-28T20:30:31.025693Z,2026-08-28T20:40:00.883705Z,KXA100WS-26OCT09,"If the value of NVIDIA A100 compute per hour is above $1.5 on Oct 09, 2026 at 4 PM ET, then the market resolves to Yes."
KXA100WS,A100 Weekly,KXA100WS-26OCT09-1.250,Will the NVIDIA A100 compute per hour price be above $1.25 at 4 PM ET on Oct 09?,active,0.0600,0.1200,0.3300,0.3300,202.17,0.00,202.17,0.0000,1.25,2026-08-28T20:40:00Z,2026-10-09T20:00:00Z,2026-08-28T20:30:31.025693Z,2026-08-28T20:40:00.883705Z,KXA100WS-26OCT09,"If the value of NVIDIA A100 compute per hour is above $1.25 on Oct 09, 2026 at 4 PM ET, then the market resolves to Yes."
KXA100WS,A100 Weekly,KXA100WS-26OCT09-1.000,Will the NVIDIA A100 compute per hour price be above $1 at 4 PM ET on Oct 09?,active,0.4600,0.4800,0.4900,0.5000,413.43,9.43,400.00,0.0000,1.0,2026-08-28T20:40:00Z,2026-10-09T20:00:00Z,2026-08-28T20:30:31.025693Z,2026-08-28T20:40:00.883705Z,KXA100WS-26OCT09,"If the value of NVIDIA A100 compute per hour is above $1 on Oct 09, 2026 at 4 PM ET, then the market resolves to Yes."
KXA100WS,A100 Weekly,KXA100WS-26OCT09-0.750,Will the NVIDIA A100 compute per hour price be above $0.75 at 4 PM ET on Oct 09?,active,0.9400,0.9800,0.9300,0.9600,1707.00,1407.00,907.00,0.0000,0.75,2026-08-28T20:40:00Z,2026-10-09T20:00:00Z,2026-08-28T20:30:31.025693Z,2026-08-28T20:40:00.883705Z,KXA100WS-26OCT09,"If the value of NVIDIA A100 compute per hour is above $0.75 on Oct 09, 2026 at 4 PM ET, then the market resolves to Yes."
KXA100WS,A100 Weekly,KXA100WS-26OCT09-0.600,Will the NVIDIA A100 compute per hour price be above $0.6 at 4 PM ET on Oct 09?,active,0.9500,0.9800,0.0000,0.0000,0.00,0.00,0.00,0.0000,0.6,2026-08-28T20:40:00Z,2026-10-09T20:00:00Z,2026-08-28T20:30:31.025693Z,2026-08-28T20:40:00.883705Z,KXA100WS-26OCT09,"If the value of NVIDIA A100 compute per hour is above $0.6 on Oct 09, 2026 at 4 PM ET, then the market resolves to Yes."
KXA100WS,A100 Weekly,KXA100WS-26OCT09-0.500,Will the NVIDIA A100 compute per hour price be above $0.5 at 4 PM ET on Oct 09?,active,0.9700,0.9900,0.0000,0.0000,0.00,0.00,0.00,0.0000,0.5,2026-08-28T20:40:00Z,2026-10-09T20:00:00Z,2026-08-28T20:30:31.025693Z,2026-08-28T20:40:00.883705Z,KXA100WS-26OCT09,"If the value of NVIDIA A100 compute per hour is above $0.5 on Oct 09, 2026 at 4 PM ET, then the market resolves to Yes."
KXA100WS,A100 Weekly,KXA100WS-26OCT09-0.400,Will the NVIDIA A100 compute per hour price be above $0.4 at 4 PM ET on Oct 09?,active,0.9800,0.9900,0.0000,0.0000,0.00,0.00,0.00,0.0000,0.4,2026-08-28T20:40:00Z,2026-10-09T20:00:00Z,2026-08-28T20:30:31.025693Z,2026-08-28T20:40:00.883705Z,KXA100WS-26OCT09,"If the value of NVIDIA A100 compute per hour is above $0.4 on Oct 09, 2026 at 4 PM ET, then the market resolves to Yes."
KXA100WS,A100 Weekly,KXA100WS-26OCT09-0.300,Will the NVIDIA A100 compute per hour price be above $0.3 at 4 PM ET on Oct 09?,active,0.9800,0.9900,0.0000,0.0000,0.00,0.00,0.00,0.0000,0.3,2026-08-28T20:40:00Z,2026-10-09T20:00:00Z,2026-08-28T20:30:31.025693Z,2026-08-28T20:40:00.883705Z,KXA100WS-26OCT09,"If the value of NVIDIA A100 compute per hour is above $0.3 on Oct 09, 2026 at 4 PM ET, then the market resolves to Yes."
KXA100WS,A100 Weekly,KXA100WS-26OCT02-2.000,Will the NVIDIA A100 compute per hour price be above $2 at 4 PM ET on Oct 02?,active,0.0100,0.0200,0.0200,0.0200,10.00,0.00,10.00,0.0000,2.0,2026-08-21T20:40:00Z,2026-10-02T20:00:00Z,2026-08-21T20:30:29.152174Z,2026-08-21T20:40:00.992987Z,KXA100WS-26OCT02,"If the value of NVIDIA A100 compute per hour is above $2 on Oct 02, 2026 at 4 PM ET, then the market resolves to Yes."
KXA100WS,A100 Weekly,KXA100WS-26OCT02-1.750,Will the NVIDIA A100 compute per hour price be above $1.75 at 4 PM ET on Oct 02?,active,0.0100,0.0200,0.0200,0.0200,10.00,0.00,10.00,0.0000,1.75,2026-08-21T20:40:00Z,2026-10-02T20:00:00Z,2026-08-21T20:30:29.152174Z,2026-08-21T20:40:00.992987Z,KXA100WS-26OCT02,"If the value of NVIDIA A100 compute per hour is above $1.75 on Oct 02, 2026 at 4 PM ET, then the market resolves to Yes."
KXA100WS,A100 Weekly,KXA100WS-26OCT02-1.500,Will the NVIDIA A100 compute per hour price be above $1.5 at 4 PM ET on Oct 02?,active,0.0100,0.0400,0.0300,0.0300,1035.00,0.00,1035.00,0.0000,1.5,2026-08-21T20:40:00Z,2026-10-02T20:00:00Z,2026-08-21T20:30:29.152174Z,2026-08-21T20:40:00.992987Z,KXA100WS-26OCT02,"If the value of NVIDIA A100 compute per hour is above $1.5 on Oct 02, 2026 at 4 PM ET, then the market resolves to Yes."
KXA100WS,A100 Weekly,KXA100WS-26OCT02-1.250,Will the NVIDIA A100 compute per hour price be above $1.25 at 4 PM ET on Oct 02?,active,0.0500,0.0600,0.1900,0.1900,788.14,0.00,697.14,0.0000,1.25,2026-08-21T20:40:00Z,2026-10-02T20:00:00Z,2026-08-21T20:30:29.152174Z,2026-08-21T20:40:00.992987Z,KXA100WS-26OCT02,"If the value of NVIDIA A100 compute per hour is above $1.25 on Oct 02, 2026 at 4 PM ET, then the market resolves to Yes."
KXA100WS,A100 Weekly,KXA100WS-26OCT02-1.000,Will the NVIDIA A100 compute per hour price be above $1 at 4 PM ET on Oct 02?,active,0.4200,0.4300,0.3500,0.5000,234.00,10.00,214.00,0.0000,1.0,2026-08-21T20:40:00Z,2026-10-02T20:00:00Z,2026-08-21T20:30:29.152174Z,2026-08-21T20:40:00.992987Z,KXA100WS-26OCT02,"If the value of NVIDIA A100 compute per hour is above $1 on Oct 02, 2026 at 4 PM ET, then the market resolves to Yes."
KXA100WS,A100 Weekly,KXA100WS-26OCT02-0.750,Will the NVIDIA A100 compute per hour price be above $0.75 at 4 PM ET on Oct 02?,active,0.9400,0.9800,0.9300,0.0000,1245.00,1245.00,745.00,0.0000,0.75,2026-08-21T20:40:00Z,2026-10-02T20:00:00Z,2026-08-21T20:30:29.152174Z,2026-08-21T20:40:00.992987Z,KXA100WS-26OCT02,"If the value of NVIDIA A100 compute per hour is above $0.75 on Oct 02, 2026 at 4 PM ET, then the market resolves to Yes."
KXA100WS,A100 Weekly,KXA100WS-26OCT02-0.600,Will the NVIDIA A100 compute per hour price be above $0.6 at 4 PM ET on Oct 02?,active,0.9600,0.9900,0.9600,0.0000,34.00,34.00,34.00,0.0000,0.6,2026-08-21T20:40:00Z,2026-10-02T20:00:00Z,2026-08-21T20:30:29.152174Z,2026-08-21T20:40:00.992987Z,KXA100WS-26OCT02,"If the value of NVIDIA A100 compute per hour is above $0.6 on Oct 02, 2026 at 4 PM ET, then the market resolves to Yes."
KXA100WS,A100 Weekly,KXA100WS-26OCT02-0.500,Will the NVIDIA A100 compute per hour price be above $0.5 at 4 PM ET on Oct 02?,active,0.9800,0.9900,0.9700,0.0000,51.00,51.00,51.00,0.0000,0.5,2026-08-21T20:40:00Z,2026-10-02T20:00:00Z,2026-08-21T20:30:29.152174Z,2026-08-21T20:40:00.992987Z,KXA100WS-26OCT02,"If the value of NVIDIA A100 compute per hour is above $0.5 on Oct 02, 2026 at 4 PM ET, then the market resolves to Yes."
KXA100WS,A100 Weekly,KXA100WS-26OCT02-0.400,Will the NVIDIA A100 compute per hour price be above $0.4 at 4 PM ET on Oct 02?,active,0.9800,0.9900,0.0000,0.0000,0.00,0.00,0.00,0.0000,0.4,2026-08-21T20:40:00Z,2026-10-02T20:00:00Z,2026-08-21T20:30:29.152174Z,2026-08-21T20:40:00.992987Z,KXA100WS-26OCT02,"If the value of NVIDIA A100 compute per hour is above $0.4 on Oct 02, 2026 at 4 PM ET, then the market resolves to Yes."
KXA100WS,A100 Weekly,KXA100WS-26OCT02-0.300,Will the NVIDIA A100 compute per hour price be above $0.3 at 4 PM ET on Oct 02?,active,0.9800,0.9900,0.0000,0.0000,0.00,0.00,0.00,0.0000,0.3,2026-08-21T20:40:00Z,2026-10-02T20:00:00Z,2026-08-21T20:30:29.152174Z,2026-08-21T20:40:00.992987Z,KXA100WS-26OCT02,"If the value of NVIDIA A100 compute per hour is above $0.3 on Oct 02, 2026 at 4 PM ET, then the market resolves to Yes."
KXA100WS,A100 Weekly,KXA100WS-26SEP25-2.000,Will the NVIDIA A100 compute per hour price be above $2 at 4 PM ET on Sep 25?,active,0.0100,0.0300,0.0200,0.0000,2.00,2.00,1.00,0.0000,2.0,2026-08-14T20:40:00Z,2026-09-25T20:00:00Z,2026-08-14T20:30:29.715777Z,2026-08-14T20:40:00.212818Z,KXA100WS-26SEP25,"If the value of NVIDIA A100 compute per hour is above $2 on Sep 25, 2026 at 4 PM ET, then the market resolves to Yes."
KXA100WS,A100 Weekly,KXA100WS-26SEP25-1.750,Will the NVIDIA A100 compute per hour price be above $1.75 at 4 PM ET on Sep 25?,active,0.0100,0.0400,0.0000,0.0000,0.00,0.00,0.00,0.0000,1.75,2026-08-14T20:40:00Z,2026-09-25T20:00:00Z,2026-08-14T20:30:29.715777Z,2026-08-14T20:40:00.212818Z,KXA100WS-26SEP25,"If the value of NVIDIA A100 compute per hour is above $1.75 on Sep 25, 2026 at 4 PM ET, then the market resolves to Yes."
KXA100WS,A100 Weekly,KXA100WS-26SEP25-1.500,Will the NVIDIA A100 compute per hour price be above $1.5 at 4 PM ET on Sep 25?,active,0.0100,0.0500,0.0200,0.0200,20.00,0.00,10.00,0.0000,1.5,2026-08-14T20:40:00Z,2026-09-25T20:00:00Z,2026-08-14T20:30:29.715777Z,2026-08-14T20:40:00.212818Z,KXA100WS-26SEP25,"If the value of NVIDIA A100 compute per hour is above $1.5 on Sep 25, 2026 at 4 PM ET, then the market resolves to Yes."
KXA100WS,A100 Weekly,KXA100WS-26SEP25-1.250,Will the NVIDIA A100 compute per hour price be above $1.25 at 4 PM ET on Sep 25?,active,0.0300,0.0500,0.0800,0.3400,120.48,47.48,50.48,0.0000,1.25,2026-08-14T20:40:00Z,2026-09-25T20:00:00Z,2026-08-14T20:30:29.715777Z,2026-08-14T20:40:00.212818Z,KXA100WS-26SEP25,"If the value of NVIDIA A100 compute per hour is above $1.25 on Sep 25, 2026 at 4 PM ET, then the market resolves to Yes."
KXA100WS,A100 Weekly,KXA100WS-26SEP25-1.000,Will the NVIDIA A100 compute per hour price be above $1 at 4 PM ET on Sep 25?,active,0.4800,0.5000,0.4700,0.5400,3454.00,907.03,1293.00,0.0000,1.0,2026-08-14T20:40:00Z,2026-09-25T20:00:00Z,2026-08-14T20:30:29.715777Z,2026-08-14T20:40:00.212818Z,KXA100WS-26SEP25,"If the value of NVIDIA A100 compute per hour is above $1 on Sep 25, 2026 at 4 PM ET, then the market resolves to Yes."
KXA100WS,A100 Weekly,KXA100WS-26SEP25-0.750,Will the NVIDIA A100 compute per hour price be above $0.75 at 4 PM ET on Sep 25?,active,0.9400,0.9800,0.9300,0.9800,1114.00,962.00,600.00,0.0000,0.75,2026-08-14T20:40:00Z,2026-09-25T20:00:00Z,2026-08-14T20:30:29.715777Z,2026-08-14T20:40:00.212818Z,KXA100WS-26SEP25,"If the value of NVIDIA A100 compute per hour is above $0.75 on Sep 25, 2026 at 4 PM ET, then the market resolves to Yes."
KXA100WS,A100 Weekly,KXA100WS-26SEP25-0.600,Will the NVIDIA A100 compute per hour price be above $0.6 at 4 PM ET on Sep 25?,active,0.9700,0.9900,0.9300,0.0000,55.00,55.00,55.00,0.0000,0.6,2026-08-14T20:40:00Z,2026-09-25T20:00:00Z,2026-08-14T20:30:29.715777Z,2026-08-14T20:40:00.212818Z,KXA100WS-26SEP25,"If the value of NVIDIA A100 compute per hour is above $0.6 on Sep 25, 2026 at 4 PM ET, then the market resolves to Yes."
KXA100WS,A100 Weekly,KXA100WS-26SEP25-0.500,Will the NVIDIA A100 compute per hour price be above $0.5 at 4 PM ET on Sep 25?,active,0.9800,0.9900,0.0000,0.0000,0.00,0.00,0.00,0.0000,0.5,2026-08-14T20:40:00Z,2026-09-25T20:00:00Z,2026-08-14T20:30:29.715777Z,2026-08-14T20:40:00.212818Z,KXA100WS-26SEP25,"If the value of NVIDIA A100 compute per hour is above $0.5 on Sep 25, 2026 at 4 PM ET, then the market resolves to Yes."
KXA100WS,A100 Weekly,KXA100WS-26SEP25-0.400,Will the NVIDIA A100 compute per hour price be above $0.4 at 4 PM ET on Sep 25?,active,0.9800,0.9900,0.0000,0.0000,0.00,0.00,0.00,0.0000,0.4,2026-08-14T20:40:00Z,2026-09-25T20:00:00Z,2026-08-14T20:30:29.715777Z,2026-08-14T20:40:00.212818Z,KXA100WS-26SEP25,"If the value of NVIDIA A100 compute per hour is above $0.4 on Sep 25, 2026 at 4 PM ET, then the market resolves to Yes."
KXA100WS,A100 Weekly,KXA100WS-26SEP25-0.300,Will the NVIDIA A100 compute per hour price be above $0.3 at 4 PM ET on Sep 25?,active,0.9800,0.9900,0.9900,0.9900,500.00,0.00,500.00,0.0000,0.3,2026-08-14T20:40:00Z,2026-09-25T20:00:00Z,2026-08-14T20:30:29.715777Z,2026-08-14T20:40:00.212818Z,KXA100WS-26SEP25,"If the value of NVIDIA A100 compute per hour is above $0.3 on Sep 25, 2026 at 4 PM ET, then the market resolves to Yes."
KXA100WS,A100 Weekly,KXA100WS-26SEP18-2.000,Will the NVIDIA A100 compute per hour price be above $2 at 4 PM ET on Sep 18?,active,0.0100,0.0200,0.0100,0.0300,312.00,61.00,311.00,0.0000,2.0,2026-08-07T20:40:00Z,2026-09-18T20:00:00Z,2026-08-07T20:30:31.357228Z,2026-08-07T20:40:00.24746Z,KXA100WS-26SEP18,"If the value of NVIDIA A100 compute per hour is above $2 on Sep 18, 2026 at 4 PM ET, then the market resolves to Yes."
KXA100WS,A100 Weekly,KXA100WS-26SEP18-1.750,Will the NVIDIA A100 compute per hour price be above $1.75 at 4 PM ET on Sep 18?,active,0.0100,0.1500,0.0200,0.0200,250.00,0.00,250.00,0.0000,1.75,2026-08-07T20:40:00Z,2026-09-18T20:00:00Z,2026-08-07T20:30:31.357228Z,2026-08-07T20:40:00.24746Z,KXA100WS-26SEP18,"If the value of NVIDIA A100 compute per hour is above $1.75 on Sep 18, 2026 at 4 PM ET, then the market resolves to Yes."
KXA100WS,A100 Weekly,KXA100WS-26SEP18-1.500,Will the NVIDIA A100 compute per hour price be above $1.5 at 4 PM ET on Sep 18?,active,0.0100,0.2500,0.0200,0.0200,10.00,0.00,10.00,0.0000,1.5,2026-08-07T20:40:00Z,2026-09-18T20:00:00Z,2026-08-07T20:30:31.357228Z,2026-08-07T20:40:00.24746Z,KXA100WS-26SEP18,"If the value of NVIDIA A100 compute per hour is above $1.5 on Sep 18, 2026 at 4 PM ET, then the market resolves to Yes."
KXA100WS,A100 Weekly,KXA100WS-26SEP18-1.250,Will the NVIDIA A100 compute per hour price be above $1.25 at 4 PM ET on Sep 18?,active,0.0200,0.2200,0.1500,0.1500,123.48,0.00,123.48,0.0000,1.25,2026-08-07T20:40:00Z,2026-09-18T20:00:00Z,2026-08-07T20:30:31.357228Z,2026-08-07T20:40:00.24746Z,KXA100WS-26SEP18,"If the value of NVIDIA A100 compute per hour is above $1.25 on Sep 18, 2026 at 4 PM ET, then the market resolves to Yes."
KXA100WS,A100 Weekly,KXA100WS-26SEP18-1.000,Will the NVIDIA A100 compute per hour price be above $1 at 4 PM ET on Sep 18?,active,0.3700,0.4900,0.7000,0.4700,6560.52,1601.00,1105.00,0.0000,1.0,2026-08-07T20:40:00Z,2026-09-18T20:00:00Z,2026-08-07T20:30:31.357228Z,2026-08-07T20:40:00.24746Z,KXA100WS-26SEP18,"If the value of NVIDIA A100 compute per hour is above $1 on Sep 18, 2026 at 4 PM ET, then the market resolves to Yes."
KXA100WS,A100 Weekly,KXA100WS-26SEP18-0.750,Will the NVIDIA A100 compute per hour price be above $0.75 at 4 PM ET on Sep 18?,active,0.8700,0.9900,0.8700,0.0000,703.00,703.00,703.00,0.0000,0.75,2026-08-07T20:40:00Z,2026-09-18T20:00:00Z,2026-08-07T20:30:31.357228Z,2026-08-07T20:40:00.24746Z,KXA100WS-26SEP18,"If the value of NVIDIA A100 compute per hour is above $0.75 on Sep 18, 2026 at 4 PM ET, then the market resolves to Yes."
KXA100WS,A100 Weekly,KXA100WS-26SEP18-0.600,Will the NVIDIA A100 compute per hour price be above $0.6 at 4 PM ET on Sep 18?,active,0.9800,0.9900,0.9800,0.9800,270.00,225.00,218.00,0.0000,0.6,2026-08-07T20:40:00Z,2026-09-18T20:00:00Z,2026-08-07T20:30:31.357228Z,2026-08-07T20:40:00.24746Z,KXA100WS-26SEP18,"If the value of NVIDIA A100 compute per hour is above $0.6 on Sep 18, 2026 at 4 PM ET, then the market resolves to Yes."
KXA100WS,A100 Weekly,KXA100WS-26SEP18-0.500,Will the NVIDIA A100 compute per hour price be above $0.5 at 4 PM ET on Sep 18?,active,0.9800,0.9900,0.0000,0.0000,0.00,0.00,0.00,0.0000,0.5,2026-08-07T20:40:00Z,2026-09-18T20:00:00Z,2026-08-07T20:30:31.357228Z,2026-08-07T20:40:00.24746Z,KXA100WS-26SEP18,"If the value of NVIDIA A100 compute per hour is above $0.5 on Sep 18, 2026 at 4 PM ET, then the market resolves to Yes."
KXA100WS,A100 Weekly,KXA100WS-26SEP18-0.400,Will the NVIDIA A100 compute per hour price be above $0.4 at 4 PM ET on Sep 18?,active,0.9800,0.9900,0.0000,0.0000,0.00,0.00,0.00,0.0000,0.4,2026-08-07T20:40:00Z,2026-09-18T20:00:00Z,2026-08-07T20:30:31.357228Z,2026-08-07T20:40:00.24746Z,KXA100WS-26SEP18,"If the value of NVIDIA A100 compute per hour is above $0.4 on Sep 18, 2026 at 4 PM ET, then the market resolves to Yes."
KXA100WS,A100 Weekly,KXA100WS-26SEP18-0.300,Will the NVIDIA A100 compute per hour price be above $0.3 at 4 PM ET on Sep 18?,active,0.9800,0.9900,0.0000,0.0000,0.00,0.00,0.00,0.0000,0.3,2026-08-07T20:40:00Z,2026-09-18T20:00:00Z,2026-08-07T20:30:31.357228Z,2026-08-07T20:40:00.24746Z,KXA100WS-26SEP18,"If the value of NVIDIA A100 compute per hour is above $0.3 on Sep 18, 2026 at 4 PM ET, then the market resolves to Yes."
KXA100WS,A100 Weekly,KXA100WS-26SEP11-2.000,Will the NVIDIA A100 compute per hour price be above $2 at 4 PM ET on Sep 11?,active,0.0100,0.0200,0.0200,0.0200,252.95,0.00,243.95,0.0000,2.0,2026-07-31T20:41:00Z,2026-09-11T20:00:00Z,2026-07-31T20:31:54.297828Z,2026-07-31T20:41:00.045541Z,KXA100WS-26SEP11,"If the value of NVIDIA A100 compute per hour is above $2 on Sep 11, 2026 at 4 PM ET, then the market resolves to Yes."
KXA100WS,A100 Weekly,KXA100WS-26SEP11-1.750,Will the NVIDIA A100 compute per hour price be above $1.75 at 4 PM ET on Sep 11?,active,0.0100,0.0200,0.0300,0.0300,500.00,0.00,500.00,0.0000,1.75,2026-07-31T20:41:00Z,2026-09-11T20:00:00Z,2026-07-31T20:31:54.297828Z,2026-07-31T20:41:00.045541Z,KXA100WS-26SEP11,"If the value of NVIDIA A100 compute per hour is above $1.75 on Sep 11, 2026 at 4 PM ET, then the market resolves to Yes."
KXA100WS,A100 Weekly,KXA100WS-26SEP11-1.500,Will the NVIDIA A100 compute per hour price be above $1.5 at 4 PM ET on Sep 11?,active,0.0100,0.0300,0.0200,0.0200,654.69,135.69,654.69,0.0000,1.5,2026-07-31T20:41:00Z,2026-09-11T20:00:00Z,2026-07-31T20:31:54.297828Z,2026-07-31T20:41:00.045541Z,KXA100WS-26SEP11,"If the value of NVIDIA A100 compute per hour is above $1.5 on Sep 11, 2026 at 4 PM ET, then the market resolves to Yes."
KXA100WS,A100 Weekly,KXA100WS-26SEP11-1.250,Will the NVIDIA A100 compute per hour price be above $1.25 at 4 PM ET on Sep 11?,active,0.0900,0.1100,0.1000,0.1400,2043.14,273.00,1383.26,0.0000,1.25,2026-07-31T20:41:00Z,2026-09-11T20:00:00Z,2026-07-31T20:31:54.297828Z,2026-07-31T20:41:00.045541Z,KXA100WS-26SEP11,"If the value of NVIDIA A100 compute per hour is above $1.25 on Sep 11, 2026 at 4 PM ET, then the market resolves to Yes."
KXA100WS,A100 Weekly,KXA100WS-26SEP11-1.000,Will the NVIDIA A100 compute per hour price be above $1 at 4 PM ET on Sep 11?,active,0.4600,0.4700,0.4600,0.5400,8669.81,962.30,1962.77,0.0000,1.0,2026-07-31T20:41:00Z,2026-09-11T20:00:00Z,2026-07-31T20:31:54.297828Z,2026-07-31T20:41:00.045541Z,KXA100WS-26SEP11,"If the value of NVIDIA A100 compute per hour is above $1 on Sep 11, 2026 at 4 PM ET, then the market resolves to Yes."
KXA100WS,A100 Weekly,KXA100WS-26SEP11-0.750,Will the NVIDIA A100 compute per hour price be above $0.75 at 4 PM ET on Sep 11?,active,0.9400,0.9900,0.9700,0.0000,1188.00,1188.00,789.00,0.0000,0.75,2026-07-31T20:41:00Z,2026-09-11T20:00:00Z,2026-07-31T20:31:54.297828Z,2026-07-31T20:41:00.045541Z,KXA100WS-26SEP11,"If the value of NVIDIA A100 compute per hour is above $0.75 on Sep 11, 2026 at 4 PM ET, then the market resolves to Yes."
KXA100WS,A100 Weekly,KXA100WS-26SEP11-0.600,Will the NVIDIA A100 compute per hour price be above $0.6 at 4 PM ET on Sep 11?,active,0.9800,0.9900,0.9800,0.9900,2.00,1.00,1.00,0.0000,0.6,2026-07-31T20:41:00Z,2026-09-11T20:00:00Z,2026-07-31T20:31:54.297828Z,2026-07-31T20:41:00.045541Z,KXA100WS-26SEP11,"If the value of NVIDIA A100 compute per hour is above $0.6 on Sep 11, 2026 at 4 PM ET, then the market resolves to Yes."
KXA100WS,A100 Weekly,KXA100WS-26SEP11-0.500,Will the NVIDIA A100 compute per hour price be above $0.5 at 4 PM ET on Sep 11?,active,0.9800,0.9900,0.0000,0.0000,0.00,0.00,0.00,0.0000,0.5,2026-07-31T20:41:00Z,2026-09-11T20:00:00Z,2026-07-31T20:31:54.297828Z,2026-07-31T20:41:00.045541Z,KXA100WS-26SEP11,"If the value of NVIDIA A100 compute per hour is above $0.5 on Sep 11, 2026 at 4 PM ET, then the market resolves to Yes."
KXA100WS,A100 Weekly,KXA100WS-26SEP11-0.400,Will the NVIDIA A100 compute per hour price be above $0.4 at 4 PM ET on Sep 11?,active,0.9800,0.9900,0.9800,0.9800,66.00,0.00,66.00,0.0000,0.4,2026-07-31T20:41:00Z,2026-09-11T20:00:00Z,2026-07-31T20:31:54.297828Z,2026-07-31T20:41:00.045541Z,KXA100WS-26SEP11,"If the value of NVIDIA A100 compute per hour is above $0.4 on Sep 11, 2026 at 4 PM ET, then the market resolves to Yes."
KXA100WS,A100 Weekly,KXA100WS-26SEP11-0.300,Will the NVIDIA A100 compute per hour price be above $0.3 at 4 PM ET on Sep 11?,active,0.9800,0.9900,0.0000,0.0000,0.00,0.00,0.00,0.0000,0.3,2026-07-31T20:41:00Z,2026-09-11T20:00:00Z,2026-07-31T20:31:54.297828Z,2026-07-31T20:41:00.045541Z,KXA100WS-26SEP11,"If the value of NVIDIA A100 compute per hour is above $0.3 on Sep 11, 2026 at 4 PM ET, then the market resolves to Yes."
KXA100WS,A100 Weekly,KXA100WS-26SEP04-2.000,Will the NVIDIA A100 compute per hour price be above $2 at 4 PM ET on Sep 04?,active,0.0000,0.0100,0.0100,0.0100,1066.00,0.00,1066.00,0.0000,2.0,2026-07-24T20:40:00Z,2026-09-04T20:00:00Z,2026-07-24T20:30:28.036052Z,2026-07-24T20:40:00.512629Z,KXA100WS-26SEP04,"If the value of NVIDIA A100 compute per hour is above $2 on Sep 04, 2026 at 4 PM ET, then the market resolves to Yes."
KXA100WS,A100 Weekly,KXA100WS-26SEP04-1.750,Will the NVIDIA A100 compute per hour price be above $1.75 at 4 PM ET on Sep 04?,active,0.0000,0.0100,0.0100,0.0100,1066.00,0.00,1066.00,0.0000,1.75,2026-07-24T20:40:00Z,2026-09-04T20:00:00Z,2026-07-24T20:30:28.036052Z,2026-07-24T20:40:00.512629Z,KXA100WS-26SEP04,"If the value of NVIDIA A100 compute per hour is above $1.75 on Sep 04, 2026 at 4 PM ET, then the market resolves to Yes."
KXA100WS,A100 Weekly,KXA100WS-26SEP04-1.500,Will the NVIDIA A100 compute per hour price be above $1.5 at 4 PM ET on Sep 04?,active,0.0200,0.0700,0.0500,0.0400,9612.04,1172.62,5648.91,0.0000,1.5,2026-07-24T20:40:00Z,2026-09-04T20:00:00Z,2026-07-24T20:30:28.036052Z,2026-07-24T20:40:00.512629Z,KXA100WS-26SEP04,"If the value of NVIDIA A100 compute per hour is above $1.5 on Sep 04, 2026 at 4 PM ET, then the market resolves to Yes."
KXA100WS,A100 Weekly,KXA100WS-26SEP04-1.250,Will the NVIDIA A100 compute per hour price be above $1.25 at 4 PM ET on Sep 04?,active,0.0600,0.1000,0.1200,0.0700,4724.06,2075.65,2047.07,0.0000,1.25,2026-07-24T20:40:00Z,2026-09-04T20:00:00Z,2026-07-24T20:30:28.036052Z,2026-07-24T20:40:00.512629Z,KXA100WS-26SEP04,"If the value of NVIDIA A100 compute per hour is above $1.25 on Sep 04, 2026 at 4 PM ET, then the market resolves to Yes."
KXA100WS,A100 Weekly,KXA100WS-26SEP04-1.000,Will the NVIDIA A100 compute per hour price be above $1 at 4 PM ET on Sep 04?,active,0.4200,0.4300,0.4400,0.4900,33926.62,10757.80,10928.11,0.0000,1.0,2026-07-24T20:40:00Z,2026-09-04T20:00:00Z,2026-07-24T20:30:28.036052Z,2026-07-24T20:40:00.512629Z,KXA100WS-26SEP04,"If the value of NVIDIA A100 compute per hour is above $1 on Sep 04, 2026 at 4 PM ET, then the market resolves to Yes."
KXA100WS,A100 Weekly,KXA100WS-26SEP04-0.750,Will the NVIDIA A100 compute per hour price be above $0.75 at 4 PM ET on Sep 04?,active,0.9400,0.9800,0.9400,0.9900,6017.32,4809.59,2292.17,0.0000,0.75,2026-07-24T20:40:00Z,2026-09-04T20:00:00Z,2026-07-24T20:30:28.036052Z,2026-07-24T20:40:00.512629Z,KXA100WS-26SEP04,"If the value of NVIDIA A100 compute per hour is above $0.75 on Sep 04, 2026 at 4 PM ET, then the market resolves to Yes."
KXA100WS,A100 Weekly,KXA100WS-26SEP04-0.600,Will the NVIDIA A100 compute per hour price be above $0.6 at 4 PM ET on Sep 04?,active,0.9900,1.0000,0.9900,0.9900,1211.00,0.00,1121.00,0.0000,0.6,2026-07-24T20:40:00Z,2026-09-04T20:00:00Z,2026-07-24T20:30:28.036052Z,2026-07-24T20:40:00.512629Z,KXA100WS-26SEP04,"If the value of NVIDIA A100 compute per hour is above $0.6 on Sep 04, 2026 at 4 PM ET, then the market resolves to Yes."
KXA100WS,A100 Weekly,KXA100WS-26SEP04-0.500,Will the NVIDIA A100 compute per hour price be above $0.5 at 4 PM ET on Sep 04?,active,0.9900,1.0000,0.9900,0.9900,1211.00,0.00,1161.00,0.0000,0.5,2026-07-24T20:40:00Z,2026-09-04T20:00:00Z,2026-07-24T20:30:28.036052Z,2026-07-24T20:40:00.512629Z,KXA100WS-26SEP04,"If the value of NVIDIA A100 compute per hour is above $0.5 on Sep 04, 2026 at 4 PM ET, then the market resolves to Yes."
KXA100WS,A100 Weekly,KXA100WS-26SEP04-0.400,Will the NVIDIA A100 compute per hour price be above $0.4 at 4 PM ET on Sep 04?,active,0.9900,1.0000,0.9900,0.9900,1157.00,0.00,1067.00,0.0000,0.4,2026-07-24T20:40:00Z,2026-09-04T20:00:00Z,2026-07-24T20:30:28.036052Z,2026-07-24T20:40:00.512629Z,KXA100WS-26SEP04,"If the value of NVIDIA A100 compute per hour is above $0.4 on Sep 04, 2026 at 4 PM ET, then the market resolves to Yes."
KXA100WS,A100 Weekly,KXA100WS-26SEP04-0.300,Will the NVIDIA A100 compute per hour price be above $0.3 at 4 PM ET on Sep 04?,active,0.9900,1.0000,0.9900,0.9900,1084.00,0.00,1079.00,0.0000,0.3,2026-07-24T20:40:00Z,2026-09-04T20:00:00Z,2026-07-24T20:30:28.036052Z,2026-07-24T20:40:00.512629Z,KXA100WS-26SEP04,"If the value of NVIDIA A100 compute per hour is above $0.3 on Sep 04, 2026 at 4 PM ET, then the market resolves to Yes."
KXA100WS,A100 Weekly,KXA100WS-26AUG28-2.000,Will the NVIDIA A100 compute per hour price be above $2 at 4 PM ET on Aug 28?,finalized,0.0000,1.0000,0.0100,0.0100,1312.85,0.00,1279.52,0.0000,2.0,2026-07-17T20:40:00Z,2026-08-28T20:00:00Z,2026-07-17T20:30:34.462075Z,2026-08-31T15:44:13.022438Z,KXA100WS-26AUG28,"If the value of NVIDIA A100 compute per hour is above $2 on Aug 28, 2026 at 4 PM ET, then the market resolves to Yes."
KXA100WS,A100 Weekly,KXA100WS-26AUG28-1.750,Will the NVIDIA A100 compute per hour price be above $1.75 at 4 PM ET on Aug 28?,finalized,0.0000,1.0000,0.0100,0.0100,7989.53,0.00,6334.07,0.0000,1.75,2026-07-17T20:40:00Z,2026-08-28T20:00:00Z,2026-07-17T20:30:34.462075Z,2026-08-31T15:44:12.68359Z,KXA100WS-26AUG28,"If the value of NVIDIA A100 compute per hour is above $1.75 on Aug 28, 2026 at 4 PM ET, then the market resolves to Yes."
KXA100WS,A100 Weekly,KXA100WS-26AUG28-1.500,Will the NVIDIA A100 compute per hour price be above $1.5 at 4 PM ET on Aug 28?,finalized,0.0000,1.0000,0.0100,0.0100,18332.17,0.00,12112.59,0.0000,1.5,2026-07-17T20:40:00Z,2026-08-28T20:00:00Z,2026-07-17T20:30:34.462075Z,2026-08-31T15:44:12.486408Z,KXA100WS-26AUG28,"If the value of NVIDIA A100 compute per hour is above $1.5 on Aug 28, 2026 at 4 PM ET, then the market resolves to Yes."
KXA100WS,A100 Weekly,KXA100WS-26AUG28-1.250,Will the NVIDIA A100 compute per hour price be above $1.25 at 4 PM ET on Aug 28?,finalized,0.0000,1.0000,0.0100,0.0100,11132.74,0.00,5941.70,0.0000,1.25,2026-07-17T20:40:00Z,2026-08-28T20:00:00Z,2026-07-17T20:30:34.462075Z,2026-08-31T15:44:12.359687Z,KXA100WS-26AUG28,"If the value of NVIDIA A100 compute per hour is above $1.25 on Aug 28, 2026 at 4 PM ET, then the market resolves to Yes."
KXA100WS,A100 Weekly,KXA100WS-26AUG28-1.000,Will the NVIDIA A100 compute per hour price be above $1 at 4 PM ET on Aug 28?,finalized,0.0000,1.0000,0.9900,0.9900,4812.50,0.00,3828.07,0.0000,1.0,2026-07-17T20:40:00Z,2026-08-28T20:00:00Z,2026-07-17T20:30:34.462075Z,2026-08-31T15:44:12.259264Z,KXA100WS-26AUG28,"If the value of NVIDIA A100 compute per hour is above $1 on Aug 28, 2026 at 4 PM ET, then the market resolves to Yes."
KXA100WS,A100 Weekly,KXA100WS-26AUG28-0.750,Will the NVIDIA A100 compute per hour price be above $0.75 at 4 PM ET on Aug 28?,finalized,0.0000,1.0000,0.9900,0.9900,38186.87,0.00,16057.79,0.0000,0.75,2026-07-17T20:40:00Z,2026-08-28T20:00:00Z,2026-07-17T20:30:34.462075Z,2026-08-31T15:44:12.118963Z,KXA100WS-26AUG28,"If the value of NVIDIA A100 compute per hour is above $0.75 on Aug 28, 2026 at 4 PM ET, then the market resolves to Yes."
KXA100WS,A100 Weekly,KXA100WS-26AUG28-0.600,Will the NVIDIA A100 compute per hour price be above $0.6 at 4 PM ET on Aug 28?,finalized,0.0000,1.0000,0.9900,0.9900,2297.59,0.00,1695.00,0.0000,0.6,2026-07-17T20:40:00Z,2026-08-28T20:00:00Z,2026-07-17T20:30:34.462075Z,2026-08-31T15:44:11.668471Z,KXA100WS-26AUG28,"If the value of NVIDIA A100 compute per hour is above $0.6 on Aug 28, 2026 at 4 PM ET, then the market resolves to Yes."
KXA100WS,A100 Weekly,KXA100WS-26AUG28-0.500,Will the NVIDIA A100 compute per hour price be above $0.5 at 4 PM ET on Aug 28?,finalized,0.0000,1.0000,0.9900,0.9900,2728.00,0.00,1705.00,0.0000,0.5,2026-07-17T20:40:00Z,2026-08-28T20:00:00Z,2026-07-17T20:30:34.462075Z,2026-08-31T15:44:11.453506Z,KXA100WS-26AUG28,"If the value of NVIDIA A100 compute per hour is above $0.5 on Aug 28, 2026 at 4 PM ET, then the market resolves to Yes."
KXA100WS,A100 Weekly,KXA100WS-26AUG28-0.400,Will the NVIDIA A100 compute per hour price be above $0.4 at 4 PM ET on Aug 28?,finalized,0.0000,1.0000,0.9900,0.9900,2365.00,0.00,1624.00,0.0000,0.4,2026-07-17T20:40:00Z,2026-08-28T20:00:00Z,2026-07-17T20:30:34.462075Z,2026-08-31T15:44:11.152254Z,KXA100WS-26AUG28,"If the value of NVIDIA A100 compute per hour is above $0.4 on Aug 28, 2026 at 4 PM ET, then the market resolves to Yes."
KXA100WS,A100 Weekly,KXA100WS-26AUG28-0.300,Will the NVIDIA A100 compute per hour price be above $0.3 at 4 PM ET on Aug 28?,finalized,0.0000,1.0000,0.9900,0.9900,2664.00,0.00,1822.00,0.0000,0.3,2026-07-17T20:40:00Z,2026-08-28T20:00:00Z,2026-07-17T20:30:34.462075Z,2026-08-31T15:44:10.447009Z,KXA100WS-26AUG28,"If the value of NVIDIA A100 compute per hour is above $0.3 on Aug 28, 2026 at 4 PM ET, then the market resolves to Yes."
KXA100WS,A100 Weekly,KXA100WS-26AUG21-2.000,Will the NVIDIA A100 compute per hour price be above $2 at 4 PM ET on Aug 21?,finalized,0.0000,1.0000,0.0100,0.0100,1613.88,0.00,1300.00,0.0000,2.0,2026-07-17T20:40:00Z,2026-08-21T20:00:00Z,2026-07-17T20:30:33.787999Z,2026-08-24T16:09:55.808461Z,KXA100WS-26AUG21,"If the value of NVIDIA A100 compute per hour is above $2 on Aug 21, 2026 at 4 PM ET, then the market resolves to Yes."
KXA100WS,A100 Weekly,KXA100WS-26AUG21-1.750,Will the NVIDIA A100 compute per hour price be above $1.75 at 4 PM ET on Aug 21?,finalized,0.0000,1.0000,0.0100,0.0100,4798.18,0.00,4798.18,0.0000,1.75,2026-07-17T20:40:00Z,2026-08-21T20:00:00Z,2026-07-17T20:30:33.787999Z,2026-08-24T16:09:55.710887Z,KXA100WS-26AUG21,"If the value of NVIDIA A100 compute per hour is above $1.75 on Aug 21, 2026 at 4 PM ET, then the market resolves to Yes."
KXA100WS,A100 Weekly,KXA100WS-26AUG21-1.500,Will the NVIDIA A100 compute per hour price be above $1.5 at 4 PM ET on Aug 21?,finalized,0.0000,1.0000,0.0100,0.0100,18120.30,0.00,13404.29,0.0000,1.5,2026-07-17T20:40:00Z,2026-08-21T20:00:00Z,2026-07-17T20:30:33.787999Z,2026-08-24T16:09:55.589822Z,KXA100WS-26AUG21,"If the value of NVIDIA A100 compute per hour is above $1.5 on Aug 21, 2026 at 4 PM ET, then the market resolves to Yes."
KXA100WS,A100 Weekly,KXA100WS-26AUG21-1.250,Will the NVIDIA A100 compute per hour price be above $1.25 at 4 PM ET on Aug 21?,finalized,0.0000,1.0000,0.0800,0.0800,5665.42,0.00,3538.19,0.0000,1.25,2026-07-17T20:40:00Z,2026-08-21T20:00:00Z,2026-07-17T20:30:33.787999Z,2026-08-24T16:09:55.448601Z,KXA100WS-26AUG21,"If the value of NVIDIA A100 compute per hour is above $1.25 on Aug 21, 2026 at 4 PM ET, then the market resolves to Yes."
KXA100WS,A100 Weekly,KXA100WS-26AUG21-1.000,Will the NVIDIA A100 compute per hour price be above $1 at 4 PM ET on Aug 21?,finalized,0.0000,1.0000,0.9900,0.9900,12225.74,0.00,6601.08,0.0000,1.0,2026-07-17T20:40:00Z,2026-08-21T20:00:00Z,2026-07-17T20:30:33.787999Z,2026-08-24T16:09:55.349099Z,KXA100WS-26AUG21,"If the value of NVIDIA A100 compute per hour is above $1 on Aug 21, 2026 at 4 PM ET, then the market resolves to Yes."
KXA100WS,A100 Weekly,KXA100WS-26AUG21-0.750,Will the NVIDIA A100 compute per hour price be above $0.75 at 4 PM ET on Aug 21?,finalized,0.0000,1.0000,0.9900,0.9900,1835.06,0.00,1835.06,0.0000,0.75,2026-07-17T20:40:00Z,2026-08-21T20:00:00Z,2026-07-17T20:30:33.787999Z,2026-08-24T16:09:55.244477Z,KXA100WS-26AUG21,"If the value of NVIDIA A100 compute per hour is above $0.75 on Aug 21, 2026 at 4 PM ET, then the market resolves to Yes."
KXA100WS,A100 Weekly,KXA100WS-26AUG21-0.600,Will the NVIDIA A100 compute per hour price be above $0.6 at 4 PM ET on Aug 21?,finalized,0.0000,1.0000,0.9900,0.9900,1302.00,0.00,1302.00,0.0000,0.6,2026-07-17T20:40:00Z,2026-08-21T20:00:00Z,2026-07-17T20:30:33.787999Z,2026-08-24T16:09:55.146755Z,KXA100WS-26AUG21,"If the value of NVIDIA A100 compute per hour is above $0.6 on Aug 21, 2026 at 4 PM ET, then the market resolves to Yes."
KXA100WS,A100 Weekly,KXA100WS-26AUG21-0.500,Will the NVIDIA A100 compute per hour price be above $0.5 at 4 PM ET on Aug 21?,finalized,0.0000,1.0000,0.9900,0.9900,1302.00,0.00,1302.00,0.0000,0.5,2026-07-17T20:40:00Z,2026-08-21T20:00:00Z,2026-07-17T20:30:33.787999Z,2026-08-24T16:09:55.052906Z,KXA100WS-26AUG21,"If the value of NVIDIA A100 compute per hour is above $0.5 on Aug 21, 2026 at 4 PM ET, then the market resolves to Yes."
KXA100WS,A100 Weekly,KXA100WS-26AUG21-0.400,Will the NVIDIA A100 compute per hour price be above $0.4 at 4 PM ET on Aug 21?,finalized,0.0000,1.0000,0.9900,0.9900,1302.00,0.00,1302.00,0.0000,0.4,2026-07-17T20:40:00Z,2026-08-21T20:00:00Z,2026-07-17T20:30:33.787999Z,2026-08-24T16:09:54.938018Z,KXA100WS-26AUG21,"If the value of NVIDIA A100 compute per hour is above $0.4 on Aug 21, 2026 at 4 PM ET, then the market resolves to Yes."
KXA100WS,A100 Weekly,KXA100WS-26AUG21-0.300,Will the NVIDIA A100 compute per hour price be above $0.3 at 4 PM ET on Aug 21?,finalized,0.0000,1.0000,0.9900,0.9900,1301.00,0.00,1301.00,0.0000,0.3,2026-07-17T20:40:00Z,2026-08-21T20:00:00Z,2026-07-17T20:30:33.787999Z,2026-08-24T16:09:54.853138Z,KXA100WS-26AUG21,"If the value of NVIDIA A100 compute per hour is above $0.3 on Aug 21, 2026 at 4 PM ET, then the market resolves to Yes."
KXA100WS,A100 Weekly,KXA100WS-26AUG14-2.000,Will the NVIDIA A100 compute per hour price be above $2 at 4 PM ET on Aug 14?,finalized,0.0000,1.0000,0.0100,0.0100,1401.95,0.00,1286.95,0.0000,2.0,2026-07-17T20:40:00Z,2026-08-14T20:00:00Z,2026-07-17T20:30:33.129557Z,2026-08-14T21:49:42.398574Z,KXA100WS-26AUG14,"If the value of NVIDIA A100 compute per hour is above $2 on Aug 14, 2026 at 4 PM ET, then the market resolves to Yes."
KXA100WS,A100 Weekly,KXA100WS-26AUG14-1.750,Will the NVIDIA A100 compute per hour price be above $1.75 at 4 PM ET on Aug 14?,finalized,0.0000,1.0000,0.0100,0.0100,1625.03,0.00,1339.00,0.0000,1.75,2026-07-17T20:40:00Z,2026-08-14T20:00:00Z,2026-07-17T20:30:33.129557Z,2026-08-14T21:49:42.398574Z,KXA100WS-26AUG14,"If the value of NVIDIA A100 compute per hour is above $1.75 on Aug 14, 2026 at 4 PM ET, then the market resolves to Yes."
KXA100WS,A100 Weekly,KXA100WS-26AUG14-1.500,Will the NVIDIA A100 compute per hour price be above $1.5 at 4 PM ET on Aug 14?,finalized,0.0000,1.0000,0.0100,0.0100,15449.55,0.00,13550.53,0.0000,1.5,2026-07-17T20:40:00Z,2026-08-14T20:00:00Z,2026-07-17T20:30:33.129557Z,2026-08-14T21:49:42.398574Z,KXA100WS-26AUG14,"If the value of NVIDIA A100 compute per hour is above $1.5 on Aug 14, 2026 at 4 PM ET, then the market resolves to Yes."
KXA100WS,A100 Weekly,KXA100WS-26AUG14-1.250,Will the NVIDIA A100 compute per hour price be above $1.25 at 4 PM ET on Aug 14?,finalized,0.0000,1.0000,0.0200,0.0200,27164.91,0.00,21575.13,0.0000,1.25,2026-07-17T20:40:00Z,2026-08-14T20:00:00Z,2026-07-17T20:30:33.129557Z,2026-08-14T21:49:42.398574Z,KXA100WS-26AUG14,"If the value of NVIDIA A100 compute per hour is above $1.25 on Aug 14, 2026 at 4 PM ET, then the market resolves to Yes."
KXA100WS,A100 Weekly,KXA100WS-26AUG14-1.000,Will the NVIDIA A100 compute per hour price be above $1 at 4 PM ET on Aug 14?,finalized,0.0000,1.0000,0.9900,0.9900,17354.39,0.00,9877.07,0.0000,1.0,2026-07-17T20:40:00Z,2026-08-14T20:00:00Z,2026-07-17T20:30:33.129557Z,2026-08-14T21:49:42.398574Z,KXA100WS-26AUG14,"If the value of NVIDIA A100 compute per hour is above $1 on Aug 14, 2026 at 4 PM ET, then the market resolves to Yes."
KXA100WS,A100 Weekly,KXA100WS-26AUG14-0.750,Will the NVIDIA A100 compute per hour price be above $0.75 at 4 PM ET on Aug 14?,finalized,0.0000,1.0000,0.9900,0.9900,1580.00,0.00,1358.00,0.0000,0.75,2026-07-17T20:40:00Z,2026-08-14T20:00:00Z,2026-07-17T20:30:33.129557Z,2026-08-14T21:49:42.398574Z,KXA100WS-26AUG14,"If the value of NVIDIA A100 compute per hour is above $0.75 on Aug 14, 2026 at 4 PM ET, then the market resolves to Yes."
KXA100WS,A100 Weekly,KXA100WS-26AUG14-0.600,Will the NVIDIA A100 compute per hour price be above $0.6 at 4 PM ET on Aug 14?,finalized,0.0000,1.0000,0.9900,0.9900,1053.00,0.00,1052.00,0.0000,0.6,2026-07-17T20:40:00Z,2026-08-14T20:00:00Z,2026-07-17T20:30:33.129557Z,2026-08-14T21:49:42.398574Z,KXA100WS-26AUG14,"If the value of NVIDIA A100 compute per hour is above $0.6 on Aug 14, 2026 at 4 PM ET, then the market resolves to Yes."
KXA100WS,A100 Weekly,KXA100WS-26AUG14-0.500,Will the NVIDIA A100 compute per hour price be above $0.5 at 4 PM ET on Aug 14?,finalized,0.0000,1.0000,0.9900,0.9900,8058.00,0.00,8058.00,0.0000,0.5,2026-07-17T20:40:00Z,2026-08-14T20:00:00Z,2026-07-17T20:30:33.129557Z,2026-08-14T21:49:42.398574Z,KXA100WS-26AUG14,"If the value of NVIDIA A100 compute per hour is above $0.5 on Aug 14, 2026 at 4 PM ET, then the market resolves to Yes."
KXA100WS,A100 Weekly,KXA100WS-26AUG14-0.400,Will the NVIDIA A100 compute per hour price be above $0.4 at 4 PM ET on Aug 14?,finalized,0.0000,1.0000,0.9900,0.9900,2320.40,0.00,2126.89,0.0000,0.4,2026-07-17T20:40:00Z,2026-08-14T20:00:00Z,2026-07-17T20:30:33.129557Z,2026-08-14T21:49:42.398574Z,KXA100WS-26AUG14,"If the value of NVIDIA A100 compute per hour is above $0.4 on Aug 14, 2026 at 4 PM ET, then the market resolves to Yes."
KXA100WS,A100 Weekly,KXA100WS-26AUG14-0.300,Will the NVIDIA A100 compute per hour price be above $0.3 at 4 PM ET on Aug 14?,finalized,0.0000,1.0000,0.9900,0.9900,3554.81,0.00,2424.30,0.0000,0.3,2026-07-17T20:40:00Z,2026-08-14T20:00:00Z,2026-07-17T20:30:33.129557Z,2026-08-14T21:49:42.398574Z,KXA100WS-26AUG14,"If the value of NVIDIA A100 compute per hour is above $0.3 on Aug 14, 2026 at 4 PM ET, then the market resolves to Yes."
KXA100WS,A100 Weekly,KXA100WS-26AUG07-2.000,Will the NVIDIA A100 compute per hour price be above $2 at 4 PM ET on Aug 07?,finalized,0.0000,1.0000,0.0100,0.0100,2228.00,0.00,2120.00,0.0000,2.0,2026-06-29T19:11:00Z,2026-08-07T20:00:00Z,2026-06-29T19:01:42.141738Z,2026-08-10T18:28:21.271162Z,KXA100WS-26AUG07,"If the value of NVIDIA A100 compute per hour is above $2 on Aug 07, 2026 at 4 PM ET, then the market resolves to Yes."
KXA100WS,A100 Weekly,KXA100WS-26AUG07-1.750,Will the NVIDIA A100 compute per hour price be above $1.75 at 4 PM ET on Aug 07?,finalized,0.0000,1.0000,0.0100,0.0100,1880.40,0.00,1802.40,0.0000,1.75,2026-06-29T19:11:00Z,2026-08-07T20:00:00Z,2026-06-29T19:01:42.141738Z,2026-08-10T18:28:21.167869Z,KXA100WS-26AUG07,"If the value of NVIDIA A100 compute per hour is above $1.75 on Aug 07, 2026 at 4 PM ET, then the market resolves to Yes."
KXA100WS,A100 Weekly,KXA100WS-26AUG07-1.500,Will the NVIDIA A100 compute per hour price be above $1.5 at 4 PM ET on Aug 07?,finalized,0.0000,1.0000,0.0100,0.0100,2433.39,0.00,2085.66,0.0000,1.5,2026-06-29T19:11:00Z,2026-08-07T20:00:00Z,2026-06-29T19:01:42.141738Z,2026-08-10T18:28:21.061911Z,KXA100WS-26AUG07,"If the value of NVIDIA A100 compute per hour is above $1.5 on Aug 07, 2026 at 4 PM ET, then the market resolves to Yes."
KXA100WS,A100 Weekly,KXA100WS-26AUG07-1.250,Will the NVIDIA A100 compute per hour price be above $1.25 at 4 PM ET on Aug 07?,finalized,0.0000,1.0000,0.0100,0.0100,10472.84,0.00,7698.30,0.0000,1.25,2026-06-29T19:11:00Z,2026-08-07T20:00:00Z,2026-06-29T19:01:42.141738Z,2026-08-10T18:28:20.903656Z,KXA100WS-26AUG07,"If the value of NVIDIA A100 compute per hour is above $1.25 on Aug 07, 2026 at 4 PM ET, then the market resolves to Yes."
KXA100WS,A100 Weekly,KXA100WS-26AUG07-1.000,Will the NVIDIA A100 compute per hour price be above $1 at 4 PM ET on Aug 07?,finalized,0.0000,1.0000,0.8500,0.8500,8409.10,0.00,6076.98,0.0000,1.0,2026-06-29T19:11:00Z,2026-08-07T20:00:00Z,2026-06-29T19:01:42.141738Z,2026-08-10T18:28:20.718006Z,KXA100WS-26AUG07,"If the value of NVIDIA A100 compute per hour is above $1 on Aug 07, 2026 at 4 PM ET, then the market resolves to Yes."
KXA100WS,A100 Weekly,KXA100WS-26AUG07-0.750,Will the NVIDIA A100 compute per hour price be above $0.75 at 4 PM ET on Aug 07?,finalized,0.0000,1.0000,0.9900,0.9900,1783.31,0.00,1605.22,0.0000,0.75,2026-06-29T19:11:00Z,2026-08-07T20:00:00Z,2026-06-29T19:01:42.141738Z,2026-08-10T18:28:20.563731Z,KXA100WS-26AUG07,"If the value of NVIDIA A100 compute per hour is above $0.75 on Aug 07, 2026 at 4 PM ET, then the market resolves to Yes."
KXA100WS,A100 Weekly,KXA100WS-26AUG07-0.500,Will the NVIDIA A100 compute per hour price be above $0.5 at 4 PM ET on Aug 07?,finalized,0.0000,1.0000,0.9900,0.9900,1675.00,0.00,1599.00,0.0000,0.5,2026-06-29T19:11:00Z,2026-08-07T20:00:00Z,2026-06-29T19:01:42.141738Z,2026-08-10T18:28:20.463707Z,KXA100WS-26AUG07,"If the value of NVIDIA A100 compute per hour is above $0.5 on Aug 07, 2026 at 4 PM ET, then the market resolves to Yes."
KXA100WS,A100 Weekly,KXA100WS-26JUL31-2.000,Will the NVIDIA A100 compute per hour price be above $2 at 4 PM ET on Jul 31?,finalized,0.0000,1.0000,0.0200,0.0200,4179.19,0.00,4148.19,0.0000,2.0,2026-06-29T19:11:00Z,2026-07-31T20:00:00Z,2026-06-29T19:01:41.231789Z,2026-07-31T21:26:50.96635Z,KXA100WS-26JUL31,"If the value of NVIDIA A100 compute per hour is above $2 on Jul 31, 2026 at 4 PM ET, then the market resolves to Yes."
KXA100WS,A100 Weekly,KXA100WS-26JUL31-1.750,Will the NVIDIA A100 compute per hour price be above $1.75 at 4 PM ET on Jul 31?,finalized,0.0000,1.0000,0.0200,0.0200,38029.82,0.00,37927.85,0.0000,1.75,2026-06-29T19:11:00Z,2026-07-31T20:00:00Z,2026-06-29T19:01:41.231789Z,2026-07-31T21:26:50.96635Z,KXA100WS-26JUL31,"If the value of NVIDIA A100 compute per hour is above $1.75 on Jul 31, 2026 at 4 PM ET, then the market resolves to Yes."
KXA100WS,A100 Weekly,KXA100WS-26JUL31-1.500,Will the NVIDIA A100 compute per hour price be above $1.5 at 4 PM ET on Jul 31?,finalized,0.0000,1.0000,0.0200,0.0200,24754.99,0.00,21502.19,0.0000,1.5,2026-06-29T19:11:00Z,2026-07-31T20:00:00Z,2026-06-29T19:01:41.231789Z,2026-07-31T21:26:50.96635Z,KXA100WS-26JUL31,"If the value of NVIDIA A100 compute per hour is above $1.5 on Jul 31, 2026 at 4 PM ET, then the market resolves to Yes."
KXA100WS,A100 Weekly,KXA100WS-26JUL31-1.250,Will the NVIDIA A100 compute per hour price be above $1.25 at 4 PM ET on Jul 31?,finalized,0.0000,1.0000,0.0100,0.0100,23963.60,0.00,12773.23,0.0000,1.25,2026-06-29T19:11:00Z,2026-07-31T20:00:00Z,2026-06-29T19:01:41.231789Z,2026-07-31T21:26:50.96635Z,KXA100WS-26JUL31,"If the value of NVIDIA A100 compute per hour is above $1.25 on Jul 31, 2026 at 4 PM ET, then the market resolves to Yes."
KXA100WS,A100 Weekly,KXA100WS-26JUL31-1.000,Will the NVIDIA A100 compute per hour price be above $1 at 4 PM ET on Jul 31?,finalized,0.0000,1.0000,0.8700,0.8700,4409.19,0.00,2173.61,0.0000,1.0,2026-06-29T19:11:00Z,2026-07-31T20:00:00Z,2026-06-29T19:01:41.231789Z,2026-07-31T21:26:50.96635Z,KXA100WS-26JUL31,"If the value of NVIDIA A100 compute per hour is above $1 on Jul 31, 2026 at 4 PM ET, then the market resolves to Yes."
KXA100WS,A100 Weekly,KXA100WS-26JUL31-0.750,Will the NVIDIA A100 compute per hour price be above $0.75 at 4 PM ET on Jul 31?,finalized,0.0000,1.0000,0.9900,0.9900,1817.69,0.00,1464.79,0.0000,0.75,2026-06-29T19:11:00Z,2026-07-31T20:00:00Z,2026-06-29T19:01:41.231789Z,2026-07-31T21:26:50.96635Z,KXA100WS-26JUL31,"If the value of NVIDIA A100 compute per hour is above $0.75 on Jul 31, 2026 at 4 PM ET, then the market resolves to Yes."
KXA100WS,A100 Weekly,KXA100WS-26JUL31-0.500,Will the NVIDIA A100 compute per hour price be above $0.5 at 4 PM ET on Jul 31?,finalized,0.0000,1.0000,0.9900,0.9900,40.71,0.00,39.96,0.0000,0.5,2026-06-29T19:11:00Z,2026-07-31T20:00:00Z,2026-06-29T19:01:41.231789Z,2026-07-31T21:26:50.96635Z,KXA100WS-26JUL31,"If the value of NVIDIA A100 compute per hour is above $0.5 on Jul 31, 2026 at 4 PM ET, then the market resolves to Yes."
KXA100WS,A100 Weekly,KXA100WS-26JUL24-2.000,Will the NVIDIA A100 compute per hour price be above $2 at 4 PM ET on Jul 24?,finalized,0.0000,1.0000,0.0100,0.0100,3183.53,0.00,3135.81,0.0000,2.0,2026-06-29T19:11:00Z,2026-07-24T20:00:00Z,2026-06-29T19:01:40.24907Z,2026-07-24T20:49:55.976995Z,KXA100WS-26JUL24,"If the value of NVIDIA A100 compute per hour is above $2 on Jul 24, 2026 at 4 PM ET, then the market resolves to Yes."
KXA100WS,A100 Weekly,KXA100WS-26JUL24-1.750,Will the NVIDIA A100 compute per hour price be above $1.75 at 4 PM ET on Jul 24?,finalized,0.0000,1.0000,0.0100,0.0100,3518.79,0.00,3486.85,0.0000,1.75,2026-06-29T19:11:00Z,2026-07-24T20:00:00Z,2026-06-29T19:01:40.24907Z,2026-07-24T20:49:55.976995Z,KXA100WS-26JUL24,"If the value of NVIDIA A100 compute per hour is above $1.75 on Jul 24, 2026 at 4 PM ET, then the market resolves to Yes."
KXA100WS,A100 Weekly,KXA100WS-26JUL24-1.500,Will the NVIDIA A100 compute per hour price be above $1.5 at 4 PM ET on Jul 24?,finalized,0.0000,1.0000,0.0100,0.0100,19627.65,0.00,16149.11,0.0000,1.5,2026-06-29T19:11:00Z,2026-07-24T20:00:00Z,2026-06-29T19:01:40.24907Z,2026-07-24T20:49:55.976995Z,KXA100WS-26JUL24,"If the value of NVIDIA A100 compute per hour is above $1.5 on Jul 24, 2026 at 4 PM ET, then the market resolves to Yes."
KXA100WS,A100 Weekly,KXA100WS-26JUL24-1.250,Will the NVIDIA A100 compute per hour price be above $1.25 at 4 PM ET on Jul 24?,finalized,0.0000,1.0000,0.0200,0.0200,16767.42,0.00,10099.66,0.0000,1.25,2026-06-29T19:11:00Z,2026-07-24T20:00:00Z,2026-06-29T19:01:40.24907Z,2026-07-24T20:49:55.976995Z,KXA100WS-26JUL24,"If the value of NVIDIA A100 compute per hour is above $1.25 on Jul 24, 2026 at 4 PM ET, then the market resolves to Yes."
KXA100WS,A100 Weekly,KXA100WS-26JUL24-1.000,Will the NVIDIA A100 compute per hour price be above $1 at 4 PM ET on Jul 24?,finalized,0.0000,1.0000,0.9900,0.9900,5948.80,0.00,1266.68,0.0000,1.0,2026-06-29T19:11:00Z,2026-07-24T20:00:00Z,2026-06-29T19:01:40.24907Z,2026-07-24T20:49:55.976995Z,KXA100WS-26JUL24,"If the value of NVIDIA A100 compute per hour is above $1 on Jul 24, 2026 at 4 PM ET, then the market resolves to Yes."
KXA100WS,A100 Weekly,KXA100WS-26JUL24-0.750,Will the NVIDIA A100 compute per hour price be above $0.75 at 4 PM ET on Jul 24?,finalized,0.0000,1.0000,0.9900,0.9900,2574.61,0.00,1494.80,0.0000,0.75,2026-06-29T19:11:00Z,2026-07-24T20:00:00Z,2026-06-29T19:01:40.24907Z,2026-07-24T20:49:55.976995Z,KXA100WS-26JUL24,"If the value of NVIDIA A100 compute per hour is above $0.75 on Jul 24, 2026 at 4 PM ET, then the market resolves to Yes."
KXA100WS,A100 Weekly,KXA100WS-26JUL24-0.500,Will the NVIDIA A100 compute per hour price be above $0.5 at 4 PM ET on Jul 24?,finalized,0.0000,1.0000,0.9900,0.9900,1619.07,0.00,1389.50,0.0000,0.5,2026-06-29T19:11:00Z,2026-07-24T20:00:00Z,2026-06-29T19:01:40.24907Z,2026-07-24T20:49:55.976995Z,KXA100WS-26JUL24,"If the value of NVIDIA A100 compute per hour is above $0.5 on Jul 24, 2026 at 4 PM ET, then the market resolves to Yes."
KXA100WS,A100 Weekly,KXA100WS-26JUL17-2.000,Will the NVIDIA A100 compute per hour price be above $2 at 4 PM ET on Jul 17?,finalized,0.0000,1.0000,0.0100,0.0100,1517.93,0.00,1499.33,0.0000,2.0,2026-06-29T19:11:00Z,2026-07-17T20:00:00Z,2026-06-29T19:01:39.33202Z,2026-07-20T13:49:27.796924Z,KXA100WS-26JUL17,"If the value of NVIDIA A100 compute per hour is above $2 on Jul 17, 2026 at 4 PM ET, then the market resolves to Yes."
KXA100WS,A100 Weekly,KXA100WS-26JUL17-1.750,Will the NVIDIA A100 compute per hour price be above $1.75 at 4 PM ET on Jul 17?,finalized,0.0000,1.0000,0.0100,0.0100,1322.56,0.00,1177.77,0.0000,1.75,2026-06-29T19:11:00Z,2026-07-17T20:00:00Z,2026-06-29T19:01:39.33202Z,2026-07-20T13:49:27.707223Z,KXA100WS-26JUL17,"If the value of NVIDIA A100 compute per hour is above $1.75 on Jul 17, 2026 at 4 PM ET, then the market resolves to Yes."
KXA100WS,A100 Weekly,KXA100WS-26JUL17-1.500,Will the NVIDIA A100 compute per hour price be above $1.5 at 4 PM ET on Jul 17?,finalized,0.0000,1.0000,0.0100,0.0100,14124.11,0.00,11815.05,0.0000,1.5,2026-06-29T19:11:00Z,2026-07-17T20:00:00Z,2026-06-29T19:01:39.33202Z,2026-07-20T13:49:27.613877Z,KXA100WS-26JUL17,"If the value of NVIDIA A100 compute per hour is above $1.5 on Jul 17, 2026 at 4 PM ET, then the market resolves to Yes."
KXA100WS,A100 Weekly,KXA100WS-26JUL17-1.250,Will the NVIDIA A100 compute per hour price be above $1.25 at 4 PM ET on Jul 17?,finalized,0.0000,1.0000,0.0200,0.0200,7049.44,0.00,4082.97,0.0000,1.25,2026-06-29T19:11:00Z,2026-07-17T20:00:00Z,2026-06-29T19:01:39.33202Z,2026-07-20T13:49:27.501425Z,KXA100WS-26JUL17,"If the value of NVIDIA A100 compute per hour is above $1.25 on Jul 17, 2026 at 4 PM ET, then the market resolves to Yes."
KXA100WS,A100 Weekly,KXA100WS-26JUL17-1.000,Will the NVIDIA A100 compute per hour price be above $1 at 4 PM ET on Jul 17?,finalized,0.0000,1.0000,0.9900,0.9900,3738.68,0.00,1430.37,0.0000,1.0,2026-06-29T19:11:00Z,2026-07-17T20:00:00Z,2026-06-29T19:01:39.33202Z,2026-07-20T13:49:27.410727Z,KXA100WS-26JUL17,"If the value of NVIDIA A100 compute per hour is above $1 on Jul 17, 2026 at 4 PM ET, then the market resolves to Yes."
KXA100WS,A100 Weekly,KXA100WS-26JUL17-0.750,Will the NVIDIA A100 compute per hour price be above $0.75 at 4 PM ET on Jul 17?,finalized,0.0000,1.0000,0.9900,0.9900,2940.40,0.00,2715.43,0.0000,0.75,2026-06-29T19:11:00Z,2026-07-17T20:00:00Z,2026-06-29T19:01:39.33202Z,2026-07-20T13:49:27.319411Z,KXA100WS-26JUL17,"If the value of NVIDIA A100 compute per hour is above $0.75 on Jul 17, 2026 at 4 PM ET, then the market resolves to Yes."
KXA100WS,A100 Weekly,KXA100WS-26JUL17-0.500,Will the NVIDIA A100 compute per hour price be above $0.5 at 4 PM ET on Jul 17?,finalized,0.0000,1.0000,0.9900,0.9900,1192.93,0.00,1158.93,0.0000,0.5,2026-06-29T19:11:00Z,2026-07-17T20:00:00Z,2026-06-29T19:01:39.33202Z,2026-07-20T13:49:27.228825Z,KXA100WS-26JUL17,"If the value of NVIDIA A100 compute per hour is above $0.5 on Jul 17, 2026 at 4 PM ET, then the market resolves to Yes."
KXA100WS,A100 Weekly,KXA100WS-26JUL10-2.000,Will the NVIDIA A100 compute per hour price be above $2 at 4 PM ET on Jul 10?,finalized,0.0000,1.0000,0.0100,0.0100,1867.00,0.00,1865.00,0.0000,2.0,2026-06-29T19:11:00Z,2026-07-10T20:00:00Z,2026-06-29T19:01:38.481973Z,2026-07-10T21:24:49.542542Z,KXA100WS-26JUL10,"If the value of NVIDIA A100 compute per hour is above $2 on Jul 10, 2026 at 4 PM ET, then the market resolves to Yes."
KXA100WS,A100 Weekly,KXA100WS-26JUL10-1.750,Will the NVIDIA A100 compute per hour price be above $1.75 at 4 PM ET on Jul 10?,finalized,0.0000,1.0000,0.0100,0.0100,5881.76,0.00,5595.07,0.0000,1.75,2026-06-29T19:11:00Z,2026-07-10T20:00:00Z,2026-06-29T19:01:38.481973Z,2026-07-10T21:24:49.542542Z,KXA100WS-26JUL10,"If the value of NVIDIA A100 compute per hour is above $1.75 on Jul 10, 2026 at 4 PM ET, then the market resolves to Yes."
KXA100WS,A100 Weekly,KXA100WS-26JUL10-1.500,Will the NVIDIA A100 compute per hour price be above $1.5 at 4 PM ET on Jul 10?,finalized,0.0000,1.0000,0.0100,0.0100,2342.20,0.00,1744.87,0.0000,1.5,2026-06-29T19:11:00Z,2026-07-10T20:00:00Z,2026-06-29T19:01:38.481973Z,2026-07-10T21:24:49.542542Z,KXA100WS-26JUL10,"If the value of NVIDIA A100 compute per hour is above $1.5 on Jul 10, 2026 at 4 PM ET, then the market resolves to Yes."
KXA100WS,A100 Weekly,KXA100WS-26JUL10-1.250,Will the NVIDIA A100 compute per hour price be above $1.25 at 4 PM ET on Jul 10?,finalized,0.0000,1.0000,0.0100,0.0100,4115.83,0.00,2545.83,0.0000,1.25,2026-06-29T19:11:00Z,2026-07-10T20:00:00Z,2026-06-29T19:01:38.481973Z,2026-07-10T21:24:49.542542Z,KXA100WS-26JUL10,"If the value of NVIDIA A100 compute per hour is above $1.25 on Jul 10, 2026 at 4 PM ET, then the market resolves to Yes."
KXA100WS,A100 Weekly,KXA100WS-26JUL10-1.000,Will the NVIDIA A100 compute per hour price be above $1 at 4 PM ET on Jul 10?,finalized,0.0000,1.0000,0.8200,0.8200,1241.36,0.00,628.28,0.0000,1.0,2026-06-29T19:11:00Z,2026-07-10T20:00:00Z,2026-06-29T19:01:38.481973Z,2026-07-10T21:24:49.542542Z,KXA100WS-26JUL10,"If the value of NVIDIA A100 compute per hour is above $1 on Jul 10, 2026 at 4 PM ET, then the market resolves to Yes."
KXA100WS,A100 Weekly,KXA100WS-26JUL10-0.750,Will the NVIDIA A100 compute per hour price be above $0.75 at 4 PM ET on Jul 10?,finalized,0.0000,1.0000,0.9900,0.9900,703.54,0.00,468.29,0.0000,0.75,2026-06-29T19:11:00Z,2026-07-10T20:00:00Z,2026-06-29T19:01:38.481973Z,2026-07-10T21:24:49.542542Z,KXA100WS-26JUL10,"If the value of NVIDIA A100 compute per hour is above $0.75 on Jul 10, 2026 at 4 PM ET, then the market resolves to Yes."
KXA100WS,A100 Weekly,KXA100WS-26JUL10-0.500,Will the NVIDIA A100 compute per hour price be above $0.5 at 4 PM ET on Jul 10?,finalized,0.0000,1.0000,0.9900,0.9900,2039.00,0.00,1796.00,0.0000,0.5,2026-06-29T19:11:00Z,2026-07-10T20:00:00Z,2026-06-29T19:01:38.481973Z,2026-07-10T21:24:49.542542Z,KXA100WS-26JUL10,"If the value of NVIDIA A100 compute per hour is above $0.5 on Jul 10, 2026 at 4 PM ET, then the market resolves to Yes."
KXA100WS,A100 Weekly,KXA100WS-26JUL03-2.000,Will the NVIDIA A100 compute per hour price be above $2 at 4 PM ET on Jul 03?,finalized,0.0000,1.0000,0.0100,0.0100,5245.01,0.00,5223.01,0.0000,2.0,2026-06-29T19:11:00Z,2026-07-03T20:00:00Z,2026-06-29T19:01:37.642805Z,2026-07-07T21:21:11.860504Z,KXA100WS-26JUL03,"If the value of NVIDIA A100 compute per hour is above $2 on Jul 03, 2026 at 4 PM ET, then the market resolves to Yes."
KXA100WS,A100 Weekly,KXA100WS-26JUL03-1.750,Will the NVIDIA A100 compute per hour price be above $1.75 at 4 PM ET on Jul 03?,finalized,0.0000,1.0000,0.0100,0.0100,1525.71,0.00,1387.20,0.0000,1.75,2026-06-29T19:11:00Z,2026-07-03T20:00:00Z,2026-06-29T19:01:37.642805Z,2026-07-07T21:21:11.725228Z,KXA100WS-26JUL03,"If the value of NVIDIA A100 compute per hour is above $1.75 on Jul 03, 2026 at 4 PM ET, then the market resolves to Yes."
KXA100WS,A100 Weekly,KXA100WS-26JUL03-1.500,Will the NVIDIA A100 compute per hour price be above $1.5 at 4 PM ET on Jul 03?,finalized,0.0000,1.0000,0.0100,0.0100,8165.00,0.00,8137.00,0.0000,1.5,2026-06-29T19:11:00Z,2026-07-03T20:00:00Z,2026-06-29T19:01:37.642805Z,2026-07-07T21:21:11.629Z,KXA100WS-26JUL03,"If the value of NVIDIA A100 compute per hour is above $1.5 on Jul 03, 2026 at 4 PM ET, then the market resolves to Yes."
KXA100WS,A100 Weekly,KXA100WS-26JUL03-1.250,Will the NVIDIA A100 compute per hour price be above $1.25 at 4 PM ET on Jul 03?,finalized,0.0000,1.0000,0.0400,0.0400,5152.60,0.00,3227.90,0.0000,1.25,2026-06-29T19:11:00Z,2026-07-03T20:00:00Z,2026-06-29T19:01:37.642805Z,2026-07-07T21:21:11.496184Z,KXA100WS-26JUL03,"If the value of NVIDIA A100 compute per hour is above $1.25 on Jul 03, 2026 at 4 PM ET, then the market resolves to Yes."
KXA100WS,A100 Weekly,KXA100WS-26JUL03-1.000,Will the NVIDIA A100 compute per hour price be above $1 at 4 PM ET on Jul 03?,finalized,0.0000,1.0000,0.9200,0.9200,1807.01,0.00,1121.94,0.0000,1.0,2026-06-29T19:11:00Z,2026-07-03T20:00:00Z,2026-06-29T19:01:37.642805Z,2026-07-07T21:21:11.374358Z,KXA100WS-26JUL03,"If the value of NVIDIA A100 compute per hour is above $1 on Jul 03, 2026 at 4 PM ET, then the market resolves to Yes."
KXA100WS,A100 Weekly,KXA100WS-26JUL03-0.750,Will the NVIDIA A100 compute per hour price be above $0.75 at 4 PM ET on Jul 03?,finalized,0.0000,1.0000,0.9900,0.9900,1982.66,0.00,1562.00,0.0000,0.75,2026-06-29T19:11:00Z,2026-07-03T20:00:00Z,2026-06-29T19:01:37.642805Z,2026-07-07T21:21:11.211234Z,KXA100WS-26JUL03,"If the value of NVIDIA A100 compute per hour is above $0.75 on Jul 03, 2026 at 4 PM ET, then the market resolves to Yes."
KXA100WS,A100 Weekly,KXA100WS-26JUL03-0.500,Will the NVIDIA A100 compute per hour price be above $0.5 at 4 PM ET on Jul 03?,finalized,0.0000,1.0000,0.9900,0.9900,1186.44,0.00,1176.44,0.0000,0.5,2026-06-29T19:11:00Z,2026-07-03T20:00:00Z,2026-06-29T19:01:37.642805Z,2026-07-07T21:21:11.101483Z,KXA100WS-26JUL03,"If the value of NVIDIA A100 compute per hour is above $0.5 on Jul 03, 2026 at 4 PM ET, then the market resolves to Yes."
KXA100MS,A100 Monthly,KXA100MS-27AUG-2.000,Will the monthly average compute price of NVIDIA's A100 be above $2.00 in August 2027?,active,0.1100,0.1200,0.0500,0.0500,501.00,0.00,401.00,0.0000,2.0,2026-08-01T14:00:00Z,2027-09-01T03:59:59Z,2026-08-01T09:00:35.744199Z,2026-08-01T14:00:00.053004Z,KXA100MS-27AUG,"If the average value of NVIDIA A100 compute per hour is above $2 in August 2027, then the market resolves to Yes."
KXA100MS,A100 Monthly,KXA100MS-27AUG-1.750,Will the monthly average compute price of NVIDIA's A100 be above $1.75 in August 2027?,active,0.1600,0.1800,0.0000,0.0000,0.00,0.00,0.00,0.0000,1.75,2026-08-01T14:00:00Z,2027-09-01T03:59:59Z,2026-08-01T09:00:35.744199Z,2026-08-01T14:00:00.053004Z,KXA100MS-27AUG,"If the average value of NVIDIA A100 compute per hour is above $1.75 in August 2027, then the market resolves to Yes."
KXA100MS,A100 Monthly,KXA100MS-27AUG-1.500,Will the monthly average compute price of NVIDIA's A100 be above $1.50 in August 2027?,active,0.2300,0.2500,0.0000,0.0000,0.00,0.00,0.00,0.0000,1.5,2026-08-01T14:00:00Z,2027-09-01T03:59:59Z,2026-08-01T09:00:35.744199Z,2026-08-01T14:00:00.053004Z,KXA100MS-27AUG,"If the average value of NVIDIA A100 compute per hour is above $1.5 in August 2027, then the market resolves to Yes."
KXA100MS,A100 Monthly,KXA100MS-27AUG-1.250,Will the monthly average compute price of NVIDIA's A100 be above $1.25 in August 2027?,active,0.3300,0.3500,0.0000,0.0000,0.00,0.00,0.00,0.0000,1.25,2026-08-01T14:00:00Z,2027-09-01T03:59:59Z,2026-08-01T09:00:35.744199Z,2026-08-01T14:00:00.053004Z,KXA100MS-27AUG,"If the average value of NVIDIA A100 compute per hour is above $1.25 in August 2027, then the market resolves to Yes."
KXA100MS,A100 Monthly,KXA100MS-27AUG-1.000,Will the monthly average compute price of NVIDIA's A100 be above $1.00 in August 2027?,active,0.4600,0.5100,0.0000,0.0000,0.00,0.00,0.00,0.0000,1.0,2026-08-01T14:00:00Z,2027-09-01T03:59:59Z,2026-08-01T09:00:35.744199Z,2026-08-01T14:00:00.053004Z,KXA100MS-27AUG,"If the average value of NVIDIA A100 compute per hour is above $1 in August 2027, then the market resolves to Yes."
KXA100MS,A100 Monthly,KXA100MS-27AUG-0.750,Will the monthly average compute price of NVIDIA's A100 be above $0.75 in August 2027?,active,0.6500,0.6600,0.7700,0.7700,26.00,0.00,25.00,0.0000,0.75,2026-08-01T14:00:00Z,2027-09-01T03:59:59Z,2026-08-01T09:00:35.744199Z,2026-08-01T14:00:00.053004Z,KXA100MS-27AUG,"If the average value of NVIDIA A100 compute per hour is above $0.75 in August 2027, then the market resolves to Yes."
KXA100MS,A100 Monthly,KXA100MS-27AUG-0.600,Will the monthly average compute price of NVIDIA's A100 be above $0.60 in August 2027?,active,0.8000,0.8300,0.9000,0.9000,100.00,0.00,100.00,0.0000,0.6,2026-08-01T14:00:00Z,2027-09-01T03:59:59Z,2026-08-01T09:00:35.744199Z,2026-08-01T14:00:00.053004Z,KXA100MS-27AUG,"If the average value of NVIDIA A100 compute per hour is above $0.6 in August 2027, then the market resolves to Yes."
KXA100MS,A100 Monthly,KXA100MS-27AUG-0.500,Will the monthly average compute price of NVIDIA's A100 be above $0.50 in August 2027?,active,0.8600,0.8700,0.1500,0.1500,1.00,0.00,1.00,0.0000,0.5,2026-08-01T14:00:00Z,2027-09-01T03:59:59Z,2026-08-01T09:00:35.744199Z,2026-08-01T14:00:00.053004Z,KXA100MS-27AUG,"If the average value of NVIDIA A100 compute per hour is above $0.5 in August 2027, then the market resolves to Yes."
KXA100MS,A100 Monthly,KXA100MS-27AUG-0.400,Will the monthly average compute price of NVIDIA's A100 be above $0.40 in August 2027?,active,0.9200,0.9300,0.9900,0.9900,100.00,0.00,100.00,0.0000,0.4,2026-08-01T14:00:00Z,2027-09-01T03:59:59Z,2026-08-01T09:00:35.744199Z,2026-08-01T14:00:00.053004Z,KXA100MS-27AUG,"If the average value of NVIDIA A100 compute per hour is above $0.4 in August 2027, then the market resolves to Yes."
KXA100MS,A100 Monthly,KXA100MS-27AUG-0.300,Will the monthly average compute price of NVIDIA's A100 be above $0.30 in August 2027?,active,0.9600,0.9700,0.9500,0.9500,600.00,0.00,400.00,0.0000,0.3,2026-08-01T14:00:00Z,2027-09-01T03:59:59Z,2026-08-01T09:00:35.744199Z,2026-08-01T14:00:00.053004Z,KXA100MS-27AUG,"If the average value of NVIDIA A100 compute per hour is above $0.3 in August 2027, then the market resolves to Yes."
KXA100MS,A100 Monthly,KXA100MS-27JUL-2.000,Will the monthly average compute price of NVIDIA's A100 be above $2.00 in July 2027?,active,0.0800,0.0900,0.0600,0.0600,1597.00,0.00,1237.00,0.0000,2.0,2026-07-01T14:00:00Z,2027-08-01T03:59:59Z,2026-07-01T09:00:40.707923Z,2026-07-13T17:10:14.533215Z,KXA100MS-27JUL,"If the average value of NVIDIA A100 compute per hour is above $2 in July 2027, then the market resolves to Yes."
KXA100MS,A100 Monthly,KXA100MS-27JUL-1.750,Will the monthly average compute price of NVIDIA's A100 be above $1.75 in July 2027?,active,0.1500,0.1600,0.0600,0.0600,642.96,0.00,493.34,0.0000,1.75,2026-07-01T14:00:00Z,2027-08-01T03:59:59Z,2026-07-01T09:00:40.707923Z,2026-07-13T17:10:14.533215Z,KXA100MS-27JUL,"If the average value of NVIDIA A100 compute per hour is above $1.75 in July 2027, then the market resolves to Yes."
KXA100MS,A100 Monthly,KXA100MS-27JUL-1.500,Will the monthly average compute price of NVIDIA's A100 be above $1.50 in July 2027?,active,0.2300,0.2800,0.1700,0.1700,214.00,0.00,91.00,0.0000,1.5,2026-07-01T14:00:00Z,2027-08-01T03:59:59Z,2026-07-01T09:00:40.707923Z,2026-07-13T17:10:14.533215Z,KXA100MS-27JUL,"If the average value of NVIDIA A100 compute per hour is above $1.5 in July 2027, then the market resolves to Yes."
KXA100MS,A100 Monthly,KXA100MS-27JUL-1.250,Will the monthly average compute price of NVIDIA's A100 be above $1.25 in July 2027?,active,0.3300,0.3800,0.3400,0.3400,83.00,0.00,29.00,0.0000,1.25,2026-07-01T14:00:00Z,2027-08-01T03:59:59Z,2026-07-01T09:00:40.707923Z,2026-07-13T17:10:14.533215Z,KXA100MS-27JUL,"If the average value of NVIDIA A100 compute per hour is above $1.25 in July 2027, then the market resolves to Yes."
KXA100MS,A100 Monthly,KXA100MS-27JUL-1.000,Will the monthly average compute price of NVIDIA's A100 be above $1.00 in July 2027?,active,0.4600,0.5400,0.5500,0.5500,328.70,0.00,91.96,0.0000,1.0,2026-07-01T14:00:00Z,2027-08-01T03:59:59Z,2026-07-01T09:00:40.707923Z,2026-07-13T17:10:14.533215Z,KXA100MS-27JUL,"If the average value of NVIDIA A100 compute per hour is above $1 in July 2027, then the market resolves to Yes."
KXA100MS,A100 Monthly,KXA100MS-27JUL-0.750,Will the monthly average compute price of NVIDIA's A100 be above $0.75 in July 2027?,active,0.6900,0.7100,0.7600,0.7600,37.00,0.00,9.00,0.0000,0.75,2026-07-01T14:00:00Z,2027-08-01T03:59:59Z,2026-07-01T09:00:40.707923Z,2026-07-13T17:10:14.533215Z,KXA100MS-27JUL,"If the average value of NVIDIA A100 compute per hour is above $0.75 in July 2027, then the market resolves to Yes."
KXA100MS,A100 Monthly,KXA100MS-27JUL-0.500,Will the monthly average compute price of NVIDIA's A100 be above $0.50 in July 2027?,active,0.8900,0.9100,0.9400,0.9400,228.00,0.00,87.00,0.0000,0.5,2026-07-01T14:00:00Z,2027-08-01T03:59:59Z,2026-07-01T09:00:40.707923Z,2026-07-13T17:10:14.557491Z,KXA100MS-27JUL,"If the average value of NVIDIA A100 compute per hour is above $0.5 in July 2027, then the market resolves to Yes."
KXA100MS,A100 Monthly,KXA100MS-27JUN-2.000,Will the monthly average compute price of NVIDIA's A100 be above $2.00 in June 2027?,active,0.0700,0.0800,0.0400,0.0400,511.00,65.00,302.00,0.0000,2.0,2026-07-01T14:00:00Z,2027-07-01T03:59:59Z,2026-07-01T09:00:40.225955Z,2026-07-13T17:09:10.500177Z,KXA100MS-27JUN,"If the average value of NVIDIA A100 compute per hour is above $2 in June 2027, then the market resolves to Yes."
KXA100MS,A100 Monthly,KXA100MS-27JUN-1.750,Will the monthly average compute price of NVIDIA's A100 be above $1.75 in June 2027?,active,0.1400,0.1800,0.0600,0.0600,191.30,0.00,102.30,0.0000,1.75,2026-07-01T14:00:00Z,2027-07-01T03:59:59Z,2026-07-01T09:00:40.225955Z,2026-07-13T17:09:10.500177Z,KXA100MS-27JUN,"If the average value of NVIDIA A100 compute per hour is above $1.75 in June 2027, then the market resolves to Yes."
KXA100MS,A100 Monthly,KXA100MS-27JUN-1.500,Will the monthly average compute price of NVIDIA's A100 be above $1.50 in June 2027?,active,0.2200,0.2600,0.1500,0.1500,81.52,0.00,71.52,0.0000,1.5,2026-07-01T14:00:00Z,2027-07-01T03:59:59Z,2026-07-01T09:00:40.225955Z,2026-07-13T17:09:10.500177Z,KXA100MS-27JUN,"If the average value of NVIDIA A100 compute per hour is above $1.5 in June 2027, then the market resolves to Yes."
KXA100MS,A100 Monthly,KXA100MS-27JUN-1.250,Will the monthly average compute price of NVIDIA's A100 be above $1.25 in June 2027?,active,0.3300,0.3600,0.3100,0.3100,33.00,0.00,18.00,0.0000,1.25,2026-07-01T14:00:00Z,2027-07-01T03:59:59Z,2026-07-01T09:00:40.225955Z,2026-07-13T17:09:10.500177Z,KXA100MS-27JUN,"If the average value of NVIDIA A100 compute per hour is above $1.25 in June 2027, then the market resolves to Yes."
KXA100MS,A100 Monthly,KXA100MS-27JUN-1.000,Will the monthly average compute price of NVIDIA's A100 be above $1.00 in June 2027?,active,0.4600,0.5200,0.6100,0.6100,49.00,0.00,3.00,0.0000,1.0,2026-07-01T14:00:00Z,2027-07-01T03:59:59Z,2026-07-01T09:00:40.225955Z,2026-07-13T17:09:10.500177Z,KXA100MS-27JUN,"If the average value of NVIDIA A100 compute per hour is above $1 in June 2027, then the market resolves to Yes."
KXA100MS,A100 Monthly,KXA100MS-27JUN-0.750,Will the monthly average compute price of NVIDIA's A100 be above $0.75 in June 2027?,active,0.6600,0.6900,0.8400,0.8400,53.00,0.00,8.00,0.0000,0.75,2026-07-01T14:00:00Z,2027-07-01T03:59:59Z,2026-07-01T09:00:40.225955Z,2026-07-13T17:09:10.500177Z,KXA100MS-27JUN,"If the average value of NVIDIA A100 compute per hour is above $0.75 in June 2027, then the market resolves to Yes."
KXA100MS,A100 Monthly,KXA100MS-27JUN-0.500,Will the monthly average compute price of NVIDIA's A100 be above $0.50 in June 2027?,active,0.9300,0.9400,0.9400,0.9400,65.00,0.00,10.00,0.0000,0.5,2026-07-01T14:00:00Z,2027-07-01T03:59:59Z,2026-07-01T09:00:40.225955Z,2026-07-13T17:09:10.523011Z,KXA100MS-27JUN,"If the average value of NVIDIA A100 compute per hour is above $0.5 in June 2027, then the market resolves to Yes."
KXA100MS,A100 Monthly,KXA100MS-27MAY-2.000,Will the monthly average compute price of NVIDIA's A100 be above $2.00 in May 2027?,active,0.0600,0.0700,0.0300,0.0300,385.00,0.00,221.00,0.0000,2.0,2026-07-01T14:00:00Z,2027-06-01T03:59:59Z,2026-07-01T09:00:39.684528Z,2026-07-13T17:08:28.797709Z,KXA100MS-27MAY,"If the average value of NVIDIA A100 compute per hour is above $2 in May 2027, then the market resolves to Yes."
KXA100MS,A100 Monthly,KXA100MS-27MAY-1.750,Will the monthly average compute price of NVIDIA's A100 be above $1.75 in May 2027?,active,0.1000,0.1400,0.0600,0.0600,120.00,0.00,83.00,0.0000,1.75,2026-07-01T14:00:00Z,2027-06-01T03:59:59Z,2026-07-01T09:00:39.684528Z,2026-07-13T17:08:28.797709Z,KXA100MS-27MAY,"If the average value of NVIDIA A100 compute per hour is above $1.75 in May 2027, then the market resolves to Yes."
KXA100MS,A100 Monthly,KXA100MS-27MAY-1.500,Will the monthly average compute price of NVIDIA's A100 be above $1.50 in May 2027?,active,0.2100,0.2300,0.1300,0.1300,156.30,0.00,78.10,0.0000,1.5,2026-07-01T14:00:00Z,2027-06-01T03:59:59Z,2026-07-01T09:00:39.684528Z,2026-07-13T17:08:28.797709Z,KXA100MS-27MAY,"If the average value of NVIDIA A100 compute per hour is above $1.5 in May 2027, then the market resolves to Yes."
KXA100MS,A100 Monthly,KXA100MS-27MAY-1.250,Will the monthly average compute price of NVIDIA's A100 be above $1.25 in May 2027?,active,0.3200,0.3300,0.2700,0.2700,108.30,0.00,38.00,0.0000,1.25,2026-07-01T14:00:00Z,2027-06-01T03:59:59Z,2026-07-01T09:00:39.684528Z,2026-07-13T17:08:28.797709Z,KXA100MS-27MAY,"If the average value of NVIDIA A100 compute per hour is above $1.25 in May 2027, then the market resolves to Yes."
KXA100MS,A100 Monthly,KXA100MS-27MAY-1.000,Will the monthly average compute price of NVIDIA's A100 be above $1.00 in May 2027?,active,0.4900,0.5500,0.5200,0.5200,78.00,0.00,6.00,0.0000,1.0,2026-07-01T14:00:00Z,2027-06-01T03:59:59Z,2026-07-01T09:00:39.684528Z,2026-07-13T17:08:28.797709Z,KXA100MS-27MAY,"If the average value of NVIDIA A100 compute per hour is above $1 in May 2027, then the market resolves to Yes."
KXA100MS,A100 Monthly,KXA100MS-27MAY-0.750,Will the monthly average compute price of NVIDIA's A100 be above $0.75 in May 2027?,active,0.7200,0.7300,0.7700,0.7700,10.69,0.00,5.69,0.0000,0.75,2026-07-01T14:00:00Z,2027-06-01T03:59:59Z,2026-07-01T09:00:39.684528Z,2026-07-13T17:08:28.797709Z,KXA100MS-27MAY,"If the average value of NVIDIA A100 compute per hour is above $0.75 in May 2027, then the market resolves to Yes."
KXA100MS,A100 Monthly,KXA100MS-27MAY-0.500,Will the monthly average compute price of NVIDIA's A100 be above $0.50 in May 2027?,active,0.9600,0.9700,0.9400,0.9400,75.00,0.00,19.00,0.0000,0.5,2026-07-01T14:00:00Z,2027-06-01T03:59:59Z,2026-07-01T09:00:39.684528Z,2026-07-13T17:08:28.820416Z,KXA100MS-27MAY,"If the average value of NVIDIA A100 compute per hour is above $0.5 in May 2027, then the market resolves to Yes."
KXA100MS,A100 Monthly,KXA100MS-27APR-2.000,Will the monthly average compute price of NVIDIA's A100 be above $2.00 in April 2027?,active,0.0500,0.0600,0.0200,0.0200,318.00,0.00,233.00,0.0000,2.0,2026-07-01T14:00:00Z,2027-05-01T03:59:59Z,2026-07-01T09:00:39.243195Z,2026-07-13T17:07:42.279094Z,KXA100MS-27APR,"If the average value of NVIDIA A100 compute per hour is above $2 in April 2027, then the market resolves to Yes."
KXA100MS,A100 Monthly,KXA100MS-27APR-1.750,Will the monthly average compute price of NVIDIA's A100 be above $1.75 in April 2027?,active,0.1100,0.1400,0.0300,0.0300,391.00,0.00,189.00,0.0000,1.75,2026-07-01T14:00:00Z,2027-05-01T03:59:59Z,2026-07-01T09:00:39.243195Z,2026-07-13T17:07:42.279094Z,KXA100MS-27APR,"If the average value of NVIDIA A100 compute per hour is above $1.75 in April 2027, then the market resolves to Yes."
KXA100MS,A100 Monthly,KXA100MS-27APR-1.500,Will the monthly average compute price of NVIDIA's A100 be above $1.50 in April 2027?,active,0.1900,0.2100,0.1100,0.1100,124.00,0.00,76.00,0.0000,1.5,2026-07-01T14:00:00Z,2027-05-01T03:59:59Z,2026-07-01T09:00:39.243195Z,2026-07-13T17:07:42.279094Z,KXA100MS-27APR,"If the average value of NVIDIA A100 compute per hour is above $1.5 in April 2027, then the market resolves to Yes."
KXA100MS,A100 Monthly,KXA100MS-27APR-1.250,Will the monthly average compute price of NVIDIA's A100 be above $1.25 in April 2027?,active,0.3200,0.3400,0.2800,0.2800,6.00,0.00,0.00,0.0000,1.25,2026-07-01T14:00:00Z,2027-05-01T03:59:59Z,2026-07-01T09:00:39.243195Z,2026-07-13T17:07:42.279094Z,KXA100MS-27APR,"If the average value of NVIDIA A100 compute per hour is above $1.25 in April 2027, then the market resolves to Yes."
KXA100MS,A100 Monthly,KXA100MS-27APR-1.000,Will the monthly average compute price of NVIDIA's A100 be above $1.00 in April 2027?,active,0.4600,0.5300,0.5700,0.5700,39.00,0.00,26.00,0.0000,1.0,2026-07-01T14:00:00Z,2027-05-01T03:59:59Z,2026-07-01T09:00:39.243195Z,2026-07-13T17:07:42.279094Z,KXA100MS-27APR,"If the average value of NVIDIA A100 compute per hour is above $1 in April 2027, then the market resolves to Yes."
KXA100MS,A100 Monthly,KXA100MS-27APR-0.750,Will the monthly average compute price of NVIDIA's A100 be above $0.75 in April 2027?,active,0.7400,0.7600,0.8200,0.8200,54.00,0.00,10.00,0.0000,0.75,2026-07-01T14:00:00Z,2027-05-01T03:59:59Z,2026-07-01T09:00:39.243195Z,2026-07-13T17:07:42.279094Z,KXA100MS-27APR,"If the average value of NVIDIA A100 compute per hour is above $0.75 in April 2027, then the market resolves to Yes."
KXA100MS,A100 Monthly,KXA100MS-27APR-0.500,Will the monthly average compute price of NVIDIA's A100 be above $0.50 in April 2027?,active,0.9300,0.9400,0.9600,0.9600,127.00,0.00,59.00,0.0000,0.5,2026-07-01T14:00:00Z,2027-05-01T03:59:59Z,2026-07-01T09:00:39.243195Z,2026-07-13T17:07:42.29986Z,KXA100MS-27APR,"If the average value of NVIDIA A100 compute per hour is above $0.5 in April 2027, then the market resolves to Yes."
KXA100MS,A100 Monthly,KXA100MS-27MAR-2.000,Will the monthly average compute price of NVIDIA's A100 be above $2.00 in March 2027?,active,0.0400,0.0500,0.0200,0.0200,721.00,0.00,403.00,0.0000,2.0,2026-07-01T14:00:00Z,2027-04-01T03:59:59Z,2026-07-01T09:00:38.660135Z,2026-07-13T17:07:02.076866Z,KXA100MS-27MAR,"If the average value of NVIDIA A100 compute per hour is above $2 in March 2027, then the market resolves to Yes."
KXA100MS,A100 Monthly,KXA100MS-27MAR-1.750,Will the monthly average compute price of NVIDIA's A100 be above $1.75 in March 2027?,active,0.1000,0.1300,0.0400,0.0400,206.00,0.00,130.00,0.0000,1.75,2026-07-01T14:00:00Z,2027-04-01T03:59:59Z,2026-07-01T09:00:38.660135Z,2026-07-13T17:07:02.076866Z,KXA100MS-27MAR,"If the average value of NVIDIA A100 compute per hour is above $1.75 in March 2027, then the market resolves to Yes."
KXA100MS,A100 Monthly,KXA100MS-27MAR-1.500,Will the monthly average compute price of NVIDIA's A100 be above $1.50 in March 2027?,active,0.1800,0.1900,0.0900,0.0900,136.00,0.00,80.00,0.0000,1.5,2026-07-01T14:00:00Z,2027-04-01T03:59:59Z,2026-07-01T09:00:38.660135Z,2026-07-13T17:07:02.076866Z,KXA100MS-27MAR,"If the average value of NVIDIA A100 compute per hour is above $1.5 in March 2027, then the market resolves to Yes."
KXA100MS,A100 Monthly,KXA100MS-27MAR-1.250,Will the monthly average compute price of NVIDIA's A100 be above $1.25 in March 2027?,active,0.3000,0.3300,0.2600,0.2600,46.00,0.00,7.00,0.0000,1.25,2026-07-01T14:00:00Z,2027-04-01T03:59:59Z,2026-07-01T09:00:38.660135Z,2026-07-13T17:07:02.076866Z,KXA100MS-27MAR,"If the average value of NVIDIA A100 compute per hour is above $1.25 in March 2027, then the market resolves to Yes."
KXA100MS,A100 Monthly,KXA100MS-27MAR-1.000,Will the monthly average compute price of NVIDIA's A100 be above $1.00 in March 2027?,active,0.4700,0.5400,0.0200,0.0200,153.00,0.00,18.00,0.0000,1.0,2026-07-01T14:00:00Z,2027-04-01T03:59:59Z,2026-07-01T09:00:38.660135Z,2026-07-13T17:07:02.076866Z,KXA100MS-27MAR,"If the average value of NVIDIA A100 compute per hour is above $1 in March 2027, then the market resolves to Yes."
KXA100MS,A100 Monthly,KXA100MS-27MAR-0.750,Will the monthly average compute price of NVIDIA's A100 be above $0.75 in March 2027?,active,0.7100,0.7200,0.8200,0.8200,69.00,0.00,21.00,0.0000,0.75,2026-07-01T14:00:00Z,2027-04-01T03:59:59Z,2026-07-01T09:00:38.660135Z,2026-07-13T17:07:02.076866Z,KXA100MS-27MAR,"If the average value of NVIDIA A100 compute per hour is above $0.75 in March 2027, then the market resolves to Yes."
KXA100MS,A100 Monthly,KXA100MS-27MAR-0.500,Will the monthly average compute price of NVIDIA's A100 be above $0.50 in March 2027?,active,0.9500,0.9600,0.9600,0.9600,118.00,0.00,52.00,0.0000,0.5,2026-07-01T14:00:00Z,2027-04-01T03:59:59Z,2026-07-01T09:00:38.660135Z,2026-07-13T17:07:02.100893Z,KXA100MS-27MAR,"If the average value of NVIDIA A100 compute per hour is above $0.5 in March 2027, then the market resolves to Yes."
KXA100MS,A100 Monthly,KXA100MS-27FEB-2.000,Will the monthly average compute price of NVIDIA's A100 be above $2.00 in February 2027?,active,0.0300,0.0500,0.0300,0.0300,380.00,0.00,323.00,0.0000,2.0,2026-07-01T14:00:00Z,2027-03-01T04:59:59Z,2026-07-01T09:00:38.129267Z,2026-07-13T17:06:19.611618Z,KXA100MS-27FEB,"If the average value of NVIDIA A100 compute per hour is above $2 in February 2027, then the market resolves to Yes."
KXA100MS,A100 Monthly,KXA100MS-27FEB-1.750,Will the monthly average compute price of NVIDIA's A100 be above $1.75 in February 2027?,active,0.0600,0.0700,0.0400,0.0400,359.50,0.00,312.50,0.0000,1.75,2026-07-01T14:00:00Z,2027-03-01T04:59:59Z,2026-07-01T09:00:38.129267Z,2026-07-13T17:06:19.611618Z,KXA100MS-27FEB,"If the average value of NVIDIA A100 compute per hour is above $1.75 in February 2027, then the market resolves to Yes."
KXA100MS,A100 Monthly,KXA100MS-27FEB-1.500,Will the monthly average compute price of NVIDIA's A100 be above $1.50 in February 2027?,active,0.1600,0.1900,0.0800,0.0800,123.00,0.00,51.00,0.0000,1.5,2026-07-01T14:00:00Z,2027-03-01T04:59:59Z,2026-07-01T09:00:38.129267Z,2026-07-13T17:06:19.611618Z,KXA100MS-27FEB,"If the average value of NVIDIA A100 compute per hour is above $1.5 in February 2027, then the market resolves to Yes."
KXA100MS,A100 Monthly,KXA100MS-27FEB-1.250,Will the monthly average compute price of NVIDIA's A100 be above $1.25 in February 2027?,active,0.2900,0.3000,0.2700,0.2700,170.00,0.00,76.00,0.0000,1.25,2026-07-01T14:00:00Z,2027-03-01T04:59:59Z,2026-07-01T09:00:38.129267Z,2026-07-13T17:06:19.611618Z,KXA100MS-27FEB,"If the average value of NVIDIA A100 compute per hour is above $1.25 in February 2027, then the market resolves to Yes."
KXA100MS,A100 Monthly,KXA100MS-27FEB-1.000,Will the monthly average compute price of NVIDIA's A100 be above $1.00 in February 2027?,active,0.5500,0.6600,0.1500,0.1500,285.00,0.00,81.00,0.0000,1.0,2026-07-01T14:00:00Z,2027-03-01T04:59:59Z,2026-07-01T09:00:38.129267Z,2026-07-13T17:06:19.611618Z,KXA100MS-27FEB,"If the average value of NVIDIA A100 compute per hour is above $1 in February 2027, then the market resolves to Yes."
KXA100MS,A100 Monthly,KXA100MS-27FEB-0.750,Will the monthly average compute price of NVIDIA's A100 be above $0.75 in February 2027?,active,0.7200,0.7300,0.8600,0.8500,161.00,25.00,70.00,0.0000,0.75,2026-07-01T14:00:00Z,2027-03-01T04:59:59Z,2026-07-01T09:00:38.129267Z,2026-07-13T17:06:19.611618Z,KXA100MS-27FEB,"If the average value of NVIDIA A100 compute per hour is above $0.75 in February 2027, then the market resolves to Yes."
KXA100MS,A100 Monthly,KXA100MS-27FEB-0.500,Will the monthly average compute price of NVIDIA's A100 be above $0.50 in February 2027?,active,0.9100,0.9200,0.9400,0.9400,56.00,0.00,16.00,0.0000,0.5,2026-07-01T14:00:00Z,2027-03-01T04:59:59Z,2026-07-01T09:00:38.129267Z,2026-07-13T17:06:19.635857Z,KXA100MS-27FEB,"If the average value of NVIDIA A100 compute per hour is above $0.5 in February 2027, then the market resolves to Yes."
KXA100MS,A100 Monthly,KXA100MS-27JAN-2.000,Will the monthly average compute price of NVIDIA's A100 be above $2.00 in January 2027?,active,0.0200,0.0500,0.0200,0.0500,563.16,120.00,136.98,0.0000,2.0,2026-07-01T14:00:00Z,2027-02-01T04:59:59Z,2026-07-01T09:00:37.542165Z,2026-07-13T17:05:47.862291Z,KXA100MS-27JAN,"If the average value of NVIDIA A100 compute per hour is above $2 in January 2027, then the market resolves to Yes."
KXA100MS,A100 Monthly,KXA100MS-27JAN-1.750,Will the monthly average compute price of NVIDIA's A100 be above $1.75 in January 2027?,active,0.0400,0.0600,0.0600,0.0400,579.60,213.00,120.23,0.0000,1.75,2026-07-01T14:00:00Z,2027-02-01T04:59:59Z,2026-07-01T09:00:37.542165Z,2026-07-13T17:05:47.862291Z,KXA100MS-27JAN,"If the average value of NVIDIA A100 compute per hour is above $1.75 in January 2027, then the market resolves to Yes."
KXA100MS,A100 Monthly,KXA100MS-27JAN-1.500,Will the monthly average compute price of NVIDIA's A100 be above $1.50 in January 2027?,active,0.1500,0.1800,0.0600,0.0600,237.70,0.00,109.83,0.0000,1.5,2026-07-01T14:00:00Z,2027-02-01T04:59:59Z,2026-07-01T09:00:37.542165Z,2026-07-13T17:05:47.862291Z,KXA100MS-27JAN,"If the average value of NVIDIA A100 compute per hour is above $1.5 in January 2027, then the market resolves to Yes."
KXA100MS,A100 Monthly,KXA100MS-27JAN-1.250,Will the monthly average compute price of NVIDIA's A100 be above $1.25 in January 2027?,active,0.2800,0.3300,0.2200,0.2200,10.00,0.00,0.00,0.0000,1.25,2026-07-01T14:00:00Z,2027-02-01T04:59:59Z,2026-07-01T09:00:37.542165Z,2026-07-13T17:05:47.862291Z,KXA100MS-27JAN,"If the average value of NVIDIA A100 compute per hour is above $1.25 in January 2027, then the market resolves to Yes."
KXA100MS,A100 Monthly,KXA100MS-27JAN-1.000,Will the monthly average compute price of NVIDIA's A100 be above $1.00 in January 2027?,active,0.4600,0.4900,0.5700,0.5700,14.00,0.00,4.00,0.0000,1.0,2026-07-01T14:00:00Z,2027-02-01T04:59:59Z,2026-07-01T09:00:37.542165Z,2026-07-13T17:05:47.862291Z,KXA100MS-27JAN,"If the average value of NVIDIA A100 compute per hour is above $1 in January 2027, then the market resolves to Yes."
KXA100MS,A100 Monthly,KXA100MS-27JAN-0.750,Will the monthly average compute price of NVIDIA's A100 be above $0.75 in January 2027?,active,0.7700,0.7900,0.7600,0.8700,285.00,100.00,100.00,0.0000,0.75,2026-07-01T14:00:00Z,2027-02-01T04:59:59Z,2026-07-01T09:00:37.542165Z,2026-07-13T17:05:47.862291Z,KXA100MS-27JAN,"If the average value of NVIDIA A100 compute per hour is above $0.75 in January 2027, then the market resolves to Yes."
KXA100MS,A100 Monthly,KXA100MS-27JAN-0.500,Will the monthly average compute price of NVIDIA's A100 be above $0.50 in January 2027?,active,0.9600,0.9700,0.9700,0.9700,157.00,0.00,95.00,0.0000,0.5,2026-07-01T14:00:00Z,2027-02-01T04:59:59Z,2026-07-01T09:00:37.542165Z,2026-07-13T17:05:47.883181Z,KXA100MS-27JAN,"If the average value of NVIDIA A100 compute per hour is above $0.5 in January 2027, then the market resolves to Yes."
KXA100MS,A100 Monthly,KXA100MS-26DEC-2.000,Will the monthly average compute price of NVIDIA's A100 be above $2.00 in December 2026?,active,0.0200,0.0300,0.0200,0.0200,517.00,0.00,299.00,0.0000,2.0,2026-07-01T14:00:00Z,2027-01-01T04:59:59Z,2026-07-01T09:00:37.080806Z,2026-07-13T17:04:39.514806Z,KXA100MS-26DEC,"If the average value of NVIDIA A100 compute per hour is above $2 in December 2026, then the market resolves to Yes."
KXA100MS,A100 Monthly,KXA100MS-26DEC-1.750,Will the monthly average compute price of NVIDIA's A100 be above $1.75 in December 2026?,active,0.0400,0.0700,0.0400,0.0400,1477.00,0.00,878.00,0.0000,1.75,2026-07-01T14:00:00Z,2027-01-01T04:59:59Z,2026-07-01T09:00:37.080806Z,2026-07-13T17:04:39.514806Z,KXA100MS-26DEC,"If the average value of NVIDIA A100 compute per hour is above $1.75 in December 2026, then the market resolves to Yes."
KXA100MS,A100 Monthly,KXA100MS-26DEC-1.500,Will the monthly average compute price of NVIDIA's A100 be above $1.50 in December 2026?,active,0.1600,0.1800,0.0800,0.0800,299.00,0.00,96.00,0.0000,1.5,2026-07-01T14:00:00Z,2027-01-01T04:59:59Z,2026-07-01T09:00:37.080806Z,2026-07-13T17:04:39.514806Z,KXA100MS-26DEC,"If the average value of NVIDIA A100 compute per hour is above $1.5 in December 2026, then the market resolves to Yes."
KXA100MS,A100 Monthly,KXA100MS-26DEC-1.250,Will the monthly average compute price of NVIDIA's A100 be above $1.25 in December 2026?,active,0.2600,0.3000,0.2900,0.2900,182.00,0.00,43.00,0.0000,1.25,2026-07-01T14:00:00Z,2027-01-01T04:59:59Z,2026-07-01T09:00:37.080806Z,2026-07-13T17:04:39.514806Z,KXA100MS-26DEC,"If the average value of NVIDIA A100 compute per hour is above $1.25 in December 2026, then the market resolves to Yes."
KXA100MS,A100 Monthly,KXA100MS-26DEC-1.000,Will the monthly average compute price of NVIDIA's A100 be above $1.00 in December 2026?,active,0.4700,0.5200,0.5700,0.5700,555.00,0.00,269.00,0.0000,1.0,2026-07-01T14:00:00Z,2027-01-01T04:59:59Z,2026-07-01T09:00:37.080806Z,2026-07-13T17:04:39.514806Z,KXA100MS-26DEC,"If the average value of NVIDIA A100 compute per hour is above $1 in December 2026, then the market resolves to Yes."
KXA100MS,A100 Monthly,KXA100MS-26DEC-0.750,Will the monthly average compute price of NVIDIA's A100 be above $0.75 in December 2026?,active,0.8800,0.9000,0.9500,0.9500,799.73,0.00,211.47,0.0000,0.75,2026-07-01T14:00:00Z,2027-01-01T04:59:59Z,2026-07-01T09:00:37.080806Z,2026-07-13T17:04:39.514806Z,KXA100MS-26DEC,"If the average value of NVIDIA A100 compute per hour is above $0.75 in December 2026, then the market resolves to Yes."
KXA100MS,A100 Monthly,KXA100MS-26DEC-0.500,Will the monthly average compute price of NVIDIA's A100 be above $0.50 in December 2026?,active,0.9500,0.9600,0.9700,0.9700,319.00,0.00,123.00,0.0000,0.5,2026-07-01T14:00:00Z,2027-01-01T04:59:59Z,2026-07-01T09:00:37.080806Z,2026-07-13T17:04:39.538198Z,KXA100MS-26DEC,"If the average value of NVIDIA A100 compute per hour is above $0.5 in December 2026, then the market resolves to Yes."
KXA100MS,A100 Monthly,KXA100MS-26NOV-2.000,Will the monthly average compute price of NVIDIA's A100 be above $2.00 in November 2026?,active,0.0200,0.0600,0.0200,0.0200,573.00,0.00,317.00,0.0000,2.0,2026-07-01T14:00:00Z,2026-12-01T04:59:59Z,2026-07-01T09:00:36.616412Z,2026-07-13T17:04:13.563996Z,KXA100MS-26NOV,"If the average value of NVIDIA A100 compute per hour is above $2 in November 2026, then the market resolves to Yes."
KXA100MS,A100 Monthly,KXA100MS-26NOV-1.750,Will the monthly average compute price of NVIDIA's A100 be above $1.75 in November 2026?,active,0.0900,0.1000,0.0500,0.0300,596.01,2.00,231.01,0.0000,1.75,2026-07-01T14:00:00Z,2026-12-01T04:59:59Z,2026-07-01T09:00:36.616412Z,2026-07-13T17:04:13.563996Z,KXA100MS-26NOV,"If the average value of NVIDIA A100 compute per hour is above $1.75 in November 2026, then the market resolves to Yes."
KXA100MS,A100 Monthly,KXA100MS-26NOV-1.500,Will the monthly average compute price of NVIDIA's A100 be above $1.50 in November 2026?,active,0.0900,0.1100,0.0300,0.0300,224.00,0.00,156.00,0.0000,1.5,2026-07-01T14:00:00Z,2026-12-01T04:59:59Z,2026-07-01T09:00:36.616412Z,2026-07-13T17:04:13.563996Z,KXA100MS-26NOV,"If the average value of NVIDIA A100 compute per hour is above $1.5 in November 2026, then the market resolves to Yes."
KXA100MS,A100 Monthly,KXA100MS-26NOV-1.250,Will the monthly average compute price of NVIDIA's A100 be above $1.25 in November 2026?,active,0.2300,0.2700,0.1700,0.1700,88.60,0.00,37.00,0.0000,1.25,2026-07-01T14:00:00Z,2026-12-01T04:59:59Z,2026-07-01T09:00:36.616412Z,2026-07-13T17:04:13.563996Z,KXA100MS-26NOV,"If the average value of NVIDIA A100 compute per hour is above $1.25 in November 2026, then the market resolves to Yes."
KXA100MS,A100 Monthly,KXA100MS-26NOV-1.000,Will the monthly average compute price of NVIDIA's A100 be above $1.00 in November 2026?,active,0.5300,0.5600,0.5600,0.5600,52.00,0.00,2.00,0.0000,1.0,2026-07-01T14:00:00Z,2026-12-01T04:59:59Z,2026-07-01T09:00:36.616412Z,2026-07-13T17:04:13.563996Z,KXA100MS-26NOV,"If the average value of NVIDIA A100 compute per hour is above $1 in November 2026, then the market resolves to Yes."
KXA100MS,A100 Monthly,KXA100MS-26NOV-0.750,Will the monthly average compute price of NVIDIA's A100 be above $0.75 in November 2026?,active,0.9600,0.9700,0.9600,0.9600,822.17,0.00,130.00,0.0000,0.75,2026-07-01T14:00:00Z,2026-12-01T04:59:59Z,2026-07-01T09:00:36.616412Z,2026-07-13T17:04:13.563996Z,KXA100MS-26NOV,"If the average value of NVIDIA A100 compute per hour is above $0.75 in November 2026, then the market resolves to Yes."
KXA100MS,A100 Monthly,KXA100MS-26NOV-0.500,Will the monthly average compute price of NVIDIA's A100 be above $0.50 in November 2026?,active,0.9600,0.9700,0.9500,0.9500,311.36,0.00,189.10,0.0000,0.5,2026-07-01T14:00:00Z,2026-12-01T04:59:59Z,2026-07-01T09:00:36.616412Z,2026-07-13T17:04:13.587995Z,KXA100MS-26NOV,"If the average value of NVIDIA A100 compute per hour is above $0.5 in November 2026, then the market resolves to Yes."
KXA100MS,A100 Monthly,KXA100MS-26OCT-2.000,Will the monthly average compute price of NVIDIA's A100 be above $2.00 in October 2026?,active,0.0200,0.0300,0.0300,0.0300,406.00,0.00,294.00,0.0000,2.0,2026-07-01T14:00:00Z,2026-11-01T03:59:59Z,2026-07-01T09:00:36.17215Z,2026-07-13T17:03:19.339814Z,KXA100MS-26OCT,"If the average value of NVIDIA A100 compute per hour is above $2 in October 2026, then the market resolves to Yes."
KXA100MS,A100 Monthly,KXA100MS-26OCT-1.750,Will the monthly average compute price of NVIDIA's A100 be above $1.75 in October 2026?,active,0.0200,0.0500,0.0400,0.0400,574.00,0.00,310.00,0.0000,1.75,2026-07-01T14:00:00Z,2026-11-01T03:59:59Z,2026-07-01T09:00:36.17215Z,2026-07-13T17:03:19.339814Z,KXA100MS-26OCT,"If the average value of NVIDIA A100 compute per hour is above $1.75 in October 2026, then the market resolves to Yes."
KXA100MS,A100 Monthly,KXA100MS-26OCT-1.500,Will the monthly average compute price of NVIDIA's A100 be above $1.50 in October 2026?,active,0.0800,0.1000,0.0800,0.0800,726.02,0.00,176.01,0.0000,1.5,2026-07-01T14:00:00Z,2026-11-01T03:59:59Z,2026-07-01T09:00:36.17215Z,2026-07-13T17:03:19.339814Z,KXA100MS-26OCT,"If the average value of NVIDIA A100 compute per hour is above $1.5 in October 2026, then the market resolves to Yes."
KXA100MS,A100 Monthly,KXA100MS-26OCT-1.250,Will the monthly average compute price of NVIDIA's A100 be above $1.25 in October 2026?,active,0.1600,0.1900,0.1700,0.1700,493.00,11.00,103.00,0.0000,1.25,2026-07-01T14:00:00Z,2026-11-01T03:59:59Z,2026-07-01T09:00:36.17215Z,2026-07-13T17:03:19.339814Z,KXA100MS-26OCT,"If the average value of NVIDIA A100 compute per hour is above $1.25 in October 2026, then the market resolves to Yes."
KXA100MS,A100 Monthly,KXA100MS-26OCT-1.000,Will the monthly average compute price of NVIDIA's A100 be above $1.00 in October 2026?,active,0.5700,0.5800,0.6800,0.6800,218.00,0.00,114.00,0.0000,1.0,2026-07-01T14:00:00Z,2026-11-01T03:59:59Z,2026-07-01T09:00:36.17215Z,2026-07-13T17:03:19.339814Z,KXA100MS-26OCT,"If the average value of NVIDIA A100 compute per hour is above $1 in October 2026, then the market resolves to Yes."
KXA100MS,A100 Monthly,KXA100MS-26OCT-0.750,Will the monthly average compute price of NVIDIA's A100 be above $0.75 in October 2026?,active,0.9600,0.9700,0.9700,0.9600,163.00,10.00,50.00,0.0000,0.75,2026-07-01T14:00:00Z,2026-11-01T03:59:59Z,2026-07-01T09:00:36.17215Z,2026-07-13T17:03:19.339814Z,KXA100MS-26OCT,"If the average value of NVIDIA A100 compute per hour is above $0.75 in October 2026, then the market resolves to Yes."
KXA100MS,A100 Monthly,KXA100MS-26OCT-0.500,Will the monthly average compute price of NVIDIA's A100 be above $0.50 in October 2026?,active,0.9600,0.9800,0.9800,0.9800,4320.00,0.00,119.00,0.0000,0.5,2026-07-01T14:00:00Z,2026-11-01T03:59:59Z,2026-07-01T09:00:36.17215Z,2026-07-13T17:03:19.361589Z,KXA100MS-26OCT,"If the average value of NVIDIA A100 compute per hour is above $0.5 in October 2026, then the market resolves to Yes."
KXA100MS,A100 Monthly,KXA100MS-26SEP-2.000,Will the monthly average compute price of NVIDIA's A100 be above $2.00 in September 2026?,active,0.0100,0.0200,0.0200,0.0200,546.00,0.00,306.00,0.0000,2.0,2026-07-01T14:00:00Z,2026-10-01T03:59:59Z,2026-07-01T09:00:35.703914Z,2026-07-13T17:02:50.770932Z,KXA100MS-26SEP,"If the average value of NVIDIA A100 compute per hour is above $2 in September 2026, then the market resolves to Yes."
KXA100MS,A100 Monthly,KXA100MS-26SEP-1.750,Will the monthly average compute price of NVIDIA's A100 be above $1.75 in September 2026?,active,0.0100,0.0200,0.0200,0.0200,5225.01,0.00,953.01,0.0000,1.75,2026-07-01T14:00:00Z,2026-10-01T03:59:59Z,2026-07-01T09:00:35.703914Z,2026-07-13T17:02:50.770932Z,KXA100MS-26SEP,"If the average value of NVIDIA A100 compute per hour is above $1.75 in September 2026, then the market resolves to Yes."
KXA100MS,A100 Monthly,KXA100MS-26SEP-1.500,Will the monthly average compute price of NVIDIA's A100 be above $1.50 in September 2026?,active,0.0200,0.0300,0.0200,0.0200,670.11,0.00,489.00,0.0000,1.5,2026-07-01T14:00:00Z,2026-10-01T03:59:59Z,2026-07-01T09:00:35.703914Z,2026-07-13T17:02:50.770932Z,KXA100MS-26SEP,"If the average value of NVIDIA A100 compute per hour is above $1.5 in September 2026, then the market resolves to Yes."
KXA100MS,A100 Monthly,KXA100MS-26SEP-1.250,Will the monthly average compute price of NVIDIA's A100 be above $1.25 in September 2026?,active,0.0300,0.0900,0.2700,0.2700,2662.80,0.00,1877.00,0.0000,1.25,2026-07-01T14:00:00Z,2026-10-01T03:59:59Z,2026-07-01T09:00:35.703914Z,2026-07-13T17:02:50.770932Z,KXA100MS-26SEP,"If the average value of NVIDIA A100 compute per hour is above $1.25 in September 2026, then the market resolves to Yes."
KXA100MS,A100 Monthly,KXA100MS-26SEP-1.000,Will the monthly average compute price of NVIDIA's A100 be above $1.00 in September 2026?,active,0.3800,0.5400,0.5400,0.5500,4742.24,100.00,2039.01,0.0000,1.0,2026-07-01T14:00:00Z,2026-10-01T03:59:59Z,2026-07-01T09:00:35.703914Z,2026-07-13T17:02:50.770932Z,KXA100MS-26SEP,"If the average value of NVIDIA A100 compute per hour is above $1 in September 2026, then the market resolves to Yes."
KXA100MS,A100 Monthly,KXA100MS-26SEP-0.750,Will the monthly average compute price of NVIDIA's A100 be above $0.75 in September 2026?,active,0.9500,0.9900,0.9600,0.8800,773.00,766.00,773.00,0.0000,0.75,2026-07-01T14:00:00Z,2026-10-01T03:59:59Z,2026-07-01T09:00:35.703914Z,2026-07-13T17:02:50.770932Z,KXA100MS-26SEP,"If the average value of NVIDIA A100 compute per hour is above $0.75 in September 2026, then the market resolves to Yes."
KXA100MS,A100 Monthly,KXA100MS-26SEP-0.500,Will the monthly average compute price of NVIDIA's A100 be above $0.50 in September 2026?,active,0.9800,0.9900,0.9900,0.8600,32.00,23.00,32.00,0.0000,0.5,2026-07-01T14:00:00Z,2026-10-01T03:59:59Z,2026-07-01T09:00:35.703914Z,2026-07-13T17:02:50.793396Z,KXA100MS-26SEP,"If the average value of NVIDIA A100 compute per hour is above $0.5 in September 2026, then the market resolves to Yes."
KXA100MS,A100 Monthly,KXA100MS-26AUG-2.000,Will the monthly average compute price of NVIDIA's A100 be above $2.00 in August 2026?,finalized,0.0000,1.0000,0.0100,0.0100,6883.10,0.00,3598.90,0.0000,2.0,2026-07-01T14:00:00Z,2026-08-31T21:41:29Z,2026-07-01T09:00:35.309113Z,2026-08-31T22:11:31.270562Z,KXA100MS-26AUG,"If the average value of NVIDIA A100 compute per hour is above $2 in August 2026, then the market resolves to Yes."
KXA100MS,A100 Monthly,KXA100MS-26AUG-1.750,Will the monthly average compute price of NVIDIA's A100 be above $1.75 in August 2026?,finalized,0.0000,1.0000,0.0100,0.0100,11929.35,0.00,10522.15,0.0000,1.75,2026-07-01T14:00:00Z,2026-08-31T21:41:29Z,2026-07-01T09:00:35.309113Z,2026-08-31T22:11:31.270562Z,KXA100MS-26AUG,"If the average value of NVIDIA A100 compute per hour is above $1.75 in August 2026, then the market resolves to Yes."
KXA100MS,A100 Monthly,KXA100MS-26AUG-1.500,Will the monthly average compute price of NVIDIA's A100 be above $1.50 in August 2026?,finalized,0.0000,1.0000,0.0100,0.0100,11485.89,0.00,3209.47,0.0000,1.5,2026-07-01T14:00:00Z,2026-08-31T21:41:29Z,2026-07-01T09:00:35.309113Z,2026-08-31T22:11:31.270562Z,KXA100MS-26AUG,"If the average value of NVIDIA A100 compute per hour is above $1.5 in August 2026, then the market resolves to Yes."
KXA100MS,A100 Monthly,KXA100MS-26AUG-1.250,Will the monthly average compute price of NVIDIA's A100 be above $1.25 in August 2026?,finalized,0.0000,1.0000,0.0100,0.0100,13769.62,519.02,9842.88,0.0000,1.25,2026-07-01T14:00:00Z,2026-08-31T21:41:29Z,2026-07-01T09:00:35.309113Z,2026-08-31T22:11:31.270562Z,KXA100MS-26AUG,"If the average value of NVIDIA A100 compute per hour is above $1.25 in August 2026, then the market resolves to Yes."
KXA100MS,A100 Monthly,KXA100MS-26AUG-1.000,Will the monthly average compute price of NVIDIA's A100 be above $1.00 in August 2026?,finalized,0.0000,1.0000,0.9900,0.9900,5807.95,0.00,3297.57,0.0000,1.0,2026-07-01T14:00:00Z,2026-08-31T21:41:29Z,2026-07-01T09:00:35.309113Z,2026-08-31T22:11:31.270562Z,KXA100MS-26AUG,"If the average value of NVIDIA A100 compute per hour is above $1 in August 2026, then the market resolves to Yes."
KXA100MS,A100 Monthly,KXA100MS-26AUG-0.750,Will the monthly average compute price of NVIDIA's A100 be above $0.75 in August 2026?,finalized,0.0000,1.0000,0.9900,0.9900,1147.38,0.00,1056.34,0.0000,0.75,2026-07-01T14:00:00Z,2026-08-31T21:41:29Z,2026-07-01T09:00:35.309113Z,2026-08-31T22:11:31.270562Z,KXA100MS-26AUG,"If the average value of NVIDIA A100 compute per hour is above $0.75 in August 2026, then the market resolves to Yes."
KXA100MS,A100 Monthly,KXA100MS-26AUG-0.500,Will the monthly average compute price of NVIDIA's A100 be above $0.50 in August 2026?,finalized,0.0000,1.0000,0.9900,0.9900,2929.00,0.00,1836.00,0.0000,0.5,2026-07-01T14:00:00Z,2026-08-31T21:41:29Z,2026-07-01T09:00:35.309113Z,2026-08-31T22:11:31.270562Z,KXA100MS-26AUG,"If the average value of NVIDIA A100 compute per hour is above $0.5 in August 2026, then the market resolves to Yes."
KXA100MS,A100 Monthly,KXA100MS-26JUL-2.000,Will the monthly average compute price of NVIDIA's A100 be above $2.00 in July 2026?,finalized,0.0000,1.0000,0.0100,0.0100,2408.93,0.00,2250.00,0.0000,2.0,2026-07-01T14:00:00Z,2026-07-31T21:46:19Z,2026-07-01T09:00:34.866382Z,2026-07-31T22:16:20.967057Z,KXA100MS-26JUL,"If the average value of NVIDIA A100 compute per hour is above $2 in July 2026, then the market resolves to Yes."
KXA100MS,A100 Monthly,KXA100MS-26JUL-1.750,Will the monthly average compute price of NVIDIA's A100 be above $1.75 in July 2026?,finalized,0.0000,1.0000,0.0200,0.0200,4230.25,0.00,2516.77,0.0000,1.75,2026-07-01T14:00:00Z,2026-07-31T21:46:19Z,2026-07-01T09:00:34.866382Z,2026-07-31T22:16:20.967057Z,KXA100MS-26JUL,"If the average value of NVIDIA A100 compute per hour is above $1.75 in July 2026, then the market resolves to Yes."
KXA100MS,A100 Monthly,KXA100MS-26JUL-1.500,Will the monthly average compute price of NVIDIA's A100 be above $1.50 in July 2026?,finalized,0.0000,1.0000,0.0100,0.0100,2521.41,0.00,2117.56,0.0000,1.5,2026-07-01T14:00:00Z,2026-07-31T21:46:19Z,2026-07-01T09:00:34.866382Z,2026-07-31T22:16:20.967057Z,KXA100MS-26JUL,"If the average value of NVIDIA A100 compute per hour is above $1.5 in July 2026, then the market resolves to Yes."
KXA100MS,A100 Monthly,KXA100MS-26JUL-1.250,Will the monthly average compute price of NVIDIA's A100 be above $1.25 in July 2026?,finalized,0.0000,1.0000,0.0100,0.0100,17859.49,0.00,11693.51,0.0000,1.25,2026-07-01T14:00:00Z,2026-07-31T21:46:19Z,2026-07-01T09:00:34.866382Z,2026-07-31T22:16:20.967057Z,KXA100MS-26JUL,"If the average value of NVIDIA A100 compute per hour is above $1.25 in July 2026, then the market resolves to Yes."
KXA100MS,A100 Monthly,KXA100MS-26JUL-1.000,Will the monthly average compute price of NVIDIA's A100 be above $1.00 in July 2026?,finalized,0.0000,1.0000,0.9900,0.9900,2977.78,0.00,1879.97,0.0000,1.0,2026-07-01T14:00:00Z,2026-07-31T21:46:19Z,2026-07-01T09:00:34.866382Z,2026-07-31T22:16:20.967057Z,KXA100MS-26JUL,"If the average value of NVIDIA A100 compute per hour is above $1 in July 2026, then the market resolves to Yes."
KXA100MS,A100 Monthly,KXA100MS-26JUL-0.750,Will the monthly average compute price of NVIDIA's A100 be above $0.75 in July 2026?,finalized,0.0000,1.0000,0.9900,0.9900,2284.48,0.00,1634.08,0.0000,0.75,2026-07-01T14:00:00Z,2026-07-31T21:46:19Z,2026-07-01T09:00:34.866382Z,2026-07-31T22:16:20.967057Z,KXA100MS-26JUL,"If the average value of NVIDIA A100 compute per hour is above $0.75 in July 2026, then the market resolves to Yes."
KXA100MS,A100 Monthly,KXA100MS-26JUL-0.500,Will the monthly average compute price of NVIDIA's A100 be above $0.50 in July 2026?,finalized,0.0000,1.0000,0.9900,0.9900,1913.73,0.00,1664.00,0.0000,0.5,2026-07-01T14:00:00Z,2026-07-31T21:46:19Z,2026-07-01T09:00:34.866382Z,2026-07-31T22:16:20.967057Z,KXA100MS-26JUL,"If the average value of NVIDIA A100 compute per hour is above $0.5 in July 2026, then the market resolves to Yes."
KXH200CHINA,Nvidia H200 chips delivered to China before 2027?,KXH200CHINA-27-BEF,Will Nvidia H200 chips being delivered to mainland China be confirmed?,finalized,0.0000,1.0000,0.9900,0.9900,16761.92,0.00,6815.79,0.0000,,2026-05-19T01:00:00Z,2026-08-05T14:14:34Z,2026-05-18T23:07:26.788686Z,2026-08-05T14:44:40.901349Z,KXH200CHINA-27,"If Nvidia H200 chips being delivered to mainland China is confirmed by any of the Source Agencies after Issuance and before Jan 1, 2027, then the market resolves to Yes."
KXH200MS,H200 Monthly,KXH200MS-27AUG-8.000,Will the monthly average compute price of NVIDIA's H200 be above $8.00 in August 2027?,active,0.2800,0.2900,0.2700,0.2700,126.00,0.00,123.00,0.0000,8.0,2026-08-01T14:00:00Z,2027-09-01T03:59:59Z,2026-08-01T09:00:34.382698Z,2026-08-01T14:00:01.525742Z,KXH200MS-27AUG,"If the average value of NVIDIA H200 compute per hour is above $8 in August 2027, then the market resolves to Yes."
KXH200MS,H200 Monthly,KXH200MS-27AUG-7.500,Will the monthly average compute price of NVIDIA's H200 be above $7.50 in August 2027?,active,0.3000,0.3100,0.0000,0.0000,0.00,0.00,0.00,0.0000,7.5,2026-08-01T14:00:00Z,2027-09-01T03:59:59Z,2026-08-01T09:00:34.382698Z,2026-08-01T14:00:01.525742Z,KXH200MS-27AUG,"If the average value of NVIDIA H200 compute per hour is above $7.5 in August 2027, then the market resolves to Yes."
KXH200MS,H200 Monthly,KXH200MS-27AUG-7.000,Will the monthly average compute price of NVIDIA's H200 be above $7.00 in August 2027?,active,0.3200,0.3300,0.0000,0.0000,0.00,0.00,0.00,0.0000,7.0,2026-08-01T14:00:00Z,2027-09-01T03:59:59Z,2026-08-01T09:00:34.382698Z,2026-08-01T14:00:01.525742Z,KXH200MS-27AUG,"If the average value of NVIDIA H200 compute per hour is above $7 in August 2027, then the market resolves to Yes."
KXH200MS,H200 Monthly,KXH200MS-27AUG-6.500,Will the monthly average compute price of NVIDIA's H200 be above $6.50 in August 2027?,active,0.3400,0.3500,0.0000,0.0000,0.00,0.00,0.00,0.0000,6.5,2026-08-01T14:00:00Z,2027-09-01T03:59:59Z,2026-08-01T09:00:34.382698Z,2026-08-01T14:00:01.525742Z,KXH200MS-27AUG,"If the average value of NVIDIA H200 compute per hour is above $6.5 in August 2027, then the market resolves to Yes."
KXH200MS,H200 Monthly,KXH200MS-27AUG-6.000,Will the monthly average compute price of NVIDIA's H200 be above $6.00 in August 2027?,active,0.3700,0.3800,0.0000,0.0000,0.00,0.00,0.00,0.0000,6.0,2026-08-01T14:00:00Z,2027-09-01T03:59:59Z,2026-08-01T09:00:34.382698Z,2026-08-01T14:00:01.525742Z,KXH200MS-27AUG,"If the average value of NVIDIA H200 compute per hour is above $6 in August 2027, then the market resolves to Yes."
KXH200MS,H200 Monthly,KXH200MS-27AUG-5.500,Will the monthly average compute price of NVIDIA's H200 be above $5.50 in August 2027?,active,0.3900,0.4500,0.0000,0.0000,0.00,0.00,0.00,0.0000,5.5,2026-08-01T14:00:00Z,2027-09-01T03:59:59Z,2026-08-01T09:00:34.382698Z,2026-08-01T14:00:01.525742Z,KXH200MS-27AUG,"If the average value of NVIDIA H200 compute per hour is above $5.5 in August 2027, then the market resolves to Yes."
KXH200MS,H200 Monthly,KXH200MS-27AUG-5.000,Will the monthly average compute price of NVIDIA's H200 be above $5.00 in August 2027?,active,0.4200,0.4800,0.0000,0.0000,0.00,0.00,0.00,0.0000,5.0,2026-08-01T14:00:00Z,2027-09-01T03:59:59Z,2026-08-01T09:00:34.382698Z,2026-08-01T14:00:01.525742Z,KXH200MS-27AUG,"If the average value of NVIDIA H200 compute per hour is above $5 in August 2027, then the market resolves to Yes."
KXH200MS,H200 Monthly,KXH200MS-27AUG-4.500,Will the monthly average compute price of NVIDIA's H200 be above $4.50 in August 2027?,active,0.4500,0.5300,0.0000,0.0000,0.00,0.00,0.00,0.0000,4.5,2026-08-01T14:00:00Z,2027-09-01T03:59:59Z,2026-08-01T09:00:34.382698Z,2026-08-01T14:00:01.525742Z,KXH200MS-27AUG,"If the average value of NVIDIA H200 compute per hour is above $4.5 in August 2027, then the market resolves to Yes."
KXH200MS,H200 Monthly,KXH200MS-27AUG-4.000,Will the monthly average compute price of NVIDIA's H200 be above $4.00 in August 2027?,active,0.4900,0.5800,0.0000,0.0000,0.00,0.00,0.00,0.0000,4.0,2026-08-01T14:00:00Z,2027-09-01T03:59:59Z,2026-08-01T09:00:34.382698Z,2026-08-01T14:00:01.525742Z,KXH200MS-27AUG,"If the average value of NVIDIA H200 compute per hour is above $4 in August 2027, then the market resolves to Yes."
KXH200MS,H200 Monthly,KXH200MS-27AUG-3.500,Will the monthly average compute price of NVIDIA's H200 be above $3.50 in August 2027?,active,0.5400,0.6300,0.0000,0.0000,0.00,0.00,0.00,0.0000,3.5,2026-08-01T14:00:00Z,2027-09-01T03:59:59Z,2026-08-01T09:00:34.382698Z,2026-08-01T14:00:01.525742Z,KXH200MS-27AUG,"If the average value of NVIDIA H200 compute per hour is above $3.5 in August 2027, then the market resolves to Yes."
KXH200MS,H200 Monthly,KXH200MS-27AUG-3.000,Will the monthly average compute price of NVIDIA's H200 be above $3.00 in August 2027?,active,0.5900,0.6800,0.0000,0.0000,0.00,0.00,0.00,0.0000,3.0,2026-08-01T14:00:00Z,2027-09-01T03:59:59Z,2026-08-01T09:00:34.382698Z,2026-08-01T14:00:01.525742Z,KXH200MS-27AUG,"If the average value of NVIDIA H200 compute per hour is above $3 in August 2027, then the market resolves to Yes."
KXH200MS,H200 Monthly,KXH200MS-27AUG-2.500,Will the monthly average compute price of NVIDIA's H200 be above $2.50 in August 2027?,active,0.6400,0.7200,0.7300,0.7300,86.00,0.00,86.00,0.0000,2.5,2026-08-01T14:00:00Z,2027-09-01T03:59:59Z,2026-08-01T09:00:34.382698Z,2026-08-01T14:00:01.525742Z,KXH200MS-27AUG,"If the average value of NVIDIA H200 compute per hour is above $2.5 in August 2027, then the market resolves to Yes."
KXH200MS,H200 Monthly,KXH200MS-27AUG-1.000,Will the monthly average compute price of NVIDIA's H200 be above $1.00 in August 2027?,active,0.8500,0.8600,0.9300,0.9300,346.00,0.00,346.00,0.0000,1.0,2026-08-01T14:00:00Z,2027-09-01T03:59:59Z,2026-08-01T09:00:34.382698Z,2026-08-01T14:00:01.525742Z,KXH200MS-27AUG,"If the average value of NVIDIA H200 compute per hour is above $1 in August 2027, then the market resolves to Yes."
KXH200MS,H200 Monthly,KXH200MS-27JUL-6.500,Will the monthly average compute price of NVIDIA's H200 be above $6.50 in July 2027?,active,0.3200,0.3300,0.3500,0.3500,330.00,0.00,196.00,0.0000,6.5,2026-07-01T14:00:00Z,2027-08-01T03:59:59Z,2026-07-01T09:00:33.582252Z,2026-07-13T17:20:11.855128Z,KXH200MS-27JUL,"If the average value of NVIDIA H200 compute per hour is above $6.5 in July 2027, then the market resolves to Yes."
KXH200MS,H200 Monthly,KXH200MS-27JUL-6.000,Will the monthly average compute price of NVIDIA's H200 be above $6.00 in July 2027?,active,0.3700,0.4000,0.3400,0.3400,1442.00,0.00,235.00,0.0000,6.0,2026-07-01T14:00:00Z,2027-08-01T03:59:59Z,2026-07-01T09:00:33.582252Z,2026-07-13T17:20:11.855128Z,KXH200MS-27JUL,"If the average value of NVIDIA H200 compute per hour is above $6 in July 2027, then the market resolves to Yes."
KXH200MS,H200 Monthly,KXH200MS-27JUL-5.500,Will the monthly average compute price of NVIDIA's H200 be above $5.50 in July 2027?,active,0.4000,0.4400,0.4200,0.4200,171.00,0.00,65.00,0.0000,5.5,2026-07-01T14:00:00Z,2027-08-01T03:59:59Z,2026-07-01T09:00:33.582252Z,2026-07-13T17:20:11.855128Z,KXH200MS-27JUL,"If the average value of NVIDIA H200 compute per hour is above $5.5 in July 2027, then the market resolves to Yes."
KXH200MS,H200 Monthly,KXH200MS-27JUL-5.000,Will the monthly average compute price of NVIDIA's H200 be above $5.00 in July 2027?,active,0.4200,0.4800,0.4200,0.4200,28.00,0.00,16.00,0.0000,5.0,2026-07-01T14:00:00Z,2027-08-01T03:59:59Z,2026-07-01T09:00:33.582252Z,2026-07-13T17:20:11.855128Z,KXH200MS-27JUL,"If the average value of NVIDIA H200 compute per hour is above $5 in July 2027, then the market resolves to Yes."
KXH200MS,H200 Monthly,KXH200MS-27JUL-4.500,Will the monthly average compute price of NVIDIA's H200 be above $4.50 in July 2027?,active,0.4700,0.5400,0.5100,0.5100,818.00,0.00,150.00,0.0000,4.5,2026-07-01T14:00:00Z,2027-08-01T03:59:59Z,2026-07-01T09:00:33.582252Z,2026-07-13T17:20:11.855128Z,KXH200MS-27JUL,"If the average value of NVIDIA H200 compute per hour is above $4.5 in July 2027, then the market resolves to Yes."
KXH200MS,H200 Monthly,KXH200MS-27JUL-4.000,Will the monthly average compute price of NVIDIA's H200 be above $4.00 in July 2027?,active,0.5200,0.5900,0.5200,0.5200,52.00,0.00,48.00,0.0000,4.0,2026-07-01T14:00:00Z,2027-08-01T03:59:59Z,2026-07-01T09:00:33.582252Z,2026-07-13T17:20:11.855128Z,KXH200MS-27JUL,"If the average value of NVIDIA H200 compute per hour is above $4 in July 2027, then the market resolves to Yes."
KXH200MS,H200 Monthly,KXH200MS-27JUL-3.500,Will the monthly average compute price of NVIDIA's H200 be above $3.50 in July 2027?,active,0.5600,0.6300,0.5800,0.5800,68.00,0.00,36.00,0.0000,3.5,2026-07-01T14:00:00Z,2027-08-01T03:59:59Z,2026-07-01T09:00:33.582252Z,2026-07-13T17:20:11.855128Z,KXH200MS-27JUL,"If the average value of NVIDIA H200 compute per hour is above $3.5 in July 2027, then the market resolves to Yes."
KXH200MS,H200 Monthly,KXH200MS-27JUL-3.000,Will the monthly average compute price of NVIDIA's H200 be above $3.00 in July 2027?,active,0.6000,0.6600,0.6500,0.6500,393.00,0.00,66.00,0.0000,3.0,2026-07-01T14:00:00Z,2027-08-01T03:59:59Z,2026-07-01T09:00:33.582252Z,2026-07-13T17:20:11.855128Z,KXH200MS-27JUL,"If the average value of NVIDIA H200 compute per hour is above $3 in July 2027, then the market resolves to Yes."
KXH200MS,H200 Monthly,KXH200MS-27JUL-2.500,Will the monthly average compute price of NVIDIA's H200 be above $2.50 in July 2027?,active,0.6700,0.7300,0.7000,0.7000,551.00,0.00,101.00,0.0000,2.5,2026-07-01T14:00:00Z,2027-08-01T03:59:59Z,2026-07-01T09:00:33.582252Z,2026-07-13T17:20:11.882725Z,KXH200MS-27JUL,"If the average value of NVIDIA H200 compute per hour is above $2.5 in July 2027, then the market resolves to Yes."
KXH200MS,H200 Monthly,KXH200MS-27JUN-6.500,Will the monthly average compute price of NVIDIA's H200 be above $6.50 in June 2027?,active,0.3100,0.3200,0.3400,0.3400,2821.39,0.00,693.00,0.0000,6.5,2026-06-17T13:31:00Z,2027-07-01T03:59:59Z,2026-06-17T13:30:20.623244Z,2026-07-13T17:19:32.428594Z,KXH200MS-27JUN,"If the average value of NVIDIA H200 compute per hour is above $6.5 in June 2027, then the market resolves to Yes."
KXH200MS,H200 Monthly,KXH200MS-27JUN-6.000,Will the monthly average compute price of NVIDIA's H200 be above $6.00 in June 2027?,active,0.3200,0.3700,0.3700,0.3700,792.50,0.00,333.46,0.0000,6.0,2026-06-17T13:31:00Z,2027-07-01T03:59:59Z,2026-06-17T13:30:20.623244Z,2026-07-13T17:19:32.428594Z,KXH200MS-27JUN,"If the average value of NVIDIA H200 compute per hour is above $6 in June 2027, then the market resolves to Yes."
KXH200MS,H200 Monthly,KXH200MS-27JUN-5.500,Will the monthly average compute price of NVIDIA's H200 be above $5.50 in June 2027?,active,0.3700,0.4000,0.4300,0.4300,526.01,0.00,334.01,0.0000,5.5,2026-06-17T13:31:00Z,2027-07-01T03:59:59Z,2026-06-17T13:30:20.623244Z,2026-07-13T17:19:32.428594Z,KXH200MS-27JUN,"If the average value of NVIDIA H200 compute per hour is above $5.5 in June 2027, then the market resolves to Yes."
KXH200MS,H200 Monthly,KXH200MS-27JUN-5.000,Will the monthly average compute price of NVIDIA's H200 be above $5.00 in June 2027?,active,0.4000,0.4400,0.3800,0.3800,1429.01,0.00,386.01,0.0000,5.0,2026-06-17T13:31:00Z,2027-07-01T03:59:59Z,2026-06-17T13:30:20.623244Z,2026-07-13T17:19:32.428594Z,KXH200MS-27JUN,"If the average value of NVIDIA H200 compute per hour is above $5 in June 2027, then the market resolves to Yes."
KXH200MS,H200 Monthly,KXH200MS-27JUN-4.500,Will the monthly average compute price of NVIDIA's H200 be above $4.50 in June 2027?,active,0.4600,0.5400,0.5200,0.5200,124.01,0.00,47.01,0.0000,4.5,2026-06-17T13:31:00Z,2027-07-01T03:59:59Z,2026-06-17T13:30:20.623244Z,2026-07-13T17:19:32.428594Z,KXH200MS-27JUN,"If the average value of NVIDIA H200 compute per hour is above $4.5 in June 2027, then the market resolves to Yes."
KXH200MS,H200 Monthly,KXH200MS-27JUN-4.000,Will the monthly average compute price of NVIDIA's H200 be above $4.00 in June 2027?,active,0.5000,0.5800,0.5600,0.5600,49.01,0.00,16.00,0.0000,4.0,2026-06-17T13:31:00Z,2027-07-01T03:59:59Z,2026-06-17T13:30:20.623244Z,2026-07-13T17:19:32.428594Z,KXH200MS-27JUN,"If the average value of NVIDIA H200 compute per hour is above $4 in June 2027, then the market resolves to Yes."
KXH200MS,H200 Monthly,KXH200MS-27JUN-3.500,Will the monthly average compute price of NVIDIA's H200 be above $3.50 in June 2027?,active,0.5600,0.6200,0.6100,0.6100,92.81,0.00,51.39,0.0000,3.5,2026-06-17T13:31:00Z,2027-07-01T03:59:59Z,2026-06-17T13:30:20.623244Z,2026-07-13T17:19:32.428594Z,KXH200MS-27JUN,"If the average value of NVIDIA H200 compute per hour is above $3.5 in June 2027, then the market resolves to Yes."
KXH200MS,H200 Monthly,KXH200MS-27JUN-3.000,Will the monthly average compute price of NVIDIA's H200 be above $3.00 in June 2027?,active,0.6200,0.6900,0.6800,0.6800,466.59,0.00,138.39,0.0000,3.0,2026-06-17T13:31:00Z,2027-07-01T03:59:59Z,2026-06-17T13:30:20.623244Z,2026-07-13T17:19:32.428594Z,KXH200MS-27JUN,"If the average value of NVIDIA H200 compute per hour is above $3 in June 2027, then the market resolves to Yes."
KXH200MS,H200 Monthly,KXH200MS-27JUN-2.500,Will the monthly average compute price of NVIDIA's H200 be above $2.50 in June 2027?,active,0.6800,0.7400,0.7600,0.7600,203.00,0.00,71.00,0.0000,2.5,2026-06-17T13:31:00Z,2027-07-01T03:59:59Z,2026-06-17T13:30:20.623244Z,2026-07-13T17:19:32.428594Z,KXH200MS-27JUN,"If the average value of NVIDIA H200 compute per hour is above $2.5 in June 2027, then the market resolves to Yes."
KXH200MS,H200 Monthly,KXH200MS-27JUN-2.000,Will the monthly average compute price of NVIDIA's H200 be above $2.00 in June 2027?,active,0.7500,0.7800,0.7600,0.7600,58.00,0.00,32.00,0.0000,2.0,2026-06-17T13:31:00Z,2027-07-01T03:59:59Z,2026-06-17T13:30:20.623244Z,2026-07-13T17:19:32.428594Z,KXH200MS-27JUN,"If the average value of NVIDIA H200 compute per hour is above $2 in June 2027, then the market resolves to Yes."
KXH200MS,H200 Monthly,KXH200MS-27JUN-1.500,Will the monthly average compute price of NVIDIA's H200 be above $1.50 in June 2027?,active,0.8000,0.8600,0.8000,0.8000,273.00,0.00,119.00,0.0000,1.5,2026-06-17T13:31:00Z,2027-07-01T03:59:59Z,2026-06-17T13:30:20.623244Z,2026-07-13T17:19:32.428594Z,KXH200MS-27JUN,"If the average value of NVIDIA H200 compute per hour is above $1.5 in June 2027, then the market resolves to Yes."
KXH200MS,H200 Monthly,KXH200MS-27MAY-6.500,Will the monthly average compute price of NVIDIA's H200 be above $6.50 in May 2027?,active,0.3200,0.3300,0.3000,0.3000,1003.00,0.00,489.00,0.0000,6.5,2026-06-17T13:31:00Z,2027-06-01T03:59:59Z,2026-06-17T13:30:20.112617Z,2026-07-13T17:19:00.965453Z,KXH200MS-27MAY,"If the average value of NVIDIA H200 compute per hour is above $6.5 in May 2027, then the market resolves to Yes."
KXH200MS,H200 Monthly,KXH200MS-27MAY-6.000,Will the monthly average compute price of NVIDIA's H200 be above $6.00 in May 2027?,active,0.3400,0.3600,0.3300,0.3300,900.00,0.00,436.00,0.0000,6.0,2026-06-17T13:31:00Z,2027-06-01T03:59:59Z,2026-06-17T13:30:20.112617Z,2026-07-13T17:19:00.965453Z,KXH200MS-27MAY,"If the average value of NVIDIA H200 compute per hour is above $6 in May 2027, then the market resolves to Yes."
KXH200MS,H200 Monthly,KXH200MS-27MAY-5.500,Will the monthly average compute price of NVIDIA's H200 be above $5.50 in May 2027?,active,0.3700,0.4200,0.4100,0.4100,704.00,0.00,370.00,0.0000,5.5,2026-06-17T13:31:00Z,2027-06-01T03:59:59Z,2026-06-17T13:30:20.112617Z,2026-07-13T17:19:00.965453Z,KXH200MS-27MAY,"If the average value of NVIDIA H200 compute per hour is above $5.5 in May 2027, then the market resolves to Yes."
KXH200MS,H200 Monthly,KXH200MS-27MAY-5.000,Will the monthly average compute price of NVIDIA's H200 be above $5.00 in May 2027?,active,0.4100,0.4800,0.4100,0.4100,86.10,0.00,58.00,0.0000,5.0,2026-06-17T13:31:00Z,2027-06-01T03:59:59Z,2026-06-17T13:30:20.112617Z,2026-07-13T17:19:00.965453Z,KXH200MS-27MAY,"If the average value of NVIDIA H200 compute per hour is above $5 in May 2027, then the market resolves to Yes."
KXH200MS,H200 Monthly,KXH200MS-27MAY-4.500,Will the monthly average compute price of NVIDIA's H200 be above $4.50 in May 2027?,active,0.4500,0.4900,0.4400,0.4400,775.00,0.00,267.00,0.0000,4.5,2026-06-17T13:31:00Z,2027-06-01T03:59:59Z,2026-06-17T13:30:20.112617Z,2026-07-13T17:19:00.965453Z,KXH200MS-27MAY,"If the average value of NVIDIA H200 compute per hour is above $4.5 in May 2027, then the market resolves to Yes."
KXH200MS,H200 Monthly,KXH200MS-27MAY-4.000,Will the monthly average compute price of NVIDIA's H200 be above $4.00 in May 2027?,active,0.5400,0.5900,0.5700,0.5700,824.00,0.00,230.00,0.0000,4.0,2026-06-17T13:31:00Z,2027-06-01T03:59:59Z,2026-06-17T13:30:20.112617Z,2026-07-13T17:19:00.965453Z,KXH200MS-27MAY,"If the average value of NVIDIA H200 compute per hour is above $4 in May 2027, then the market resolves to Yes."
KXH200MS,H200 Monthly,KXH200MS-27MAY-3.500,Will the monthly average compute price of NVIDIA's H200 be above $3.50 in May 2027?,active,0.6000,0.6500,0.6100,0.6100,903.00,0.00,284.00,0.0000,3.5,2026-06-17T13:31:00Z,2027-06-01T03:59:59Z,2026-06-17T13:30:20.112617Z,2026-07-13T17:19:00.965453Z,KXH200MS-27MAY,"If the average value of NVIDIA H200 compute per hour is above $3.5 in May 2027, then the market resolves to Yes."
KXH200MS,H200 Monthly,KXH200MS-27MAY-3.000,Will the monthly average compute price of NVIDIA's H200 be above $3.00 in May 2027?,active,0.6600,0.7000,0.6700,0.6700,440.00,0.00,252.00,0.0000,3.0,2026-06-17T13:31:00Z,2027-06-01T03:59:59Z,2026-06-17T13:30:20.112617Z,2026-07-13T17:19:00.965453Z,KXH200MS-27MAY,"If the average value of NVIDIA H200 compute per hour is above $3 in May 2027, then the market resolves to Yes."
KXH200MS,H200 Monthly,KXH200MS-27MAY-2.500,Will the monthly average compute price of NVIDIA's H200 be above $2.50 in May 2027?,active,0.6800,0.7500,0.7400,0.7400,153.10,0.00,95.10,0.0000,2.5,2026-06-17T13:31:00Z,2027-06-01T03:59:59Z,2026-06-17T13:30:20.112617Z,2026-07-13T17:19:00.965453Z,KXH200MS-27MAY,"If the average value of NVIDIA H200 compute per hour is above $2.5 in May 2027, then the market resolves to Yes."
KXH200MS,H200 Monthly,KXH200MS-27MAY-2.000,Will the monthly average compute price of NVIDIA's H200 be above $2.00 in May 2027?,active,0.7600,0.7900,0.7900,0.7900,180.00,0.00,109.00,0.0000,2.0,2026-06-17T13:31:00Z,2027-06-01T03:59:59Z,2026-06-17T13:30:20.112617Z,2026-07-13T17:19:00.965453Z,KXH200MS-27MAY,"If the average value of NVIDIA H200 compute per hour is above $2 in May 2027, then the market resolves to Yes."
KXH200MS,H200 Monthly,KXH200MS-27MAY-1.500,Will the monthly average compute price of NVIDIA's H200 be above $1.50 in May 2027?,active,0.8200,0.8300,0.8300,0.8300,1077.10,0.00,527.10,0.0000,1.5,2026-06-17T13:31:00Z,2027-06-01T03:59:59Z,2026-06-17T13:30:20.112617Z,2026-07-13T17:19:00.965453Z,KXH200MS-27MAY,"If the average value of NVIDIA H200 compute per hour is above $1.5 in May 2027, then the market resolves to Yes."
KXH200MS,H200 Monthly,KXH200MS-27APR-6.500,Will the monthly average compute price of NVIDIA's H200 be above $6.50 in April 2027?,active,0.3100,0.3200,0.3800,0.3800,1162.00,0.00,602.00,0.0000,6.5,2026-06-17T13:31:00Z,2027-05-01T03:59:59Z,2026-06-17T13:30:19.634693Z,2026-07-13T17:18:25.148705Z,KXH200MS-27APR,"If the average value of NVIDIA H200 compute per hour is above $6.5 in April 2027, then the market resolves to Yes."
KXH200MS,H200 Monthly,KXH200MS-27APR-6.000,Will the monthly average compute price of NVIDIA's H200 be above $6.00 in April 2027?,active,0.3400,0.3500,0.3400,0.3400,879.00,0.00,404.00,0.0000,6.0,2026-06-17T13:31:00Z,2027-05-01T03:59:59Z,2026-06-17T13:30:19.634693Z,2026-07-13T17:18:25.148705Z,KXH200MS-27APR,"If the average value of NVIDIA H200 compute per hour is above $6 in April 2027, then the market resolves to Yes."
KXH200MS,H200 Monthly,KXH200MS-27APR-5.500,Will the monthly average compute price of NVIDIA's H200 be above $5.50 in April 2027?,active,0.3600,0.4200,0.3500,0.3500,288.00,0.00,192.00,0.0000,5.5,2026-06-17T13:31:00Z,2027-05-01T03:59:59Z,2026-06-17T13:30:19.634693Z,2026-07-13T17:18:25.148705Z,KXH200MS-27APR,"If the average value of NVIDIA H200 compute per hour is above $5.5 in April 2027, then the market resolves to Yes."
KXH200MS,H200 Monthly,KXH200MS-27APR-5.000,Will the monthly average compute price of NVIDIA's H200 be above $5.00 in April 2027?,active,0.4000,0.4500,0.4000,0.4000,427.00,0.00,171.00,0.0000,5.0,2026-06-17T13:31:00Z,2027-05-01T03:59:59Z,2026-06-17T13:30:19.634693Z,2026-07-13T17:18:25.148705Z,KXH200MS-27APR,"If the average value of NVIDIA H200 compute per hour is above $5 in April 2027, then the market resolves to Yes."
KXH200MS,H200 Monthly,KXH200MS-27APR-4.500,Will the monthly average compute price of NVIDIA's H200 be above $4.50 in April 2027?,active,0.4600,0.5300,0.4400,0.4400,53.00,0.00,36.00,0.0000,4.5,2026-06-17T13:31:00Z,2027-05-01T03:59:59Z,2026-06-17T13:30:19.634693Z,2026-07-13T17:18:25.148705Z,KXH200MS-27APR,"If the average value of NVIDIA H200 compute per hour is above $4.5 in April 2027, then the market resolves to Yes."
KXH200MS,H200 Monthly,KXH200MS-27APR-4.000,Will the monthly average compute price of NVIDIA's H200 be above $4.00 in April 2027?,active,0.5300,0.5800,0.5200,0.5200,99.00,0.00,81.00,0.0000,4.0,2026-06-17T13:31:00Z,2027-05-01T03:59:59Z,2026-06-17T13:30:19.634693Z,2026-07-13T17:18:25.148705Z,KXH200MS-27APR,"If the average value of NVIDIA H200 compute per hour is above $4 in April 2027, then the market resolves to Yes."
KXH200MS,H200 Monthly,KXH200MS-27APR-3.500,Will the monthly average compute price of NVIDIA's H200 be above $3.50 in April 2027?,active,0.5700,0.6100,0.6000,0.6000,1419.00,0.00,154.00,0.0000,3.5,2026-06-17T13:31:00Z,2027-05-01T03:59:59Z,2026-06-17T13:30:19.634693Z,2026-07-13T17:18:25.148705Z,KXH200MS-27APR,"If the average value of NVIDIA H200 compute per hour is above $3.5 in April 2027, then the market resolves to Yes."
KXH200MS,H200 Monthly,KXH200MS-27APR-3.000,Will the monthly average compute price of NVIDIA's H200 be above $3.00 in April 2027?,active,0.6500,0.6900,0.6100,0.6100,199.00,0.00,91.00,0.0000,3.0,2026-06-17T13:31:00Z,2027-05-01T03:59:59Z,2026-06-17T13:30:19.634693Z,2026-07-13T17:18:25.148705Z,KXH200MS-27APR,"If the average value of NVIDIA H200 compute per hour is above $3 in April 2027, then the market resolves to Yes."
KXH200MS,H200 Monthly,KXH200MS-27APR-2.500,Will the monthly average compute price of NVIDIA's H200 be above $2.50 in April 2027?,active,0.7000,0.7500,0.6600,0.6600,293.00,0.00,108.00,0.0000,2.5,2026-06-17T13:31:00Z,2027-05-01T03:59:59Z,2026-06-17T13:30:19.634693Z,2026-07-13T17:18:25.148705Z,KXH200MS-27APR,"If the average value of NVIDIA H200 compute per hour is above $2.5 in April 2027, then the market resolves to Yes."
KXH200MS,H200 Monthly,KXH200MS-27APR-2.000,Will the monthly average compute price of NVIDIA's H200 be above $2.00 in April 2027?,active,0.7600,0.8100,0.7700,0.7700,239.00,0.00,135.00,0.0000,2.0,2026-06-17T13:31:00Z,2027-05-01T03:59:59Z,2026-06-17T13:30:19.634693Z,2026-07-13T17:18:25.148705Z,KXH200MS-27APR,"If the average value of NVIDIA H200 compute per hour is above $2 in April 2027, then the market resolves to Yes."
KXH200MS,H200 Monthly,KXH200MS-27APR-1.500,Will the monthly average compute price of NVIDIA's H200 be above $1.50 in April 2027?,active,0.8300,0.8500,0.8400,0.8400,128.00,0.00,84.00,0.0000,1.5,2026-06-17T13:31:00Z,2027-05-01T03:59:59Z,2026-06-17T13:30:19.634693Z,2026-07-13T17:18:25.148705Z,KXH200MS-27APR,"If the average value of NVIDIA H200 compute per hour is above $1.5 in April 2027, then the market resolves to Yes."
KXH200MS,H200 Monthly,KXH200MS-27MAR-6.500,Will the monthly average compute price of NVIDIA's H200 be above $6.50 in March 2027?,active,0.3200,0.3500,0.3500,0.3500,7251.09,0.00,822.76,0.0000,6.5,2026-06-17T13:31:00Z,2027-04-01T03:59:59Z,2026-06-17T13:30:19.039644Z,2026-07-13T17:18:00.917764Z,KXH200MS-27MAR,"If the average value of NVIDIA H200 compute per hour is above $6.5 in March 2027, then the market resolves to Yes."
KXH200MS,H200 Monthly,KXH200MS-27MAR-6.000,Will the monthly average compute price of NVIDIA's H200 be above $6.00 in March 2027?,active,0.3400,0.3600,0.3700,0.3700,489.75,0.00,298.54,0.0000,6.0,2026-06-17T13:31:00Z,2027-04-01T03:59:59Z,2026-06-17T13:30:19.039644Z,2026-07-13T17:18:00.917764Z,KXH200MS-27MAR,"If the average value of NVIDIA H200 compute per hour is above $6 in March 2027, then the market resolves to Yes."
KXH200MS,H200 Monthly,KXH200MS-27MAR-5.500,Will the monthly average compute price of NVIDIA's H200 be above $5.50 in March 2027?,active,0.4100,0.4400,0.4200,0.4200,255.97,0.00,192.97,0.0000,5.5,2026-06-17T13:31:00Z,2027-04-01T03:59:59Z,2026-06-17T13:30:19.039644Z,2026-07-13T17:18:00.917764Z,KXH200MS-27MAR,"If the average value of NVIDIA H200 compute per hour is above $5.5 in March 2027, then the market resolves to Yes."
KXH200MS,H200 Monthly,KXH200MS-27MAR-5.000,Will the monthly average compute price of NVIDIA's H200 be above $5.00 in March 2027?,active,0.4100,0.4700,0.4400,0.4400,423.00,0.00,128.00,0.0000,5.0,2026-06-17T13:31:00Z,2027-04-01T03:59:59Z,2026-06-17T13:30:19.039644Z,2026-07-13T17:18:00.917764Z,KXH200MS-27MAR,"If the average value of NVIDIA H200 compute per hour is above $5 in March 2027, then the market resolves to Yes."
KXH200MS,H200 Monthly,KXH200MS-27MAR-4.500,Will the monthly average compute price of NVIDIA's H200 be above $4.50 in March 2027?,active,0.4500,0.5100,0.4800,0.4800,484.00,0.00,195.00,0.0000,4.5,2026-06-17T13:31:00Z,2027-04-01T03:59:59Z,2026-06-17T13:30:19.039644Z,2026-07-13T17:18:00.917764Z,KXH200MS-27MAR,"If the average value of NVIDIA H200 compute per hour is above $4.5 in March 2027, then the market resolves to Yes."
KXH200MS,H200 Monthly,KXH200MS-27MAR-4.000,Will the monthly average compute price of NVIDIA's H200 be above $4.00 in March 2027?,active,0.5300,0.5900,0.5800,0.5800,155.00,0.00,88.00,0.0000,4.0,2026-06-17T13:31:00Z,2027-04-01T03:59:59Z,2026-06-17T13:30:19.039644Z,2026-07-13T17:18:00.917764Z,KXH200MS-27MAR,"If the average value of NVIDIA H200 compute per hour is above $4 in March 2027, then the market resolves to Yes."
KXH200MS,H200 Monthly,KXH200MS-27MAR-3.500,Will the monthly average compute price of NVIDIA's H200 be above $3.50 in March 2027?,active,0.5800,0.6500,0.6000,0.6000,32.00,0.00,15.00,0.0000,3.5,2026-06-17T13:31:00Z,2027-04-01T03:59:59Z,2026-06-17T13:30:19.039644Z,2026-07-13T17:18:00.917764Z,KXH200MS-27MAR,"If the average value of NVIDIA H200 compute per hour is above $3.5 in March 2027, then the market resolves to Yes."
KXH200MS,H200 Monthly,KXH200MS-27MAR-3.000,Will the monthly average compute price of NVIDIA's H200 be above $3.00 in March 2027?,active,0.6400,0.7000,0.6500,0.6500,868.85,0.00,170.78,0.0000,3.0,2026-06-17T13:31:00Z,2027-04-01T03:59:59Z,2026-06-17T13:30:19.039644Z,2026-07-13T17:18:00.917764Z,KXH200MS-27MAR,"If the average value of NVIDIA H200 compute per hour is above $3 in March 2027, then the market resolves to Yes."
KXH200MS,H200 Monthly,KXH200MS-27MAR-2.500,Will the monthly average compute price of NVIDIA's H200 be above $2.50 in March 2027?,active,0.7100,0.7700,0.6800,0.6800,1460.52,0.00,852.00,0.0000,2.5,2026-06-17T13:31:00Z,2027-04-01T03:59:59Z,2026-06-17T13:30:19.039644Z,2026-07-13T17:18:00.917764Z,KXH200MS-27MAR,"If the average value of NVIDIA H200 compute per hour is above $2.5 in March 2027, then the market resolves to Yes."
KXH200MS,H200 Monthly,KXH200MS-27MAR-2.000,Will the monthly average compute price of NVIDIA's H200 be above $2.00 in March 2027?,active,0.8500,0.8600,0.8800,0.8800,1391.00,0.00,815.00,0.0000,2.0,2026-06-17T13:31:00Z,2027-04-01T03:59:59Z,2026-06-17T13:30:19.039644Z,2026-07-13T17:18:00.917764Z,KXH200MS-27MAR,"If the average value of NVIDIA H200 compute per hour is above $2 in March 2027, then the market resolves to Yes."
KXH200MS,H200 Monthly,KXH200MS-27MAR-1.500,Will the monthly average compute price of NVIDIA's H200 be above $1.50 in March 2027?,active,0.8600,0.9200,0.8900,0.8900,3488.00,0.00,574.00,0.0000,1.5,2026-06-17T13:31:00Z,2027-04-01T03:59:59Z,2026-06-17T13:30:19.039644Z,2026-07-13T17:18:00.917764Z,KXH200MS-27MAR,"If the average value of NVIDIA H200 compute per hour is above $1.5 in March 2027, then the market resolves to Yes."
KXH200MS,H200 Monthly,KXH200MS-27FEB-6.500,Will the monthly average compute price of NVIDIA's H200 be above $6.50 in February 2027?,active,0.2300,0.2400,0.2300,0.2300,6393.46,0.00,667.02,0.0000,6.5,2026-06-17T13:31:00Z,2027-03-01T04:59:59Z,2026-06-17T13:30:18.517265Z,2026-07-13T17:17:14.92435Z,KXH200MS-27FEB,"If the average value of NVIDIA H200 compute per hour is above $6.5 in February 2027, then the market resolves to Yes."
KXH200MS,H200 Monthly,KXH200MS-27FEB-6.000,Will the monthly average compute price of NVIDIA's H200 be above $6.00 in February 2027?,active,0.3100,0.3200,0.3100,0.3100,4252.52,0.00,621.20,0.0000,6.0,2026-06-17T13:31:00Z,2027-03-01T04:59:59Z,2026-06-17T13:30:18.517265Z,2026-07-13T17:17:14.92435Z,KXH200MS-27FEB,"If the average value of NVIDIA H200 compute per hour is above $6 in February 2027, then the market resolves to Yes."
KXH200MS,H200 Monthly,KXH200MS-27FEB-5.500,Will the monthly average compute price of NVIDIA's H200 be above $5.50 in February 2027?,active,0.3400,0.3600,0.3500,0.3500,1820.13,0.00,456.13,0.0000,5.5,2026-06-17T13:31:00Z,2027-03-01T04:59:59Z,2026-06-17T13:30:18.517265Z,2026-07-13T17:17:14.92435Z,KXH200MS-27FEB,"If the average value of NVIDIA H200 compute per hour is above $5.5 in February 2027, then the market resolves to Yes."
KXH200MS,H200 Monthly,KXH200MS-27FEB-5.000,Will the monthly average compute price of NVIDIA's H200 be above $5.00 in February 2027?,active,0.4100,0.4600,0.4300,0.4300,5300.29,0.00,457.54,0.0000,5.0,2026-06-17T13:31:00Z,2027-03-01T04:59:59Z,2026-06-17T13:30:18.517265Z,2026-07-13T17:17:14.92435Z,KXH200MS-27FEB,"If the average value of NVIDIA H200 compute per hour is above $5 in February 2027, then the market resolves to Yes."
KXH200MS,H200 Monthly,KXH200MS-27FEB-4.500,Will the monthly average compute price of NVIDIA's H200 be above $4.50 in February 2027?,active,0.4700,0.5300,0.5100,0.5100,1835.14,0.00,599.45,0.0000,4.5,2026-06-17T13:31:00Z,2027-03-01T04:59:59Z,2026-06-17T13:30:18.517265Z,2026-07-13T17:17:14.92435Z,KXH200MS-27FEB,"If the average value of NVIDIA H200 compute per hour is above $4.5 in February 2027, then the market resolves to Yes."
KXH200MS,H200 Monthly,KXH200MS-27FEB-4.000,Will the monthly average compute price of NVIDIA's H200 be above $4.00 in February 2027?,active,0.5600,0.6100,0.5600,0.5600,924.86,0.00,237.86,0.0000,4.0,2026-06-17T13:31:00Z,2027-03-01T04:59:59Z,2026-06-17T13:30:18.517265Z,2026-07-13T17:17:14.92435Z,KXH200MS-27FEB,"If the average value of NVIDIA H200 compute per hour is above $4 in February 2027, then the market resolves to Yes."
KXH200MS,H200 Monthly,KXH200MS-27FEB-3.500,Will the monthly average compute price of NVIDIA's H200 be above $3.50 in February 2027?,active,0.6100,0.6800,0.6400,0.6400,269.00,0.00,101.00,0.0000,3.5,2026-06-17T13:31:00Z,2027-03-01T04:59:59Z,2026-06-17T13:30:18.517265Z,2026-07-13T17:17:14.92435Z,KXH200MS-27FEB,"If the average value of NVIDIA H200 compute per hour is above $3.5 in February 2027, then the market resolves to Yes."
KXH200MS,H200 Monthly,KXH200MS-27FEB-3.000,Will the monthly average compute price of NVIDIA's H200 be above $3.00 in February 2027?,active,0.6800,0.7300,0.6400,0.6400,127.00,0.00,84.00,0.0000,3.0,2026-06-17T13:31:00Z,2027-03-01T04:59:59Z,2026-06-17T13:30:18.517265Z,2026-07-13T17:17:14.92435Z,KXH200MS-27FEB,"If the average value of NVIDIA H200 compute per hour is above $3 in February 2027, then the market resolves to Yes."
KXH200MS,H200 Monthly,KXH200MS-27FEB-2.500,Will the monthly average compute price of NVIDIA's H200 be above $2.50 in February 2027?,active,0.7500,0.7900,0.7600,0.7600,1666.40,0.00,1106.00,0.0000,2.5,2026-06-17T13:31:00Z,2027-03-01T04:59:59Z,2026-06-17T13:30:18.517265Z,2026-07-13T17:17:14.92435Z,KXH200MS-27FEB,"If the average value of NVIDIA H200 compute per hour is above $2.5 in February 2027, then the market resolves to Yes."
KXH200MS,H200 Monthly,KXH200MS-27FEB-2.000,Will the monthly average compute price of NVIDIA's H200 be above $2.00 in February 2027?,active,0.8500,0.9200,0.9100,0.9100,1507.00,0.00,764.00,0.0000,2.0,2026-06-17T13:31:00Z,2027-03-01T04:59:59Z,2026-06-17T13:30:18.517265Z,2026-07-13T17:17:14.92435Z,KXH200MS-27FEB,"If the average value of NVIDIA H200 compute per hour is above $2 in February 2027, then the market resolves to Yes."
KXH200MS,H200 Monthly,KXH200MS-27FEB-1.500,Will the monthly average compute price of NVIDIA's H200 be above $1.50 in February 2027?,active,0.8600,0.8900,0.9400,0.9400,2186.00,0.00,576.00,0.0000,1.5,2026-06-17T13:31:00Z,2027-03-01T04:59:59Z,2026-06-17T13:30:18.517265Z,2026-07-13T17:17:14.92435Z,KXH200MS-27FEB,"If the average value of NVIDIA H200 compute per hour is above $1.5 in February 2027, then the market resolves to Yes."
KXH200MS,H200 Monthly,KXH200MS-27JAN-6.500,Will the monthly average compute price of NVIDIA's H200 be above $6.50 in January 2027?,active,0.0600,0.1200,0.1300,0.1300,10906.00,0.00,3057.00,0.0000,6.5,2026-06-17T13:31:00Z,2027-02-01T04:59:59Z,2026-06-17T13:30:17.979972Z,2026-07-13T17:16:42.6889Z,KXH200MS-27JAN,"If the average value of NVIDIA H200 compute per hour is above $6.5 in January 2027, then the market resolves to Yes."
KXH200MS,H200 Monthly,KXH200MS-27JAN-6.000,Will the monthly average compute price of NVIDIA's H200 be above $6.00 in January 2027?,active,0.1500,0.3000,0.3400,0.3400,5884.70,0.00,1164.34,0.0000,6.0,2026-06-17T13:31:00Z,2027-02-01T04:59:59Z,2026-06-17T13:30:17.979972Z,2026-07-13T17:16:42.6889Z,KXH200MS-27JAN,"If the average value of NVIDIA H200 compute per hour is above $6 in January 2027, then the market resolves to Yes."
KXH200MS,H200 Monthly,KXH200MS-27JAN-5.500,Will the monthly average compute price of NVIDIA's H200 be above $5.50 in January 2027?,active,0.2100,0.3600,0.3600,0.3600,3017.00,0.00,749.00,0.0000,5.5,2026-06-17T13:31:00Z,2027-02-01T04:59:59Z,2026-06-17T13:30:17.979972Z,2026-07-13T17:16:42.6889Z,KXH200MS-27JAN,"If the average value of NVIDIA H200 compute per hour is above $5.5 in January 2027, then the market resolves to Yes."
KXH200MS,H200 Monthly,KXH200MS-27JAN-5.000,Will the monthly average compute price of NVIDIA's H200 be above $5.00 in January 2027?,active,0.1500,0.4000,0.4100,0.4100,6637.73,0.00,1985.11,0.0000,5.0,2026-06-17T13:31:00Z,2027-02-01T04:59:59Z,2026-06-17T13:30:17.979972Z,2026-07-13T17:16:42.6889Z,KXH200MS-27JAN,"If the average value of NVIDIA H200 compute per hour is above $5 in January 2027, then the market resolves to Yes."
KXH200MS,H200 Monthly,KXH200MS-27JAN-4.500,Will the monthly average compute price of NVIDIA's H200 be above $4.50 in January 2027?,active,0.2100,0.4700,0.4800,0.4800,1858.73,15.00,566.68,0.0000,4.5,2026-06-17T13:31:00Z,2027-02-01T04:59:59Z,2026-06-17T13:30:17.979972Z,2026-07-13T17:16:42.6889Z,KXH200MS-27JAN,"If the average value of NVIDIA H200 compute per hour is above $4.5 in January 2027, then the market resolves to Yes."
KXH200MS,H200 Monthly,KXH200MS-27JAN-4.000,Will the monthly average compute price of NVIDIA's H200 be above $4.00 in January 2027?,active,0.5400,0.6100,0.5200,0.5200,2705.77,0.00,462.15,0.0000,4.0,2026-06-17T13:31:00Z,2027-02-01T04:59:59Z,2026-06-17T13:30:17.979972Z,2026-07-13T17:16:42.6889Z,KXH200MS-27JAN,"If the average value of NVIDIA H200 compute per hour is above $4 in January 2027, then the market resolves to Yes."
KXH200MS,H200 Monthly,KXH200MS-27JAN-3.500,Will the monthly average compute price of NVIDIA's H200 be above $3.50 in January 2027?,active,0.6200,0.6800,0.6600,0.6600,933.00,0.00,493.00,0.0000,3.5,2026-06-17T13:31:00Z,2027-02-01T04:59:59Z,2026-06-17T13:30:17.979972Z,2026-07-13T17:16:42.6889Z,KXH200MS-27JAN,"If the average value of NVIDIA H200 compute per hour is above $3.5 in January 2027, then the market resolves to Yes."
KXH200MS,H200 Monthly,KXH200MS-27JAN-3.000,Will the monthly average compute price of NVIDIA's H200 be above $3.00 in January 2027?,active,0.6800,0.7500,0.6700,0.6700,774.00,0.00,140.00,0.0000,3.0,2026-06-17T13:31:00Z,2027-02-01T04:59:59Z,2026-06-17T13:30:17.979972Z,2026-07-13T17:16:42.6889Z,KXH200MS-27JAN,"If the average value of NVIDIA H200 compute per hour is above $3 in January 2027, then the market resolves to Yes."
KXH200MS,H200 Monthly,KXH200MS-27JAN-2.500,Will the monthly average compute price of NVIDIA's H200 be above $2.50 in January 2027?,active,0.7700,0.8100,0.8600,0.8600,1840.00,0.00,1340.00,0.0000,2.5,2026-06-17T13:31:00Z,2027-02-01T04:59:59Z,2026-06-17T13:30:17.979972Z,2026-07-13T17:16:42.6889Z,KXH200MS-27JAN,"If the average value of NVIDIA H200 compute per hour is above $2.5 in January 2027, then the market resolves to Yes."
KXH200MS,H200 Monthly,KXH200MS-27JAN-2.000,Will the monthly average compute price of NVIDIA's H200 be above $2.00 in January 2027?,active,0.8200,0.8700,0.8800,0.8800,733.00,0.00,548.00,0.0000,2.0,2026-06-17T13:31:00Z,2027-02-01T04:59:59Z,2026-06-17T13:30:17.979972Z,2026-07-13T17:16:42.6889Z,KXH200MS-27JAN,"If the average value of NVIDIA H200 compute per hour is above $2 in January 2027, then the market resolves to Yes."
KXH200MS,H200 Monthly,KXH200MS-27JAN-1.500,Will the monthly average compute price of NVIDIA's H200 be above $1.50 in January 2027?,active,0.9600,0.9700,0.9600,0.9600,3217.00,0.00,1059.00,0.0000,1.5,2026-06-17T13:31:00Z,2027-02-01T04:59:59Z,2026-06-17T13:30:17.979972Z,2026-07-13T17:16:42.6889Z,KXH200MS-27JAN,"If the average value of NVIDIA H200 compute per hour is above $1.5 in January 2027, then the market resolves to Yes."
KXH200MS,H200 Monthly,KXH200MS-26DEC-6.500,Will the monthly average compute price of NVIDIA's H200 be above $6.50 in December 2026?,active,0.2800,0.2900,0.2600,0.2600,2352.00,0.00,493.00,0.0000,6.5,2026-06-17T13:31:00Z,2027-01-01T04:59:59Z,2026-06-17T13:30:17.365793Z,2026-07-13T17:16:17.578458Z,KXH200MS-26DEC,"If the average value of NVIDIA H200 compute per hour is above $6.5 in December 2026, then the market resolves to Yes."
KXH200MS,H200 Monthly,KXH200MS-26DEC-6.000,Will the monthly average compute price of NVIDIA's H200 be above $6.00 in December 2026?,active,0.3700,0.3800,0.3300,0.3300,1402.23,0.00,260.23,0.0000,6.0,2026-06-17T13:31:00Z,2027-01-01T04:59:59Z,2026-06-17T13:30:17.365793Z,2026-07-13T17:16:17.578458Z,KXH200MS-26DEC,"If the average value of NVIDIA H200 compute per hour is above $6 in December 2026, then the market resolves to Yes."
KXH200MS,H200 Monthly,KXH200MS-26DEC-5.500,Will the monthly average compute price of NVIDIA's H200 be above $5.50 in December 2026?,active,0.4300,0.4400,0.3900,0.3900,1170.97,0.00,376.05,0.0000,5.5,2026-06-17T13:31:00Z,2027-01-01T04:59:59Z,2026-06-17T13:30:17.365793Z,2026-07-13T17:16:17.578458Z,KXH200MS-26DEC,"If the average value of NVIDIA H200 compute per hour is above $5.5 in December 2026, then the market resolves to Yes."
KXH200MS,H200 Monthly,KXH200MS-26DEC-5.000,Will the monthly average compute price of NVIDIA's H200 be above $5.00 in December 2026?,active,0.4900,0.5000,0.5000,0.4400,1862.26,4.00,395.00,0.0000,5.0,2026-06-17T13:31:00Z,2027-01-01T04:59:59Z,2026-06-17T13:30:17.365793Z,2026-07-13T17:16:17.578458Z,KXH200MS-26DEC,"If the average value of NVIDIA H200 compute per hour is above $5 in December 2026, then the market resolves to Yes."
KXH200MS,H200 Monthly,KXH200MS-26DEC-4.500,Will the monthly average compute price of NVIDIA's H200 be above $4.50 in December 2026?,active,0.5900,0.6000,0.5900,0.5400,274.00,11.00,245.00,0.0000,4.5,2026-06-17T13:31:00Z,2027-01-01T04:59:59Z,2026-06-17T13:30:17.365793Z,2026-07-13T17:16:17.578458Z,KXH200MS-26DEC,"If the average value of NVIDIA H200 compute per hour is above $4.5 in December 2026, then the market resolves to Yes."
KXH200MS,H200 Monthly,KXH200MS-26DEC-4.000,Will the monthly average compute price of NVIDIA's H200 be above $4.00 in December 2026?,active,0.6300,0.6400,0.5900,0.5900,285.00,0.00,130.00,0.0000,4.0,2026-06-17T13:31:00Z,2027-01-01T04:59:59Z,2026-06-17T13:30:17.365793Z,2026-07-13T17:16:17.578458Z,KXH200MS-26DEC,"If the average value of NVIDIA H200 compute per hour is above $4 in December 2026, then the market resolves to Yes."
KXH200MS,H200 Monthly,KXH200MS-26DEC-3.500,Will the monthly average compute price of NVIDIA's H200 be above $3.50 in December 2026?,active,0.7400,0.7500,0.7700,0.6100,445.00,240.00,400.00,0.0000,3.5,2026-06-17T13:31:00Z,2027-01-01T04:59:59Z,2026-06-17T13:30:17.365793Z,2026-07-13T17:16:17.578458Z,KXH200MS-26DEC,"If the average value of NVIDIA H200 compute per hour is above $3.5 in December 2026, then the market resolves to Yes."
KXH200MS,H200 Monthly,KXH200MS-26DEC-3.000,Will the monthly average compute price of NVIDIA's H200 be above $3.00 in December 2026?,active,0.8500,0.8600,0.9000,0.8100,1527.64,100.00,974.94,0.0000,3.0,2026-06-17T13:31:00Z,2027-01-01T04:59:59Z,2026-06-17T13:30:17.365793Z,2026-07-13T17:16:17.578458Z,KXH200MS-26DEC,"If the average value of NVIDIA H200 compute per hour is above $3 in December 2026, then the market resolves to Yes."
KXH200MS,H200 Monthly,KXH200MS-26DEC-2.500,Will the monthly average compute price of NVIDIA's H200 be above $2.50 in December 2026?,active,0.9300,0.9500,0.9400,0.9400,3136.58,10.00,1407.30,0.0000,2.5,2026-06-17T13:31:00Z,2027-01-01T04:59:59Z,2026-06-17T13:30:17.365793Z,2026-07-13T17:16:17.578458Z,KXH200MS-26DEC,"If the average value of NVIDIA H200 compute per hour is above $2.5 in December 2026, then the market resolves to Yes."
KXH200MS,H200 Monthly,KXH200MS-26DEC-2.000,Will the monthly average compute price of NVIDIA's H200 be above $2.00 in December 2026?,active,0.9200,0.9300,0.9300,0.9300,2817.24,0.00,1282.12,0.0000,2.0,2026-06-17T13:31:00Z,2027-01-01T04:59:59Z,2026-06-17T13:30:17.365793Z,2026-07-13T17:16:17.578458Z,KXH200MS-26DEC,"If the average value of NVIDIA H200 compute per hour is above $2 in December 2026, then the market resolves to Yes."
KXH200MS,H200 Monthly,KXH200MS-26DEC-1.500,Will the monthly average compute price of NVIDIA's H200 be above $1.50 in December 2026?,active,0.9200,0.9400,0.9300,0.9300,3934.23,0.00,638.00,0.0000,1.5,2026-06-17T13:31:00Z,2027-01-01T04:59:59Z,2026-06-17T13:30:17.365793Z,2026-07-13T17:16:17.578458Z,KXH200MS-26DEC,"If the average value of NVIDIA H200 compute per hour is above $1.5 in December 2026, then the market resolves to Yes."
KXH200MS,H200 Monthly,KXH200MS-26NOV-6.500,Will the monthly average compute price of NVIDIA's H200 be above $6.50 in November 2026?,active,0.2200,0.2300,0.2200,0.2200,4171.00,0.00,408.75,0.0000,6.5,2026-06-17T13:31:00Z,2026-12-01T04:59:59Z,2026-06-17T13:30:16.809413Z,2026-07-13T17:13:48.24782Z,KXH200MS-26NOV,"If the average value of NVIDIA H200 compute per hour is above $6.5 in November 2026, then the market resolves to Yes."
KXH200MS,H200 Monthly,KXH200MS-26NOV-6.000,Will the monthly average compute price of NVIDIA's H200 be above $6.00 in November 2026?,active,0.3100,0.3200,0.3100,0.3100,1573.13,0.00,331.74,0.0000,6.0,2026-06-17T13:31:00Z,2026-12-01T04:59:59Z,2026-06-17T13:30:16.809413Z,2026-07-13T17:13:48.24782Z,KXH200MS-26NOV,"If the average value of NVIDIA H200 compute per hour is above $6 in November 2026, then the market resolves to Yes."
KXH200MS,H200 Monthly,KXH200MS-26NOV-5.500,Will the monthly average compute price of NVIDIA's H200 be above $5.50 in November 2026?,active,0.3600,0.3700,0.3600,0.3600,2923.00,0.00,832.00,0.0000,5.5,2026-06-17T13:31:00Z,2026-12-01T04:59:59Z,2026-06-17T13:30:16.809413Z,2026-07-13T17:13:48.24782Z,KXH200MS-26NOV,"If the average value of NVIDIA H200 compute per hour is above $5.5 in November 2026, then the market resolves to Yes."
KXH200MS,H200 Monthly,KXH200MS-26NOV-5.000,Will the monthly average compute price of NVIDIA's H200 be above $5.00 in November 2026?,active,0.4200,0.4300,0.4200,0.4200,22.00,0.00,12.00,0.0000,5.0,2026-06-17T13:31:00Z,2026-12-01T04:59:59Z,2026-06-17T13:30:16.809413Z,2026-07-13T17:13:48.24782Z,KXH200MS-26NOV,"If the average value of NVIDIA H200 compute per hour is above $5 in November 2026, then the market resolves to Yes."
KXH200MS,H200 Monthly,KXH200MS-26NOV-4.500,Will the monthly average compute price of NVIDIA's H200 be above $4.50 in November 2026?,active,0.5200,0.5300,0.5200,0.5200,109.00,0.00,65.00,0.0000,4.5,2026-06-17T13:31:00Z,2026-12-01T04:59:59Z,2026-06-17T13:30:16.809413Z,2026-07-13T17:13:48.24782Z,KXH200MS-26NOV,"If the average value of NVIDIA H200 compute per hour is above $4.5 in November 2026, then the market resolves to Yes."
KXH200MS,H200 Monthly,KXH200MS-26NOV-4.000,Will the monthly average compute price of NVIDIA's H200 be above $4.00 in November 2026?,active,0.6200,0.6400,0.6500,0.6500,2076.00,0.00,109.00,0.0000,4.0,2026-06-17T13:31:00Z,2026-12-01T04:59:59Z,2026-06-17T13:30:16.809413Z,2026-07-13T17:13:48.24782Z,KXH200MS-26NOV,"If the average value of NVIDIA H200 compute per hour is above $4 in November 2026, then the market resolves to Yes."
KXH200MS,H200 Monthly,KXH200MS-26NOV-3.500,Will the monthly average compute price of NVIDIA's H200 be above $3.50 in November 2026?,active,0.7000,0.7400,0.7400,0.6600,60.25,1.25,41.25,0.0000,3.5,2026-06-17T13:31:00Z,2026-12-01T04:59:59Z,2026-06-17T13:30:16.809413Z,2026-07-13T17:13:48.24782Z,KXH200MS-26NOV,"If the average value of NVIDIA H200 compute per hour is above $3.5 in November 2026, then the market resolves to Yes."
KXH200MS,H200 Monthly,KXH200MS-26NOV-3.000,Will the monthly average compute price of NVIDIA's H200 be above $3.00 in November 2026?,active,0.8800,0.8900,0.9000,0.8300,1713.00,500.00,1366.00,0.0000,3.0,2026-06-17T13:31:00Z,2026-12-01T04:59:59Z,2026-06-17T13:30:16.809413Z,2026-07-13T17:13:48.24782Z,KXH200MS-26NOV,"If the average value of NVIDIA H200 compute per hour is above $3 in November 2026, then the market resolves to Yes."
KXH200MS,H200 Monthly,KXH200MS-26NOV-2.500,Will the monthly average compute price of NVIDIA's H200 be above $2.50 in November 2026?,active,0.9200,0.9300,0.9100,0.9100,1998.00,0.00,714.00,0.0000,2.5,2026-06-17T13:31:00Z,2026-12-01T04:59:59Z,2026-06-17T13:30:16.809413Z,2026-07-13T17:13:48.24782Z,KXH200MS-26NOV,"If the average value of NVIDIA H200 compute per hour is above $2.5 in November 2026, then the market resolves to Yes."
KXH200MS,H200 Monthly,KXH200MS-26NOV-2.000,Will the monthly average compute price of NVIDIA's H200 be above $2.00 in November 2026?,active,0.9600,0.9700,0.9600,0.9500,2892.00,56.00,1540.00,0.0000,2.0,2026-06-17T13:31:00Z,2026-12-01T04:59:59Z,2026-06-17T13:30:16.809413Z,2026-07-13T17:13:48.24782Z,KXH200MS-26NOV,"If the average value of NVIDIA H200 compute per hour is above $2 in November 2026, then the market resolves to Yes."
KXH200MS,H200 Monthly,KXH200MS-26NOV-1.500,Will the monthly average compute price of NVIDIA's H200 be above $1.50 in November 2026?,active,0.9600,0.9700,0.9500,0.9500,2969.00,33.00,770.00,0.0000,1.5,2026-06-17T13:31:00Z,2026-12-01T04:59:59Z,2026-06-17T13:30:16.809413Z,2026-07-13T17:13:48.24782Z,KXH200MS-26NOV,"If the average value of NVIDIA H200 compute per hour is above $1.5 in November 2026, then the market resolves to Yes."
KXH200MS,H200 Monthly,KXH200MS-26OCT-6.500,Will the monthly average compute price of NVIDIA's H200 be above $6.50 in October 2026?,active,0.1500,0.1600,0.1500,0.1500,5142.00,0.00,1776.00,0.0000,6.5,2026-06-17T13:31:00Z,2026-11-01T03:59:59Z,2026-06-17T13:30:16.284822Z,2026-07-13T17:12:56.295088Z,KXH200MS-26OCT,"If the average value of NVIDIA H200 compute per hour is above $6.5 in October 2026, then the market resolves to Yes."
KXH200MS,H200 Monthly,KXH200MS-26OCT-6.000,Will the monthly average compute price of NVIDIA's H200 be above $6.00 in October 2026?,active,0.2400,0.2500,0.2500,0.2500,6103.00,5.00,833.00,0.0000,6.0,2026-06-17T13:31:00Z,2026-11-01T03:59:59Z,2026-06-17T13:30:16.284822Z,2026-07-13T17:12:56.295088Z,KXH200MS-26OCT,"If the average value of NVIDIA H200 compute per hour is above $6 in October 2026, then the market resolves to Yes."
KXH200MS,H200 Monthly,KXH200MS-26OCT-5.500,Will the monthly average compute price of NVIDIA's H200 be above $5.50 in October 2026?,active,0.3100,0.3200,0.3200,0.3100,41.00,5.00,33.00,0.0000,5.5,2026-06-17T13:31:00Z,2026-11-01T03:59:59Z,2026-06-17T13:30:16.284822Z,2026-07-13T17:12:56.295088Z,KXH200MS-26OCT,"If the average value of NVIDIA H200 compute per hour is above $5.5 in October 2026, then the market resolves to Yes."
KXH200MS,H200 Monthly,KXH200MS-26OCT-5.000,Will the monthly average compute price of NVIDIA's H200 be above $5.00 in October 2026?,active,0.3900,0.4000,0.3900,0.3900,83.00,0.00,15.00,0.0000,5.0,2026-06-17T13:31:00Z,2026-11-01T03:59:59Z,2026-06-17T13:30:16.284822Z,2026-07-13T17:12:56.295088Z,KXH200MS-26OCT,"If the average value of NVIDIA H200 compute per hour is above $5 in October 2026, then the market resolves to Yes."
KXH200MS,H200 Monthly,KXH200MS-26OCT-4.500,Will the monthly average compute price of NVIDIA's H200 be above $4.50 in October 2026?,active,0.5000,0.5100,0.5100,0.4800,353.00,8.00,211.60,0.0000,4.5,2026-06-17T13:31:00Z,2026-11-01T03:59:59Z,2026-06-17T13:30:16.284822Z,2026-07-13T17:12:56.295088Z,KXH200MS-26OCT,"If the average value of NVIDIA H200 compute per hour is above $4.5 in October 2026, then the market resolves to Yes."
KXH200MS,H200 Monthly,KXH200MS-26OCT-4.000,Will the monthly average compute price of NVIDIA's H200 be above $4.00 in October 2026?,active,0.6200,0.6500,0.6500,0.6000,134.56,1.42,42.00,0.0000,4.0,2026-06-17T13:31:00Z,2026-11-01T03:59:59Z,2026-06-17T13:30:16.284822Z,2026-07-13T17:12:56.295088Z,KXH200MS-26OCT,"If the average value of NVIDIA H200 compute per hour is above $4 in October 2026, then the market resolves to Yes."
KXH200MS,H200 Monthly,KXH200MS-26OCT-3.500,Will the monthly average compute price of NVIDIA's H200 be above $3.50 in October 2026?,active,0.8200,0.8300,0.8300,0.7700,1069.18,281.00,832.00,0.0000,3.5,2026-06-17T13:31:00Z,2026-11-01T03:59:59Z,2026-06-17T13:30:16.284822Z,2026-07-13T17:12:56.295088Z,KXH200MS-26OCT,"If the average value of NVIDIA H200 compute per hour is above $3.5 in October 2026, then the market resolves to Yes."
KXH200MS,H200 Monthly,KXH200MS-26OCT-3.000,Will the monthly average compute price of NVIDIA's H200 be above $3.00 in October 2026?,active,0.9600,0.9700,0.9500,0.9300,2519.00,103.00,786.00,0.0000,3.0,2026-06-17T13:31:00Z,2026-11-01T03:59:59Z,2026-06-17T13:30:16.284822Z,2026-07-13T17:12:56.295088Z,KXH200MS-26OCT,"If the average value of NVIDIA H200 compute per hour is above $3 in October 2026, then the market resolves to Yes."
KXH200MS,H200 Monthly,KXH200MS-26OCT-2.500,Will the monthly average compute price of NVIDIA's H200 be above $2.50 in October 2026?,active,0.9600,0.9700,0.9400,0.9400,1496.00,0.00,930.00,0.0000,2.5,2026-06-17T13:31:00Z,2026-11-01T03:59:59Z,2026-06-17T13:30:16.284822Z,2026-07-13T17:12:56.295088Z,KXH200MS-26OCT,"If the average value of NVIDIA H200 compute per hour is above $2.5 in October 2026, then the market resolves to Yes."
KXH200MS,H200 Monthly,KXH200MS-26OCT-2.000,Will the monthly average compute price of NVIDIA's H200 be above $2.00 in October 2026?,active,0.9500,0.9700,0.9400,0.9400,1293.10,0.00,646.00,0.0000,2.0,2026-06-17T13:31:00Z,2026-11-01T03:59:59Z,2026-06-17T13:30:16.284822Z,2026-07-13T17:12:56.295088Z,KXH200MS-26OCT,"If the average value of NVIDIA H200 compute per hour is above $2 in October 2026, then the market resolves to Yes."
KXH200MS,H200 Monthly,KXH200MS-26OCT-1.500,Will the monthly average compute price of NVIDIA's H200 be above $1.50 in October 2026?,active,0.9600,0.9800,0.9800,0.9800,764.00,0.00,266.00,0.0000,1.5,2026-06-17T13:31:00Z,2026-11-01T03:59:59Z,2026-06-17T13:30:16.284822Z,2026-07-13T17:12:56.295088Z,KXH200MS-26OCT,"If the average value of NVIDIA H200 compute per hour is above $1.5 in October 2026, then the market resolves to Yes."
KXH200MS,H200 Monthly,KXH200MS-26SEP-6.500,Will the monthly average compute price of NVIDIA's H200 be above $6.50 in September 2026?,active,0.0200,0.0300,0.0300,0.0300,6905.35,0.00,2728.35,0.0000,6.5,2026-06-17T13:31:00Z,2026-10-01T03:59:59Z,2026-06-17T13:30:15.826811Z,2026-07-13T17:12:16.541898Z,KXH200MS-26SEP,"If the average value of NVIDIA H200 compute per hour is above $6.5 in September 2026, then the market resolves to Yes."
KXH200MS,H200 Monthly,KXH200MS-26SEP-6.000,Will the monthly average compute price of NVIDIA's H200 be above $6.00 in September 2026?,active,0.0200,0.0400,0.4000,0.4000,7001.00,0.00,1194.00,0.0000,6.0,2026-06-17T13:31:00Z,2026-10-01T03:59:59Z,2026-06-17T13:30:15.826811Z,2026-07-13T17:12:16.541898Z,KXH200MS-26SEP,"If the average value of NVIDIA H200 compute per hour is above $6 in September 2026, then the market resolves to Yes."
KXH200MS,H200 Monthly,KXH200MS-26SEP-5.500,Will the monthly average compute price of NVIDIA's H200 be above $5.50 in September 2026?,active,0.0400,0.0800,0.4000,0.1600,3180.64,7.70,379.70,0.0000,5.5,2026-06-17T13:31:00Z,2026-10-01T03:59:59Z,2026-06-17T13:30:15.826811Z,2026-07-13T17:12:16.541898Z,KXH200MS-26SEP,"If the average value of NVIDIA H200 compute per hour is above $5.5 in September 2026, then the market resolves to Yes."
KXH200MS,H200 Monthly,KXH200MS-26SEP-5.000,Will the monthly average compute price of NVIDIA's H200 be above $5.00 in September 2026?,active,0.1800,0.2300,0.2200,0.4100,2155.59,18.70,501.49,0.0000,5.0,2026-06-17T13:31:00Z,2026-10-01T03:59:59Z,2026-06-17T13:30:15.826811Z,2026-07-13T17:12:16.541898Z,KXH200MS-26SEP,"If the average value of NVIDIA H200 compute per hour is above $5 in September 2026, then the market resolves to Yes."
KXH200MS,H200 Monthly,KXH200MS-26SEP-4.500,Will the monthly average compute price of NVIDIA's H200 be above $4.50 in September 2026?,active,0.3800,0.4700,0.4700,0.4100,3229.25,810.25,498.71,0.0000,4.5,2026-06-17T13:31:00Z,2026-10-01T03:59:59Z,2026-06-17T13:30:15.826811Z,2026-07-13T17:12:16.541898Z,KXH200MS-26SEP,"If the average value of NVIDIA H200 compute per hour is above $4.5 in September 2026, then the market resolves to Yes."
KXH200MS,H200 Monthly,KXH200MS-26SEP-4.000,Will the monthly average compute price of NVIDIA's H200 be above $4.00 in September 2026?,active,0.6400,0.7100,0.7100,0.6300,4866.74,1127.60,1330.60,0.0000,4.0,2026-06-17T13:31:00Z,2026-10-01T03:59:59Z,2026-06-17T13:30:15.826811Z,2026-07-13T17:12:16.541898Z,KXH200MS-26SEP,"If the average value of NVIDIA H200 compute per hour is above $4 in September 2026, then the market resolves to Yes."
KXH200MS,H200 Monthly,KXH200MS-26SEP-3.500,Will the monthly average compute price of NVIDIA's H200 be above $3.50 in September 2026?,active,0.9400,0.9800,0.9600,0.9600,2174.25,0.00,1710.00,0.0000,3.5,2026-06-17T13:31:00Z,2026-10-01T03:59:59Z,2026-06-17T13:30:15.826811Z,2026-07-13T17:12:16.541898Z,KXH200MS-26SEP,"If the average value of NVIDIA H200 compute per hour is above $3.5 in September 2026, then the market resolves to Yes."
KXH200MS,H200 Monthly,KXH200MS-26SEP-3.000,Will the monthly average compute price of NVIDIA's H200 be above $3.00 in September 2026?,active,0.9800,0.9900,0.9400,0.9400,1367.08,0.00,899.00,0.0000,3.0,2026-06-17T13:31:00Z,2026-10-01T03:59:59Z,2026-06-17T13:30:15.826811Z,2026-07-13T17:12:16.541898Z,KXH200MS-26SEP,"If the average value of NVIDIA H200 compute per hour is above $3 in September 2026, then the market resolves to Yes."
KXH200MS,H200 Monthly,KXH200MS-26SEP-2.500,Will the monthly average compute price of NVIDIA's H200 be above $2.50 in September 2026?,active,0.9800,0.9900,0.9800,0.9800,1566.18,0.00,1051.00,0.0000,2.5,2026-06-17T13:31:00Z,2026-10-01T03:59:59Z,2026-06-17T13:30:15.826811Z,2026-07-13T17:12:16.541898Z,KXH200MS-26SEP,"If the average value of NVIDIA H200 compute per hour is above $2.5 in September 2026, then the market resolves to Yes."
KXH200MS,H200 Monthly,KXH200MS-26SEP-2.000,Will the monthly average compute price of NVIDIA's H200 be above $2.00 in September 2026?,active,0.9800,0.9900,0.9900,0.9800,1858.31,23.00,979.57,0.0000,2.0,2026-06-17T13:31:00Z,2026-10-01T03:59:59Z,2026-06-17T13:30:15.826811Z,2026-07-13T17:12:16.541898Z,KXH200MS-26SEP,"If the average value of NVIDIA H200 compute per hour is above $2 in September 2026, then the market resolves to Yes."
KXH200MS,H200 Monthly,KXH200MS-26SEP-1.500,Will the monthly average compute price of NVIDIA's H200 be above $1.50 in September 2026?,active,0.9900,1.0000,0.9900,0.9900,2660.50,0.00,1325.30,0.0000,1.5,2026-06-17T13:31:00Z,2026-10-01T03:59:59Z,2026-06-17T13:30:15.826811Z,2026-07-13T17:12:16.541898Z,KXH200MS-26SEP,"If the average value of NVIDIA H200 compute per hour is above $1.5 in September 2026, then the market resolves to Yes."
KXH200MS,H200 Monthly,KXH200MS-26AUG-6.500,Will the monthly average compute price of NVIDIA's H200 be above $6.50 in August 2026?,finalized,0.0000,1.0000,0.0100,0.0100,2246.60,0.00,1475.00,0.0000,6.5,2026-06-17T13:31:00Z,2026-08-31T21:56:01Z,2026-06-17T13:30:15.242236Z,2026-08-31T22:26:01.138474Z,KXH200MS-26AUG,"If the average value of NVIDIA H200 compute per hour is above $6.5 in August 2026, then the market resolves to Yes."
KXH200MS,H200 Monthly,KXH200MS-26AUG-6.000,Will the monthly average compute price of NVIDIA's H200 be above $6.00 in August 2026?,finalized,0.0000,1.0000,0.0100,0.0100,3392.76,0.00,1281.07,0.0000,6.0,2026-06-17T13:31:00Z,2026-08-31T21:56:01Z,2026-06-17T13:30:15.242236Z,2026-08-31T22:26:01.138474Z,KXH200MS-26AUG,"If the average value of NVIDIA H200 compute per hour is above $6 in August 2026, then the market resolves to Yes."
KXH200MS,H200 Monthly,KXH200MS-26AUG-5.500,Will the monthly average compute price of NVIDIA's H200 be above $5.50 in August 2026?,finalized,0.0000,1.0000,0.0100,0.0100,7537.72,93.51,1976.79,0.0000,5.5,2026-06-17T13:31:00Z,2026-08-31T21:56:01Z,2026-06-17T13:30:15.242236Z,2026-08-31T22:26:01.138474Z,KXH200MS-26AUG,"If the average value of NVIDIA H200 compute per hour is above $5.5 in August 2026, then the market resolves to Yes."
KXH200MS,H200 Monthly,KXH200MS-26AUG-5.000,Will the monthly average compute price of NVIDIA's H200 be above $5.00 in August 2026?,finalized,0.0000,1.0000,0.0100,0.0100,15175.51,0.00,6193.83,0.0000,5.0,2026-06-17T13:31:00Z,2026-08-31T21:56:01Z,2026-06-17T13:30:15.242236Z,2026-08-31T22:26:01.138474Z,KXH200MS-26AUG,"If the average value of NVIDIA H200 compute per hour is above $5 in August 2026, then the market resolves to Yes."
KXH200MS,H200 Monthly,KXH200MS-26AUG-4.500,Will the monthly average compute price of NVIDIA's H200 be above $4.50 in August 2026?,finalized,0.0000,1.0000,0.9900,0.9900,19925.00,0.00,13038.81,0.0000,4.5,2026-06-17T13:31:00Z,2026-08-31T21:56:01Z,2026-06-17T13:30:15.242236Z,2026-08-31T22:26:01.138474Z,KXH200MS-26AUG,"If the average value of NVIDIA H200 compute per hour is above $4.5 in August 2026, then the market resolves to Yes."
KXH200MS,H200 Monthly,KXH200MS-26AUG-4.000,Will the monthly average compute price of NVIDIA's H200 be above $4.00 in August 2026?,finalized,0.0000,1.0000,0.9900,0.9900,11036.59,0.00,4467.95,0.0000,4.0,2026-06-17T13:31:00Z,2026-08-31T21:56:01Z,2026-06-17T13:30:15.242236Z,2026-08-31T22:26:01.138474Z,KXH200MS-26AUG,"If the average value of NVIDIA H200 compute per hour is above $4 in August 2026, then the market resolves to Yes."
KXH200MS,H200 Monthly,KXH200MS-26AUG-3.500,Will the monthly average compute price of NVIDIA's H200 be above $3.50 in August 2026?,finalized,0.0000,1.0000,0.9900,0.9900,34674.10,0.00,32908.91,0.0000,3.5,2026-06-17T13:31:00Z,2026-08-31T21:56:01Z,2026-06-17T13:30:15.242236Z,2026-08-31T22:26:01.138474Z,KXH200MS-26AUG,"If the average value of NVIDIA H200 compute per hour is above $3.5 in August 2026, then the market resolves to Yes."
KXH200MS,H200 Monthly,KXH200MS-26AUG-3.000,Will the monthly average compute price of NVIDIA's H200 be above $3.00 in August 2026?,finalized,0.0000,1.0000,0.9900,0.9900,4366.00,0.00,1906.00,0.0000,3.0,2026-06-17T13:31:00Z,2026-08-31T21:56:01Z,2026-06-17T13:30:15.242236Z,2026-08-31T22:26:01.138474Z,KXH200MS-26AUG,"If the average value of NVIDIA H200 compute per hour is above $3 in August 2026, then the market resolves to Yes."
KXH200MS,H200 Monthly,KXH200MS-26AUG-2.500,Will the monthly average compute price of NVIDIA's H200 be above $2.50 in August 2026?,finalized,0.0000,1.0000,0.9900,0.9900,26170.00,0.00,25449.00,0.0000,2.5,2026-06-17T13:31:00Z,2026-08-31T21:56:01Z,2026-06-17T13:30:15.242236Z,2026-08-31T22:26:01.138474Z,KXH200MS-26AUG,"If the average value of NVIDIA H200 compute per hour is above $2.5 in August 2026, then the market resolves to Yes."
KXH200MS,H200 Monthly,KXH200MS-26AUG-2.000,Will the monthly average compute price of NVIDIA's H200 be above $2.00 in August 2026?,finalized,0.0000,1.0000,0.9900,0.9900,68407.12,0.00,56509.90,0.0000,2.0,2026-06-17T13:31:00Z,2026-08-31T21:56:01Z,2026-06-17T13:30:15.242236Z,2026-08-31T22:26:01.138474Z,KXH200MS-26AUG,"If the average value of NVIDIA H200 compute per hour is above $2 in August 2026, then the market resolves to Yes."
KXH200MS,H200 Monthly,KXH200MS-26AUG-1.500,Will the monthly average compute price of NVIDIA's H200 be above $1.50 in August 2026?,finalized,0.0000,1.0000,0.9900,0.9900,13030.90,0.00,1433.00,0.0000,1.5,2026-06-17T13:31:00Z,2026-08-31T21:56:01Z,2026-06-17T13:30:15.242236Z,2026-08-31T22:26:01.138474Z,KXH200MS-26AUG,"If the average value of NVIDIA H200 compute per hour is above $1.5 in August 2026, then the market resolves to Yes."
KXH200MS,H200 Monthly,KXH200MS-26JUL-6.500,Will the monthly average compute price of NVIDIA's H200 be above $6.50 in July 2026?,finalized,0.0000,1.0000,0.0100,0.0100,7728.93,0.00,4605.00,0.0000,6.5,2026-06-17T13:31:00Z,2026-07-31T21:45:40Z,2026-06-17T13:30:14.569328Z,2026-07-31T22:15:40.920801Z,KXH200MS-26JUL,"If the average value of NVIDIA H200 compute per hour is above $6.5 in July 2026, then the market resolves to Yes."
KXH200MS,H200 Monthly,KXH200MS-26JUL-6.000,Will the monthly average compute price of NVIDIA's H200 be above $6.00 in July 2026?,finalized,0.0000,1.0000,0.0100,0.0100,11152.91,0.00,4637.00,0.0000,6.0,2026-06-17T13:31:00Z,2026-07-31T21:45:40Z,2026-06-17T13:30:14.569328Z,2026-07-31T22:15:40.920801Z,KXH200MS-26JUL,"If the average value of NVIDIA H200 compute per hour is above $6 in July 2026, then the market resolves to Yes."
KXH200MS,H200 Monthly,KXH200MS-26JUL-5.500,Will the monthly average compute price of NVIDIA's H200 be above $5.50 in July 2026?,finalized,0.0000,1.0000,0.0100,0.0100,16569.83,0.00,10363.43,0.0000,5.5,2026-06-17T13:31:00Z,2026-07-31T21:45:40Z,2026-06-17T13:30:14.569328Z,2026-07-31T22:15:40.920801Z,KXH200MS-26JUL,"If the average value of NVIDIA H200 compute per hour is above $5.5 in July 2026, then the market resolves to Yes."
KXH200MS,H200 Monthly,KXH200MS-26JUL-5.000,Will the monthly average compute price of NVIDIA's H200 be above $5.00 in July 2026?,finalized,0.0000,1.0000,0.0200,0.0200,45380.25,0.00,20546.46,0.0000,5.0,2026-06-17T13:31:00Z,2026-07-31T21:45:40Z,2026-06-17T13:30:14.569328Z,2026-07-31T22:15:40.920801Z,KXH200MS-26JUL,"If the average value of NVIDIA H200 compute per hour is above $5 in July 2026, then the market resolves to Yes."
KXH200MS,H200 Monthly,KXH200MS-26JUL-4.500,Will the monthly average compute price of NVIDIA's H200 be above $4.50 in July 2026?,finalized,0.0000,1.0000,0.9800,0.9800,22614.04,0.00,6118.01,0.0000,4.5,2026-06-17T13:31:00Z,2026-07-31T21:45:40Z,2026-06-17T13:30:14.569328Z,2026-07-31T22:15:40.920801Z,KXH200MS-26JUL,"If the average value of NVIDIA H200 compute per hour is above $4.5 in July 2026, then the market resolves to Yes."
KXH200MS,H200 Monthly,KXH200MS-26JUL-4.000,Will the monthly average compute price of NVIDIA's H200 be above $4.00 in July 2026?,finalized,0.0000,1.0000,0.9900,0.9900,6602.78,0.00,2823.24,0.0000,4.0,2026-06-17T13:31:00Z,2026-07-31T21:45:40Z,2026-06-17T13:30:14.569328Z,2026-07-31T22:15:40.920801Z,KXH200MS-26JUL,"If the average value of NVIDIA H200 compute per hour is above $4 in July 2026, then the market resolves to Yes."
KXH200MS,H200 Monthly,KXH200MS-26JUL-3.500,Will the monthly average compute price of NVIDIA's H200 be above $3.50 in July 2026?,finalized,0.0000,1.0000,0.9900,0.9900,2792.14,0.00,2149.19,0.0000,3.5,2026-06-17T13:31:00Z,2026-07-31T21:45:40Z,2026-06-17T13:30:14.569328Z,2026-07-31T22:15:40.920801Z,KXH200MS-26JUL,"If the average value of NVIDIA H200 compute per hour is above $3.5 in July 2026, then the market resolves to Yes."
KXH200MS,H200 Monthly,KXH200MS-26JUL-3.000,Will the monthly average compute price of NVIDIA's H200 be above $3.00 in July 2026?,finalized,0.0000,1.0000,0.9900,0.9900,3443.38,0.00,2779.93,0.0000,3.0,2026-06-17T13:31:00Z,2026-07-31T21:45:40Z,2026-06-17T13:30:14.569328Z,2026-07-31T22:15:40.920801Z,KXH200MS-26JUL,"If the average value of NVIDIA H200 compute per hour is above $3 in July 2026, then the market resolves to Yes."
KXH200MS,H200 Monthly,KXH200MS-26JUL-2.500,Will the monthly average compute price of NVIDIA's H200 be above $2.50 in July 2026?,finalized,0.0000,1.0000,0.9900,0.9900,5085.80,0.00,3137.00,0.0000,2.5,2026-06-17T13:31:00Z,2026-07-31T21:45:40Z,2026-06-17T13:30:14.569328Z,2026-07-31T22:15:40.920801Z,KXH200MS-26JUL,"If the average value of NVIDIA H200 compute per hour is above $2.5 in July 2026, then the market resolves to Yes."
KXH200MS,H200 Monthly,KXH200MS-26JUL-2.000,Will the monthly average compute price of NVIDIA's H200 be above $2.00 in July 2026?,finalized,0.0000,1.0000,0.9900,0.9900,2096.74,0.00,1782.19,0.0000,2.0,2026-06-17T13:31:00Z,2026-07-31T21:45:40Z,2026-06-17T13:30:14.569328Z,2026-07-31T22:15:40.920801Z,KXH200MS-26JUL,"If the average value of NVIDIA H200 compute per hour is above $2 in July 2026, then the market resolves to Yes."
KXH200MS,H200 Monthly,KXH200MS-26JUL-1.500,Will the monthly average compute price of NVIDIA's H200 be above $1.50 in July 2026?,finalized,0.0000,1.0000,0.9900,0.9900,6545.94,0.00,4648.01,0.0000,1.5,2026-06-17T13:31:00Z,2026-07-31T21:45:40Z,2026-06-17T13:30:14.569328Z,2026-07-31T22:15:40.920801Z,KXH200MS-26JUL,"If the average value of NVIDIA H200 compute per hour is above $1.5 in July 2026, then the market resolves to Yes."
KXH200MS,H200 Monthly,KXH200MS-26JUN-6.500,Will the monthly average compute price of NVIDIA's H200 be above $6.50 in June 2026?,finalized,0.0000,1.0000,0.0100,0.0100,1284.00,0.00,1159.00,0.0000,6.5,2026-06-17T13:31:00Z,2026-06-30T21:27:53Z,2026-06-17T13:30:14.011607Z,2026-06-30T21:58:01.970715Z,KXH200MS-26JUN,"If the average value of NVIDIA H200 compute per hour is above $6.5 in June 2026, then the market resolves to Yes."
KXH200MS,H200 Monthly,KXH200MS-26JUN-6.000,Will the monthly average compute price of NVIDIA's H200 be above $6.00 in June 2026?,finalized,0.0000,1.0000,0.0100,0.0100,2222.63,0.00,84.32,0.0000,6.0,2026-06-17T13:31:00Z,2026-06-30T21:27:53Z,2026-06-17T13:30:14.011607Z,2026-06-30T21:58:01.970715Z,KXH200MS-26JUN,"If the average value of NVIDIA H200 compute per hour is above $6 in June 2026, then the market resolves to Yes."
KXH200MS,H200 Monthly,KXH200MS-26JUN-5.500,Will the monthly average compute price of NVIDIA's H200 be above $5.50 in June 2026?,finalized,0.0000,1.0000,0.0100,0.0100,3562.51,0.00,740.51,0.0000,5.5,2026-06-17T13:31:00Z,2026-06-30T21:27:53Z,2026-06-17T13:30:14.011607Z,2026-06-30T21:58:01.970715Z,KXH200MS-26JUN,"If the average value of NVIDIA H200 compute per hour is above $5.5 in June 2026, then the market resolves to Yes."
KXH200MS,H200 Monthly,KXH200MS-26JUN-5.000,Will the monthly average compute price of NVIDIA's H200 be above $5.00 in June 2026?,finalized,0.0000,1.0000,0.0100,0.0100,21631.31,0.00,7185.31,0.0000,5.0,2026-06-17T13:31:00Z,2026-06-30T21:27:53Z,2026-06-17T13:30:14.011607Z,2026-06-30T21:58:01.970715Z,KXH200MS-26JUN,"If the average value of NVIDIA H200 compute per hour is above $5 in June 2026, then the market resolves to Yes."
KXH200MS,H200 Monthly,KXH200MS-26JUN-4.500,Will the monthly average compute price of NVIDIA's H200 be above $4.50 in June 2026?,finalized,0.0000,1.0000,0.0100,0.0100,30584.19,0.00,27257.77,0.0000,4.5,2026-06-17T13:31:00Z,2026-06-30T21:27:53Z,2026-06-17T13:30:14.011607Z,2026-06-30T21:58:01.970715Z,KXH200MS-26JUN,"If the average value of NVIDIA H200 compute per hour is above $4.5 in June 2026, then the market resolves to Yes."
KXH200MS,H200 Monthly,KXH200MS-26JUN-4.000,Will the monthly average compute price of NVIDIA's H200 be above $4.00 in June 2026?,finalized,0.0000,1.0000,0.0100,0.0100,24202.59,0.00,16314.18,0.0000,4.0,2026-06-17T13:31:00Z,2026-06-30T21:27:53Z,2026-06-17T13:30:14.011607Z,2026-06-30T21:58:01.970715Z,KXH200MS-26JUN,"If the average value of NVIDIA H200 compute per hour is above $4 in June 2026, then the market resolves to Yes."
KXH200MS,H200 Monthly,KXH200MS-26JUN-3.500,Will the monthly average compute price of NVIDIA's H200 be above $3.50 in June 2026?,finalized,0.0000,1.0000,0.9900,0.9900,6215.62,0.00,5047.18,0.0000,3.5,2026-06-17T13:31:00Z,2026-06-30T21:27:53Z,2026-06-17T13:30:14.011607Z,2026-06-30T21:58:01.970715Z,KXH200MS-26JUN,"If the average value of NVIDIA H200 compute per hour is above $3.5 in June 2026, then the market resolves to Yes."
KXH200MS,H200 Monthly,KXH200MS-26JUN-3.000,Will the monthly average compute price of NVIDIA's H200 be above $3.00 in June 2026?,finalized,0.0000,1.0000,0.9900,0.9900,6859.49,0.00,5864.49,0.0000,3.0,2026-06-17T13:31:00Z,2026-06-30T21:27:53Z,2026-06-17T13:30:14.011607Z,2026-06-30T21:58:01.970715Z,KXH200MS-26JUN,"If the average value of NVIDIA H200 compute per hour is above $3 in June 2026, then the market resolves to Yes."
KXH200MS,H200 Monthly,KXH200MS-26JUN-2.500,Will the monthly average compute price of NVIDIA's H200 be above $2.50 in June 2026?,finalized,0.0000,1.0000,0.9900,0.9900,3195.00,0.00,2173.00,0.0000,2.5,2026-06-17T13:31:00Z,2026-06-30T21:27:53Z,2026-06-17T13:30:14.011607Z,2026-06-30T21:58:01.970715Z,KXH200MS-26JUN,"If the average value of NVIDIA H200 compute per hour is above $2.5 in June 2026, then the market resolves to Yes."
KXH200MS,H200 Monthly,KXH200MS-26JUN-2.000,Will the monthly average compute price of NVIDIA's H200 be above $2.00 in June 2026?,finalized,0.0000,1.0000,0.9900,0.9900,88.00,0.00,88.00,0.0000,2.0,2026-06-17T13:31:00Z,2026-06-30T21:27:53Z,2026-06-17T13:30:14.011607Z,2026-06-30T21:58:01.970715Z,KXH200MS-26JUN,"If the average value of NVIDIA H200 compute per hour is above $2 in June 2026, then the market resolves to Yes."
KXH200MS,H200 Monthly,KXH200MS-26JUN-1.500,Will the monthly average compute price of NVIDIA's H200 be above $1.50 in June 2026?,finalized,0.0000,1.0000,0.9900,0.9900,103.00,0.00,103.00,0.0000,1.5,2026-06-17T13:31:00Z,2026-06-30T21:27:53Z,2026-06-17T13:30:14.011607Z,2026-06-30T21:58:01.970715Z,KXH200MS-26JUN,"If the average value of NVIDIA H200 compute per hour is above $1.5 in June 2026, then the market resolves to Yes."
KXH200WS,Weekly H200,KXH200WS-26OCT09-6.500,Will the NVIDIA H200 compute per hour price be above $6.5 at 4 PM ET on Oct 09?,active,0.0700,0.1400,0.1100,0.1100,225.00,0.00,225.00,0.0000,6.5,2026-08-28T20:40:00Z,2026-10-09T20:00:00Z,2026-08-28T20:30:27.406861Z,2026-08-28T20:40:00.883705Z,KXH200WS-26OCT09,"If the value of NVIDIA H200 compute per hour is above $6.5 on Oct 09, 2026 at 4 PM ET, then the market resolves to Yes."
KXH200WS,Weekly H200,KXH200WS-26OCT09-6.000,Will the NVIDIA H200 compute per hour price be above $6 at 4 PM ET on Oct 09?,active,0.1400,0.2100,0.1600,0.2000,225.00,200.00,225.00,0.0000,6.0,2026-08-28T20:40:00Z,2026-10-09T20:00:00Z,2026-08-28T20:30:27.406861Z,2026-08-28T20:40:00.883705Z,KXH200WS-26OCT09,"If the value of NVIDIA H200 compute per hour is above $6 on Oct 09, 2026 at 4 PM ET, then the market resolves to Yes."
KXH200WS,Weekly H200,KXH200WS-26OCT09-5.500,Will the NVIDIA H200 compute per hour price be above $5.5 at 4 PM ET on Oct 09?,active,0.2500,0.3000,0.0000,0.0000,0.00,0.00,0.00,0.0000,5.5,2026-08-28T20:40:00Z,2026-10-09T20:00:00Z,2026-08-28T20:30:27.406861Z,2026-08-28T20:40:00.883705Z,KXH200WS-26OCT09,"If the value of NVIDIA H200 compute per hour is above $5.5 on Oct 09, 2026 at 4 PM ET, then the market resolves to Yes."
KXH200WS,Weekly H200,KXH200WS-26OCT09-5.000,Will the NVIDIA H200 compute per hour price be above $5 at 4 PM ET on Oct 09?,active,0.3800,0.4100,0.0000,0.0000,0.00,0.00,0.00,0.0000,5.0,2026-08-28T20:40:00Z,2026-10-09T20:00:00Z,2026-08-28T20:30:27.406861Z,2026-08-28T20:40:00.883705Z,KXH200WS-26OCT09,"If the value of NVIDIA H200 compute per hour is above $5 on Oct 09, 2026 at 4 PM ET, then the market resolves to Yes."
KXH200WS,Weekly H200,KXH200WS-26OCT09-4.500,Will the NVIDIA H200 compute per hour price be above $4.5 at 4 PM ET on Oct 09?,active,0.5600,0.5700,0.0000,0.0000,0.00,0.00,0.00,0.0000,4.5,2026-08-28T20:40:00Z,2026-10-09T20:00:00Z,2026-08-28T20:30:27.406861Z,2026-08-28T20:40:00.883705Z,KXH200WS-26OCT09,"If the value of NVIDIA H200 compute per hour is above $4.5 on Oct 09, 2026 at 4 PM ET, then the market resolves to Yes."
KXH200WS,Weekly H200,KXH200WS-26OCT09-4.000,Will the NVIDIA H200 compute per hour price be above $4 at 4 PM ET on Oct 09?,active,0.8100,0.8400,0.8600,0.0000,642.00,642.00,642.00,0.0000,4.0,2026-08-28T20:40:00Z,2026-10-09T20:00:00Z,2026-08-28T20:30:27.406861Z,2026-08-28T20:40:00.883705Z,KXH200WS-26OCT09,"If the value of NVIDIA H200 compute per hour is above $4 on Oct 09, 2026 at 4 PM ET, then the market resolves to Yes."
KXH200WS,Weekly H200,KXH200WS-26OCT09-3.500,Will the NVIDIA H200 compute per hour price be above $3.5 at 4 PM ET on Oct 09?,active,0.9400,0.9900,0.9400,0.9400,1551.00,65.00,1551.00,0.0000,3.5,2026-08-28T20:40:00Z,2026-10-09T20:00:00Z,2026-08-28T20:30:27.406861Z,2026-08-28T20:40:00.883705Z,KXH200WS-26OCT09,"If the value of NVIDIA H200 compute per hour is above $3.5 on Oct 09, 2026 at 4 PM ET, then the market resolves to Yes."
KXH200WS,Weekly H200,KXH200WS-26OCT09-3.000,Will the NVIDIA H200 compute per hour price be above $3 at 4 PM ET on Oct 09?,active,0.9400,0.9900,0.9400,0.9400,1476.00,363.00,1176.00,0.0000,3.0,2026-08-28T20:40:00Z,2026-10-09T20:00:00Z,2026-08-28T20:30:27.406861Z,2026-08-28T20:40:00.883705Z,KXH200WS-26OCT09,"If the value of NVIDIA H200 compute per hour is above $3 on Oct 09, 2026 at 4 PM ET, then the market resolves to Yes."
KXH200WS,Weekly H200,KXH200WS-26OCT09-2.500,Will the NVIDIA H200 compute per hour price be above $2.5 at 4 PM ET on Oct 09?,active,0.9600,0.9900,0.9600,0.9700,200.00,100.00,200.00,0.0000,2.5,2026-08-28T20:40:00Z,2026-10-09T20:00:00Z,2026-08-28T20:30:27.406861Z,2026-08-28T20:40:00.883705Z,KXH200WS-26OCT09,"If the value of NVIDIA H200 compute per hour is above $2.5 on Oct 09, 2026 at 4 PM ET, then the market resolves to Yes."
KXH200WS,Weekly H200,KXH200WS-26OCT09-2.000,Will the NVIDIA H200 compute per hour price be above $2 at 4 PM ET on Oct 09?,active,0.9800,0.9900,0.0000,0.0000,0.00,0.00,0.00,0.0000,2.0,2026-08-28T20:40:00Z,2026-10-09T20:00:00Z,2026-08-28T20:30:27.406861Z,2026-08-28T20:40:00.883705Z,KXH200WS-26OCT09,"If the value of NVIDIA H200 compute per hour is above $2 on Oct 09, 2026 at 4 PM ET, then the market resolves to Yes."
KXH200WS,Weekly H200,KXH200WS-26OCT09-1.500,Will the NVIDIA H200 compute per hour price be above $1.5 at 4 PM ET on Oct 09?,active,0.9800,0.9900,0.0000,0.0000,0.00,0.00,0.00,0.0000,1.5,2026-08-28T20:40:00Z,2026-10-09T20:00:00Z,2026-08-28T20:30:27.406861Z,2026-08-28T20:40:00.883705Z,KXH200WS-26OCT09,"If the value of NVIDIA H200 compute per hour is above $1.5 on Oct 09, 2026 at 4 PM ET, then the market resolves to Yes."
KXH200WS,Weekly H200,KXH200WS-26OCT02-6.500,Will the NVIDIA H200 compute per hour price be above $6.5 at 4 PM ET on Oct 02?,active,0.0400,0.0900,0.0400,0.1200,1500.00,400.00,1100.00,0.0000,6.5,2026-08-21T20:40:00Z,2026-10-02T20:00:00Z,2026-08-21T20:30:26.264843Z,2026-08-21T20:40:00.992987Z,KXH200WS-26OCT02,"If the value of NVIDIA H200 compute per hour is above $6.5 on Oct 02, 2026 at 4 PM ET, then the market resolves to Yes."
KXH200WS,Weekly H200,KXH200WS-26OCT02-6.000,Will the NVIDIA H200 compute per hour price be above $6 at 4 PM ET on Oct 02?,active,0.0700,0.1600,0.1500,0.1100,2189.00,400.00,230.00,0.0000,6.0,2026-08-21T20:40:00Z,2026-10-02T20:00:00Z,2026-08-21T20:30:26.264843Z,2026-08-21T20:40:00.992987Z,KXH200WS-26OCT02,"If the value of NVIDIA H200 compute per hour is above $6 on Oct 02, 2026 at 4 PM ET, then the market resolves to Yes."
KXH200WS,Weekly H200,KXH200WS-26OCT02-5.500,Will the NVIDIA H200 compute per hour price be above $5.5 at 4 PM ET on Oct 02?,active,0.2400,0.2800,0.2400,0.2400,473.00,0.00,100.00,0.0000,5.5,2026-08-21T20:40:00Z,2026-10-02T20:00:00Z,2026-08-21T20:30:26.264843Z,2026-08-21T20:40:00.992987Z,KXH200WS-26OCT02,"If the value of NVIDIA H200 compute per hour is above $5.5 on Oct 02, 2026 at 4 PM ET, then the market resolves to Yes."
KXH200WS,Weekly H200,KXH200WS-26OCT02-5.000,Will the NVIDIA H200 compute per hour price be above $5 at 4 PM ET on Oct 02?,active,0.3600,0.4000,0.0000,0.0000,0.00,0.00,0.00,0.0000,5.0,2026-08-21T20:40:00Z,2026-10-02T20:00:00Z,2026-08-21T20:30:26.264843Z,2026-08-21T20:40:00.992987Z,KXH200WS-26OCT02,"If the value of NVIDIA H200 compute per hour is above $5 on Oct 02, 2026 at 4 PM ET, then the market resolves to Yes."
KXH200WS,Weekly H200,KXH200WS-26OCT02-4.500,Will the NVIDIA H200 compute per hour price be above $4.5 at 4 PM ET on Oct 02?,active,0.5200,0.5700,0.3900,0.3900,29.94,0.00,27.94,0.0000,4.5,2026-08-21T20:40:00Z,2026-10-02T20:00:00Z,2026-08-21T20:30:26.264843Z,2026-08-21T20:40:00.992987Z,KXH200WS-26OCT02,"If the value of NVIDIA H200 compute per hour is above $4.5 on Oct 02, 2026 at 4 PM ET, then the market resolves to Yes."
KXH200WS,Weekly H200,KXH200WS-26OCT02-4.000,Will the NVIDIA H200 compute per hour price be above $4 at 4 PM ET on Oct 02?,active,0.7200,0.7300,0.6800,0.6600,752.00,599.00,556.00,0.0000,4.0,2026-08-21T20:40:00Z,2026-10-02T20:00:00Z,2026-08-21T20:30:26.264843Z,2026-08-21T20:40:00.992987Z,KXH200WS-26OCT02,"If the value of NVIDIA H200 compute per hour is above $4 on Oct 02, 2026 at 4 PM ET, then the market resolves to Yes."
KXH200WS,Weekly H200,KXH200WS-26OCT02-3.500,Will the NVIDIA H200 compute per hour price be above $3.5 at 4 PM ET on Oct 02?,active,0.9200,0.9900,0.8600,0.9600,2061.01,171.00,1633.01,0.0000,3.5,2026-08-21T20:40:00Z,2026-10-02T20:00:00Z,2026-08-21T20:30:26.264843Z,2026-08-21T20:40:00.992987Z,KXH200WS-26OCT02,"If the value of NVIDIA H200 compute per hour is above $3.5 on Oct 02, 2026 at 4 PM ET, then the market resolves to Yes."
KXH200WS,Weekly H200,KXH200WS-26OCT02-3.000,Will the NVIDIA H200 compute per hour price be above $3 at 4 PM ET on Oct 02?,active,0.8100,0.9900,0.9500,0.9600,2033.00,945.00,1633.00,0.0000,3.0,2026-08-21T20:40:00Z,2026-10-02T20:00:00Z,2026-08-21T20:30:26.264843Z,2026-08-21T20:40:00.992987Z,KXH200WS-26OCT02,"If the value of NVIDIA H200 compute per hour is above $3 on Oct 02, 2026 at 4 PM ET, then the market resolves to Yes."
KXH200WS,Weekly H200,KXH200WS-26OCT02-2.500,Will the NVIDIA H200 compute per hour price be above $2.5 at 4 PM ET on Oct 02?,active,0.9700,0.9900,0.9800,0.9800,727.00,0.00,475.00,0.0000,2.5,2026-08-21T20:40:00Z,2026-10-02T20:00:00Z,2026-08-21T20:30:26.264843Z,2026-08-21T20:40:00.992987Z,KXH200WS-26OCT02,"If the value of NVIDIA H200 compute per hour is above $2.5 on Oct 02, 2026 at 4 PM ET, then the market resolves to Yes."
KXH200WS,Weekly H200,KXH200WS-26OCT02-2.000,Will the NVIDIA H200 compute per hour price be above $2 at 4 PM ET on Oct 02?,active,0.9800,0.9900,0.0000,0.0000,0.00,0.00,0.00,0.0000,2.0,2026-08-21T20:40:00Z,2026-10-02T20:00:00Z,2026-08-21T20:30:26.264843Z,2026-08-21T20:40:00.992987Z,KXH200WS-26OCT02,"If the value of NVIDIA H200 compute per hour is above $2 on Oct 02, 2026 at 4 PM ET, then the market resolves to Yes."
KXH200WS,Weekly H200,KXH200WS-26OCT02-1.500,Will the NVIDIA H200 compute per hour price be above $1.5 at 4 PM ET on Oct 02?,active,0.9000,0.9900,0.0000,0.0000,0.00,0.00,0.00,0.0000,1.5,2026-08-21T20:40:00Z,2026-10-02T20:00:00Z,2026-08-21T20:30:26.264843Z,2026-08-21T20:40:00.992987Z,KXH200WS-26OCT02,"If the value of NVIDIA H200 compute per hour is above $1.5 on Oct 02, 2026 at 4 PM ET, then the market resolves to Yes."
KXH200WS,Weekly H200,KXH200WS-26SEP25-6.500,Will the NVIDIA H200 compute per hour price be above $6.5 at 4 PM ET on Sep 25?,active,0.0100,0.1500,0.0600,0.1200,1672.00,2.00,1670.00,0.0000,6.5,2026-08-14T20:40:00Z,2026-09-25T20:00:00Z,2026-08-14T20:30:27.189734Z,2026-08-14T20:40:00.259461Z,KXH200WS-26SEP25,"If the value of NVIDIA H200 compute per hour is above $6.5 on Sep 25, 2026 at 4 PM ET, then the market resolves to Yes."
KXH200WS,Weekly H200,KXH200WS-26SEP25-6.000,Will the NVIDIA H200 compute per hour price be above $6 at 4 PM ET on Sep 25?,active,0.1000,0.4200,0.1500,0.1500,1331.00,0.00,874.00,0.0000,6.0,2026-08-14T20:40:00Z,2026-09-25T20:00:00Z,2026-08-14T20:30:27.189734Z,2026-08-14T20:40:00.259461Z,KXH200WS-26SEP25,"If the value of NVIDIA H200 compute per hour is above $6 on Sep 25, 2026 at 4 PM ET, then the market resolves to Yes."
KXH200WS,Weekly H200,KXH200WS-26SEP25-5.500,Will the NVIDIA H200 compute per hour price be above $5.5 at 4 PM ET on Sep 25?,active,0.1400,0.5200,0.2900,0.2200,487.59,34.00,254.00,0.0000,5.5,2026-08-14T20:40:00Z,2026-09-25T20:00:00Z,2026-08-14T20:30:27.189734Z,2026-08-14T20:40:00.259461Z,KXH200WS-26SEP25,"If the value of NVIDIA H200 compute per hour is above $5.5 on Sep 25, 2026 at 4 PM ET, then the market resolves to Yes."
KXH200WS,Weekly H200,KXH200WS-26SEP25-5.000,Will the NVIDIA H200 compute per hour price be above $5 at 4 PM ET on Sep 25?,active,0.2300,0.6100,0.3300,0.2700,40.00,35.00,40.00,0.0000,5.0,2026-08-14T20:40:00Z,2026-09-25T20:00:00Z,2026-08-14T20:30:27.189734Z,2026-08-14T20:40:00.259461Z,KXH200WS-26SEP25,"If the value of NVIDIA H200 compute per hour is above $5 on Sep 25, 2026 at 4 PM ET, then the market resolves to Yes."
KXH200WS,Weekly H200,KXH200WS-26SEP25-4.500,Will the NVIDIA H200 compute per hour price be above $4.5 at 4 PM ET on Sep 25?,active,0.4600,0.5800,0.4800,0.3900,15.00,6.00,9.00,0.0000,4.5,2026-08-14T20:40:00Z,2026-09-25T20:00:00Z,2026-08-14T20:30:27.189734Z,2026-08-14T20:40:00.259461Z,KXH200WS-26SEP25,"If the value of NVIDIA H200 compute per hour is above $4.5 on Sep 25, 2026 at 4 PM ET, then the market resolves to Yes."
KXH200WS,Weekly H200,KXH200WS-26SEP25-4.000,Will the NVIDIA H200 compute per hour price be above $4 at 4 PM ET on Sep 25?,active,0.6700,0.8500,0.7300,0.6900,2350.00,839.00,949.00,0.0000,4.0,2026-08-14T20:40:00Z,2026-09-25T20:00:00Z,2026-08-14T20:30:27.189734Z,2026-08-14T20:40:00.259461Z,KXH200WS-26SEP25,"If the value of NVIDIA H200 compute per hour is above $4 on Sep 25, 2026 at 4 PM ET, then the market resolves to Yes."
KXH200WS,Weekly H200,KXH200WS-26SEP25-3.500,Will the NVIDIA H200 compute per hour price be above $3.5 at 4 PM ET on Sep 25?,active,0.9300,0.9900,0.9300,0.9400,2716.00,400.00,1916.00,0.0000,3.5,2026-08-14T20:40:00Z,2026-09-25T20:00:00Z,2026-08-14T20:30:27.189734Z,2026-08-14T20:40:00.259461Z,KXH200WS-26SEP25,"If the value of NVIDIA H200 compute per hour is above $3.5 on Sep 25, 2026 at 4 PM ET, then the market resolves to Yes."
KXH200WS,Weekly H200,KXH200WS-26SEP25-3.000,Will the NVIDIA H200 compute per hour price be above $3 at 4 PM ET on Sep 25?,active,0.9600,0.9900,0.9800,0.9400,1247.00,800.00,1247.00,0.0000,3.0,2026-08-14T20:40:00Z,2026-09-25T20:00:00Z,2026-08-14T20:30:27.189734Z,2026-08-14T20:40:00.259461Z,KXH200WS-26SEP25,"If the value of NVIDIA H200 compute per hour is above $3 on Sep 25, 2026 at 4 PM ET, then the market resolves to Yes."
KXH200WS,Weekly H200,KXH200WS-26SEP25-2.500,Will the NVIDIA H200 compute per hour price be above $2.5 at 4 PM ET on Sep 25?,active,0.9800,0.9900,0.9800,0.9800,1317.70,0.00,916.70,0.0000,2.5,2026-08-14T20:40:00Z,2026-09-25T20:00:00Z,2026-08-14T20:30:27.189734Z,2026-08-14T20:40:00.259461Z,KXH200WS-26SEP25,"If the value of NVIDIA H200 compute per hour is above $2.5 on Sep 25, 2026 at 4 PM ET, then the market resolves to Yes."
KXH200WS,Weekly H200,KXH200WS-26SEP25-2.000,Will the NVIDIA H200 compute per hour price be above $2 at 4 PM ET on Sep 25?,active,0.9800,0.9900,0.0000,0.0000,0.00,0.00,0.00,0.0000,2.0,2026-08-14T20:40:00Z,2026-09-25T20:00:00Z,2026-08-14T20:30:27.189734Z,2026-08-14T20:40:00.259461Z,KXH200WS-26SEP25,"If the value of NVIDIA H200 compute per hour is above $2 on Sep 25, 2026 at 4 PM ET, then the market resolves to Yes."
KXH200WS,Weekly H200,KXH200WS-26SEP25-1.500,Will the NVIDIA H200 compute per hour price be above $1.5 at 4 PM ET on Sep 25?,active,0.9800,0.9900,0.9800,0.0000,26.00,26.00,13.00,0.0000,1.5,2026-08-14T20:40:00Z,2026-09-25T20:00:00Z,2026-08-14T20:30:27.189734Z,2026-08-14T20:40:00.259461Z,KXH200WS-26SEP25,"If the value of NVIDIA H200 compute per hour is above $1.5 on Sep 25, 2026 at 4 PM ET, then the market resolves to Yes."
KXH200WS,Weekly H200,KXH200WS-26SEP18-6.500,Will the NVIDIA H200 compute per hour price be above $6.5 at 4 PM ET on Sep 18?,active,0.0100,0.0300,0.0200,0.0800,3215.00,1607.00,1607.00,0.0000,6.5,2026-08-07T20:40:00Z,2026-09-18T20:00:00Z,2026-08-07T20:30:27.470465Z,2026-08-07T20:40:00.292707Z,KXH200WS-26SEP18,"If the value of NVIDIA H200 compute per hour is above $6.5 on Sep 18, 2026 at 4 PM ET, then the market resolves to Yes."
KXH200WS,Weekly H200,KXH200WS-26SEP18-6.000,Will the NVIDIA H200 compute per hour price be above $6 at 4 PM ET on Sep 18?,active,0.0100,0.1100,0.1200,0.0700,3070.00,200.00,770.00,0.0000,6.0,2026-08-07T20:40:00Z,2026-09-18T20:00:00Z,2026-08-07T20:30:27.470465Z,2026-08-07T20:40:00.292707Z,KXH200WS-26SEP18,"If the value of NVIDIA H200 compute per hour is above $6 on Sep 18, 2026 at 4 PM ET, then the market resolves to Yes."
KXH200WS,Weekly H200,KXH200WS-26SEP18-5.500,Will the NVIDIA H200 compute per hour price be above $5.5 at 4 PM ET on Sep 18?,active,0.0800,0.2100,0.1900,0.2400,2297.94,237.00,426.00,0.0000,5.5,2026-08-07T20:40:00Z,2026-09-18T20:00:00Z,2026-08-07T20:30:27.470465Z,2026-08-07T20:40:00.292707Z,KXH200WS-26SEP18,"If the value of NVIDIA H200 compute per hour is above $5.5 on Sep 18, 2026 at 4 PM ET, then the market resolves to Yes."
KXH200WS,Weekly H200,KXH200WS-26SEP18-5.000,Will the NVIDIA H200 compute per hour price be above $5 at 4 PM ET on Sep 18?,active,0.1900,0.4000,0.2600,0.2600,85.00,0.00,80.00,0.0000,5.0,2026-08-07T20:40:00Z,2026-09-18T20:00:00Z,2026-08-07T20:30:27.470465Z,2026-08-07T20:40:00.292707Z,KXH200WS-26SEP18,"If the value of NVIDIA H200 compute per hour is above $5 on Sep 18, 2026 at 4 PM ET, then the market resolves to Yes."
KXH200WS,Weekly H200,KXH200WS-26SEP18-4.500,Will the NVIDIA H200 compute per hour price be above $4.5 at 4 PM ET on Sep 18?,active,0.4800,0.7400,0.3600,0.4300,34.70,5.00,5.00,0.0000,4.5,2026-08-07T20:40:00Z,2026-09-18T20:00:00Z,2026-08-07T20:30:27.470465Z,2026-08-07T20:40:00.292707Z,KXH200WS-26SEP18,"If the value of NVIDIA H200 compute per hour is above $4.5 on Sep 18, 2026 at 4 PM ET, then the market resolves to Yes."
KXH200WS,Weekly H200,KXH200WS-26SEP18-4.000,Will the NVIDIA H200 compute per hour price be above $4 at 4 PM ET on Sep 18?,active,0.7900,0.9200,0.7700,0.7000,1605.14,1195.00,1019.14,0.0000,4.0,2026-08-07T20:40:00Z,2026-09-18T20:00:00Z,2026-08-07T20:30:27.470465Z,2026-08-07T20:40:00.292707Z,KXH200WS-26SEP18,"If the value of NVIDIA H200 compute per hour is above $4 on Sep 18, 2026 at 4 PM ET, then the market resolves to Yes."
KXH200WS,Weekly H200,KXH200WS-26SEP18-3.500,Will the NVIDIA H200 compute per hour price be above $3.5 at 4 PM ET on Sep 18?,active,0.9300,0.9900,0.9500,0.9700,1794.00,403.00,1394.00,0.0000,3.5,2026-08-07T20:40:00Z,2026-09-18T20:00:00Z,2026-08-07T20:30:27.470465Z,2026-08-07T20:40:00.292707Z,KXH200WS-26SEP18,"If the value of NVIDIA H200 compute per hour is above $3.5 on Sep 18, 2026 at 4 PM ET, then the market resolves to Yes."
KXH200WS,Weekly H200,KXH200WS-26SEP18-3.000,Will the NVIDIA H200 compute per hour price be above $3 at 4 PM ET on Sep 18?,active,0.9700,0.9900,0.9800,0.9500,1024.00,800.00,1024.00,0.0000,3.0,2026-08-07T20:40:00Z,2026-09-18T20:00:00Z,2026-08-07T20:30:27.470465Z,2026-08-07T20:40:00.292707Z,KXH200WS-26SEP18,"If the value of NVIDIA H200 compute per hour is above $3 on Sep 18, 2026 at 4 PM ET, then the market resolves to Yes."
KXH200WS,Weekly H200,KXH200WS-26SEP18-2.500,Will the NVIDIA H200 compute per hour price be above $2.5 at 4 PM ET on Sep 18?,active,0.9800,0.9900,0.9600,0.9600,400.00,0.00,400.00,0.0000,2.5,2026-08-07T20:40:00Z,2026-09-18T20:00:00Z,2026-08-07T20:30:27.470465Z,2026-08-07T20:40:00.292707Z,KXH200WS-26SEP18,"If the value of NVIDIA H200 compute per hour is above $2.5 on Sep 18, 2026 at 4 PM ET, then the market resolves to Yes."
KXH200WS,Weekly H200,KXH200WS-26SEP18-2.000,Will the NVIDIA H200 compute per hour price be above $2 at 4 PM ET on Sep 18?,active,0.9800,0.9900,0.9600,0.9600,200.00,0.00,200.00,0.0000,2.0,2026-08-07T20:40:00Z,2026-09-18T20:00:00Z,2026-08-07T20:30:27.470465Z,2026-08-07T20:40:00.292707Z,KXH200WS-26SEP18,"If the value of NVIDIA H200 compute per hour is above $2 on Sep 18, 2026 at 4 PM ET, then the market resolves to Yes."
KXH200WS,Weekly H200,KXH200WS-26SEP18-1.500,Will the NVIDIA H200 compute per hour price be above $1.5 at 4 PM ET on Sep 18?,active,0.9800,0.9900,0.0000,0.0000,0.00,0.00,0.00,0.0000,1.5,2026-08-07T20:40:00Z,2026-09-18T20:00:00Z,2026-08-07T20:30:27.470465Z,2026-08-07T20:40:00.292707Z,KXH200WS-26SEP18,"If the value of NVIDIA H200 compute per hour is above $1.5 on Sep 18, 2026 at 4 PM ET, then the market resolves to Yes."
KXH200WS,Weekly H200,KXH200WS-26SEP11-6.500,Will the NVIDIA H200 compute per hour price be above $6.5 at 4 PM ET on Sep 11?,active,0.0100,0.0200,0.0300,0.0300,837.00,0.00,703.00,0.0000,6.5,2026-07-31T20:41:00Z,2026-09-11T20:00:00Z,2026-07-31T20:31:51.22945Z,2026-07-31T20:41:00.295862Z,KXH200WS-26SEP11,"If the value of NVIDIA H200 compute per hour is above $6.5 on Sep 11, 2026 at 4 PM ET, then the market resolves to Yes."
KXH200WS,Weekly H200,KXH200WS-26SEP11-6.000,Will the NVIDIA H200 compute per hour price be above $6 at 4 PM ET on Sep 11?,active,0.0100,0.0500,0.0400,0.0400,1433.00,0.00,402.00,0.0000,6.0,2026-07-31T20:41:00Z,2026-09-11T20:00:00Z,2026-07-31T20:31:51.22945Z,2026-07-31T20:41:00.295862Z,KXH200WS-26SEP11,"If the value of NVIDIA H200 compute per hour is above $6 on Sep 11, 2026 at 4 PM ET, then the market resolves to Yes."
KXH200WS,Weekly H200,KXH200WS-26SEP11-5.500,Will the NVIDIA H200 compute per hour price be above $5.5 at 4 PM ET on Sep 11?,active,0.1100,0.3100,0.1200,0.1200,42.00,0.00,33.00,0.0000,5.5,2026-07-31T20:41:00Z,2026-09-11T20:00:00Z,2026-07-31T20:31:51.22945Z,2026-07-31T20:41:00.295862Z,KXH200WS-26SEP11,"If the value of NVIDIA H200 compute per hour is above $5.5 on Sep 11, 2026 at 4 PM ET, then the market resolves to Yes."
KXH200WS,Weekly H200,KXH200WS-26SEP11-5.000,Will the NVIDIA H200 compute per hour price be above $5 at 4 PM ET on Sep 11?,active,0.1400,0.5000,0.3500,0.3500,13.00,0.00,2.00,0.0000,5.0,2026-07-31T20:41:00Z,2026-09-11T20:00:00Z,2026-07-31T20:31:51.22945Z,2026-07-31T20:41:00.295862Z,KXH200WS-26SEP11,"If the value of NVIDIA H200 compute per hour is above $5 on Sep 11, 2026 at 4 PM ET, then the market resolves to Yes."
KXH200WS,Weekly H200,KXH200WS-26SEP11-4.500,Will the NVIDIA H200 compute per hour price be above $4.5 at 4 PM ET on Sep 11?,active,0.4200,0.6700,0.7600,0.6000,956.97,6.51,890.90,0.0000,4.5,2026-07-31T20:41:00Z,2026-09-11T20:00:00Z,2026-07-31T20:31:51.22945Z,2026-07-31T20:41:00.295862Z,KXH200WS-26SEP11,"If the value of NVIDIA H200 compute per hour is above $4.5 on Sep 11, 2026 at 4 PM ET, then the market resolves to Yes."
KXH200WS,Weekly H200,KXH200WS-26SEP11-4.000,Will the NVIDIA H200 compute per hour price be above $4 at 4 PM ET on Sep 11?,active,0.7100,0.9300,0.9200,0.8300,3518.12,515.17,1353.45,0.0000,4.0,2026-07-31T20:41:00Z,2026-09-11T20:00:00Z,2026-07-31T20:31:51.22945Z,2026-07-31T20:41:00.295862Z,KXH200WS-26SEP11,"If the value of NVIDIA H200 compute per hour is above $4 on Sep 11, 2026 at 4 PM ET, then the market resolves to Yes."
KXH200WS,Weekly H200,KXH200WS-26SEP11-3.500,Will the NVIDIA H200 compute per hour price be above $3.5 at 4 PM ET on Sep 11?,active,0.8800,0.9900,0.9500,0.9500,3590.35,0.00,2925.17,0.0000,3.5,2026-07-31T20:41:00Z,2026-09-11T20:00:00Z,2026-07-31T20:31:51.22945Z,2026-07-31T20:41:00.295862Z,KXH200WS-26SEP11,"If the value of NVIDIA H200 compute per hour is above $3.5 on Sep 11, 2026 at 4 PM ET, then the market resolves to Yes."
KXH200WS,Weekly H200,KXH200WS-26SEP11-3.000,Will the NVIDIA H200 compute per hour price be above $3 at 4 PM ET on Sep 11?,active,0.9500,0.9900,0.9800,0.9800,1081.00,601.00,1081.00,0.0000,3.0,2026-07-31T20:41:00Z,2026-09-11T20:00:00Z,2026-07-31T20:31:51.22945Z,2026-07-31T20:41:00.295862Z,KXH200WS-26SEP11,"If the value of NVIDIA H200 compute per hour is above $3 on Sep 11, 2026 at 4 PM ET, then the market resolves to Yes."
KXH200WS,Weekly H200,KXH200WS-26SEP11-2.500,Will the NVIDIA H200 compute per hour price be above $2.5 at 4 PM ET on Sep 11?,active,0.9800,0.9900,0.9300,0.9300,313.00,0.00,294.00,0.0000,2.5,2026-07-31T20:41:00Z,2026-09-11T20:00:00Z,2026-07-31T20:31:51.22945Z,2026-07-31T20:41:00.295862Z,KXH200WS-26SEP11,"If the value of NVIDIA H200 compute per hour is above $2.5 on Sep 11, 2026 at 4 PM ET, then the market resolves to Yes."
KXH200WS,Weekly H200,KXH200WS-26SEP11-2.000,Will the NVIDIA H200 compute per hour price be above $2 at 4 PM ET on Sep 11?,active,0.9800,0.9900,0.0000,0.0000,0.00,0.00,0.00,0.0000,2.0,2026-07-31T20:41:00Z,2026-09-11T20:00:00Z,2026-07-31T20:31:51.22945Z,2026-07-31T20:41:00.295862Z,KXH200WS-26SEP11,"If the value of NVIDIA H200 compute per hour is above $2 on Sep 11, 2026 at 4 PM ET, then the market resolves to Yes."
KXH200WS,Weekly H200,KXH200WS-26SEP11-1.500,Will the NVIDIA H200 compute per hour price be above $1.5 at 4 PM ET on Sep 11?,active,0.9900,1.0000,0.9900,0.9900,1000.00,0.00,1000.00,0.0000,1.5,2026-07-31T20:41:00Z,2026-09-11T20:00:00Z,2026-07-31T20:31:51.22945Z,2026-07-31T20:41:00.295862Z,KXH200WS-26SEP11,"If the value of NVIDIA H200 compute per hour is above $1.5 on Sep 11, 2026 at 4 PM ET, then the market resolves to Yes."
KXH200WS,Weekly H200,KXH200WS-26SEP04-6.500,Will the NVIDIA H200 compute per hour price be above $6.5 at 4 PM ET on Sep 04?,active,0.0000,0.0100,0.0100,0.0100,6563.01,0.00,3366.01,0.0000,6.5,2026-07-24T20:40:00Z,2026-09-04T20:00:00Z,2026-07-24T20:30:24.827426Z,2026-07-24T20:40:00.672679Z,KXH200WS-26SEP04,"If the value of NVIDIA H200 compute per hour is above $6.5 on Sep 04, 2026 at 4 PM ET, then the market resolves to Yes."
KXH200WS,Weekly H200,KXH200WS-26SEP04-6.000,Will the NVIDIA H200 compute per hour price be above $6 at 4 PM ET on Sep 04?,active,0.0100,0.0200,0.0200,0.0200,5133.01,0.00,1496.01,0.0000,6.0,2026-07-24T20:40:00Z,2026-09-04T20:00:00Z,2026-07-24T20:30:24.827426Z,2026-07-24T20:40:00.672679Z,KXH200WS-26SEP04,"If the value of NVIDIA H200 compute per hour is above $6 on Sep 04, 2026 at 4 PM ET, then the market resolves to Yes."
KXH200WS,Weekly H200,KXH200WS-26SEP04-5.500,Will the NVIDIA H200 compute per hour price be above $5.5 at 4 PM ET on Sep 04?,active,0.0200,0.0400,0.0600,0.0500,1859.24,53.04,688.72,0.0000,5.5,2026-07-24T20:40:00Z,2026-09-04T20:00:00Z,2026-07-24T20:30:24.827426Z,2026-07-24T20:40:00.672679Z,KXH200WS-26SEP04,"If the value of NVIDIA H200 compute per hour is above $5.5 on Sep 04, 2026 at 4 PM ET, then the market resolves to Yes."
KXH200WS,Weekly H200,KXH200WS-26SEP04-5.000,Will the NVIDIA H200 compute per hour price be above $5 at 4 PM ET on Sep 04?,active,0.1200,0.2000,0.2200,0.2700,1483.92,53.87,596.60,0.0000,5.0,2026-07-24T20:40:00Z,2026-09-04T20:00:00Z,2026-07-24T20:30:24.827426Z,2026-07-24T20:40:00.672679Z,KXH200WS-26SEP04,"If the value of NVIDIA H200 compute per hour is above $5 on Sep 04, 2026 at 4 PM ET, then the market resolves to Yes."
KXH200WS,Weekly H200,KXH200WS-26SEP04-4.500,Will the NVIDIA H200 compute per hour price be above $4.5 at 4 PM ET on Sep 04?,active,0.4700,0.4800,0.5000,0.5900,2121.25,218.57,1127.17,0.0000,4.5,2026-07-24T20:40:00Z,2026-09-04T20:00:00Z,2026-07-24T20:30:24.827426Z,2026-07-24T20:40:00.672679Z,KXH200WS-26SEP04,"If the value of NVIDIA H200 compute per hour is above $4.5 on Sep 04, 2026 at 4 PM ET, then the market resolves to Yes."
KXH200WS,Weekly H200,KXH200WS-26SEP04-4.000,Will the NVIDIA H200 compute per hour price be above $4 at 4 PM ET on Sep 04?,active,0.8000,0.9600,0.9100,0.9100,2035.18,256.58,1526.44,0.0000,4.0,2026-07-24T20:40:00Z,2026-09-04T20:00:00Z,2026-07-24T20:30:24.827426Z,2026-07-24T20:40:00.672679Z,KXH200WS-26SEP04,"If the value of NVIDIA H200 compute per hour is above $4 on Sep 04, 2026 at 4 PM ET, then the market resolves to Yes."
KXH200WS,Weekly H200,KXH200WS-26SEP04-3.500,Will the NVIDIA H200 compute per hour price be above $3.5 at 4 PM ET on Sep 04?,active,0.8800,0.9900,0.9300,0.9800,9456.55,474.65,9234.65,0.0000,3.5,2026-07-24T20:40:00Z,2026-09-04T20:00:00Z,2026-07-24T20:30:24.827426Z,2026-07-24T20:40:00.672679Z,KXH200WS-26SEP04,"If the value of NVIDIA H200 compute per hour is above $3.5 on Sep 04, 2026 at 4 PM ET, then the market resolves to Yes."
KXH200WS,Weekly H200,KXH200WS-26SEP04-3.000,Will the NVIDIA H200 compute per hour price be above $3 at 4 PM ET on Sep 04?,active,0.9900,1.0000,0.9900,0.9900,1696.00,0.00,1351.00,0.0000,3.0,2026-07-24T20:40:00Z,2026-09-04T20:00:00Z,2026-07-24T20:30:24.827426Z,2026-07-24T20:40:00.672679Z,KXH200WS-26SEP04,"If the value of NVIDIA H200 compute per hour is above $3 on Sep 04, 2026 at 4 PM ET, then the market resolves to Yes."
KXH200WS,Weekly H200,KXH200WS-26SEP04-2.500,Will the NVIDIA H200 compute per hour price be above $2.5 at 4 PM ET on Sep 04?,active,0.9900,1.0000,0.9900,0.9900,1715.00,0.00,1713.00,0.0000,2.5,2026-07-24T20:40:00Z,2026-09-04T20:00:00Z,2026-07-24T20:30:24.827426Z,2026-07-24T20:40:00.619466Z,KXH200WS-26SEP04,"If the value of NVIDIA H200 compute per hour is above $2.5 on Sep 04, 2026 at 4 PM ET, then the market resolves to Yes."
KXH200WS,Weekly H200,KXH200WS-26SEP04-2.000,Will the NVIDIA H200 compute per hour price be above $2 at 4 PM ET on Sep 04?,active,0.9900,1.0000,0.9900,0.9900,1067.00,0.00,1067.00,0.0000,2.0,2026-07-24T20:40:00Z,2026-09-04T20:00:00Z,2026-07-24T20:30:24.827426Z,2026-07-24T20:40:00.619466Z,KXH200WS-26SEP04,"If the value of NVIDIA H200 compute per hour is above $2 on Sep 04, 2026 at 4 PM ET, then the market resolves to Yes."
KXH200WS,Weekly H200,KXH200WS-26SEP04-1.500,Will the NVIDIA H200 compute per hour price be above $1.5 at 4 PM ET on Sep 04?,active,0.9900,1.0000,0.9900,0.9900,1077.00,0.00,1072.00,0.0000,1.5,2026-07-24T20:40:00Z,2026-09-04T20:00:00Z,2026-07-24T20:30:24.827426Z,2026-07-24T20:40:00.619466Z,KXH200WS-26SEP04,"If the value of NVIDIA H200 compute per hour is above $1.5 on Sep 04, 2026 at 4 PM ET, then the market resolves to Yes."
KXH200WS,Weekly H200,KXH200WS-26AUG28-11.500,Will the NVIDIA H200 compute per hour price be above $11.5 at 4 PM ET on Aug 28?,finalized,0.0000,1.0000,0.0100,0.0100,19206.06,0.00,14768.09,0.0000,11.5,2026-07-23T09:10:00Z,2026-08-28T20:00:00Z,2026-07-23T09:02:25.997344Z,2026-08-31T15:42:58.478707Z,KXH200WS-26AUG28,"If the value of NVIDIA H200 compute per hour is above $11.5 on Aug 28, 2026 at 4 PM ET, then the market resolves to Yes."
KXH200WS,Weekly H200,KXH200WS-26AUG28-11.000,Will the NVIDIA H200 compute per hour price be above $11 at 4 PM ET on Aug 28?,finalized,0.0000,1.0000,0.0100,0.0100,1360.35,0.00,1249.00,0.0000,11.0,2026-07-23T09:10:00Z,2026-08-28T20:00:00Z,2026-07-23T09:02:15.764989Z,2026-08-31T15:42:58.386141Z,KXH200WS-26AUG28,"If the value of NVIDIA H200 compute per hour is above $11 on Aug 28, 2026 at 4 PM ET, then the market resolves to Yes."
KXH200WS,Weekly H200,KXH200WS-26AUG28-10.500,Will the NVIDIA H200 compute per hour price be above $10.5 at 4 PM ET on Aug 28?,finalized,0.0000,1.0000,0.0100,0.0100,1249.00,0.00,1249.00,0.0000,10.5,2026-07-23T09:10:00Z,2026-08-28T20:00:00Z,2026-07-23T09:02:05.518086Z,2026-08-31T15:42:58.282884Z,KXH200WS-26AUG28,"If the value of NVIDIA H200 compute per hour is above $10.5 on Aug 28, 2026 at 4 PM ET, then the market resolves to Yes."
KXH200WS,Weekly H200,KXH200WS-26AUG28-10.000,Will the NVIDIA H200 compute per hour price be above $10 at 4 PM ET on Aug 28?,finalized,0.0000,1.0000,0.0100,0.0100,2651.76,0.00,1651.76,0.0000,10.0,2026-07-23T09:10:00Z,2026-08-28T20:00:00Z,2026-07-23T09:01:55.27326Z,2026-08-31T15:42:58.169967Z,KXH200WS-26AUG28,"If the value of NVIDIA H200 compute per hour is above $10 on Aug 28, 2026 at 4 PM ET, then the market resolves to Yes."
KXH200WS,Weekly H200,KXH200WS-26AUG28-9.500,Will the NVIDIA H200 compute per hour price be above $9.5 at 4 PM ET on Aug 28?,finalized,0.0000,1.0000,0.0100,0.0100,1225.00,0.00,1125.00,0.0000,9.5,2026-07-23T09:10:00Z,2026-08-28T20:00:00Z,2026-07-23T09:01:44.982878Z,2026-08-31T15:42:58.080524Z,KXH200WS-26AUG28,"If the value of NVIDIA H200 compute per hour is above $9.5 on Aug 28, 2026 at 4 PM ET, then the market resolves to Yes."
KXH200WS,Weekly H200,KXH200WS-26AUG28-9.000,Will the NVIDIA H200 compute per hour price be above $9 at 4 PM ET on Aug 28?,finalized,0.0000,1.0000,0.0100,0.0100,2162.00,0.00,2162.00,0.0000,9.0,2026-07-23T09:10:00Z,2026-08-28T20:00:00Z,2026-07-23T09:01:34.702725Z,2026-08-31T15:42:57.991192Z,KXH200WS-26AUG28,"If the value of NVIDIA H200 compute per hour is above $9 on Aug 28, 2026 at 4 PM ET, then the market resolves to Yes."
KXH200WS,Weekly H200,KXH200WS-26AUG28-8.500,Will the NVIDIA H200 compute per hour price be above $8.5 at 4 PM ET on Aug 28?,finalized,0.0000,1.0000,0.0100,0.0100,4295.53,0.00,3984.53,0.0000,8.5,2026-07-23T09:10:00Z,2026-08-28T20:00:00Z,2026-07-23T09:01:24.424342Z,2026-08-31T15:42:57.888149Z,KXH200WS-26AUG28,"If the value of NVIDIA H200 compute per hour is above $8.5 on Aug 28, 2026 at 4 PM ET, then the market resolves to Yes."
KXH200WS,Weekly H200,KXH200WS-26AUG28-8.000,Will the NVIDIA H200 compute per hour price be above $8 at 4 PM ET on Aug 28?,finalized,0.0000,1.0000,0.0100,0.0100,2750.00,0.00,2346.00,0.0000,8.0,2026-07-23T09:10:00Z,2026-08-28T20:00:00Z,2026-07-23T09:01:14.132727Z,2026-08-31T15:42:57.785829Z,KXH200WS-26AUG28,"If the value of NVIDIA H200 compute per hour is above $8 on Aug 28, 2026 at 4 PM ET, then the market resolves to Yes."
KXH200WS,Weekly H200,KXH200WS-26AUG28-7.500,Will the NVIDIA H200 compute per hour price be above $7.5 at 4 PM ET on Aug 28?,finalized,0.0000,1.0000,0.0100,0.0100,4581.25,0.00,3828.25,0.0000,7.5,2026-07-23T09:10:00Z,2026-08-28T20:00:00Z,2026-07-23T09:01:03.868714Z,2026-08-31T15:42:57.695434Z,KXH200WS-26AUG28,"If the value of NVIDIA H200 compute per hour is above $7.5 on Aug 28, 2026 at 4 PM ET, then the market resolves to Yes."
KXH200WS,Weekly H200,KXH200WS-26AUG28-7.000,Will the NVIDIA H200 compute per hour price be above $7 at 4 PM ET on Aug 28?,finalized,0.0000,1.0000,0.0100,0.0100,4767.31,0.00,3878.80,0.0000,7.0,2026-07-23T09:10:00Z,2026-08-28T20:00:00Z,2026-07-23T09:00:53.591835Z,2026-08-31T15:42:57.60292Z,KXH200WS-26AUG28,"If the value of NVIDIA H200 compute per hour is above $7 on Aug 28, 2026 at 4 PM ET, then the market resolves to Yes."
KXH200WS,Weekly H200,KXH200WS-26AUG28-6.500,Will the NVIDIA H200 compute per hour price be above $6.5 at 4 PM ET on Aug 28?,finalized,0.0000,1.0000,0.0100,0.0100,6956.86,0.00,3277.07,0.0000,6.5,2026-07-17T20:40:00Z,2026-08-28T20:00:00Z,2026-07-17T20:30:24.93791Z,2026-08-31T15:42:57.505679Z,KXH200WS-26AUG28,"If the value of NVIDIA H200 compute per hour is above $6.5 on Aug 28, 2026 at 4 PM ET, then the market resolves to Yes."
KXH200WS,Weekly H200,KXH200WS-26AUG28-6.000,Will the NVIDIA H200 compute per hour price be above $6 at 4 PM ET on Aug 28?,finalized,0.0000,1.0000,0.0100,0.0100,6192.55,0.00,3062.81,0.0000,6.0,2026-07-17T20:40:00Z,2026-08-28T20:00:00Z,2026-07-17T20:30:24.93791Z,2026-08-31T15:42:57.417884Z,KXH200WS-26AUG28,"If the value of NVIDIA H200 compute per hour is above $6 on Aug 28, 2026 at 4 PM ET, then the market resolves to Yes."
KXH200WS,Weekly H200,KXH200WS-26AUG28-5.500,Will the NVIDIA H200 compute per hour price be above $5.5 at 4 PM ET on Aug 28?,finalized,0.0000,1.0000,0.0100,0.0100,14699.77,0.00,7281.15,0.0000,5.5,2026-07-17T20:40:00Z,2026-08-28T20:00:00Z,2026-07-17T20:30:24.93791Z,2026-08-31T15:42:57.32097Z,KXH200WS-26AUG28,"If the value of NVIDIA H200 compute per hour is above $5.5 on Aug 28, 2026 at 4 PM ET, then the market resolves to Yes."
KXH200WS,Weekly H200,KXH200WS-26AUG28-5.000,Will the NVIDIA H200 compute per hour price be above $5 at 4 PM ET on Aug 28?,finalized,0.0000,1.0000,0.0200,0.0200,15689.18,0.00,6256.60,0.0000,5.0,2026-07-17T20:40:00Z,2026-08-28T20:00:00Z,2026-07-17T20:30:24.93791Z,2026-08-31T15:42:57.207812Z,KXH200WS-26AUG28,"If the value of NVIDIA H200 compute per hour is above $5 on Aug 28, 2026 at 4 PM ET, then the market resolves to Yes."
KXH200WS,Weekly H200,KXH200WS-26AUG28-4.500,Will the NVIDIA H200 compute per hour price be above $4.5 at 4 PM ET on Aug 28?,finalized,0.0000,1.0000,0.0100,0.0100,15279.32,0.00,5235.38,0.0000,4.5,2026-07-17T20:40:00Z,2026-08-28T20:00:00Z,2026-07-17T20:30:24.93791Z,2026-08-31T15:42:57.097142Z,KXH200WS-26AUG28,"If the value of NVIDIA H200 compute per hour is above $4.5 on Aug 28, 2026 at 4 PM ET, then the market resolves to Yes."
KXH200WS,Weekly H200,KXH200WS-26AUG28-4.000,Will the NVIDIA H200 compute per hour price be above $4 at 4 PM ET on Aug 28?,finalized,0.0000,1.0000,0.9800,0.9800,18675.30,0.00,6361.04,0.0000,4.0,2026-07-17T20:40:00Z,2026-08-28T20:00:00Z,2026-07-17T20:30:24.93791Z,2026-08-31T15:42:56.984245Z,KXH200WS-26AUG28,"If the value of NVIDIA H200 compute per hour is above $4 on Aug 28, 2026 at 4 PM ET, then the market resolves to Yes."
KXH200WS,Weekly H200,KXH200WS-26AUG28-3.500,Will the NVIDIA H200 compute per hour price be above $3.5 at 4 PM ET on Aug 28?,finalized,0.0000,1.0000,0.9900,0.9900,3181.00,0.00,1823.00,0.0000,3.5,2026-07-17T20:40:00Z,2026-08-28T20:00:00Z,2026-07-17T20:30:24.93791Z,2026-08-31T15:42:56.889652Z,KXH200WS-26AUG28,"If the value of NVIDIA H200 compute per hour is above $3.5 on Aug 28, 2026 at 4 PM ET, then the market resolves to Yes."
KXH200WS,Weekly H200,KXH200WS-26AUG28-3.000,Will the NVIDIA H200 compute per hour price be above $3 at 4 PM ET on Aug 28?,finalized,0.0000,1.0000,0.9900,0.9900,2799.00,0.00,1833.00,0.0000,3.0,2026-07-17T20:40:00Z,2026-08-28T20:00:00Z,2026-07-17T20:30:24.93791Z,2026-08-31T15:42:56.798489Z,KXH200WS-26AUG28,"If the value of NVIDIA H200 compute per hour is above $3 on Aug 28, 2026 at 4 PM ET, then the market resolves to Yes."
KXH200WS,Weekly H200,KXH200WS-26AUG28-2.500,Will the NVIDIA H200 compute per hour price be above $2.5 at 4 PM ET on Aug 28?,finalized,0.0000,1.0000,0.9900,0.9900,1794.00,0.00,1447.00,0.0000,2.5,2026-07-17T20:40:00Z,2026-08-28T20:00:00Z,2026-07-17T20:30:24.93791Z,2026-08-31T15:42:56.699138Z,KXH200WS-26AUG28,"If the value of NVIDIA H200 compute per hour is above $2.5 on Aug 28, 2026 at 4 PM ET, then the market resolves to Yes."
KXH200WS,Weekly H200,KXH200WS-26AUG28-2.000,Will the NVIDIA H200 compute per hour price be above $2 at 4 PM ET on Aug 28?,finalized,0.0000,1.0000,0.9900,0.9900,1590.51,0.00,1450.51,0.0000,2.0,2026-07-17T20:40:00Z,2026-08-28T20:00:00Z,2026-07-17T20:30:24.93791Z,2026-08-31T15:42:56.588624Z,KXH200WS-26AUG28,"If the value of NVIDIA H200 compute per hour is above $2 on Aug 28, 2026 at 4 PM ET, then the market resolves to Yes."
KXH200WS,Weekly H200,KXH200WS-26AUG28-1.500,Will the NVIDIA H200 compute per hour price be above $1.5 at 4 PM ET on Aug 28?,finalized,0.0000,1.0000,0.9900,0.9900,2203.15,0.00,2061.15,0.0000,1.5,2026-07-17T20:40:00Z,2026-08-28T20:00:00Z,2026-07-17T20:30:24.93791Z,2026-08-31T15:42:56.481663Z,KXH200WS-26AUG28,"If the value of NVIDIA H200 compute per hour is above $1.5 on Aug 28, 2026 at 4 PM ET, then the market resolves to Yes."
KXH200WS,Weekly H200,KXH200WS-26AUG21-6.500,Will the NVIDIA H200 compute per hour price be above $6.5 at 4 PM ET on Aug 21?,finalized,0.0000,1.0000,0.0100,0.0100,5918.58,0.00,3011.80,0.0000,6.5,2026-07-17T20:40:00Z,2026-08-21T20:00:00Z,2026-07-17T20:30:24.338772Z,2026-08-24T16:09:25.818759Z,KXH200WS-26AUG21,"If the value of NVIDIA H200 compute per hour is above $6.5 on Aug 21, 2026 at 4 PM ET, then the market resolves to Yes."
KXH200WS,Weekly H200,KXH200WS-26AUG21-6.000,Will the NVIDIA H200 compute per hour price be above $6 at 4 PM ET on Aug 21?,finalized,0.0000,1.0000,0.0300,0.0300,12663.25,0.00,6211.48,0.0000,6.0,2026-07-17T20:40:00Z,2026-08-21T20:00:00Z,2026-07-17T20:30:24.338772Z,2026-08-24T16:09:25.709261Z,KXH200WS-26AUG21,"If the value of NVIDIA H200 compute per hour is above $6 on Aug 21, 2026 at 4 PM ET, then the market resolves to Yes."
KXH200WS,Weekly H200,KXH200WS-26AUG21-5.500,Will the NVIDIA H200 compute per hour price be above $5.5 at 4 PM ET on Aug 21?,finalized,0.0000,1.0000,0.0300,0.0300,14392.65,0.00,6174.44,0.0000,5.5,2026-07-17T20:40:00Z,2026-08-21T20:00:00Z,2026-07-17T20:30:24.338772Z,2026-08-24T16:09:25.622791Z,KXH200WS-26AUG21,"If the value of NVIDIA H200 compute per hour is above $5.5 on Aug 21, 2026 at 4 PM ET, then the market resolves to Yes."
KXH200WS,Weekly H200,KXH200WS-26AUG21-5.000,Will the NVIDIA H200 compute per hour price be above $5 at 4 PM ET on Aug 21?,finalized,0.0000,1.0000,0.9600,0.9600,14389.86,0.00,9362.80,0.0000,5.0,2026-07-17T20:40:00Z,2026-08-21T20:00:00Z,2026-07-17T20:30:24.338772Z,2026-08-24T16:09:25.536304Z,KXH200WS-26AUG21,"If the value of NVIDIA H200 compute per hour is above $5 on Aug 21, 2026 at 4 PM ET, then the market resolves to Yes."
KXH200WS,Weekly H200,KXH200WS-26AUG21-4.500,Will the NVIDIA H200 compute per hour price be above $4.5 at 4 PM ET on Aug 21?,finalized,0.0000,1.0000,0.9900,0.9900,8204.69,0.00,4751.45,0.0000,4.5,2026-07-17T20:40:00Z,2026-08-21T20:00:00Z,2026-07-17T20:30:24.338772Z,2026-08-24T16:09:25.418629Z,KXH200WS-26AUG21,"If the value of NVIDIA H200 compute per hour is above $4.5 on Aug 21, 2026 at 4 PM ET, then the market resolves to Yes."
KXH200WS,Weekly H200,KXH200WS-26AUG21-4.000,Will the NVIDIA H200 compute per hour price be above $4 at 4 PM ET on Aug 21?,finalized,0.0000,1.0000,0.9900,0.9900,4705.61,0.00,2676.04,0.0000,4.0,2026-07-17T20:40:00Z,2026-08-21T20:00:00Z,2026-07-17T20:30:24.338772Z,2026-08-24T16:09:25.331703Z,KXH200WS-26AUG21,"If the value of NVIDIA H200 compute per hour is above $4 on Aug 21, 2026 at 4 PM ET, then the market resolves to Yes."
KXH200WS,Weekly H200,KXH200WS-26AUG21-3.500,Will the NVIDIA H200 compute per hour price be above $3.5 at 4 PM ET on Aug 21?,finalized,0.0000,1.0000,0.9900,0.9900,3450.91,0.00,2177.91,0.0000,3.5,2026-07-17T20:40:00Z,2026-08-21T20:00:00Z,2026-07-17T20:30:24.338772Z,2026-08-24T16:09:25.22872Z,KXH200WS-26AUG21,"If the value of NVIDIA H200 compute per hour is above $3.5 on Aug 21, 2026 at 4 PM ET, then the market resolves to Yes."
KXH200WS,Weekly H200,KXH200WS-26AUG21-3.000,Will the NVIDIA H200 compute per hour price be above $3 at 4 PM ET on Aug 21?,finalized,0.0000,1.0000,0.9900,0.9900,2820.00,0.00,2003.00,0.0000,3.0,2026-07-17T20:40:00Z,2026-08-21T20:00:00Z,2026-07-17T20:30:24.338772Z,2026-08-24T16:09:25.142671Z,KXH200WS-26AUG21,"If the value of NVIDIA H200 compute per hour is above $3 on Aug 21, 2026 at 4 PM ET, then the market resolves to Yes."
KXH200WS,Weekly H200,KXH200WS-26AUG21-2.500,Will the NVIDIA H200 compute per hour price be above $2.5 at 4 PM ET on Aug 21?,finalized,0.0000,1.0000,0.9900,0.9900,2260.00,0.00,1538.00,0.0000,2.5,2026-07-17T20:40:00Z,2026-08-21T20:00:00Z,2026-07-17T20:30:24.338772Z,2026-08-24T16:09:25.057006Z,KXH200WS-26AUG21,"If the value of NVIDIA H200 compute per hour is above $2.5 on Aug 21, 2026 at 4 PM ET, then the market resolves to Yes."
KXH200WS,Weekly H200,KXH200WS-26AUG21-2.000,Will the NVIDIA H200 compute per hour price be above $2 at 4 PM ET on Aug 21?,finalized,0.0000,1.0000,0.9900,0.9900,1659.00,0.00,1251.00,0.0000,2.0,2026-07-17T20:40:00Z,2026-08-21T20:00:00Z,2026-07-17T20:30:24.338772Z,2026-08-24T16:09:24.964217Z,KXH200WS-26AUG21,"If the value of NVIDIA H200 compute per hour is above $2 on Aug 21, 2026 at 4 PM ET, then the market resolves to Yes."
KXH200WS,Weekly H200,KXH200WS-26AUG21-1.500,Will the NVIDIA H200 compute per hour price be above $1.5 at 4 PM ET on Aug 21?,finalized,0.0000,1.0000,0.9900,0.9900,1389.00,0.00,1352.00,0.0000,1.5,2026-07-17T20:40:00Z,2026-08-21T20:00:00Z,2026-07-17T20:30:24.338772Z,2026-08-24T16:09:24.877955Z,KXH200WS-26AUG21,"If the value of NVIDIA H200 compute per hour is above $1.5 on Aug 21, 2026 at 4 PM ET, then the market resolves to Yes."
KXH200WS,Weekly H200,KXH200WS-26AUG14-6.500,Will the NVIDIA H200 compute per hour price be above $6.5 at 4 PM ET on Aug 14?,finalized,0.0000,1.0000,0.0100,0.0100,3825.54,0.00,2277.54,0.0000,6.5,2026-07-17T20:40:00Z,2026-08-14T20:00:00Z,2026-07-17T20:30:23.761185Z,2026-08-14T21:52:12.398644Z,KXH200WS-26AUG14,"If the value of NVIDIA H200 compute per hour is above $6.5 on Aug 14, 2026 at 4 PM ET, then the market resolves to Yes."
KXH200WS,Weekly H200,KXH200WS-26AUG14-6.000,Will the NVIDIA H200 compute per hour price be above $6 at 4 PM ET on Aug 14?,finalized,0.0000,1.0000,0.0100,0.0100,6582.35,0.00,3573.63,0.0000,6.0,2026-07-17T20:40:00Z,2026-08-14T20:00:00Z,2026-07-17T20:30:23.761185Z,2026-08-14T21:52:12.398644Z,KXH200WS-26AUG14,"If the value of NVIDIA H200 compute per hour is above $6 on Aug 14, 2026 at 4 PM ET, then the market resolves to Yes."
KXH200WS,Weekly H200,KXH200WS-26AUG14-5.500,Will the NVIDIA H200 compute per hour price be above $5.5 at 4 PM ET on Aug 14?,finalized,0.0000,1.0000,0.0100,0.0100,9146.83,0.00,3424.61,0.0000,5.5,2026-07-17T20:40:00Z,2026-08-14T20:00:00Z,2026-07-17T20:30:23.761185Z,2026-08-14T21:52:12.398644Z,KXH200WS-26AUG14,"If the value of NVIDIA H200 compute per hour is above $5.5 on Aug 14, 2026 at 4 PM ET, then the market resolves to Yes."
KXH200WS,Weekly H200,KXH200WS-26AUG14-5.000,Will the NVIDIA H200 compute per hour price be above $5 at 4 PM ET on Aug 14?,finalized,0.0000,1.0000,0.0300,0.0300,8246.01,0.00,3097.35,0.0000,5.0,2026-07-17T20:40:00Z,2026-08-14T20:00:00Z,2026-07-17T20:30:23.761185Z,2026-08-14T21:52:12.398644Z,KXH200WS-26AUG14,"If the value of NVIDIA H200 compute per hour is above $5 on Aug 14, 2026 at 4 PM ET, then the market resolves to Yes."
KXH200WS,Weekly H200,KXH200WS-26AUG14-4.500,Will the NVIDIA H200 compute per hour price be above $4.5 at 4 PM ET on Aug 14?,finalized,0.0000,1.0000,0.9900,0.9900,11920.72,0.00,5305.78,0.0000,4.5,2026-07-17T20:40:00Z,2026-08-14T20:00:00Z,2026-07-17T20:30:23.761185Z,2026-08-14T21:52:12.398644Z,KXH200WS-26AUG14,"If the value of NVIDIA H200 compute per hour is above $4.5 on Aug 14, 2026 at 4 PM ET, then the market resolves to Yes."
KXH200WS,Weekly H200,KXH200WS-26AUG14-4.000,Will the NVIDIA H200 compute per hour price be above $4 at 4 PM ET on Aug 14?,finalized,0.0000,1.0000,0.9900,0.9900,5056.77,0.00,3252.92,0.0000,4.0,2026-07-17T20:40:00Z,2026-08-14T20:00:00Z,2026-07-17T20:30:23.761185Z,2026-08-14T21:52:12.398644Z,KXH200WS-26AUG14,"If the value of NVIDIA H200 compute per hour is above $4 on Aug 14, 2026 at 4 PM ET, then the market resolves to Yes."
KXH200WS,Weekly H200,KXH200WS-26AUG14-3.500,Will the NVIDIA H200 compute per hour price be above $3.5 at 4 PM ET on Aug 14?,finalized,0.0000,1.0000,0.9900,0.9900,3676.09,0.00,2417.01,0.0000,3.5,2026-07-17T20:40:00Z,2026-08-14T20:00:00Z,2026-07-17T20:30:23.761185Z,2026-08-14T21:52:12.398644Z,KXH200WS-26AUG14,"If the value of NVIDIA H200 compute per hour is above $3.5 on Aug 14, 2026 at 4 PM ET, then the market resolves to Yes."
KXH200WS,Weekly H200,KXH200WS-26AUG14-3.000,Will the NVIDIA H200 compute per hour price be above $3 at 4 PM ET on Aug 14?,finalized,0.0000,1.0000,0.9900,0.9900,5988.11,0.00,4396.60,0.0000,3.0,2026-07-17T20:40:00Z,2026-08-14T20:00:00Z,2026-07-17T20:30:23.761185Z,2026-08-14T21:52:12.398644Z,KXH200WS-26AUG14,"If the value of NVIDIA H200 compute per hour is above $3 on Aug 14, 2026 at 4 PM ET, then the market resolves to Yes."
KXH200WS,Weekly H200,KXH200WS-26AUG14-2.500,Will the NVIDIA H200 compute per hour price be above $2.5 at 4 PM ET on Aug 14?,finalized,0.0000,1.0000,0.9900,0.9900,3494.10,0.00,2942.10,0.0000,2.5,2026-07-17T20:40:00Z,2026-08-14T20:00:00Z,2026-07-17T20:30:23.761185Z,2026-08-14T21:52:12.398644Z,KXH200WS-26AUG14,"If the value of NVIDIA H200 compute per hour is above $2.5 on Aug 14, 2026 at 4 PM ET, then the market resolves to Yes."
KXH200WS,Weekly H200,KXH200WS-26AUG14-2.000,Will the NVIDIA H200 compute per hour price be above $2 at 4 PM ET on Aug 14?,finalized,0.0000,1.0000,0.9900,0.9900,6122.88,0.00,3920.88,0.0000,2.0,2026-07-17T20:40:00Z,2026-08-14T20:00:00Z,2026-07-17T20:30:23.761185Z,2026-08-14T21:52:12.398644Z,KXH200WS-26AUG14,"If the value of NVIDIA H200 compute per hour is above $2 on Aug 14, 2026 at 4 PM ET, then the market resolves to Yes."
KXH200WS,Weekly H200,KXH200WS-26AUG14-1.500,Will the NVIDIA H200 compute per hour price be above $1.5 at 4 PM ET on Aug 14?,finalized,0.0000,1.0000,0.9900,0.9900,3638.00,0.00,3386.00,0.0000,1.5,2026-07-17T20:40:00Z,2026-08-14T20:00:00Z,2026-07-17T20:30:23.761185Z,2026-08-14T21:52:12.398644Z,KXH200WS-26AUG14,"If the value of NVIDIA H200 compute per hour is above $1.5 on Aug 14, 2026 at 4 PM ET, then the market resolves to Yes."
KXH200WS,Weekly H200,KXH200WS-26AUG07-6.500,Will the NVIDIA H200 compute per hour price be above $6.5 at 4 PM ET on Aug 07?,finalized,0.0000,1.0000,0.0300,0.0300,3629.61,0.00,2400.00,0.0000,6.5,2026-06-29T19:11:00Z,2026-08-07T20:00:00Z,2026-06-29T19:01:30.300778Z,2026-08-07T21:04:45.471481Z,KXH200WS-26AUG07,"If the value of NVIDIA H200 compute per hour is above $6.5 on Aug 07, 2026 at 4 PM ET, then the market resolves to Yes."
KXH200WS,Weekly H200,KXH200WS-26AUG07-6.000,Will the NVIDIA H200 compute per hour price be above $6 at 4 PM ET on Aug 07?,finalized,0.0000,1.0000,0.0100,0.0100,4740.92,0.00,2328.40,0.0000,6.0,2026-06-29T19:11:00Z,2026-08-07T20:00:00Z,2026-06-29T19:01:30.300778Z,2026-08-07T21:04:45.471481Z,KXH200WS-26AUG07,"If the value of NVIDIA H200 compute per hour is above $6 on Aug 07, 2026 at 4 PM ET, then the market resolves to Yes."
KXH200WS,Weekly H200,KXH200WS-26AUG07-5.500,Will the NVIDIA H200 compute per hour price be above $5.5 at 4 PM ET on Aug 07?,finalized,0.0000,1.0000,0.0500,0.0500,10203.40,0.00,3324.47,0.0000,5.5,2026-06-29T19:11:00Z,2026-08-07T20:00:00Z,2026-06-29T19:01:30.300778Z,2026-08-07T21:04:45.471481Z,KXH200WS-26AUG07,"If the value of NVIDIA H200 compute per hour is above $5.5 on Aug 07, 2026 at 4 PM ET, then the market resolves to Yes."
KXH200WS,Weekly H200,KXH200WS-26AUG07-5.000,Will the NVIDIA H200 compute per hour price be above $5 at 4 PM ET on Aug 07?,finalized,0.0000,1.0000,0.0200,0.0200,18024.40,0.00,6508.03,0.0000,5.0,2026-06-29T19:11:00Z,2026-08-07T20:00:00Z,2026-06-29T19:01:30.300778Z,2026-08-07T21:04:45.471481Z,KXH200WS-26AUG07,"If the value of NVIDIA H200 compute per hour is above $5 on Aug 07, 2026 at 4 PM ET, then the market resolves to Yes."
KXH200WS,Weekly H200,KXH200WS-26AUG07-4.500,Will the NVIDIA H200 compute per hour price be above $4.5 at 4 PM ET on Aug 07?,finalized,0.0000,1.0000,0.9900,0.9900,14881.63,0.00,6407.58,0.0000,4.5,2026-06-29T19:11:00Z,2026-08-07T20:00:00Z,2026-06-29T19:01:30.300778Z,2026-08-07T21:04:45.471481Z,KXH200WS-26AUG07,"If the value of NVIDIA H200 compute per hour is above $4.5 on Aug 07, 2026 at 4 PM ET, then the market resolves to Yes."
KXH200WS,Weekly H200,KXH200WS-26AUG07-4.000,Will the NVIDIA H200 compute per hour price be above $4 at 4 PM ET on Aug 07?,finalized,0.0000,1.0000,0.9900,0.9900,12757.12,0.00,5721.24,0.0000,4.0,2026-06-29T19:11:00Z,2026-08-07T20:00:00Z,2026-06-29T19:01:30.300778Z,2026-08-07T21:04:45.471481Z,KXH200WS-26AUG07,"If the value of NVIDIA H200 compute per hour is above $4 on Aug 07, 2026 at 4 PM ET, then the market resolves to Yes."
KXH200WS,Weekly H200,KXH200WS-26AUG07-3.500,Will the NVIDIA H200 compute per hour price be above $3.5 at 4 PM ET on Aug 07?,finalized,0.0000,1.0000,0.9900,0.9900,27825.34,0.00,7620.58,0.0000,3.5,2026-06-29T19:11:00Z,2026-08-07T20:00:00Z,2026-06-29T19:01:30.300778Z,2026-08-07T21:04:45.471481Z,KXH200WS-26AUG07,"If the value of NVIDIA H200 compute per hour is above $3.5 on Aug 07, 2026 at 4 PM ET, then the market resolves to Yes."
KXH200WS,Weekly H200,KXH200WS-26AUG07-3.000,Will the NVIDIA H200 compute per hour price be above $3 at 4 PM ET on Aug 07?,finalized,0.0000,1.0000,0.9900,0.9900,2553.41,0.00,1940.47,0.0000,3.0,2026-06-29T19:11:00Z,2026-08-07T20:00:00Z,2026-06-29T19:01:30.300778Z,2026-08-07T21:04:45.471481Z,KXH200WS-26AUG07,"If the value of NVIDIA H200 compute per hour is above $3 on Aug 07, 2026 at 4 PM ET, then the market resolves to Yes."
KXH200WS,Weekly H200,KXH200WS-26AUG07-2.500,Will the NVIDIA H200 compute per hour price be above $2.5 at 4 PM ET on Aug 07?,finalized,0.0000,1.0000,0.9900,0.9900,3347.22,0.00,1808.22,0.0000,2.5,2026-06-29T19:11:00Z,2026-08-07T20:00:00Z,2026-06-29T19:01:30.300778Z,2026-08-07T21:04:45.471481Z,KXH200WS-26AUG07,"If the value of NVIDIA H200 compute per hour is above $2.5 on Aug 07, 2026 at 4 PM ET, then the market resolves to Yes."
KXH200WS,Weekly H200,KXH200WS-26JUL31-6.500,Will the NVIDIA H200 compute per hour price be above $6.5 at 4 PM ET on Jul 31?,finalized,0.0000,1.0000,0.0200,0.0200,4430.42,0.00,1218.98,0.0000,6.5,2026-06-23T21:29:00Z,2026-07-31T20:00:00Z,2026-06-23T21:19:38.456343Z,2026-07-31T21:20:00.973851Z,KXH200WS-26JUL31,"If the value of NVIDIA H200 compute per hour is above $6.5 on Jul 31, 2026 at 4 PM ET, then the market resolves to Yes."
KXH200WS,Weekly H200,KXH200WS-26JUL31-6.000,Will the NVIDIA H200 compute per hour price be above $6 at 4 PM ET on Jul 31?,finalized,0.0000,1.0000,0.0200,0.0200,3567.72,0.00,1682.84,0.0000,6.0,2026-06-23T21:29:00Z,2026-07-31T20:00:00Z,2026-06-23T21:19:38.456343Z,2026-07-31T21:20:00.973851Z,KXH200WS-26JUL31,"If the value of NVIDIA H200 compute per hour is above $6 on Jul 31, 2026 at 4 PM ET, then the market resolves to Yes."
KXH200WS,Weekly H200,KXH200WS-26JUL31-5.500,Will the NVIDIA H200 compute per hour price be above $5.5 at 4 PM ET on Jul 31?,finalized,0.0000,1.0000,0.9800,0.9800,6808.42,0.00,2415.98,0.0000,5.5,2026-06-23T21:29:00Z,2026-07-31T20:00:00Z,2026-06-23T21:19:38.456343Z,2026-07-31T21:20:00.973851Z,KXH200WS-26JUL31,"If the value of NVIDIA H200 compute per hour is above $5.5 on Jul 31, 2026 at 4 PM ET, then the market resolves to Yes."
KXH200WS,Weekly H200,KXH200WS-26JUL31-5.000,Will the NVIDIA H200 compute per hour price be above $5 at 4 PM ET on Jul 31?,finalized,0.0000,1.0000,0.9900,0.9900,10276.24,0.00,2924.75,0.0000,5.0,2026-06-23T21:29:00Z,2026-07-31T20:00:00Z,2026-06-23T21:19:38.456343Z,2026-07-31T21:20:00.973851Z,KXH200WS-26JUL31,"If the value of NVIDIA H200 compute per hour is above $5 on Jul 31, 2026 at 4 PM ET, then the market resolves to Yes."
KXH200WS,Weekly H200,KXH200WS-26JUL31-4.500,Will the NVIDIA H200 compute per hour price be above $4.5 at 4 PM ET on Jul 31?,finalized,0.0000,1.0000,0.9900,0.9900,5435.06,0.00,2247.19,0.0000,4.5,2026-06-23T21:29:00Z,2026-07-31T20:00:00Z,2026-06-23T21:19:38.456343Z,2026-07-31T21:20:00.973851Z,KXH200WS-26JUL31,"If the value of NVIDIA H200 compute per hour is above $4.5 on Jul 31, 2026 at 4 PM ET, then the market resolves to Yes."
KXH200WS,Weekly H200,KXH200WS-26JUL31-4.000,Will the NVIDIA H200 compute per hour price be above $4 at 4 PM ET on Jul 31?,finalized,0.0000,1.0000,0.9900,0.9900,8144.82,0.00,3049.16,0.0000,4.0,2026-06-23T21:29:00Z,2026-07-31T20:00:00Z,2026-06-23T21:19:38.456343Z,2026-07-31T21:20:00.973851Z,KXH200WS-26JUL31,"If the value of NVIDIA H200 compute per hour is above $4 on Jul 31, 2026 at 4 PM ET, then the market resolves to Yes."
KXH200WS,Weekly H200,KXH200WS-26JUL31-3.500,Will the NVIDIA H200 compute per hour price be above $3.5 at 4 PM ET on Jul 31?,finalized,0.0000,1.0000,0.9900,0.9900,3950.84,0.00,3192.33,0.0000,3.5,2026-06-23T21:29:00Z,2026-07-31T20:00:00Z,2026-06-23T21:19:38.456343Z,2026-07-31T21:20:00.973851Z,KXH200WS-26JUL31,"If the value of NVIDIA H200 compute per hour is above $3.5 on Jul 31, 2026 at 4 PM ET, then the market resolves to Yes."
KXH200WS,Weekly H200,KXH200WS-26JUL31-3.000,Will the NVIDIA H200 compute per hour price be above $3 at 4 PM ET on Jul 31?,finalized,0.0000,1.0000,0.9900,0.9900,4380.06,0.00,3421.51,0.0000,3.0,2026-06-23T21:29:00Z,2026-07-31T20:00:00Z,2026-06-23T21:19:38.456343Z,2026-07-31T21:20:00.973851Z,KXH200WS-26JUL31,"If the value of NVIDIA H200 compute per hour is above $3 on Jul 31, 2026 at 4 PM ET, then the market resolves to Yes."
KXH200WS,Weekly H200,KXH200WS-26JUL31-2.500,Will the NVIDIA H200 compute per hour price be above $2.5 at 4 PM ET on Jul 31?,finalized,0.0000,1.0000,0.9900,0.9900,1662.02,0.00,1157.01,0.0000,2.5,2026-06-23T21:29:00Z,2026-07-31T20:00:00Z,2026-06-23T21:19:38.456343Z,2026-07-31T21:20:00.973851Z,KXH200WS-26JUL31,"If the value of NVIDIA H200 compute per hour is above $2.5 on Jul 31, 2026 at 4 PM ET, then the market resolves to Yes."
KXH200WS,Weekly H200,KXH200WS-26JUL24-6.500,Will the NVIDIA H200 compute per hour price be above $6.5 at 4 PM ET on Jul 24?,finalized,0.0000,1.0000,0.0100,0.0100,3199.74,0.00,2530.94,0.0000,6.5,2026-06-12T23:08:00Z,2026-07-24T20:00:00Z,2026-06-12T22:58:45.300187Z,2026-07-24T20:54:36.061234Z,KXH200WS-26JUL24,"If the value of NVIDIA H200 compute per hour is above $6.5 on Jul 24, 2026 at 4 PM ET, then the market resolves to Yes."
KXH200WS,Weekly H200,KXH200WS-26JUL24-6.000,Will the NVIDIA H200 compute per hour price be above $6 at 4 PM ET on Jul 24?,finalized,0.0000,1.0000,0.0100,0.0100,3776.01,0.00,2981.00,0.0000,6.0,2026-06-12T23:08:00Z,2026-07-24T20:00:00Z,2026-06-12T22:58:45.300187Z,2026-07-24T20:54:36.061234Z,KXH200WS-26JUL24,"If the value of NVIDIA H200 compute per hour is above $6 on Jul 24, 2026 at 4 PM ET, then the market resolves to Yes."
KXH200WS,Weekly H200,KXH200WS-26JUL24-5.500,Will the NVIDIA H200 compute per hour price be above $5.5 at 4 PM ET on Jul 24?,finalized,0.0000,1.0000,0.0100,0.0100,2813.05,0.00,1379.25,0.0000,5.5,2026-06-12T23:08:00Z,2026-07-24T20:00:00Z,2026-06-12T22:58:45.300187Z,2026-07-24T20:54:36.061234Z,KXH200WS-26JUL24,"If the value of NVIDIA H200 compute per hour is above $5.5 on Jul 24, 2026 at 4 PM ET, then the market resolves to Yes."
KXH200WS,Weekly H200,KXH200WS-26JUL24-5.000,Will the NVIDIA H200 compute per hour price be above $5 at 4 PM ET on Jul 24?,finalized,0.0000,1.0000,0.0700,0.0700,4873.76,0.00,2192.65,0.0000,5.0,2026-06-12T23:08:00Z,2026-07-24T20:00:00Z,2026-06-12T22:58:45.300187Z,2026-07-24T20:54:36.061234Z,KXH200WS-26JUL24,"If the value of NVIDIA H200 compute per hour is above $5 on Jul 24, 2026 at 4 PM ET, then the market resolves to Yes."
KXH200WS,Weekly H200,KXH200WS-26JUL24-4.500,Will the NVIDIA H200 compute per hour price be above $4.5 at 4 PM ET on Jul 24?,finalized,0.0000,1.0000,0.9900,0.9900,6318.99,0.00,2142.18,0.0000,4.5,2026-06-12T23:08:00Z,2026-07-24T20:00:00Z,2026-06-12T22:58:45.300187Z,2026-07-24T20:54:36.061234Z,KXH200WS-26JUL24,"If the value of NVIDIA H200 compute per hour is above $4.5 on Jul 24, 2026 at 4 PM ET, then the market resolves to Yes."
KXH200WS,Weekly H200,KXH200WS-26JUL24-4.000,Will the NVIDIA H200 compute per hour price be above $4 at 4 PM ET on Jul 24?,finalized,0.0000,1.0000,0.9900,0.9900,5060.32,0.00,2240.00,0.0000,4.0,2026-06-12T23:08:00Z,2026-07-24T20:00:00Z,2026-06-12T22:58:45.300187Z,2026-07-24T20:54:36.061234Z,KXH200WS-26JUL24,"If the value of NVIDIA H200 compute per hour is above $4 on Jul 24, 2026 at 4 PM ET, then the market resolves to Yes."
KXH200WS,Weekly H200,KXH200WS-26JUL24-3.500,Will the NVIDIA H200 compute per hour price be above $3.5 at 4 PM ET on Jul 24?,finalized,0.0000,1.0000,0.9900,0.9900,4436.04,0.00,2768.45,0.0000,3.5,2026-06-12T23:08:00Z,2026-07-24T20:00:00Z,2026-06-12T22:58:45.300187Z,2026-07-24T20:54:36.061234Z,KXH200WS-26JUL24,"If the value of NVIDIA H200 compute per hour is above $3.5 on Jul 24, 2026 at 4 PM ET, then the market resolves to Yes."
KXH200WS,Weekly H200,KXH200WS-26JUL24-3.000,Will the NVIDIA H200 compute per hour price be above $3 at 4 PM ET on Jul 24?,finalized,0.0000,1.0000,0.9900,0.9900,3272.37,0.00,2339.21,0.0000,3.0,2026-06-12T23:08:00Z,2026-07-24T20:00:00Z,2026-06-12T22:58:45.300187Z,2026-07-24T20:54:36.061234Z,KXH200WS-26JUL24,"If the value of NVIDIA H200 compute per hour is above $3 on Jul 24, 2026 at 4 PM ET, then the market resolves to Yes."
KXH200WS,Weekly H200,KXH200WS-26JUL24-2.500,Will the NVIDIA H200 compute per hour price be above $2.5 at 4 PM ET on Jul 24?,finalized,0.0000,1.0000,0.9900,0.9900,1689.08,0.00,1525.30,0.0000,2.5,2026-06-12T23:08:00Z,2026-07-24T20:00:00Z,2026-06-12T22:58:45.300187Z,2026-07-24T20:54:36.061234Z,KXH200WS-26JUL24,"If the value of NVIDIA H200 compute per hour is above $2.5 on Jul 24, 2026 at 4 PM ET, then the market resolves to Yes."
KXH200WS,Weekly H200,KXH200WS-26JUL17-6.500,Will the NVIDIA H200 compute per hour price be above $6.5 at 4 PM ET on Jul 17?,finalized,0.0000,1.0000,0.0100,0.0100,930.05,0.00,894.05,0.0000,6.5,2026-06-12T23:08:00Z,2026-07-17T20:00:00Z,2026-06-12T22:58:44.605084Z,2026-07-20T13:49:57.564762Z,KXH200WS-26JUL17,"If the value of NVIDIA H200 compute per hour is above $6.5 on Jul 17, 2026 at 4 PM ET, then the market resolves to Yes."
KXH200WS,Weekly H200,KXH200WS-26JUL17-6.000,Will the NVIDIA H200 compute per hour price be above $6 at 4 PM ET on Jul 17?,finalized,0.0000,1.0000,0.0100,0.0100,951.04,0.00,304.03,0.0000,6.0,2026-06-12T23:08:00Z,2026-07-17T20:00:00Z,2026-06-12T22:58:44.605084Z,2026-07-20T13:49:57.235939Z,KXH200WS-26JUL17,"If the value of NVIDIA H200 compute per hour is above $6 on Jul 17, 2026 at 4 PM ET, then the market resolves to Yes."
KXH200WS,Weekly H200,KXH200WS-26JUL17-5.500,Will the NVIDIA H200 compute per hour price be above $5.5 at 4 PM ET on Jul 17?,finalized,0.0000,1.0000,0.0100,0.0100,1913.30,0.00,415.88,0.0000,5.5,2026-06-12T23:08:00Z,2026-07-17T20:00:00Z,2026-06-12T22:58:44.605084Z,2026-07-20T13:49:57.138471Z,KXH200WS-26JUL17,"If the value of NVIDIA H200 compute per hour is above $5.5 on Jul 17, 2026 at 4 PM ET, then the market resolves to Yes."
KXH200WS,Weekly H200,KXH200WS-26JUL17-5.000,Will the NVIDIA H200 compute per hour price be above $5 at 4 PM ET on Jul 17?,finalized,0.0000,1.0000,0.0200,0.0200,2956.99,0.00,1686.37,0.0000,5.0,2026-06-12T23:08:00Z,2026-07-17T20:00:00Z,2026-06-12T22:58:44.605084Z,2026-07-20T13:49:56.957882Z,KXH200WS-26JUL17,"If the value of NVIDIA H200 compute per hour is above $5 on Jul 17, 2026 at 4 PM ET, then the market resolves to Yes."
KXH200WS,Weekly H200,KXH200WS-26JUL17-4.500,Will the NVIDIA H200 compute per hour price be above $4.5 at 4 PM ET on Jul 17?,finalized,0.0000,1.0000,0.9000,0.9000,4118.93,0.00,1561.28,0.0000,4.5,2026-06-12T23:08:00Z,2026-07-17T20:00:00Z,2026-06-12T22:58:44.605084Z,2026-07-20T13:49:56.862065Z,KXH200WS-26JUL17,"If the value of NVIDIA H200 compute per hour is above $4.5 on Jul 17, 2026 at 4 PM ET, then the market resolves to Yes."
KXH200WS,Weekly H200,KXH200WS-26JUL17-4.000,Will the NVIDIA H200 compute per hour price be above $4 at 4 PM ET on Jul 17?,finalized,0.0000,1.0000,0.9900,0.9900,5824.49,0.00,2766.86,0.0000,4.0,2026-06-12T23:08:00Z,2026-07-17T20:00:00Z,2026-06-12T22:58:44.605084Z,2026-07-20T13:49:56.742971Z,KXH200WS-26JUL17,"If the value of NVIDIA H200 compute per hour is above $4 on Jul 17, 2026 at 4 PM ET, then the market resolves to Yes."
KXH200WS,Weekly H200,KXH200WS-26JUL17-3.500,Will the NVIDIA H200 compute per hour price be above $3.5 at 4 PM ET on Jul 17?,finalized,0.0000,1.0000,0.9900,0.9900,3983.20,0.00,2582.14,0.0000,3.5,2026-06-12T23:08:00Z,2026-07-17T20:00:00Z,2026-06-12T22:58:44.605084Z,2026-07-20T13:49:56.641731Z,KXH200WS-26JUL17,"If the value of NVIDIA H200 compute per hour is above $3.5 on Jul 17, 2026 at 4 PM ET, then the market resolves to Yes."
KXH200WS,Weekly H200,KXH200WS-26JUL17-3.000,Will the NVIDIA H200 compute per hour price be above $3 at 4 PM ET on Jul 17?,finalized,0.0000,1.0000,0.9900,0.9900,3204.37,0.00,2866.00,0.0000,3.0,2026-06-12T23:08:00Z,2026-07-17T20:00:00Z,2026-06-12T22:58:44.605084Z,2026-07-20T13:49:56.538796Z,KXH200WS-26JUL17,"If the value of NVIDIA H200 compute per hour is above $3 on Jul 17, 2026 at 4 PM ET, then the market resolves to Yes."
KXH200WS,Weekly H200,KXH200WS-26JUL17-2.500,Will the NVIDIA H200 compute per hour price be above $2.5 at 4 PM ET on Jul 17?,finalized,0.0000,1.0000,0.9900,0.9900,4029.03,0.00,1937.03,0.0000,2.5,2026-06-12T23:08:00Z,2026-07-17T20:00:00Z,2026-06-12T22:58:44.605084Z,2026-07-20T13:49:56.447018Z,KXH200WS-26JUL17,"If the value of NVIDIA H200 compute per hour is above $2.5 on Jul 17, 2026 at 4 PM ET, then the market resolves to Yes."
KXH200WS,Weekly H200,KXH200WS-26JUL10-6.500,Will the NVIDIA H200 compute per hour price be above $6.5 at 4 PM ET on Jul 10?,finalized,0.0000,1.0000,0.0100,0.0100,1930.01,0.00,1470.00,0.0000,6.5,2026-06-12T23:08:00Z,2026-07-10T20:00:00Z,2026-06-12T22:58:43.952647Z,2026-07-10T21:17:49.550648Z,KXH200WS-26JUL10,"If the value of NVIDIA H200 compute per hour is above $6.5 on Jul 10, 2026 at 4 PM ET, then the market resolves to Yes."
KXH200WS,Weekly H200,KXH200WS-26JUL10-6.000,Will the NVIDIA H200 compute per hour price be above $6 at 4 PM ET on Jul 10?,finalized,0.0000,1.0000,0.0100,0.0100,5053.54,0.00,1444.00,0.0000,6.0,2026-06-12T23:08:00Z,2026-07-10T20:00:00Z,2026-06-12T22:58:43.952647Z,2026-07-10T21:17:49.550648Z,KXH200WS-26JUL10,"If the value of NVIDIA H200 compute per hour is above $6 on Jul 10, 2026 at 4 PM ET, then the market resolves to Yes."
KXH200WS,Weekly H200,KXH200WS-26JUL10-5.500,Will the NVIDIA H200 compute per hour price be above $5.5 at 4 PM ET on Jul 10?,finalized,0.0000,1.0000,0.0100,0.0100,2210.37,0.00,1719.86,0.0000,5.5,2026-06-12T23:08:00Z,2026-07-10T20:00:00Z,2026-06-12T22:58:43.952647Z,2026-07-10T21:17:49.550648Z,KXH200WS-26JUL10,"If the value of NVIDIA H200 compute per hour is above $5.5 on Jul 10, 2026 at 4 PM ET, then the market resolves to Yes."
KXH200WS,Weekly H200,KXH200WS-26JUL10-5.000,Will the NVIDIA H200 compute per hour price be above $5 at 4 PM ET on Jul 10?,finalized,0.0000,1.0000,0.0200,0.0200,994.01,0.00,385.01,0.0000,5.0,2026-06-12T23:08:00Z,2026-07-10T20:00:00Z,2026-06-12T22:58:43.952647Z,2026-07-10T21:17:49.550648Z,KXH200WS-26JUL10,"If the value of NVIDIA H200 compute per hour is above $5 on Jul 10, 2026 at 4 PM ET, then the market resolves to Yes."
KXH200WS,Weekly H200,KXH200WS-26JUL10-4.500,Will the NVIDIA H200 compute per hour price be above $4.5 at 4 PM ET on Jul 10?,finalized,0.0000,1.0000,0.0600,0.0600,1842.31,0.00,995.39,0.0000,4.5,2026-06-12T23:08:00Z,2026-07-10T20:00:00Z,2026-06-12T22:58:43.952647Z,2026-07-10T21:17:49.550648Z,KXH200WS-26JUL10,"If the value of NVIDIA H200 compute per hour is above $4.5 on Jul 10, 2026 at 4 PM ET, then the market resolves to Yes."
KXH200WS,Weekly H200,KXH200WS-26JUL10-4.000,Will the NVIDIA H200 compute per hour price be above $4 at 4 PM ET on Jul 10?,finalized,0.0000,1.0000,0.9400,0.9400,12228.63,0.00,2804.41,0.0000,4.0,2026-06-12T23:08:00Z,2026-07-10T20:00:00Z,2026-06-12T22:58:43.952647Z,2026-07-10T21:17:49.550648Z,KXH200WS-26JUL10,"If the value of NVIDIA H200 compute per hour is above $4 on Jul 10, 2026 at 4 PM ET, then the market resolves to Yes."
KXH200WS,Weekly H200,KXH200WS-26JUL10-3.500,Will the NVIDIA H200 compute per hour price be above $3.5 at 4 PM ET on Jul 10?,finalized,0.0000,1.0000,0.9900,0.9900,1901.54,0.00,951.62,0.0000,3.5,2026-06-12T23:08:00Z,2026-07-10T20:00:00Z,2026-06-12T22:58:43.952647Z,2026-07-10T21:17:49.550648Z,KXH200WS-26JUL10,"If the value of NVIDIA H200 compute per hour is above $3.5 on Jul 10, 2026 at 4 PM ET, then the market resolves to Yes."
KXH200WS,Weekly H200,KXH200WS-26JUL10-3.000,Will the NVIDIA H200 compute per hour price be above $3 at 4 PM ET on Jul 10?,finalized,0.0000,1.0000,0.9900,0.9900,9145.53,0.00,5531.58,0.0000,3.0,2026-06-12T23:08:00Z,2026-07-10T20:00:00Z,2026-06-12T22:58:43.952647Z,2026-07-10T21:17:49.550648Z,KXH200WS-26JUL10,"If the value of NVIDIA H200 compute per hour is above $3 on Jul 10, 2026 at 4 PM ET, then the market resolves to Yes."
KXH200WS,Weekly H200,KXH200WS-26JUL10-2.500,Will the NVIDIA H200 compute per hour price be above $2.5 at 4 PM ET on Jul 10?,finalized,0.0000,1.0000,0.9900,0.9900,5707.44,0.00,4535.43,0.0000,2.5,2026-06-12T23:08:00Z,2026-07-10T20:00:00Z,2026-06-12T22:58:43.952647Z,2026-07-10T21:17:49.550648Z,KXH200WS-26JUL10,"If the value of NVIDIA H200 compute per hour is above $2.5 on Jul 10, 2026 at 4 PM ET, then the market resolves to Yes."
KXH200WS,Weekly H200,KXH200WS-26JUL03-6.500,Will the NVIDIA H200 compute per hour price be above $6.5 at 4 PM ET on Jul 03?,finalized,0.0000,1.0000,0.0100,0.0100,1941.22,0.00,1809.01,0.0000,6.5,2026-06-12T23:08:00Z,2026-07-03T20:00:00Z,2026-06-12T22:58:43.21647Z,2026-07-07T21:20:11.564982Z,KXH200WS-26JUL03,"If the value of NVIDIA H200 compute per hour is above $6.5 on Jul 03, 2026 at 4 PM ET, then the market resolves to Yes."
KXH200WS,Weekly H200,KXH200WS-26JUL03-6.000,Will the NVIDIA H200 compute per hour price be above $6 at 4 PM ET on Jul 03?,finalized,0.0000,1.0000,0.0100,0.0100,2334.13,0.00,1635.11,0.0000,6.0,2026-06-12T23:08:00Z,2026-07-03T20:00:00Z,2026-06-12T22:58:43.21647Z,2026-07-07T21:20:11.43925Z,KXH200WS-26JUL03,"If the value of NVIDIA H200 compute per hour is above $6 on Jul 03, 2026 at 4 PM ET, then the market resolves to Yes."
KXH200WS,Weekly H200,KXH200WS-26JUL03-5.500,Will the NVIDIA H200 compute per hour price be above $5.5 at 4 PM ET on Jul 03?,finalized,0.0000,1.0000,0.0100,0.0100,2903.80,0.00,2403.80,0.0000,5.5,2026-06-12T23:08:00Z,2026-07-03T20:00:00Z,2026-06-12T22:58:43.21647Z,2026-07-07T21:20:11.263695Z,KXH200WS-26JUL03,"If the value of NVIDIA H200 compute per hour is above $5.5 on Jul 03, 2026 at 4 PM ET, then the market resolves to Yes."
KXH200WS,Weekly H200,KXH200WS-26JUL03-5.000,Will the NVIDIA H200 compute per hour price be above $5 at 4 PM ET on Jul 03?,finalized,0.0000,1.0000,0.0100,0.0100,2178.94,0.00,1259.45,0.0000,5.0,2026-06-12T23:08:00Z,2026-07-03T20:00:00Z,2026-06-12T22:58:43.21647Z,2026-07-07T21:20:11.152144Z,KXH200WS-26JUL03,"If the value of NVIDIA H200 compute per hour is above $5 on Jul 03, 2026 at 4 PM ET, then the market resolves to Yes."
KXH200WS,Weekly H200,KXH200WS-26JUL03-4.500,Will the NVIDIA H200 compute per hour price be above $4.5 at 4 PM ET on Jul 03?,finalized,0.0000,1.0000,0.0300,0.0300,3383.27,0.00,2017.28,0.0000,4.5,2026-06-12T23:08:00Z,2026-07-03T20:00:00Z,2026-06-12T22:58:43.21647Z,2026-07-07T21:20:11.045086Z,KXH200WS-26JUL03,"If the value of NVIDIA H200 compute per hour is above $4.5 on Jul 03, 2026 at 4 PM ET, then the market resolves to Yes."
KXH200WS,Weekly H200,KXH200WS-26JUL03-4.000,Will the NVIDIA H200 compute per hour price be above $4 at 4 PM ET on Jul 03?,finalized,0.0000,1.0000,0.9600,0.9600,3103.28,0.00,1565.72,0.0000,4.0,2026-06-12T23:08:00Z,2026-07-03T20:00:00Z,2026-06-12T22:58:43.21647Z,2026-07-07T21:20:10.920871Z,KXH200WS-26JUL03,"If the value of NVIDIA H200 compute per hour is above $4 on Jul 03, 2026 at 4 PM ET, then the market resolves to Yes."
KXH200WS,Weekly H200,KXH200WS-26JUL03-3.500,Will the NVIDIA H200 compute per hour price be above $3.5 at 4 PM ET on Jul 03?,finalized,0.0000,1.0000,0.9900,0.9900,4599.39,0.00,1809.49,0.0000,3.5,2026-06-12T23:08:00Z,2026-07-03T20:00:00Z,2026-06-12T22:58:43.21647Z,2026-07-07T21:20:10.823056Z,KXH200WS-26JUL03,"If the value of NVIDIA H200 compute per hour is above $3.5 on Jul 03, 2026 at 4 PM ET, then the market resolves to Yes."
KXH200WS,Weekly H200,KXH200WS-26JUL03-3.000,Will the NVIDIA H200 compute per hour price be above $3 at 4 PM ET on Jul 03?,finalized,0.0000,1.0000,0.9900,0.9900,4127.42,0.00,3157.42,0.0000,3.0,2026-06-12T23:08:00Z,2026-07-03T20:00:00Z,2026-06-12T22:58:43.21647Z,2026-07-07T21:20:10.704227Z,KXH200WS-26JUL03,"If the value of NVIDIA H200 compute per hour is above $3 on Jul 03, 2026 at 4 PM ET, then the market resolves to Yes."
KXH200WS,Weekly H200,KXH200WS-26JUL03-2.500,Will the NVIDIA H200 compute per hour price be above $2.5 at 4 PM ET on Jul 03?,finalized,0.0000,1.0000,0.9900,0.9900,5798.60,0.00,3769.60,0.0000,2.5,2026-06-12T23:08:00Z,2026-07-03T20:00:00Z,2026-06-12T22:58:43.21647Z,2026-07-07T21:20:10.597637Z,KXH200WS-26JUL03,"If the value of NVIDIA H200 compute per hour is above $2.5 on Jul 03, 2026 at 4 PM ET, then the market resolves to Yes."
KXH200WS,Weekly H200,KXH200WS-26JUN26-6.500,Will the NVIDIA H200 compute per hour price be above $6.5 at 4 PM ET on Jun 26?,finalized,0.0000,1.0000,0.0100,0.0100,1704.00,0.00,1704.00,0.0000,6.5,2026-06-12T23:08:00Z,2026-06-26T20:00:00Z,2026-06-12T22:58:42.508614Z,2026-06-26T21:12:02.810922Z,KXH200WS-26JUN26,"If the value of NVIDIA H200 compute per hour is above $6.5 on Jun 26, 2026 at 4 PM ET, then the market resolves to Yes."
KXH200WS,Weekly H200,KXH200WS-26JUN26-6.000,Will the NVIDIA H200 compute per hour price be above $6 at 4 PM ET on Jun 26?,finalized,0.0000,1.0000,0.0100,0.0100,1104.00,0.00,1104.00,0.0000,6.0,2026-06-12T23:08:00Z,2026-06-26T20:00:00Z,2026-06-12T22:58:42.508614Z,2026-06-26T21:12:02.810922Z,KXH200WS-26JUN26,"If the value of NVIDIA H200 compute per hour is above $6 on Jun 26, 2026 at 4 PM ET, then the market resolves to Yes."
KXH200WS,Weekly H200,KXH200WS-26JUN26-5.500,Will the NVIDIA H200 compute per hour price be above $5.5 at 4 PM ET on Jun 26?,finalized,0.0000,1.0000,0.0100,0.0100,5100.00,0.00,5070.00,0.0000,5.5,2026-06-12T23:08:00Z,2026-06-26T20:00:00Z,2026-06-12T22:58:42.508614Z,2026-06-26T21:12:02.810922Z,KXH200WS-26JUN26,"If the value of NVIDIA H200 compute per hour is above $5.5 on Jun 26, 2026 at 4 PM ET, then the market resolves to Yes."
KXH200WS,Weekly H200,KXH200WS-26JUN26-5.000,Will the NVIDIA H200 compute per hour price be above $5 at 4 PM ET on Jun 26?,finalized,0.0000,1.0000,0.0100,0.0100,1164.00,0.00,1164.00,0.0000,5.0,2026-06-12T23:08:00Z,2026-06-26T20:00:00Z,2026-06-12T22:58:42.508614Z,2026-06-26T21:12:02.810922Z,KXH200WS-26JUN26,"If the value of NVIDIA H200 compute per hour is above $5 on Jun 26, 2026 at 4 PM ET, then the market resolves to Yes."
KXH200WS,Weekly H200,KXH200WS-26JUN26-4.500,Will the NVIDIA H200 compute per hour price be above $4.5 at 4 PM ET on Jun 26?,finalized,0.0000,1.0000,0.0100,0.0100,1165.00,0.00,1165.00,0.0000,4.5,2026-06-12T23:08:00Z,2026-06-26T20:00:00Z,2026-06-12T22:58:42.508614Z,2026-06-26T21:12:02.810922Z,KXH200WS-26JUN26,"If the value of NVIDIA H200 compute per hour is above $4.5 on Jun 26, 2026 at 4 PM ET, then the market resolves to Yes."
KXH200WS,Weekly H200,KXH200WS-26JUN26-4.000,Will the NVIDIA H200 compute per hour price be above $4 at 4 PM ET on Jun 26?,finalized,0.0000,1.0000,0.0100,0.0100,2814.18,0.00,2226.74,0.0000,4.0,2026-06-12T23:08:00Z,2026-06-26T20:00:00Z,2026-06-12T22:58:42.508614Z,2026-06-26T21:12:02.810922Z,KXH200WS-26JUN26,"If the value of NVIDIA H200 compute per hour is above $4 on Jun 26, 2026 at 4 PM ET, then the market resolves to Yes."
KXH200WS,Weekly H200,KXH200WS-26JUN26-3.500,Will the NVIDIA H200 compute per hour price be above $3.5 at 4 PM ET on Jun 26?,finalized,0.0000,1.0000,0.0100,0.0100,5160.32,0.00,3858.10,0.0000,3.5,2026-06-12T23:08:00Z,2026-06-26T20:00:00Z,2026-06-12T22:58:42.508614Z,2026-06-26T21:12:02.810922Z,KXH200WS-26JUN26,"If the value of NVIDIA H200 compute per hour is above $3.5 on Jun 26, 2026 at 4 PM ET, then the market resolves to Yes."
KXH200WS,Weekly H200,KXH200WS-26JUN26-3.000,Will the NVIDIA H200 compute per hour price be above $3 at 4 PM ET on Jun 26?,finalized,0.0000,1.0000,0.0600,0.0600,1325.20,0.00,545.08,0.0000,3.0,2026-06-12T23:08:00Z,2026-06-26T20:00:00Z,2026-06-12T22:58:42.508614Z,2026-06-26T21:12:02.810922Z,KXH200WS-26JUN26,"If the value of NVIDIA H200 compute per hour is above $3 on Jun 26, 2026 at 4 PM ET, then the market resolves to Yes."
KXH200WS,Weekly H200,KXH200WS-26JUN26-2.500,Will the NVIDIA H200 compute per hour price be above $2.5 at 4 PM ET on Jun 26?,finalized,0.0000,1.0000,0.9900,0.9900,171.28,0.00,171.18,0.0000,2.5,2026-06-12T23:08:00Z,2026-06-26T20:00:00Z,2026-06-12T22:58:42.508614Z,2026-06-26T21:12:02.810922Z,KXH200WS-26JUN26,"If the value of NVIDIA H200 compute per hour is above $2.5 on Jun 26, 2026 at 4 PM ET, then the market resolves to Yes."
KXH100Q,H100 Quarterly Directional Price,KXH100Q-26JUN30-3.530,Will the H100 SXM compute per hour price be above $3.53 by Jun 30?,finalized,0.0000,1.0000,0.1200,0.1200,552.06,0.00,522.06,0.0000,3.53,2026-05-27T03:59:00Z,2026-07-01T03:59:59Z,2026-05-27T03:48:10.988021Z,2026-07-06T15:20:28.053311Z,KXH100Q-26JUN30,"If the value of H100 SXM compute per hour is above $3.53 by Jun 30, 2026, then the market resolves to Yes."
KXH100Q,H100 Quarterly Directional Price,KXH100Q-26JUN30-3.430,Will the H100 SXM compute per hour price be above $3.43 by Jun 30?,finalized,0.0000,1.0000,0.0300,0.0300,742.52,0.00,650.36,0.0000,3.43,2026-05-27T03:59:00Z,2026-07-01T03:59:59Z,2026-05-27T03:48:10.988021Z,2026-07-06T15:20:27.967185Z,KXH100Q-26JUN30,"If the value of H100 SXM compute per hour is above $3.43 by Jun 30, 2026, then the market resolves to Yes."
KXH100Q,H100 Quarterly Directional Price,KXH100Q-26JUN30-3.330,Will the H100 SXM compute per hour price be above $3.33 by Jun 30?,finalized,0.0000,1.0000,0.0100,0.0100,1692.85,0.00,1447.84,0.0000,3.33,2026-05-27T03:59:00Z,2026-07-01T03:59:59Z,2026-05-27T03:48:10.988021Z,2026-07-06T15:20:27.885069Z,KXH100Q-26JUN30,"If the value of H100 SXM compute per hour is above $3.33 by Jun 30, 2026, then the market resolves to Yes."
KXH100Q,H100 Quarterly Directional Price,KXH100Q-26JUN30-3.230,Will the H100 SXM compute per hour price be above $3.23 by Jun 30?,finalized,0.0000,1.0000,0.0500,0.0500,472.00,0.00,350.00,0.0000,3.23,2026-05-27T03:59:00Z,2026-07-01T03:59:59Z,2026-05-27T03:48:10.988021Z,2026-07-06T15:20:27.794984Z,KXH100Q-26JUN30,"If the value of H100 SXM compute per hour is above $3.23 by Jun 30, 2026, then the market resolves to Yes."
KXH200W,H200 Weekly Price,KXH200W-26SEP04-4.49,H200 price up in next week?,active,0.3300,0.4300,0.3600,0.5800,3651.13,2007.08,597.13,0.0000,4.49,2026-08-28T21:00:00Z,2026-09-04T21:00:00Z,2026-08-28T20:30:28.153899Z,2026-08-28T21:00:01.700393Z,KXH200W-26SEP04,"If the value of H200 compute per hour is above 4.49 on Sep 4, 2026, then the market resolves to Yes."
KXH200W,H200 Weekly Price,KXH200W-26AUG28-5.09,H200 price up in next week?,finalized,0.0000,1.0000,0.0300,0.0300,2300.01,0.00,2200.00,0.0000,5.09,2026-08-21T21:00:00Z,2026-08-28T21:00:00Z,2026-08-21T20:30:27.889684Z,2026-08-28T21:35:31.219969Z,KXH200W-26AUG28,"If the value of H200 compute per hour is above 5.09 on Aug 28, 2026, then the market resolves to Yes."
KXH200W,H200 Weekly Price,KXH200W-26AUG21-4.86,H200 price up in next week?,finalized,0.0000,1.0000,0.9900,0.9900,3303.56,0.00,1600.00,0.0000,4.86,2026-08-14T21:00:00Z,2026-08-21T21:00:00Z,2026-08-14T20:30:26.590971Z,2026-08-21T21:35:27.282788Z,KXH200W-26AUG21,"If the value of H200 compute per hour is above 4.86 on Aug 21, 2026, then the market resolves to Yes."
KXH200W,H200 Weekly Price,KXH200W-26AUG14-4.83,H200 price up in next week?,finalized,0.0000,1.0000,0.9900,0.9900,4921.12,0.00,1338.65,0.0000,4.83,2026-08-07T21:00:00Z,2026-08-14T21:00:00Z,2026-08-07T20:30:27.366374Z,2026-08-14T21:35:32.43175Z,KXH200W-26AUG14,"If the value of H200 compute per hour is above 4.83 on Aug 14, 2026, then the market resolves to Yes."
KXH200W,H200 Weekly Price,KXH200W-26AUG07-5.62,H200 price up in next week?,finalized,0.0000,1.0000,0.0800,0.0800,983.84,0.00,459.09,0.0000,5.62,2026-07-31T21:00:00Z,2026-08-07T21:00:00Z,2026-07-31T20:31:51.355946Z,2026-08-08T14:35:35.510082Z,KXH200W-26AUG07,"If the value of H200 compute per hour is above 5.62 on Aug 7, 2026, then the market resolves to Yes."
KXH200W,H200 Weekly Price,KXH200W-26JUL31-4.55,H200 price up in next week?,finalized,0.0000,1.0000,0.9900,0.9900,3498.82,0.00,1971.37,0.0000,4.55,2026-07-24T21:00:00Z,2026-07-31T21:00:00Z,2026-07-24T20:30:25.047185Z,2026-07-31T21:35:30.919385Z,KXH200W-26JUL31,"If the value of H200 compute per hour is above 4.55 on Jul 31, 2026, then the market resolves to Yes."
KXH200W,H200 Weekly Price,KXH200W-26JUL24-4.79,H200 price up in next week?,finalized,0.0000,1.0000,0.0300,0.0300,1815.14,0.00,623.14,0.0000,4.79,2026-07-17T21:00:00Z,2026-07-24T21:00:00Z,2026-07-17T20:30:26.308403Z,2026-07-24T21:35:35.975349Z,KXH200W-26JUL24,"If the value of H200 compute per hour is above 4.79 on Jul 24, 2026, then the market resolves to Yes."
KXH200W,H200 Weekly Price,KXH200W-26JUL17-4.27,H200 price up in next week?,finalized,0.0000,1.0000,0.9900,0.9900,1236.38,0.00,547.00,0.0000,4.27,2026-07-10T21:00:00Z,2026-07-17T21:00:00Z,2026-07-10T20:30:23.996077Z,2026-07-17T21:35:32.651407Z,KXH200W-26JUL17,"If the value of H200 compute per hour is above 4.27 on Jul 17, 2026, then the market resolves to Yes."
KXH200W,H200 Weekly Price,KXH200W-26JUL10-4.06,H200 price up in next week?,finalized,0.0000,1.0000,0.9900,0.9900,1860.69,0.00,1356.25,0.0000,4.06,2026-07-03T21:00:00Z,2026-07-10T21:00:00Z,2026-07-03T20:30:27.19258Z,2026-07-10T21:35:30.330898Z,KXH200W-26JUL10,"If the value of H200 compute per hour is above 4.06 on Jul 10, 2026, then the market resolves to Yes."
KXH200W,H200 Weekly Price,KXH200W-26JUL03-3.49,H200 price up in next week?,finalized,0.0000,1.0000,0.9900,0.9900,1387.53,0.00,1313.00,0.0000,3.49,2026-06-26T21:00:00Z,2026-07-03T21:00:00Z,2026-06-26T20:30:23.547153Z,2026-07-03T21:35:24.484298Z,KXH200W-26JUL03,"If the value of H200 compute per hour is above 3.49 on Jul 3, 2026, then the market resolves to Yes."
KXH200W,H200 Weekly Price,KXH200W-26JUN26-3.5,H200 price up in next week?,finalized,0.0000,1.0000,0.0100,0.0100,865.06,0.00,809.60,0.0000,3.5,2026-06-19T21:00:00Z,2026-06-26T21:00:00Z,2026-06-19T20:30:30.591798Z,2026-06-26T21:35:23.850799Z,KXH200W-26JUN26,"If the value of H200 compute per hour is above 3.5 on Jun 26, 2026, then the market resolves to Yes."
KXH200W,H200 Weekly Price,KXH200W-26MAR27-2.6263,H200 price up in next week?,closed,0.0000,1.0000,0.0000,0.0000,0.00,0.00,0.00,0.0000,2.6263,2026-03-26T18:00:00Z,2026-03-27T21:00:00Z,2026-03-26T17:04:25.756932Z,2026-04-09T14:07:41.898616Z,KXH200W-26MAR27,"If the value of H200 compute per hour is above 2.6263 on Mar 27, 2026, then the market resolves to Yes."
KXH100MS,H100 Monthly,KXH100MS-27AUG-4.000,Will the monthly average compute price of NVIDIA's H100 be above $4.00 in August 2027?,active,0.2300,0.2400,0.2000,0.2000,410.00,0.00,410.00,0.0000,4.0,2026-08-01T14:00:00Z,2027-09-01T03:59:59Z,2026-08-01T09:00:36.33709Z,2026-08-01T14:00:01.525742Z,KXH100MS-27AUG,"If the average value of NVIDIA H100 compute per hour is above $4 in August 2027, then the market resolves to Yes."
KXH100MS,H100 Monthly,KXH100MS-27AUG-3.750,Will the monthly average compute price of NVIDIA's H100 be above $3.75 in August 2027?,active,0.3300,0.3500,0.0000,0.0000,0.00,0.00,0.00,0.0000,3.75,2026-08-01T14:00:00Z,2027-09-01T03:59:59Z,2026-08-01T09:00:36.33709Z,2026-08-01T14:00:01.525742Z,KXH100MS-27AUG,"If the average value of NVIDIA H100 compute per hour is above $3.75 in August 2027, then the market resolves to Yes."
KXH100MS,H100 Monthly,KXH100MS-27AUG-3.500,Will the monthly average compute price of NVIDIA's H100 be above $3.50 in August 2027?,active,0.3500,0.3900,0.0000,0.0000,0.00,0.00,0.00,0.0000,3.5,2026-08-01T14:00:00Z,2027-09-01T03:59:59Z,2026-08-01T09:00:36.33709Z,2026-08-01T14:00:01.525742Z,KXH100MS-27AUG,"If the average value of NVIDIA H100 compute per hour is above $3.5 in August 2027, then the market resolves to Yes."
KXH100MS,H100 Monthly,KXH100MS-27AUG-3.250,Will the monthly average compute price of NVIDIA's H100 be above $3.25 in August 2027?,active,0.3900,0.4300,0.0000,0.0000,0.00,0.00,0.00,0.0000,3.25,2026-08-01T14:00:00Z,2027-09-01T03:59:59Z,2026-08-01T09:00:36.33709Z,2026-08-01T14:00:01.525742Z,KXH100MS-27AUG,"If the average value of NVIDIA H100 compute per hour is above $3.25 in August 2027, then the market resolves to Yes."
KXH100MS,H100 Monthly,KXH100MS-27AUG-3.000,Will the monthly average compute price of NVIDIA's H100 be above $3.00 in August 2027?,active,0.4400,0.4800,0.0000,0.0000,0.00,0.00,0.00,0.0000,3.0,2026-08-01T14:00:00Z,2027-09-01T03:59:59Z,2026-08-01T09:00:36.33709Z,2026-08-01T14:00:01.525742Z,KXH100MS-27AUG,"If the average value of NVIDIA H100 compute per hour is above $3 in August 2027, then the market resolves to Yes."
KXH100MS,H100 Monthly,KXH100MS-27AUG-2.750,Will the monthly average compute price of NVIDIA's H100 be above $2.75 in August 2027?,active,0.4800,0.5400,0.0000,0.0000,0.00,0.00,0.00,0.0000,2.75,2026-08-01T14:00:00Z,2027-09-01T03:59:59Z,2026-08-01T09:00:36.33709Z,2026-08-01T14:00:01.525742Z,KXH100MS-27AUG,"If the average value of NVIDIA H100 compute per hour is above $2.75 in August 2027, then the market resolves to Yes."
KXH100MS,H100 Monthly,KXH100MS-27AUG-2.500,Will the monthly average compute price of NVIDIA's H100 be above $2.50 in August 2027?,active,0.5300,0.5900,0.5200,0.5200,90.66,0.00,4.41,0.0000,2.5,2026-08-01T14:00:00Z,2027-09-01T03:59:59Z,2026-08-01T09:00:36.33709Z,2026-08-01T14:00:01.525742Z,KXH100MS-27AUG,"If the average value of NVIDIA H100 compute per hour is above $2.5 in August 2027, then the market resolves to Yes."
KXH100MS,H100 Monthly,KXH100MS-27AUG-2.250,Will the monthly average compute price of NVIDIA's H100 be above $2.25 in August 2027?,active,0.5700,0.6500,0.0000,0.0000,0.00,0.00,0.00,0.0000,2.25,2026-08-01T14:00:00Z,2027-09-01T03:59:59Z,2026-08-01T09:00:36.33709Z,2026-08-01T14:00:01.525742Z,KXH100MS-27AUG,"If the average value of NVIDIA H100 compute per hour is above $2.25 in August 2027, then the market resolves to Yes."
KXH100MS,H100 Monthly,KXH100MS-27AUG-2.000,Will the monthly average compute price of NVIDIA's H100 be above $2.00 in August 2027?,active,0.6100,0.6900,0.0000,0.0000,0.00,0.00,0.00,0.0000,2.0,2026-08-01T14:00:00Z,2027-09-01T03:59:59Z,2026-08-01T09:00:36.33709Z,2026-08-01T14:00:01.525742Z,KXH100MS-27AUG,"If the average value of NVIDIA H100 compute per hour is above $2 in August 2027, then the market resolves to Yes."
KXH100MS,H100 Monthly,KXH100MS-27AUG-1.750,Will the monthly average compute price of NVIDIA's H100 be above $1.75 in August 2027?,active,0.6800,0.7500,0.0000,0.0000,0.00,0.00,0.00,0.0000,1.75,2026-08-01T14:00:00Z,2027-09-01T03:59:59Z,2026-08-01T09:00:36.33709Z,2026-08-01T14:00:01.525742Z,KXH100MS-27AUG,"If the average value of NVIDIA H100 compute per hour is above $1.75 in August 2027, then the market resolves to Yes."
KXH100MS,H100 Monthly,KXH100MS-27AUG-1.500,Will the monthly average compute price of NVIDIA's H100 be above $1.50 in August 2027?,active,0.7700,0.7800,0.9000,0.9000,300.00,0.00,300.00,0.0000,1.5,2026-08-01T14:00:00Z,2027-09-01T03:59:59Z,2026-08-01T09:00:36.33709Z,2026-08-01T14:00:01.525742Z,KXH100MS-27AUG,"If the average value of NVIDIA H100 compute per hour is above $1.5 in August 2027, then the market resolves to Yes."
KXH100MS,H100 Monthly,KXH100MS-27AUG-1.250,Will the monthly average compute price of NVIDIA's H100 be above $1.25 in August 2027?,active,0.8400,0.8700,0.9100,0.9100,328.00,0.00,311.00,0.0000,1.25,2026-08-01T14:00:00Z,2027-09-01T03:59:59Z,2026-08-01T09:00:36.33709Z,2026-08-01T14:00:01.525742Z,KXH100MS-27AUG,"If the average value of NVIDIA H100 compute per hour is above $1.25 in August 2027, then the market resolves to Yes."
KXH100MS,H100 Monthly,KXH100MS-27AUG-1.000,Will the monthly average compute price of NVIDIA's H100 be above $1.00 in August 2027?,active,0.9200,0.9300,0.9300,0.9300,90.00,0.00,45.00,0.0000,1.0,2026-08-01T14:00:00Z,2027-09-01T03:59:59Z,2026-08-01T09:00:36.33709Z,2026-08-01T14:00:01.525742Z,KXH100MS-27AUG,"If the average value of NVIDIA H100 compute per hour is above $1 in August 2027, then the market resolves to Yes."
KXH100MS,H100 Monthly,KXH100MS-27JUL-4.000,Will the monthly average compute price of NVIDIA's H100 be above $4.00 in July 2027?,active,0.1500,0.2000,0.0500,0.0500,9971.00,0.00,8097.00,0.0000,4.0,2026-07-01T14:00:00Z,2027-08-01T03:59:59Z,2026-07-01T09:00:48.15176Z,2026-07-13T15:55:07.055359Z,KXH100MS-27JUL,"If the average value of NVIDIA H100 compute per hour is above $4 in July 2027, then the market resolves to Yes."
KXH100MS,H100 Monthly,KXH100MS-27JUL-3.750,Will the monthly average compute price of NVIDIA's H100 be above $3.75 in July 2027?,active,0.1800,0.2200,0.1800,0.1800,22279.00,0.00,9810.00,0.0000,3.75,2026-07-01T14:00:00Z,2027-08-01T03:59:59Z,2026-07-01T09:00:48.15176Z,2026-07-13T15:55:07.055359Z,KXH100MS-27JUL,"If the average value of NVIDIA H100 compute per hour is above $3.75 in July 2027, then the market resolves to Yes."
KXH100MS,H100 Monthly,KXH100MS-27JUL-3.500,Will the monthly average compute price of NVIDIA's H100 be above $3.50 in July 2027?,active,0.2500,0.2900,0.3100,0.3100,2271.40,0.00,1154.00,0.0000,3.5,2026-07-01T14:00:00Z,2027-08-01T03:59:59Z,2026-07-01T09:00:48.15176Z,2026-07-13T15:55:07.055359Z,KXH100MS-27JUL,"If the average value of NVIDIA H100 compute per hour is above $3.5 in July 2027, then the market resolves to Yes."
KXH100MS,H100 Monthly,KXH100MS-27JUL-3.250,Will the monthly average compute price of NVIDIA's H100 be above $3.25 in July 2027?,active,0.3800,0.4300,0.3600,0.3600,2326.00,0.00,766.00,0.0000,3.25,2026-07-01T14:00:00Z,2027-08-01T03:59:59Z,2026-07-01T09:00:48.15176Z,2026-07-13T15:55:07.055359Z,KXH100MS-27JUL,"If the average value of NVIDIA H100 compute per hour is above $3.25 in July 2027, then the market resolves to Yes."
KXH100MS,H100 Monthly,KXH100MS-27JUL-3.000,Will the monthly average compute price of NVIDIA's H100 be above $3.00 in July 2027?,active,0.4500,0.4900,0.4100,0.4100,897.10,0.00,657.00,0.0000,3.0,2026-07-01T14:00:00Z,2027-08-01T03:59:59Z,2026-07-01T09:00:48.15176Z,2026-07-13T15:55:07.055359Z,KXH100MS-27JUL,"If the average value of NVIDIA H100 compute per hour is above $3 in July 2027, then the market resolves to Yes."
KXH100MS,H100 Monthly,KXH100MS-27JUL-2.750,Will the monthly average compute price of NVIDIA's H100 be above $2.75 in July 2027?,active,0.4900,0.5400,0.4900,0.4900,670.75,59.11,487.75,0.0000,2.75,2026-07-01T14:00:00Z,2027-08-01T03:59:59Z,2026-07-01T09:00:48.15176Z,2026-07-13T15:55:07.055359Z,KXH100MS-27JUL,"If the average value of NVIDIA H100 compute per hour is above $2.75 in July 2027, then the market resolves to Yes."
KXH100MS,H100 Monthly,KXH100MS-27JUL-2.500,Will the monthly average compute price of NVIDIA's H100 be above $2.50 in July 2027?,active,0.5700,0.6000,0.5700,0.5700,1043.02,0.00,532.29,0.0000,2.5,2026-07-01T14:00:00Z,2027-08-01T03:59:59Z,2026-07-01T09:00:48.15176Z,2026-07-13T15:55:07.055359Z,KXH100MS-27JUL,"If the average value of NVIDIA H100 compute per hour is above $2.5 in July 2027, then the market resolves to Yes."
KXH100MS,H100 Monthly,KXH100MS-27JUL-2.250,Will the monthly average compute price of NVIDIA's H100 be above $2.25 in July 2027?,active,0.6500,0.6700,0.6600,0.6600,1226.50,0.00,527.00,0.0000,2.25,2026-07-01T14:00:00Z,2027-08-01T03:59:59Z,2026-07-01T09:00:48.15176Z,2026-07-13T15:55:07.055359Z,KXH100MS-27JUL,"If the average value of NVIDIA H100 compute per hour is above $2.25 in July 2027, then the market resolves to Yes."
KXH100MS,H100 Monthly,KXH100MS-27JUL-2.000,Will the monthly average compute price of NVIDIA's H100 be above $2.00 in July 2027?,active,0.7000,0.7900,0.7100,0.7100,1896.28,0.00,603.24,0.0000,2.0,2026-07-01T14:00:00Z,2027-08-01T03:59:59Z,2026-07-01T09:00:48.15176Z,2026-07-13T15:55:07.088605Z,KXH100MS-27JUL,"If the average value of NVIDIA H100 compute per hour is above $2 in July 2027, then the market resolves to Yes."
KXH100MS,H100 Monthly,KXH100MS-27JUN-4.000,Will the monthly average compute price of NVIDIA's H100 be above $4.00 in June 2027?,active,0.1200,0.1300,0.1200,0.1200,803.00,0.00,228.00,0.0000,4.0,2026-07-01T14:00:00Z,2027-07-01T03:59:59Z,2026-07-01T09:00:47.612319Z,2026-07-13T15:54:45.985895Z,KXH100MS-27JUN,"If the average value of NVIDIA H100 compute per hour is above $4 in June 2027, then the market resolves to Yes."
KXH100MS,H100 Monthly,KXH100MS-27JUN-3.750,Will the monthly average compute price of NVIDIA's H100 be above $3.75 in June 2027?,active,0.2500,0.2700,0.2600,0.2600,978.00,0.00,251.00,0.0000,3.75,2026-07-01T14:00:00Z,2027-07-01T03:59:59Z,2026-07-01T09:00:47.612319Z,2026-07-13T15:54:45.985895Z,KXH100MS-27JUN,"If the average value of NVIDIA H100 compute per hour is above $3.75 in June 2027, then the market resolves to Yes."
KXH100MS,H100 Monthly,KXH100MS-27JUN-3.500,Will the monthly average compute price of NVIDIA's H100 be above $3.50 in June 2027?,active,0.3500,0.3600,0.3000,0.3000,163.00,0.00,147.00,0.0000,3.5,2026-07-01T14:00:00Z,2027-07-01T03:59:59Z,2026-07-01T09:00:47.612319Z,2026-07-13T15:54:45.985895Z,KXH100MS-27JUN,"If the average value of NVIDIA H100 compute per hour is above $3.5 in June 2027, then the market resolves to Yes."
KXH100MS,H100 Monthly,KXH100MS-27JUN-3.250,Will the monthly average compute price of NVIDIA's H100 be above $3.25 in June 2027?,active,0.4000,0.4100,0.3400,0.3400,41.00,0.00,29.00,0.0000,3.25,2026-07-01T14:00:00Z,2027-07-01T03:59:59Z,2026-07-01T09:00:47.612319Z,2026-07-13T15:54:45.985895Z,KXH100MS-27JUN,"If the average value of NVIDIA H100 compute per hour is above $3.25 in June 2027, then the market resolves to Yes."
KXH100MS,H100 Monthly,KXH100MS-27JUN-3.000,Will the monthly average compute price of NVIDIA's H100 be above $3.00 in June 2027?,active,0.4500,0.4700,0.4100,0.4100,44.00,0.00,25.00,0.0000,3.0,2026-07-01T14:00:00Z,2027-07-01T03:59:59Z,2026-07-01T09:00:47.612319Z,2026-07-13T15:54:45.985895Z,KXH100MS-27JUN,"If the average value of NVIDIA H100 compute per hour is above $3 in June 2027, then the market resolves to Yes."
KXH100MS,H100 Monthly,KXH100MS-27JUN-2.750,Will the monthly average compute price of NVIDIA's H100 be above $2.75 in June 2027?,active,0.5000,0.5700,0.4900,0.4900,392.00,0.00,137.00,0.0000,2.75,2026-07-01T14:00:00Z,2027-07-01T03:59:59Z,2026-07-01T09:00:47.612319Z,2026-07-13T15:54:45.985895Z,KXH100MS-27JUN,"If the average value of NVIDIA H100 compute per hour is above $2.75 in June 2027, then the market resolves to Yes."
KXH100MS,H100 Monthly,KXH100MS-27JUN-2.500,Will the monthly average compute price of NVIDIA's H100 be above $2.50 in June 2027?,active,0.5400,0.6300,0.5700,0.5700,239.00,0.00,101.00,0.0000,2.5,2026-07-01T14:00:00Z,2027-07-01T03:59:59Z,2026-07-01T09:00:47.612319Z,2026-07-13T15:54:45.985895Z,KXH100MS-27JUN,"If the average value of NVIDIA H100 compute per hour is above $2.5 in June 2027, then the market resolves to Yes."
KXH100MS,H100 Monthly,KXH100MS-27JUN-2.250,Will the monthly average compute price of NVIDIA's H100 be above $2.25 in June 2027?,active,0.5900,0.6700,0.6000,0.6000,102.00,0.00,32.00,0.0000,2.25,2026-07-01T14:00:00Z,2027-07-01T03:59:59Z,2026-07-01T09:00:47.612319Z,2026-07-13T15:54:45.985895Z,KXH100MS-27JUN,"If the average value of NVIDIA H100 compute per hour is above $2.25 in June 2027, then the market resolves to Yes."
KXH100MS,H100 Monthly,KXH100MS-27JUN-2.000,Will the monthly average compute price of NVIDIA's H100 be above $2.00 in June 2027?,active,0.6500,0.7200,0.6500,0.6500,36.00,0.00,27.00,0.0000,2.0,2026-07-01T14:00:00Z,2027-07-01T03:59:59Z,2026-07-01T09:00:47.612319Z,2026-07-13T15:54:46.008613Z,KXH100MS-27JUN,"If the average value of NVIDIA H100 compute per hour is above $2 in June 2027, then the market resolves to Yes."
KXH100MS,H100 Monthly,KXH100MS-27MAY-4.000,Will the monthly average compute price of NVIDIA's H100 be above $4.00 in May 2027?,active,0.2600,0.2700,0.2100,0.2100,120.00,0.00,58.00,0.0000,4.0,2026-07-01T14:00:00Z,2027-06-01T03:59:59Z,2026-07-01T09:00:47.153173Z,2026-07-13T15:54:06.671763Z,KXH100MS-27MAY,"If the average value of NVIDIA H100 compute per hour is above $4 in May 2027, then the market resolves to Yes."
KXH100MS,H100 Monthly,KXH100MS-27MAY-3.750,Will the monthly average compute price of NVIDIA's H100 be above $3.75 in May 2027?,active,0.3000,0.3100,0.2500,0.2500,115.00,0.00,45.00,0.0000,3.75,2026-07-01T14:00:00Z,2027-06-01T03:59:59Z,2026-07-01T09:00:47.153173Z,2026-07-13T15:54:06.671763Z,KXH100MS-27MAY,"If the average value of NVIDIA H100 compute per hour is above $3.75 in May 2027, then the market resolves to Yes."
KXH100MS,H100 Monthly,KXH100MS-27MAY-3.500,Will the monthly average compute price of NVIDIA's H100 be above $3.50 in May 2027?,active,0.3400,0.3900,0.3000,0.3000,115.00,0.00,52.00,0.0000,3.5,2026-07-01T14:00:00Z,2027-06-01T03:59:59Z,2026-07-01T09:00:47.153173Z,2026-07-13T15:54:06.671763Z,KXH100MS-27MAY,"If the average value of NVIDIA H100 compute per hour is above $3.5 in May 2027, then the market resolves to Yes."
KXH100MS,H100 Monthly,KXH100MS-27MAY-3.250,Will the monthly average compute price of NVIDIA's H100 be above $3.25 in May 2027?,active,0.3900,0.4300,0.3500,0.3500,72.00,0.00,62.00,0.0000,3.25,2026-07-01T14:00:00Z,2027-06-01T03:59:59Z,2026-07-01T09:00:47.153173Z,2026-07-13T15:54:06.671763Z,KXH100MS-27MAY,"If the average value of NVIDIA H100 compute per hour is above $3.25 in May 2027, then the market resolves to Yes."
KXH100MS,H100 Monthly,KXH100MS-27MAY-3.000,Will the monthly average compute price of NVIDIA's H100 be above $3.00 in May 2027?,active,0.4500,0.4600,0.3900,0.3900,398.00,0.00,80.00,0.0000,3.0,2026-07-01T14:00:00Z,2027-06-01T03:59:59Z,2026-07-01T09:00:47.153173Z,2026-07-13T15:54:06.671763Z,KXH100MS-27MAY,"If the average value of NVIDIA H100 compute per hour is above $3 in May 2027, then the market resolves to Yes."
KXH100MS,H100 Monthly,KXH100MS-27MAY-2.750,Will the monthly average compute price of NVIDIA's H100 be above $2.75 in May 2027?,active,0.5000,0.5700,0.4900,0.4900,178.00,0.00,137.00,0.0000,2.75,2026-07-01T14:00:00Z,2027-06-01T03:59:59Z,2026-07-01T09:00:47.153173Z,2026-07-13T15:54:06.671763Z,KXH100MS-27MAY,"If the average value of NVIDIA H100 compute per hour is above $2.75 in May 2027, then the market resolves to Yes."
KXH100MS,H100 Monthly,KXH100MS-27MAY-2.500,Will the monthly average compute price of NVIDIA's H100 be above $2.50 in May 2027?,active,0.5400,0.6200,0.5400,0.5400,372.00,0.00,105.00,0.0000,2.5,2026-07-01T14:00:00Z,2027-06-01T03:59:59Z,2026-07-01T09:00:47.153173Z,2026-07-13T15:54:06.671763Z,KXH100MS-27MAY,"If the average value of NVIDIA H100 compute per hour is above $2.5 in May 2027, then the market resolves to Yes."
KXH100MS,H100 Monthly,KXH100MS-27MAY-2.250,Will the monthly average compute price of NVIDIA's H100 be above $2.25 in May 2027?,active,0.6000,0.6400,0.6000,0.6000,118.00,0.00,60.00,0.0000,2.25,2026-07-01T14:00:00Z,2027-06-01T03:59:59Z,2026-07-01T09:00:47.153173Z,2026-07-13T15:54:06.671763Z,KXH100MS-27MAY,"If the average value of NVIDIA H100 compute per hour is above $2.25 in May 2027, then the market resolves to Yes."
KXH100MS,H100 Monthly,KXH100MS-27MAY-2.000,Will the monthly average compute price of NVIDIA's H100 be above $2.00 in May 2027?,active,0.6600,0.7300,0.6900,0.6900,13.00,0.00,6.00,0.0000,2.0,2026-07-01T14:00:00Z,2027-06-01T03:59:59Z,2026-07-01T09:00:47.153173Z,2026-07-13T15:54:06.697529Z,KXH100MS-27MAY,"If the average value of NVIDIA H100 compute per hour is above $2 in May 2027, then the market resolves to Yes."
KXH100MS,H100 Monthly,KXH100MS-27APR-4.000,Will the monthly average compute price of NVIDIA's H100 be above $4.00 in April 2027?,active,0.2500,0.2600,0.2100,0.2100,45.00,0.00,6.00,0.0000,4.0,2026-07-01T14:00:00Z,2027-05-01T03:59:59Z,2026-07-01T09:00:46.622908Z,2026-07-13T15:53:33.951318Z,KXH100MS-27APR,"If the average value of NVIDIA H100 compute per hour is above $4 in April 2027, then the market resolves to Yes."
KXH100MS,H100 Monthly,KXH100MS-27APR-3.750,Will the monthly average compute price of NVIDIA's H100 be above $3.75 in April 2027?,active,0.3000,0.3200,0.1900,0.1900,4.00,0.00,2.00,0.0000,3.75,2026-07-01T14:00:00Z,2027-05-01T03:59:59Z,2026-07-01T09:00:46.622908Z,2026-07-13T15:53:33.951318Z,KXH100MS-27APR,"If the average value of NVIDIA H100 compute per hour is above $3.75 in April 2027, then the market resolves to Yes."
KXH100MS,H100 Monthly,KXH100MS-27APR-3.500,Will the monthly average compute price of NVIDIA's H100 be above $3.50 in April 2027?,active,0.3500,0.3600,0.3000,0.3000,36.00,0.00,13.00,0.0000,3.5,2026-07-01T14:00:00Z,2027-05-01T03:59:59Z,2026-07-01T09:00:46.622908Z,2026-07-13T15:53:33.951318Z,KXH100MS-27APR,"If the average value of NVIDIA H100 compute per hour is above $3.5 in April 2027, then the market resolves to Yes."
KXH100MS,H100 Monthly,KXH100MS-27APR-3.250,Will the monthly average compute price of NVIDIA's H100 be above $3.25 in April 2027?,active,0.4000,0.4100,0.3500,0.3500,10.00,0.00,6.00,0.0000,3.25,2026-07-01T14:00:00Z,2027-05-01T03:59:59Z,2026-07-01T09:00:46.622908Z,2026-07-13T15:53:33.951318Z,KXH100MS-27APR,"If the average value of NVIDIA H100 compute per hour is above $3.25 in April 2027, then the market resolves to Yes."
KXH100MS,H100 Monthly,KXH100MS-27APR-3.000,Will the monthly average compute price of NVIDIA's H100 be above $3.00 in April 2027?,active,0.4500,0.4600,0.4000,0.4000,10.00,0.00,6.00,0.0000,3.0,2026-07-01T14:00:00Z,2027-05-01T03:59:59Z,2026-07-01T09:00:46.622908Z,2026-07-13T15:53:33.951318Z,KXH100MS-27APR,"If the average value of NVIDIA H100 compute per hour is above $3 in April 2027, then the market resolves to Yes."
KXH100MS,H100 Monthly,KXH100MS-27APR-2.750,Will the monthly average compute price of NVIDIA's H100 be above $2.75 in April 2027?,active,0.4800,0.5400,0.4800,0.4800,104.00,0.00,25.00,0.0000,2.75,2026-07-01T14:00:00Z,2027-05-01T03:59:59Z,2026-07-01T09:00:46.622908Z,2026-07-13T15:53:33.951318Z,KXH100MS-27APR,"If the average value of NVIDIA H100 compute per hour is above $2.75 in April 2027, then the market resolves to Yes."
KXH100MS,H100 Monthly,KXH100MS-27APR-2.500,Will the monthly average compute price of NVIDIA's H100 be above $2.50 in April 2027?,active,0.5500,0.6100,0.5600,0.5600,271.00,0.00,40.00,0.0000,2.5,2026-07-01T14:00:00Z,2027-05-01T03:59:59Z,2026-07-01T09:00:46.622908Z,2026-07-13T15:53:33.951318Z,KXH100MS-27APR,"If the average value of NVIDIA H100 compute per hour is above $2.5 in April 2027, then the market resolves to Yes."
KXH100MS,H100 Monthly,KXH100MS-27APR-2.250,Will the monthly average compute price of NVIDIA's H100 be above $2.25 in April 2027?,active,0.6200,0.6800,0.6400,0.6400,9.00,0.00,7.00,0.0000,2.25,2026-07-01T14:00:00Z,2027-05-01T03:59:59Z,2026-07-01T09:00:46.622908Z,2026-07-13T15:53:33.951318Z,KXH100MS-27APR,"If the average value of NVIDIA H100 compute per hour is above $2.25 in April 2027, then the market resolves to Yes."
KXH100MS,H100 Monthly,KXH100MS-27APR-2.000,Will the monthly average compute price of NVIDIA's H100 be above $2.00 in April 2027?,active,0.6700,0.7400,0.7100,0.7100,59.00,0.00,52.00,0.0000,2.0,2026-07-01T14:00:00Z,2027-05-01T03:59:59Z,2026-07-01T09:00:46.622908Z,2026-07-13T15:53:33.975638Z,KXH100MS-27APR,"If the average value of NVIDIA H100 compute per hour is above $2 in April 2027, then the market resolves to Yes."
KXH100MS,H100 Monthly,KXH100MS-27MAR-4.000,Will the monthly average compute price of NVIDIA's H100 be above $4.00 in March 2027?,active,0.1700,0.2100,0.2000,0.2000,74.00,0.00,35.00,0.0000,4.0,2026-07-01T14:00:00Z,2027-04-01T03:59:59Z,2026-07-01T09:00:46.238688Z,2026-07-13T15:53:10.732025Z,KXH100MS-27MAR,"If the average value of NVIDIA H100 compute per hour is above $4 in March 2027, then the market resolves to Yes."
KXH100MS,H100 Monthly,KXH100MS-27MAR-3.750,Will the monthly average compute price of NVIDIA's H100 be above $3.75 in March 2027?,active,0.2300,0.2400,0.2300,0.2300,37.00,0.00,35.00,0.0000,3.75,2026-07-01T14:00:00Z,2027-04-01T03:59:59Z,2026-07-01T09:00:46.238688Z,2026-07-13T15:53:10.732025Z,KXH100MS-27MAR,"If the average value of NVIDIA H100 compute per hour is above $3.75 in March 2027, then the market resolves to Yes."
KXH100MS,H100 Monthly,KXH100MS-27MAR-3.500,Will the monthly average compute price of NVIDIA's H100 be above $3.50 in March 2027?,active,0.2800,0.2900,0.2800,0.2800,16.00,0.00,12.00,0.0000,3.5,2026-07-01T14:00:00Z,2027-04-01T03:59:59Z,2026-07-01T09:00:46.238688Z,2026-07-13T15:53:10.732025Z,KXH100MS-27MAR,"If the average value of NVIDIA H100 compute per hour is above $3.5 in March 2027, then the market resolves to Yes."
KXH100MS,H100 Monthly,KXH100MS-27MAR-3.250,Will the monthly average compute price of NVIDIA's H100 be above $3.25 in March 2027?,active,0.3300,0.3400,0.3300,0.3300,22.00,0.00,17.00,0.0000,3.25,2026-07-01T14:00:00Z,2027-04-01T03:59:59Z,2026-07-01T09:00:46.238688Z,2026-07-13T15:53:10.732025Z,KXH100MS-27MAR,"If the average value of NVIDIA H100 compute per hour is above $3.25 in March 2027, then the market resolves to Yes."
KXH100MS,H100 Monthly,KXH100MS-27MAR-3.000,Will the monthly average compute price of NVIDIA's H100 be above $3.00 in March 2027?,active,0.4000,0.4100,0.4000,0.4000,32.00,0.00,29.00,0.0000,3.0,2026-07-01T14:00:00Z,2027-04-01T03:59:59Z,2026-07-01T09:00:46.238688Z,2026-07-13T15:53:10.732025Z,KXH100MS-27MAR,"If the average value of NVIDIA H100 compute per hour is above $3 in March 2027, then the market resolves to Yes."
KXH100MS,H100 Monthly,KXH100MS-27MAR-2.750,Will the monthly average compute price of NVIDIA's H100 be above $2.75 in March 2027?,active,0.5100,0.5200,0.5300,0.5300,109.00,0.00,29.00,0.0000,2.75,2026-07-01T14:00:00Z,2027-04-01T03:59:59Z,2026-07-01T09:00:46.238688Z,2026-07-13T15:53:10.732025Z,KXH100MS-27MAR,"If the average value of NVIDIA H100 compute per hour is above $2.75 in March 2027, then the market resolves to Yes."
KXH100MS,H100 Monthly,KXH100MS-27MAR-2.500,Will the monthly average compute price of NVIDIA's H100 be above $2.50 in March 2027?,active,0.5600,0.5900,0.5800,0.5800,143.00,0.00,44.00,0.0000,2.5,2026-07-01T14:00:00Z,2027-04-01T03:59:59Z,2026-07-01T09:00:46.238688Z,2026-07-13T15:53:10.732025Z,KXH100MS-27MAR,"If the average value of NVIDIA H100 compute per hour is above $2.5 in March 2027, then the market resolves to Yes."
KXH100MS,H100 Monthly,KXH100MS-27MAR-2.250,Will the monthly average compute price of NVIDIA's H100 be above $2.25 in March 2027?,active,0.6200,0.7000,0.6300,0.6300,11.00,0.00,4.00,0.0000,2.25,2026-07-01T14:00:00Z,2027-04-01T03:59:59Z,2026-07-01T09:00:46.238688Z,2026-07-13T15:53:10.732025Z,KXH100MS-27MAR,"If the average value of NVIDIA H100 compute per hour is above $2.25 in March 2027, then the market resolves to Yes."
KXH100MS,H100 Monthly,KXH100MS-27MAR-2.000,Will the monthly average compute price of NVIDIA's H100 be above $2.00 in March 2027?,active,0.6800,0.7400,0.7400,0.7400,59.00,0.00,51.00,0.0000,2.0,2026-07-01T14:00:00Z,2027-04-01T03:59:59Z,2026-07-01T09:00:46.238688Z,2026-07-13T15:53:10.756975Z,KXH100MS-27MAR,"If the average value of NVIDIA H100 compute per hour is above $2 in March 2027, then the market resolves to Yes."
KXH100MS,H100 Monthly,KXH100MS-27FEB-4.000,Will the monthly average compute price of NVIDIA's H100 be above $4.00 in February 2027?,active,0.2300,0.2600,0.1600,0.1600,114.00,0.00,3.00,0.0000,4.0,2026-07-01T14:00:00Z,2027-03-01T04:59:59Z,2026-07-01T09:00:45.687683Z,2026-07-13T15:52:44.870848Z,KXH100MS-27FEB,"If the average value of NVIDIA H100 compute per hour is above $4 in February 2027, then the market resolves to Yes."
KXH100MS,H100 Monthly,KXH100MS-27FEB-3.750,Will the monthly average compute price of NVIDIA's H100 be above $3.75 in February 2027?,active,0.2700,0.2800,0.2400,0.2400,363.00,0.00,46.00,0.0000,3.75,2026-07-01T14:00:00Z,2027-03-01T04:59:59Z,2026-07-01T09:00:45.687683Z,2026-07-13T15:52:44.870848Z,KXH100MS-27FEB,"If the average value of NVIDIA H100 compute per hour is above $3.75 in February 2027, then the market resolves to Yes."
KXH100MS,H100 Monthly,KXH100MS-27FEB-3.500,Will the monthly average compute price of NVIDIA's H100 be above $3.50 in February 2027?,active,0.3300,0.3500,0.1400,0.1400,32.00,0.00,17.00,0.0000,3.5,2026-07-01T14:00:00Z,2027-03-01T04:59:59Z,2026-07-01T09:00:45.687683Z,2026-07-13T15:52:44.870848Z,KXH100MS-27FEB,"If the average value of NVIDIA H100 compute per hour is above $3.5 in February 2027, then the market resolves to Yes."
KXH100MS,H100 Monthly,KXH100MS-27FEB-3.250,Will the monthly average compute price of NVIDIA's H100 be above $3.25 in February 2027?,active,0.3900,0.4000,0.3600,0.3600,271.00,0.00,28.00,0.0000,3.25,2026-07-01T14:00:00Z,2027-03-01T04:59:59Z,2026-07-01T09:00:45.687683Z,2026-07-13T15:52:44.870848Z,KXH100MS-27FEB,"If the average value of NVIDIA H100 compute per hour is above $3.25 in February 2027, then the market resolves to Yes."
KXH100MS,H100 Monthly,KXH100MS-27FEB-3.000,Will the monthly average compute price of NVIDIA's H100 be above $3.00 in February 2027?,active,0.4400,0.4500,0.4300,0.4300,421.00,0.00,2.00,0.0000,3.0,2026-07-01T14:00:00Z,2027-03-01T04:59:59Z,2026-07-01T09:00:45.687683Z,2026-07-13T15:52:44.870848Z,KXH100MS-27FEB,"If the average value of NVIDIA H100 compute per hour is above $3 in February 2027, then the market resolves to Yes."
KXH100MS,H100 Monthly,KXH100MS-27FEB-2.750,Will the monthly average compute price of NVIDIA's H100 be above $2.75 in February 2027?,active,0.5000,0.5500,0.4800,0.4800,102.00,0.00,29.00,0.0000,2.75,2026-07-01T14:00:00Z,2027-03-01T04:59:59Z,2026-07-01T09:00:45.687683Z,2026-07-13T15:52:44.870848Z,KXH100MS-27FEB,"If the average value of NVIDIA H100 compute per hour is above $2.75 in February 2027, then the market resolves to Yes."
KXH100MS,H100 Monthly,KXH100MS-27FEB-2.500,Will the monthly average compute price of NVIDIA's H100 be above $2.50 in February 2027?,active,0.5700,0.6400,0.6000,0.6000,515.00,0.00,40.00,0.0000,2.5,2026-07-01T14:00:00Z,2027-03-01T04:59:59Z,2026-07-01T09:00:45.687683Z,2026-07-13T15:52:44.870848Z,KXH100MS-27FEB,"If the average value of NVIDIA H100 compute per hour is above $2.5 in February 2027, then the market resolves to Yes."
KXH100MS,H100 Monthly,KXH100MS-27FEB-2.250,Will the monthly average compute price of NVIDIA's H100 be above $2.25 in February 2027?,active,0.6300,0.7100,0.6800,0.6800,68.00,0.00,62.00,0.0000,2.25,2026-07-01T14:00:00Z,2027-03-01T04:59:59Z,2026-07-01T09:00:45.687683Z,2026-07-13T15:52:44.870848Z,KXH100MS-27FEB,"If the average value of NVIDIA H100 compute per hour is above $2.25 in February 2027, then the market resolves to Yes."
KXH100MS,H100 Monthly,KXH100MS-27FEB-2.000,Will the monthly average compute price of NVIDIA's H100 be above $2.00 in February 2027?,active,0.7300,0.7900,0.7800,0.7900,785.00,347.00,162.00,0.0000,2.0,2026-07-01T14:00:00Z,2027-03-01T04:59:59Z,2026-07-01T09:00:45.687683Z,2026-07-13T15:52:44.897832Z,KXH100MS-27FEB,"If the average value of NVIDIA H100 compute per hour is above $2 in February 2027, then the market resolves to Yes."
KXH100MS,H100 Monthly,KXH100MS-27JAN-4.000,Will the monthly average compute price of NVIDIA's H100 be above $4.00 in January 2027?,active,0.1500,0.2400,0.1300,0.1300,945.00,0.00,490.00,0.0000,4.0,2026-07-01T14:00:00Z,2027-02-01T04:59:59Z,2026-07-01T09:00:45.036506Z,2026-07-13T15:51:52.323787Z,KXH100MS-27JAN,"If the average value of NVIDIA H100 compute per hour is above $4 in January 2027, then the market resolves to Yes."
KXH100MS,H100 Monthly,KXH100MS-27JAN-3.750,Will the monthly average compute price of NVIDIA's H100 be above $3.75 in January 2027?,active,0.2400,0.2500,0.2400,0.2400,799.00,0.00,157.00,0.0000,3.75,2026-07-01T14:00:00Z,2027-02-01T04:59:59Z,2026-07-01T09:00:45.036506Z,2026-07-13T15:51:52.323787Z,KXH100MS-27JAN,"If the average value of NVIDIA H100 compute per hour is above $3.75 in January 2027, then the market resolves to Yes."
KXH100MS,H100 Monthly,KXH100MS-27JAN-3.500,Will the monthly average compute price of NVIDIA's H100 be above $3.50 in January 2027?,active,0.3200,0.3300,0.2400,0.2400,69.00,0.00,42.00,0.0000,3.5,2026-07-01T14:00:00Z,2027-02-01T04:59:59Z,2026-07-01T09:00:45.036506Z,2026-07-13T15:51:52.323787Z,KXH100MS-27JAN,"If the average value of NVIDIA H100 compute per hour is above $3.5 in January 2027, then the market resolves to Yes."
KXH100MS,H100 Monthly,KXH100MS-27JAN-3.250,Will the monthly average compute price of NVIDIA's H100 be above $3.25 in January 2027?,active,0.3800,0.3900,0.3200,0.3200,1467.00,0.00,352.00,0.0000,3.25,2026-07-01T14:00:00Z,2027-02-01T04:59:59Z,2026-07-01T09:00:45.036506Z,2026-07-13T15:51:52.323787Z,KXH100MS-27JAN,"If the average value of NVIDIA H100 compute per hour is above $3.25 in January 2027, then the market resolves to Yes."
KXH100MS,H100 Monthly,KXH100MS-27JAN-3.000,Will the monthly average compute price of NVIDIA's H100 be above $3.00 in January 2027?,active,0.4300,0.5100,0.3400,0.3400,984.00,0.00,408.00,0.0000,3.0,2026-07-01T14:00:00Z,2027-02-01T04:59:59Z,2026-07-01T09:00:45.036506Z,2026-07-13T15:51:52.323787Z,KXH100MS-27JAN,"If the average value of NVIDIA H100 compute per hour is above $3 in January 2027, then the market resolves to Yes."
KXH100MS,H100 Monthly,KXH100MS-27JAN-2.750,Will the monthly average compute price of NVIDIA's H100 be above $2.75 in January 2027?,active,0.4300,0.4400,0.4500,0.4500,307.00,0.00,122.00,0.0000,2.75,2026-07-01T14:00:00Z,2027-02-01T04:59:59Z,2026-07-01T09:00:45.036506Z,2026-07-13T15:51:52.323787Z,KXH100MS-27JAN,"If the average value of NVIDIA H100 compute per hour is above $2.75 in January 2027, then the market resolves to Yes."
KXH100MS,H100 Monthly,KXH100MS-27JAN-2.500,Will the monthly average compute price of NVIDIA's H100 be above $2.50 in January 2027?,active,0.6000,0.6700,0.5300,0.5300,197.00,0.00,124.00,0.0000,2.5,2026-07-01T14:00:00Z,2027-02-01T04:59:59Z,2026-07-01T09:00:45.036506Z,2026-07-13T15:51:52.323787Z,KXH100MS-27JAN,"If the average value of NVIDIA H100 compute per hour is above $2.5 in January 2027, then the market resolves to Yes."
KXH100MS,H100 Monthly,KXH100MS-27JAN-2.250,Will the monthly average compute price of NVIDIA's H100 be above $2.25 in January 2027?,active,0.6900,0.7300,0.7000,0.6100,127.00,8.00,35.00,0.0000,2.25,2026-07-01T14:00:00Z,2027-02-01T04:59:59Z,2026-07-01T09:00:45.036506Z,2026-07-13T15:51:52.323787Z,KXH100MS-27JAN,"If the average value of NVIDIA H100 compute per hour is above $2.25 in January 2027, then the market resolves to Yes."
KXH100MS,H100 Monthly,KXH100MS-27JAN-2.000,Will the monthly average compute price of NVIDIA's H100 be above $2.00 in January 2027?,active,0.7800,0.8300,0.8200,0.8500,1340.00,624.00,266.00,0.0000,2.0,2026-07-01T14:00:00Z,2027-02-01T04:59:59Z,2026-07-01T09:00:45.036506Z,2026-07-13T15:51:52.34943Z,KXH100MS-27JAN,"If the average value of NVIDIA H100 compute per hour is above $2 in January 2027, then the market resolves to Yes."
KXH100MS,H100 Monthly,KXH100MS-26DEC-4.000,Will the monthly average compute price of NVIDIA's H100 be above $4.00 in December 2026?,active,0.0800,0.1700,0.1300,0.1300,1537.00,0.00,1528.00,0.0000,4.0,2026-07-01T14:00:00Z,2027-01-01T04:59:59Z,2026-07-01T09:00:44.40694Z,2026-07-13T15:42:00.767Z,KXH100MS-26DEC,"If the average value of NVIDIA H100 compute per hour is above $4 in December 2026, then the market resolves to Yes."
KXH100MS,H100 Monthly,KXH100MS-26DEC-3.750,Will the monthly average compute price of NVIDIA's H100 be above $3.75 in December 2026?,active,0.2300,0.2400,0.0500,0.0500,37.00,0.00,12.00,0.0000,3.75,2026-07-01T14:00:00Z,2027-01-01T04:59:59Z,2026-07-01T09:00:44.40694Z,2026-07-13T15:42:00.767Z,KXH100MS-26DEC,"If the average value of NVIDIA H100 compute per hour is above $3.75 in December 2026, then the market resolves to Yes."
KXH100MS,H100 Monthly,KXH100MS-26DEC-3.500,Will the monthly average compute price of NVIDIA's H100 be above $3.50 in December 2026?,active,0.2700,0.2800,0.2400,0.2400,671.11,0.00,120.00,0.0000,3.5,2026-07-01T14:00:00Z,2027-01-01T04:59:59Z,2026-07-01T09:00:44.40694Z,2026-07-13T15:42:00.767Z,KXH100MS-26DEC,"If the average value of NVIDIA H100 compute per hour is above $3.5 in December 2026, then the market resolves to Yes."
KXH100MS,H100 Monthly,KXH100MS-26DEC-3.250,Will the monthly average compute price of NVIDIA's H100 be above $3.25 in December 2026?,active,0.3400,0.3500,0.3100,0.3100,48.00,0.00,26.65,0.0000,3.25,2026-07-01T14:00:00Z,2027-01-01T04:59:59Z,2026-07-01T09:00:44.40694Z,2026-07-13T15:42:00.767Z,KXH100MS-26DEC,"If the average value of NVIDIA H100 compute per hour is above $3.25 in December 2026, then the market resolves to Yes."
KXH100MS,H100 Monthly,KXH100MS-26DEC-3.000,Will the monthly average compute price of NVIDIA's H100 be above $3.00 in December 2026?,active,0.4000,0.4100,0.4100,0.3800,280.85,4.00,116.85,0.0000,3.0,2026-07-01T14:00:00Z,2027-01-01T04:59:59Z,2026-07-01T09:00:44.40694Z,2026-07-13T15:42:00.767Z,KXH100MS-26DEC,"If the average value of NVIDIA H100 compute per hour is above $3 in December 2026, then the market resolves to Yes."
KXH100MS,H100 Monthly,KXH100MS-26DEC-2.750,Will the monthly average compute price of NVIDIA's H100 be above $2.75 in December 2026?,active,0.5000,0.5100,0.5300,0.5300,133.00,0.00,24.00,0.0000,2.75,2026-07-01T14:00:00Z,2027-01-01T04:59:59Z,2026-07-01T09:00:44.40694Z,2026-07-13T15:42:00.767Z,KXH100MS-26DEC,"If the average value of NVIDIA H100 compute per hour is above $2.75 in December 2026, then the market resolves to Yes."
KXH100MS,H100 Monthly,KXH100MS-26DEC-2.500,Will the monthly average compute price of NVIDIA's H100 be above $2.50 in December 2026?,active,0.5900,0.6000,0.5600,0.5900,420.00,3.00,140.00,0.0000,2.5,2026-07-01T14:00:00Z,2027-01-01T04:59:59Z,2026-07-01T09:00:44.40694Z,2026-07-13T15:42:00.767Z,KXH100MS-26DEC,"If the average value of NVIDIA H100 compute per hour is above $2.5 in December 2026, then the market resolves to Yes."
KXH100MS,H100 Monthly,KXH100MS-26DEC-2.250,Will the monthly average compute price of NVIDIA's H100 be above $2.25 in December 2026?,active,0.7200,0.7700,0.7500,0.7000,2264.00,1304.00,1056.00,0.0000,2.25,2026-07-01T14:00:00Z,2027-01-01T04:59:59Z,2026-07-01T09:00:44.40694Z,2026-07-13T15:42:00.767Z,KXH100MS-26DEC,"If the average value of NVIDIA H100 compute per hour is above $2.25 in December 2026, then the market resolves to Yes."
KXH100MS,H100 Monthly,KXH100MS-26DEC-2.000,Will the monthly average compute price of NVIDIA's H100 be above $2.00 in December 2026?,active,0.8800,0.9200,0.8900,0.8600,1744.00,526.00,450.00,0.0000,2.0,2026-07-01T14:00:00Z,2027-01-01T04:59:59Z,2026-07-01T09:00:44.40694Z,2026-07-13T15:42:00.7966Z,KXH100MS-26DEC,"If the average value of NVIDIA H100 compute per hour is above $2 in December 2026, then the market resolves to Yes."
KXH100MS,H100 Monthly,KXH100MS-26NOV-4.000,Will the monthly average compute price of NVIDIA's H100 be above $4.00 in November 2026?,active,0.1200,0.1500,0.0700,0.0700,336.00,0.00,204.00,0.0000,4.0,2026-07-01T14:00:00Z,2026-12-01T04:59:59Z,2026-07-01T09:00:43.760861Z,2026-07-13T15:42:42.225104Z,KXH100MS-26NOV,"If the average value of NVIDIA H100 compute per hour is above $4 in November 2026, then the market resolves to Yes."
KXH100MS,H100 Monthly,KXH100MS-26NOV-3.750,Will the monthly average compute price of NVIDIA's H100 be above $3.75 in November 2026?,active,0.1800,0.1900,0.1900,0.1900,473.00,0.00,115.00,0.0000,3.75,2026-07-01T14:00:00Z,2026-12-01T04:59:59Z,2026-07-01T09:00:43.760861Z,2026-07-13T15:42:42.225104Z,KXH100MS-26NOV,"If the average value of NVIDIA H100 compute per hour is above $3.75 in November 2026, then the market resolves to Yes."
KXH100MS,H100 Monthly,KXH100MS-26NOV-3.500,Will the monthly average compute price of NVIDIA's H100 be above $3.50 in November 2026?,active,0.2700,0.2800,0.1600,0.1600,81.00,0.00,36.00,0.0000,3.5,2026-07-01T14:00:00Z,2026-12-01T04:59:59Z,2026-07-01T09:00:43.760861Z,2026-07-13T15:42:42.225104Z,KXH100MS-26NOV,"If the average value of NVIDIA H100 compute per hour is above $3.5 in November 2026, then the market resolves to Yes."
KXH100MS,H100 Monthly,KXH100MS-26NOV-3.250,Will the monthly average compute price of NVIDIA's H100 be above $3.25 in November 2026?,active,0.3400,0.3500,0.2300,0.2300,3.00,0.00,3.00,0.0000,3.25,2026-07-01T14:00:00Z,2026-12-01T04:59:59Z,2026-07-01T09:00:43.760861Z,2026-07-13T15:42:42.225104Z,KXH100MS-26NOV,"If the average value of NVIDIA H100 compute per hour is above $3.25 in November 2026, then the market resolves to Yes."
KXH100MS,H100 Monthly,KXH100MS-26NOV-3.000,Will the monthly average compute price of NVIDIA's H100 be above $3.00 in November 2026?,active,0.4400,0.4700,0.4100,0.4100,100.00,0.00,30.00,0.0000,3.0,2026-07-01T14:00:00Z,2026-12-01T04:59:59Z,2026-07-01T09:00:43.760861Z,2026-07-13T15:42:42.225104Z,KXH100MS-26NOV,"If the average value of NVIDIA H100 compute per hour is above $3 in November 2026, then the market resolves to Yes."
KXH100MS,H100 Monthly,KXH100MS-26NOV-2.750,Will the monthly average compute price of NVIDIA's H100 be above $2.75 in November 2026?,active,0.5300,0.6000,0.5000,0.5000,495.00,0.00,70.00,0.0000,2.75,2026-07-01T14:00:00Z,2026-12-01T04:59:59Z,2026-07-01T09:00:43.760861Z,2026-07-13T15:42:42.225104Z,KXH100MS-26NOV,"If the average value of NVIDIA H100 compute per hour is above $2.75 in November 2026, then the market resolves to Yes."
KXH100MS,H100 Monthly,KXH100MS-26NOV-2.500,Will the monthly average compute price of NVIDIA's H100 be above $2.50 in November 2026?,active,0.6300,0.7100,0.7100,0.5900,354.29,1.29,114.00,0.0000,2.5,2026-07-01T14:00:00Z,2026-12-01T04:59:59Z,2026-07-01T09:00:43.760861Z,2026-07-13T15:42:42.225104Z,KXH100MS-26NOV,"If the average value of NVIDIA H100 compute per hour is above $2.5 in November 2026, then the market resolves to Yes."
KXH100MS,H100 Monthly,KXH100MS-26NOV-2.250,Will the monthly average compute price of NVIDIA's H100 be above $2.25 in November 2026?,active,0.8300,0.8500,0.8600,0.7600,1827.00,831.00,666.00,0.0000,2.25,2026-07-01T14:00:00Z,2026-12-01T04:59:59Z,2026-07-01T09:00:43.760861Z,2026-07-13T15:42:42.225104Z,KXH100MS-26NOV,"If the average value of NVIDIA H100 compute per hour is above $2.25 in November 2026, then the market resolves to Yes."
KXH100MS,H100 Monthly,KXH100MS-26NOV-2.000,Will the monthly average compute price of NVIDIA's H100 be above $2.00 in November 2026?,active,0.8900,0.9300,0.9000,0.8700,1295.00,577.00,426.00,0.0000,2.0,2026-07-01T14:00:00Z,2026-12-01T04:59:59Z,2026-07-01T09:00:43.760861Z,2026-07-13T15:42:42.251477Z,KXH100MS-26NOV,"If the average value of NVIDIA H100 compute per hour is above $2 in November 2026, then the market resolves to Yes."
KXH100MS,H100 Monthly,KXH100MS-26OCT-4.000,Will the monthly average compute price of NVIDIA's H100 be above $4.00 in October 2026?,active,0.0800,0.1200,0.0400,0.0400,880.00,0.00,299.00,0.0000,4.0,2026-07-01T14:00:00Z,2026-11-01T03:59:59Z,2026-07-01T09:00:43.112918Z,2026-07-13T15:41:08.421635Z,KXH100MS-26OCT,"If the average value of NVIDIA H100 compute per hour is above $4 in October 2026, then the market resolves to Yes."
KXH100MS,H100 Monthly,KXH100MS-26OCT-3.750,Will the monthly average compute price of NVIDIA's H100 be above $3.75 in October 2026?,active,0.1200,0.1400,0.0800,0.0800,101.00,0.00,71.00,0.0000,3.75,2026-07-01T14:00:00Z,2026-11-01T03:59:59Z,2026-07-01T09:00:43.112918Z,2026-07-13T15:41:08.421635Z,KXH100MS-26OCT,"If the average value of NVIDIA H100 compute per hour is above $3.75 in October 2026, then the market resolves to Yes."
KXH100MS,H100 Monthly,KXH100MS-26OCT-3.500,Will the monthly average compute price of NVIDIA's H100 be above $3.50 in October 2026?,active,0.2300,0.2700,0.2300,0.2300,499.00,0.00,137.00,0.0000,3.5,2026-07-01T14:00:00Z,2026-11-01T03:59:59Z,2026-07-01T09:00:43.112918Z,2026-07-13T15:41:08.421635Z,KXH100MS-26OCT,"If the average value of NVIDIA H100 compute per hour is above $3.5 in October 2026, then the market resolves to Yes."
KXH100MS,H100 Monthly,KXH100MS-26OCT-3.250,Will the monthly average compute price of NVIDIA's H100 be above $3.25 in October 2026?,active,0.3000,0.3100,0.2800,0.2800,978.00,0.00,241.00,0.0000,3.25,2026-07-01T14:00:00Z,2026-11-01T03:59:59Z,2026-07-01T09:00:43.112918Z,2026-07-13T15:41:08.421635Z,KXH100MS-26OCT,"If the average value of NVIDIA H100 compute per hour is above $3.25 in October 2026, then the market resolves to Yes."
KXH100MS,H100 Monthly,KXH100MS-26OCT-3.000,Will the monthly average compute price of NVIDIA's H100 be above $3.00 in October 2026?,active,0.4600,0.5100,0.4200,0.4200,482.00,0.00,110.00,0.0000,3.0,2026-07-01T14:00:00Z,2026-11-01T03:59:59Z,2026-07-01T09:00:43.112918Z,2026-07-13T15:41:08.421635Z,KXH100MS-26OCT,"If the average value of NVIDIA H100 compute per hour is above $3 in October 2026, then the market resolves to Yes."
KXH100MS,H100 Monthly,KXH100MS-26OCT-2.750,Will the monthly average compute price of NVIDIA's H100 be above $2.75 in October 2026?,active,0.5900,0.6300,0.6300,0.6300,202.00,0.00,74.00,0.0000,2.75,2026-07-01T14:00:00Z,2026-11-01T03:59:59Z,2026-07-01T09:00:43.112918Z,2026-07-13T15:41:08.421635Z,KXH100MS-26OCT,"If the average value of NVIDIA H100 compute per hour is above $2.75 in October 2026, then the market resolves to Yes."
KXH100MS,H100 Monthly,KXH100MS-26OCT-2.500,Will the monthly average compute price of NVIDIA's H100 be above $2.50 in October 2026?,active,0.7600,0.7700,0.7700,0.7500,122.20,1.20,59.20,0.0000,2.5,2026-07-01T14:00:00Z,2026-11-01T03:59:59Z,2026-07-01T09:00:43.112918Z,2026-07-13T15:41:08.421635Z,KXH100MS-26OCT,"If the average value of NVIDIA H100 compute per hour is above $2.5 in October 2026, then the market resolves to Yes."
KXH100MS,H100 Monthly,KXH100MS-26OCT-2.250,Will the monthly average compute price of NVIDIA's H100 be above $2.25 in October 2026?,active,0.8800,0.9000,0.8800,0.9000,4161.00,2516.00,1442.00,0.0000,2.25,2026-07-01T14:00:00Z,2026-11-01T03:59:59Z,2026-07-01T09:00:43.112918Z,2026-07-13T15:41:08.421635Z,KXH100MS-26OCT,"If the average value of NVIDIA H100 compute per hour is above $2.25 in October 2026, then the market resolves to Yes."
KXH100MS,H100 Monthly,KXH100MS-26OCT-2.000,Will the monthly average compute price of NVIDIA's H100 be above $2.00 in October 2026?,active,0.8800,0.9300,0.8700,0.9300,1958.00,283.00,380.00,0.0000,2.0,2026-07-01T14:00:00Z,2026-11-01T03:59:59Z,2026-07-01T09:00:43.112918Z,2026-07-13T15:41:08.446906Z,KXH100MS-26OCT,"If the average value of NVIDIA H100 compute per hour is above $2 in October 2026, then the market resolves to Yes."
KXH100MS,H100 Monthly,KXH100MS-26SEP-4.000,Will the monthly average compute price of NVIDIA's H100 be above $4.00 in September 2026?,active,0.0300,0.0400,0.0400,0.0400,185.00,0.00,183.00,0.0000,4.0,2026-07-01T14:00:00Z,2026-10-01T03:59:59Z,2026-07-01T09:00:42.529609Z,2026-07-13T15:40:12.739156Z,KXH100MS-26SEP,"If the average value of NVIDIA H100 compute per hour is above $4 in September 2026, then the market resolves to Yes."
KXH100MS,H100 Monthly,KXH100MS-26SEP-3.750,Will the monthly average compute price of NVIDIA's H100 be above $3.75 in September 2026?,active,0.0200,0.0500,0.0500,0.0500,276.00,0.00,181.00,0.0000,3.75,2026-07-01T14:00:00Z,2026-10-01T03:59:59Z,2026-07-01T09:00:42.529609Z,2026-07-13T15:40:12.739156Z,KXH100MS-26SEP,"If the average value of NVIDIA H100 compute per hour is above $3.75 in September 2026, then the market resolves to Yes."
KXH100MS,H100 Monthly,KXH100MS-26SEP-3.500,Will the monthly average compute price of NVIDIA's H100 be above $3.50 in September 2026?,active,0.0800,0.1200,0.1200,0.1200,156.00,0.00,71.00,0.0000,3.5,2026-07-01T14:00:00Z,2026-10-01T03:59:59Z,2026-07-01T09:00:42.529609Z,2026-07-13T15:40:12.739156Z,KXH100MS-26SEP,"If the average value of NVIDIA H100 compute per hour is above $3.5 in September 2026, then the market resolves to Yes."
KXH100MS,H100 Monthly,KXH100MS-26SEP-3.250,Will the monthly average compute price of NVIDIA's H100 be above $3.25 in September 2026?,active,0.2200,0.2600,0.2200,0.2000,2844.00,18.00,689.00,0.0000,3.25,2026-07-01T14:00:00Z,2026-10-01T03:59:59Z,2026-07-01T09:00:42.529609Z,2026-07-13T15:40:12.739156Z,KXH100MS-26SEP,"If the average value of NVIDIA H100 compute per hour is above $3.25 in September 2026, then the market resolves to Yes."
KXH100MS,H100 Monthly,KXH100MS-26SEP-3.000,Will the monthly average compute price of NVIDIA's H100 be above $3.00 in September 2026?,active,0.4400,0.4800,0.5000,0.3400,2231.19,658.56,607.00,0.0000,3.0,2026-07-01T14:00:00Z,2026-10-01T03:59:59Z,2026-07-01T09:00:42.529609Z,2026-07-13T15:40:12.739156Z,KXH100MS-26SEP,"If the average value of NVIDIA H100 compute per hour is above $3 in September 2026, then the market resolves to Yes."
KXH100MS,H100 Monthly,KXH100MS-26SEP-2.750,Will the monthly average compute price of NVIDIA's H100 be above $2.75 in September 2026?,active,0.7000,0.7500,0.7600,0.5300,2655.56,549.56,940.00,0.0000,2.75,2026-07-01T14:00:00Z,2026-10-01T03:59:59Z,2026-07-01T09:00:42.529609Z,2026-07-13T15:40:12.739156Z,KXH100MS-26SEP,"If the average value of NVIDIA H100 compute per hour is above $2.75 in September 2026, then the market resolves to Yes."
KXH100MS,H100 Monthly,KXH100MS-26SEP-2.500,Will the monthly average compute price of NVIDIA's H100 be above $2.50 in September 2026?,active,0.8300,0.9000,0.9100,0.7700,894.51,249.51,495.00,0.0000,2.5,2026-07-01T14:00:00Z,2026-10-01T03:59:59Z,2026-07-01T09:00:42.529609Z,2026-07-13T15:40:12.739156Z,KXH100MS-26SEP,"If the average value of NVIDIA H100 compute per hour is above $2.5 in September 2026, then the market resolves to Yes."
KXH100MS,H100 Monthly,KXH100MS-26SEP-2.250,Will the monthly average compute price of NVIDIA's H100 be above $2.25 in September 2026?,active,0.8900,0.9300,0.9400,0.9200,2191.56,1445.56,271.00,0.0000,2.25,2026-07-01T14:00:00Z,2026-10-01T03:59:59Z,2026-07-01T09:00:42.529609Z,2026-07-13T15:40:12.739156Z,KXH100MS-26SEP,"If the average value of NVIDIA H100 compute per hour is above $2.25 in September 2026, then the market resolves to Yes."
KXH100MS,H100 Monthly,KXH100MS-26SEP-2.000,Will the monthly average compute price of NVIDIA's H100 be above $2.00 in September 2026?,active,0.9800,0.9900,0.9900,0.9600,3160.04,2567.04,1576.04,0.0000,2.0,2026-07-01T14:00:00Z,2026-10-01T03:59:59Z,2026-07-01T09:00:42.529609Z,2026-07-13T15:40:12.763058Z,KXH100MS-26SEP,"If the average value of NVIDIA H100 compute per hour is above $2 in September 2026, then the market resolves to Yes."
KXH100MS,H100 Monthly,KXH100MS-26AUG-4.000,Will the monthly average compute price of NVIDIA's H100 be above $4.00 in August 2026?,finalized,0.0000,1.0000,0.0100,0.0100,1872.30,0.00,1140.00,0.0000,4.0,2026-07-01T14:00:00Z,2026-08-31T21:54:33Z,2026-07-01T09:00:41.885997Z,2026-08-31T22:24:41.138582Z,KXH100MS-26AUG,"If the average value of NVIDIA H100 compute per hour is above $4 in August 2026, then the market resolves to Yes."
KXH100MS,H100 Monthly,KXH100MS-26AUG-3.750,Will the monthly average compute price of NVIDIA's H100 be above $3.75 in August 2026?,finalized,0.0000,1.0000,0.0100,0.0100,1924.50,0.00,1166.50,0.0000,3.75,2026-07-01T14:00:00Z,2026-08-31T21:54:33Z,2026-07-01T09:00:41.885997Z,2026-08-31T22:24:41.138582Z,KXH100MS-26AUG,"If the average value of NVIDIA H100 compute per hour is above $3.75 in August 2026, then the market resolves to Yes."
KXH100MS,H100 Monthly,KXH100MS-26AUG-3.500,Will the monthly average compute price of NVIDIA's H100 be above $3.50 in August 2026?,finalized,0.0000,1.0000,0.0200,0.0200,577.01,0.00,201.79,0.0000,3.5,2026-07-01T14:00:00Z,2026-08-31T21:54:33Z,2026-07-01T09:00:41.885997Z,2026-08-31T22:24:41.138582Z,KXH100MS-26AUG,"If the average value of NVIDIA H100 compute per hour is above $3.5 in August 2026, then the market resolves to Yes."
KXH100MS,H100 Monthly,KXH100MS-26AUG-3.250,Will the monthly average compute price of NVIDIA's H100 be above $3.25 in August 2026?,finalized,0.0000,1.0000,0.0100,0.0100,8532.72,0.00,6265.72,0.0000,3.25,2026-07-01T14:00:00Z,2026-08-31T21:54:33Z,2026-07-01T09:00:41.885997Z,2026-08-31T22:24:41.138582Z,KXH100MS-26AUG,"If the average value of NVIDIA H100 compute per hour is above $3.25 in August 2026, then the market resolves to Yes."
KXH100MS,H100 Monthly,KXH100MS-26AUG-3.000,Will the monthly average compute price of NVIDIA's H100 be above $3.00 in August 2026?,finalized,0.0000,1.0000,0.0100,0.0100,57840.70,2176.13,45325.23,0.0000,3.0,2026-07-01T14:00:00Z,2026-08-31T21:54:33Z,2026-07-01T09:00:41.885997Z,2026-08-31T22:24:41.138582Z,KXH100MS-26AUG,"If the average value of NVIDIA H100 compute per hour is above $3 in August 2026, then the market resolves to Yes."
KXH100MS,H100 Monthly,KXH100MS-26AUG-2.750,Will the monthly average compute price of NVIDIA's H100 be above $2.75 in August 2026?,finalized,0.0000,1.0000,0.9900,0.9900,46090.33,35.27,14791.47,0.0000,2.75,2026-07-01T14:00:00Z,2026-08-31T21:54:33Z,2026-07-01T09:00:41.885997Z,2026-08-31T22:24:41.138582Z,KXH100MS-26AUG,"If the average value of NVIDIA H100 compute per hour is above $2.75 in August 2026, then the market resolves to Yes."
KXH100MS,H100 Monthly,KXH100MS-26AUG-2.500,Will the monthly average compute price of NVIDIA's H100 be above $2.50 in August 2026?,finalized,0.0000,1.0000,0.9900,0.9900,18117.52,0.00,9390.87,0.0000,2.5,2026-07-01T14:00:00Z,2026-08-31T21:54:33Z,2026-07-01T09:00:41.885997Z,2026-08-31T22:24:41.138582Z,KXH100MS-26AUG,"If the average value of NVIDIA H100 compute per hour is above $2.5 in August 2026, then the market resolves to Yes."
KXH100MS,H100 Monthly,KXH100MS-26AUG-2.250,Will the monthly average compute price of NVIDIA's H100 be above $2.25 in August 2026?,finalized,0.0000,1.0000,0.9900,0.9900,1847.00,0.00,1424.00,0.0000,2.25,2026-07-01T14:00:00Z,2026-08-31T21:54:33Z,2026-07-01T09:00:41.885997Z,2026-08-31T22:24:41.138582Z,KXH100MS-26AUG,"If the average value of NVIDIA H100 compute per hour is above $2.25 in August 2026, then the market resolves to Yes."
KXH100MS,H100 Monthly,KXH100MS-26AUG-2.000,Will the monthly average compute price of NVIDIA's H100 be above $2.00 in August 2026?,finalized,0.0000,1.0000,0.9900,0.9900,5190.62,33.00,4641.62,0.0000,2.0,2026-07-01T14:00:00Z,2026-08-31T21:54:33Z,2026-07-01T09:00:41.885997Z,2026-08-31T22:24:41.138582Z,KXH100MS-26AUG,"If the average value of NVIDIA H100 compute per hour is above $2 in August 2026, then the market resolves to Yes."
KXH100MS,H100 Monthly,KXH100MS-26JUL-4.000,Will the monthly average compute price of NVIDIA's H100 be above $4.00 in July 2026?,finalized,0.0000,1.0000,0.0100,0.0100,2221.00,0.00,2221.00,0.0000,4.0,2026-07-01T14:00:00Z,2026-07-31T21:46:48Z,2026-07-01T09:00:41.43913Z,2026-07-31T22:16:51.096201Z,KXH100MS-26JUL,"If the average value of NVIDIA H100 compute per hour is above $4 in July 2026, then the market resolves to Yes."
KXH100MS,H100 Monthly,KXH100MS-26JUL-3.750,Will the monthly average compute price of NVIDIA's H100 be above $3.75 in July 2026?,finalized,0.0000,1.0000,0.0100,0.0100,6294.00,0.00,6294.00,0.0000,3.75,2026-07-01T14:00:00Z,2026-07-31T21:46:48Z,2026-07-01T09:00:41.43913Z,2026-07-31T22:16:51.096201Z,KXH100MS-26JUL,"If the average value of NVIDIA H100 compute per hour is above $3.75 in July 2026, then the market resolves to Yes."
KXH100MS,H100 Monthly,KXH100MS-26JUL-3.500,Will the monthly average compute price of NVIDIA's H100 be above $3.50 in July 2026?,finalized,0.0000,1.0000,0.0100,0.0100,11630.00,0.00,11612.00,0.0000,3.5,2026-07-01T14:00:00Z,2026-07-31T21:46:48Z,2026-07-01T09:00:41.43913Z,2026-07-31T22:16:51.096201Z,KXH100MS-26JUL,"If the average value of NVIDIA H100 compute per hour is above $3.5 in July 2026, then the market resolves to Yes."
KXH100MS,H100 Monthly,KXH100MS-26JUL-3.250,Will the monthly average compute price of NVIDIA's H100 be above $3.25 in July 2026?,finalized,0.0000,1.0000,0.0100,0.0100,5921.09,0.00,5529.01,0.0000,3.25,2026-07-01T14:00:00Z,2026-07-31T21:46:48Z,2026-07-01T09:00:41.43913Z,2026-07-31T22:16:51.096201Z,KXH100MS-26JUL,"If the average value of NVIDIA H100 compute per hour is above $3.25 in July 2026, then the market resolves to Yes."
KXH100MS,H100 Monthly,KXH100MS-26JUL-3.000,Will the monthly average compute price of NVIDIA's H100 be above $3.00 in July 2026?,finalized,0.0000,1.0000,0.0100,0.0100,18517.25,0.00,10777.79,0.0000,3.0,2026-07-01T14:00:00Z,2026-07-31T21:46:48Z,2026-07-01T09:00:41.43913Z,2026-07-31T22:16:51.096201Z,KXH100MS-26JUL,"If the average value of NVIDIA H100 compute per hour is above $3 in July 2026, then the market resolves to Yes."
KXH100MS,H100 Monthly,KXH100MS-26JUL-2.750,Will the monthly average compute price of NVIDIA's H100 be above $2.75 in July 2026?,finalized,0.0000,1.0000,0.0100,0.0100,33701.75,0.00,18139.14,0.0000,2.75,2026-07-01T14:00:00Z,2026-07-31T21:46:48Z,2026-07-01T09:00:41.43913Z,2026-07-31T22:16:51.096201Z,KXH100MS-26JUL,"If the average value of NVIDIA H100 compute per hour is above $2.75 in July 2026, then the market resolves to Yes."
KXH100MS,H100 Monthly,KXH100MS-26JUL-2.500,Will the monthly average compute price of NVIDIA's H100 be above $2.50 in July 2026?,finalized,0.0000,1.0000,0.9900,0.9900,6054.86,0.00,2488.04,0.0000,2.5,2026-07-01T14:00:00Z,2026-07-31T21:46:48Z,2026-07-01T09:00:41.43913Z,2026-07-31T22:16:51.096201Z,KXH100MS-26JUL,"If the average value of NVIDIA H100 compute per hour is above $2.5 in July 2026, then the market resolves to Yes."
KXH100MS,H100 Monthly,KXH100MS-26JUL-2.250,Will the monthly average compute price of NVIDIA's H100 be above $2.25 in July 2026?,finalized,0.0000,1.0000,0.9900,0.9900,1542.79,0.00,1318.00,0.0000,2.25,2026-07-01T14:00:00Z,2026-07-31T21:46:48Z,2026-07-01T09:00:41.43913Z,2026-07-31T22:16:51.096201Z,KXH100MS-26JUL,"If the average value of NVIDIA H100 compute per hour is above $2.25 in July 2026, then the market resolves to Yes."
KXH100MS,H100 Monthly,KXH100MS-26JUL-2.000,Will the monthly average compute price of NVIDIA's H100 be above $2.00 in July 2026?,finalized,0.0000,1.0000,0.9900,0.9900,5371.21,0.00,4766.00,0.0000,2.0,2026-07-01T14:00:00Z,2026-07-31T21:46:48Z,2026-07-01T09:00:41.43913Z,2026-07-31T22:16:51.096201Z,KXH100MS-26JUL,"If the average value of NVIDIA H100 compute per hour is above $2 in July 2026, then the market resolves to Yes."
KXA100MAX,A100 Yearly Directional Price,KXA100MAX-26DEC31-2.590,Will the A100 SXM4 compute per hour price be above $2.59 by Dec 31?,active,0.0200,0.0500,0.1100,0.1100,1836.92,0.00,883.46,0.0000,2.59,2026-05-27T03:59:00Z,2027-01-01T04:59:59Z,2026-05-27T03:50:04.416417Z,2026-05-27T03:59:00.832251Z,KXA100MAX-26DEC31,"If the value of A100 SXM4 compute per hour is above $2.59 by Dec 31, 2026, then the market resolves to Yes."
KXA100MAX,A100 Yearly Directional Price,KXA100MAX-26DEC31-2.440,Will the A100 SXM4 compute per hour price be above $2.44 by Dec 31?,active,0.0200,0.0500,0.0800,0.0800,2073.47,0.00,783.74,0.0000,2.44,2026-05-27T03:59:00Z,2027-01-01T04:59:59Z,2026-05-27T03:50:04.416417Z,2026-05-27T03:59:00.832251Z,KXA100MAX-26DEC31,"If the value of A100 SXM4 compute per hour is above $2.44 by Dec 31, 2026, then the market resolves to Yes."
KXA100MAX,A100 Yearly Directional Price,KXA100MAX-26DEC31-2.290,Will the A100 SXM4 compute per hour price be above $2.29 by Dec 31?,active,0.0200,0.0600,0.0800,0.0800,2398.55,0.00,1094.99,0.0000,2.29,2026-05-27T03:59:00Z,2027-01-01T04:59:59Z,2026-05-27T03:50:04.416417Z,2026-05-27T03:59:00.832251Z,KXA100MAX-26DEC31,"If the value of A100 SXM4 compute per hour is above $2.29 by Dec 31, 2026, then the market resolves to Yes."
KXA100MAX,A100 Yearly Directional Price,KXA100MAX-26DEC31-2.140,Will the A100 SXM4 compute per hour price be above $2.14 by Dec 31?,active,0.0200,0.0600,0.0600,0.0600,1870.87,0.00,874.24,0.0000,2.14,2026-05-27T03:59:00Z,2027-01-01T04:59:59Z,2026-05-27T03:50:04.416417Z,2026-05-27T03:59:00.832251Z,KXA100MAX-26DEC31,"If the value of A100 SXM4 compute per hour is above $2.14 by Dec 31, 2026, then the market resolves to Yes."
KXA100MAX,A100 Yearly Directional Price,KXA100MAX-26DEC31-1.990,Will the A100 SXM4 compute per hour price be above $1.99 by Dec 31?,active,0.0300,0.0600,0.0700,0.0700,1954.59,0.00,870.70,0.0000,1.99,2026-05-27T03:59:00Z,2027-01-01T04:59:59Z,2026-05-27T03:50:04.416417Z,2026-05-27T03:59:00.832251Z,KXA100MAX-26DEC31,"If the value of A100 SXM4 compute per hour is above $1.99 by Dec 31, 2026, then the market resolves to Yes."
KXA100MAX,A100 Yearly Directional Price,KXA100MAX-26DEC31-1.840,Will the A100 SXM4 compute per hour price be above $1.84 on Dec 31?,active,0.0600,0.1100,0.0800,0.0800,3229.21,0.00,303.84,0.0000,1.84,2026-05-27T03:59:00Z,2027-01-01T04:59:59Z,2026-05-27T03:50:04.416417Z,2026-05-27T03:59:00.832251Z,KXA100MAX-26DEC31,"If the value of A100 SXM4 compute per hour is above $1.84 by Dec 31, 2026, then the market resolves to Yes."
KXA100MAX,A100 Yearly Directional Price,KXA100MAX-26DEC31-1.690,Will the A100 SXM4 compute per hour price be above $1.69 by Dec 31?,active,0.0900,0.1400,0.0700,0.0700,2500.33,0.00,851.06,0.0000,1.69,2026-05-27T03:59:00Z,2027-01-01T04:59:59Z,2026-05-27T03:50:04.416417Z,2026-05-27T03:59:00.832251Z,KXA100MAX-26DEC31,"If the value of A100 SXM4 compute per hour is above $1.69 by Dec 31, 2026, then the market resolves to Yes."
KXA100MAX,A100 Yearly Directional Price,KXA100MAX-26DEC31-1.540,Will the A100 SXM4 compute per hour price be above $1.54 by Dec 31?,active,0.4000,0.5700,0.5400,0.5400,2347.92,0.00,345.49,0.0000,1.54,2026-05-27T03:59:00Z,2027-01-01T04:59:59Z,2026-05-27T03:50:04.416417Z,2026-05-27T03:59:00.832251Z,KXA100MAX-26DEC31,"If the value of A100 SXM4 compute per hour is above $1.54 by Dec 31, 2026, then the market resolves to Yes."
KXA100MAX,A100 Yearly Directional Price,KXA100MAX-26DEC31-1.390,Will the A100 SXM4 compute per hour price be above $1.39 by Dec 31?,active,0.5500,0.6200,0.5700,0.5700,1526.36,0.00,206.65,0.0000,1.39,2026-05-27T03:59:00Z,2027-01-01T04:59:59Z,2026-05-27T03:50:04.416417Z,2026-05-27T03:59:00.832251Z,KXA100MAX-26DEC31,"If the value of A100 SXM4 compute per hour is above $1.39 by Dec 31, 2026, then the market resolves to Yes."
KXH100MON,H100 Monthly Price,KXH100MON-26AUG31-3.210,Will the H100 SXM compute per hour price be above $3.21 on Aug 31?,finalized,0.0000,1.0000,0.0300,0.1200,3639.00,396.00,1418.00,0.0000,3.21,2026-08-02T00:00:00Z,2026-08-31T21:08:20Z,2026-08-01T09:00:33.498689Z,2026-08-31T21:38:21.221289Z,KXH100MON-26AUG31,"If the value of H100 SXM compute per hour is above $3.21 on Aug 31, 2026, then the market resolves to Yes."
KXH100MON,H100 Monthly Price,KXH100MON-26AUG31-3.160,Will the H100 SXM compute per hour price be above $3.16 on Aug 31?,finalized,0.0000,1.0000,0.0500,0.0500,1992.00,205.00,815.00,0.0000,3.16,2026-08-02T00:00:00Z,2026-08-31T21:08:20Z,2026-08-01T09:00:33.498689Z,2026-08-31T21:38:21.221289Z,KXH100MON-26AUG31,"If the value of H100 SXM compute per hour is above $3.16 on Aug 31, 2026, then the market resolves to Yes."
KXH100MON,H100 Monthly Price,KXH100MON-26AUG31-3.110,Will the H100 SXM compute per hour price be above $3.11 on Aug 31?,finalized,0.0000,1.0000,0.0800,0.1000,1632.99,249.99,707.00,0.0000,3.11,2026-08-02T00:00:00Z,2026-08-31T21:08:20Z,2026-08-01T09:00:33.498689Z,2026-08-31T21:38:21.221289Z,KXH100MON-26AUG31,"If the value of H100 SXM compute per hour is above $3.11 on Aug 31, 2026, then the market resolves to Yes."
KXH100MON,H100 Monthly Price,KXH100MON-26AUG31-3.060,Will the H100 SXM compute per hour price be above $3.06 on Aug 31?,finalized,0.0000,1.0000,0.0400,0.0900,1839.01,444.02,827.01,0.0000,3.06,2026-08-02T00:00:00Z,2026-08-31T21:08:20Z,2026-08-01T09:00:33.498689Z,2026-08-31T21:38:21.221289Z,KXH100MON-26AUG31,"If the value of H100 SXM compute per hour is above $3.06 on Aug 31, 2026, then the market resolves to Yes."
KXH100MON,H100 Monthly Price,KXH100MON-26AUG31-3.010,Will the H100 SXM compute per hour price be above $3.01 on Aug 31?,finalized,0.0000,1.0000,0.0400,0.3600,2731.56,608.25,1042.45,0.0000,3.01,2026-08-02T00:00:00Z,2026-08-31T21:08:20Z,2026-08-01T09:00:33.498689Z,2026-08-31T21:38:21.221289Z,KXH100MON-26AUG31,"If the value of H100 SXM compute per hour is above $3.01 on Aug 31, 2026, then the market resolves to Yes."
KXH100MON,H100 Monthly Price,KXH100MON-26AUG31-2.960,Will the H100 SXM compute per hour price be above $2.96 on Aug 31?,finalized,0.0000,1.0000,0.9500,0.6000,3778.35,705.08,1123.26,0.0000,2.96,2026-08-02T00:00:00Z,2026-08-31T21:08:20Z,2026-08-01T09:00:33.498689Z,2026-08-31T21:38:21.221289Z,KXH100MON-26AUG31,"If the value of H100 SXM compute per hour is above $2.96 on Aug 31, 2026, then the market resolves to Yes."
KXH100MON,H100 Monthly Price,KXH100MON-26AUG31-2.910,Will the H100 SXM compute per hour price be above $2.91 on Aug 31?,finalized,0.0000,1.0000,0.9400,0.7200,3745.01,413.65,786.42,0.0000,2.91,2026-08-02T00:00:00Z,2026-08-31T21:08:20Z,2026-08-01T09:00:33.498689Z,2026-08-31T21:38:21.221289Z,KXH100MON-26AUG31,"If the value of H100 SXM compute per hour is above $2.91 on Aug 31, 2026, then the market resolves to Yes."
KXH100MON,H100 Monthly Price,KXH100MON-26AUG31-2.860,Will the H100 SXM compute per hour price be above $2.86 on Aug 31?,finalized,0.0000,1.0000,0.9900,0.8800,3707.59,399.87,729.49,0.0000,2.86,2026-08-02T00:00:00Z,2026-08-31T21:08:20Z,2026-08-01T09:00:33.498689Z,2026-08-31T21:38:21.221289Z,KXH100MON-26AUG31,"If the value of H100 SXM compute per hour is above $2.86 on Aug 31, 2026, then the market resolves to Yes."
KXH100MON,H100 Monthly Price,KXH100MON-26AUG31-2.810,Will the H100 SXM compute per hour price be above $2.81 on Aug 31?,finalized,0.0000,1.0000,0.9900,0.9400,2978.56,15.00,921.82,0.0000,2.81,2026-08-02T00:00:00Z,2026-08-31T21:08:20Z,2026-08-01T09:00:33.498689Z,2026-08-31T21:38:21.221289Z,KXH100MON-26AUG31,"If the value of H100 SXM compute per hour is above $2.81 on Aug 31, 2026, then the market resolves to Yes."
KXH100MON,H100 Monthly Price,KXH100MON-26AUG31-2.760,Will the H100 SXM compute per hour price be above $2.76 on Aug 31?,finalized,0.0000,1.0000,0.9900,0.9500,4301.00,256.00,1361.37,0.0000,2.76,2026-08-02T00:00:00Z,2026-08-31T21:08:20Z,2026-08-01T09:00:33.498689Z,2026-08-31T21:38:21.221289Z,KXH100MON-26AUG31,"If the value of H100 SXM compute per hour is above $2.76 on Aug 31, 2026, then the market resolves to Yes."
KXH100MON,H100 Monthly Price,KXH100MON-26AUG31-2.710,Will the H100 SXM compute per hour price be above $2.71 on Aug 31?,finalized,0.0000,1.0000,0.9900,0.9600,4938.66,207.00,1024.85,0.0000,2.71,2026-08-02T00:00:00Z,2026-08-31T21:08:20Z,2026-08-01T09:00:33.498689Z,2026-08-31T21:38:21.221289Z,KXH100MON-26AUG31,"If the value of H100 SXM compute per hour is above $2.71 on Aug 31, 2026, then the market resolves to Yes."
KXH100MON,H100 Monthly Price,KXH100MON-26AUG31-2.660,Will the H100 SXM compute per hour price be above $2.66 on Aug 31?,finalized,0.0000,1.0000,0.9900,0.9300,4434.93,252.00,1413.76,0.0000,2.66,2026-08-02T00:00:00Z,2026-08-31T21:08:20Z,2026-08-01T09:00:33.498689Z,2026-08-31T21:38:21.221289Z,KXH100MON-26AUG31,"If the value of H100 SXM compute per hour is above $2.66 on Aug 31, 2026, then the market resolves to Yes."
KXH100MON,H100 Monthly Price,KXH100MON-26AUG31-2.610,Will the H100 SXM compute per hour price be above $2.61 on Aug 31?,finalized,0.0000,1.0000,0.9900,0.9600,3490.51,220.00,1148.88,0.0000,2.61,2026-08-02T00:00:00Z,2026-08-31T21:08:20Z,2026-08-01T09:00:33.498689Z,2026-08-31T21:38:21.221289Z,KXH100MON-26AUG31,"If the value of H100 SXM compute per hour is above $2.61 on Aug 31, 2026, then the market resolves to Yes."
KXH100MON,H100 Monthly Price,KXH100MON-26AUG31-2.560,Will the H100 SXM compute per hour price be above $2.56 on Aug 31?,finalized,0.0000,1.0000,0.9900,0.9800,3370.32,15.00,971.75,0.0000,2.56,2026-08-02T00:00:00Z,2026-08-31T21:08:20Z,2026-08-01T09:00:33.498689Z,2026-08-31T21:38:21.221289Z,KXH100MON-26AUG31,"If the value of H100 SXM compute per hour is above $2.56 on Aug 31, 2026, then the market resolves to Yes."
KXH100MON,H100 Monthly Price,KXH100MON-26AUG31-2.510,Will the H100 SXM compute per hour price be above $2.51 on Aug 31?,finalized,0.0000,1.0000,0.9900,0.9900,1567.27,5.00,775.01,0.0000,2.51,2026-08-02T00:00:00Z,2026-08-31T21:08:20Z,2026-08-01T09:00:33.498689Z,2026-08-31T21:38:21.221289Z,KXH100MON-26AUG31,"If the value of H100 SXM compute per hour is above $2.51 on Aug 31, 2026, then the market resolves to Yes."
KXH100MON,H100 Monthly Price,KXH100MON-26AUG31-2.460,Will the H100 SXM compute per hour price be above $2.46 on Aug 31?,finalized,0.0000,1.0000,0.9900,0.9800,2256.40,5.00,1157.48,0.0000,2.46,2026-08-02T00:00:00Z,2026-08-31T21:08:20Z,2026-08-01T09:00:33.498689Z,2026-08-31T21:38:21.221289Z,KXH100MON-26AUG31,"If the value of H100 SXM compute per hour is above $2.46 on Aug 31, 2026, then the market resolves to Yes."
KXH100MON,H100 Monthly Price,KXH100MON-26AUG31-2.410,Will the H100 SXM compute per hour price be above $2.41 on Aug 31?,finalized,0.0000,1.0000,0.9700,0.9800,1673.00,6.00,1038.00,0.0000,2.41,2026-08-02T00:00:00Z,2026-08-31T21:08:20Z,2026-08-01T09:00:33.498689Z,2026-08-31T21:38:21.221289Z,KXH100MON-26AUG31,"If the value of H100 SXM compute per hour is above $2.41 on Aug 31, 2026, then the market resolves to Yes."
KXH100MON,H100 Monthly Price,KXH100MON-26AUG31-2.360,Will the H100 SXM compute per hour price be above $2.36 on Aug 31?,finalized,0.0000,1.0000,0.9900,0.9800,2374.01,5.00,1977.01,0.0000,2.36,2026-08-02T00:00:00Z,2026-08-31T21:08:20Z,2026-08-01T09:00:33.498689Z,2026-08-31T21:38:21.221289Z,KXH100MON-26AUG31,"If the value of H100 SXM compute per hour is above $2.36 on Aug 31, 2026, then the market resolves to Yes."
KXH100MON,H100 Monthly Price,KXH100MON-26AUG31-2.310,Will the H100 SXM compute per hour price be above $2.31 on Aug 31?,finalized,0.0000,1.0000,0.9900,0.9900,3245.01,5.00,2555.01,0.0000,2.31,2026-08-02T00:00:00Z,2026-08-31T21:08:20Z,2026-08-01T09:00:33.498689Z,2026-08-31T21:38:21.221289Z,KXH100MON-26AUG31,"If the value of H100 SXM compute per hour is above $2.31 on Aug 31, 2026, then the market resolves to Yes."
KXH100MON,H100 Monthly Price,KXH100MON-26AUG31-2.260,Will the H100 SXM compute per hour price be above $2.26 on Aug 31?,finalized,0.0000,1.0000,0.9900,0.9700,3678.76,5.00,3054.25,0.0000,2.26,2026-08-02T00:00:00Z,2026-08-31T21:08:20Z,2026-08-01T09:00:33.498689Z,2026-08-31T21:38:21.221289Z,KXH100MON-26AUG31,"If the value of H100 SXM compute per hour is above $2.26 on Aug 31, 2026, then the market resolves to Yes."
KXH100MON,H100 Monthly Price,KXH100MON-26JUL31-2.910,Will the H100 SXM compute per hour price be above $2.91 on Jul 31?,finalized,0.0000,1.0000,0.0100,0.0100,4964.57,0.00,2733.53,0.0000,2.91,2026-07-02T00:00:00Z,2026-08-01T03:59:59Z,2026-07-01T09:00:31.697557Z,2026-08-01T04:40:40.973151Z,KXH100MON-26JUL31,"If the value of H100 SXM compute per hour is above $2.91 on Jul 31, 2026, then the market resolves to Yes."
KXH100MON,H100 Monthly Price,KXH100MON-26JUL31-2.860,Will the H100 SXM compute per hour price be above $2.86 on Jul 31?,finalized,0.0000,1.0000,0.0100,0.0100,4351.08,0.00,2474.98,0.0000,2.86,2026-07-02T00:00:00Z,2026-08-01T03:59:59Z,2026-07-01T09:00:31.697557Z,2026-08-01T04:40:40.973151Z,KXH100MON-26JUL31,"If the value of H100 SXM compute per hour is above $2.86 on Jul 31, 2026, then the market resolves to Yes."
KXH100MON,H100 Monthly Price,KXH100MON-26JUL31-2.810,Will the H100 SXM compute per hour price be above $2.81 on Jul 31?,finalized,0.0000,1.0000,0.0100,0.0100,7021.12,0.00,4681.62,0.0000,2.81,2026-07-02T00:00:00Z,2026-08-01T03:59:59Z,2026-07-01T09:00:31.697557Z,2026-08-01T04:40:40.973151Z,KXH100MON-26JUL31,"If the value of H100 SXM compute per hour is above $2.81 on Jul 31, 2026, then the market resolves to Yes."
KXH100MON,H100 Monthly Price,KXH100MON-26JUL31-2.760,Will the H100 SXM compute per hour price be above $2.76 on Jul 31?,finalized,0.0000,1.0000,0.0100,0.0100,9197.35,0.00,5353.67,0.0000,2.76,2026-07-02T00:00:00Z,2026-08-01T03:59:59Z,2026-07-01T09:00:31.697557Z,2026-08-01T04:40:40.973151Z,KXH100MON-26JUL31,"If the value of H100 SXM compute per hour is above $2.76 on Jul 31, 2026, then the market resolves to Yes."
KXH100MON,H100 Monthly Price,KXH100MON-26JUL31-2.710,Will the H100 SXM compute per hour price be above $2.71 on Jul 31?,finalized,0.0000,1.0000,0.9900,0.9900,11178.81,0.00,3923.53,0.0000,2.71,2026-07-02T00:00:00Z,2026-08-01T03:59:59Z,2026-07-01T09:00:31.697557Z,2026-08-01T04:40:40.973151Z,KXH100MON-26JUL31,"If the value of H100 SXM compute per hour is above $2.71 on Jul 31, 2026, then the market resolves to Yes."
KXH100MON,H100 Monthly Price,KXH100MON-26JUL31-2.660,Will the H100 SXM compute per hour price be above $2.66 on Jul 31?,finalized,0.0000,1.0000,0.9900,0.9900,4291.93,0.00,2349.99,0.0000,2.66,2026-07-02T00:00:00Z,2026-08-01T03:59:59Z,2026-07-01T09:00:31.697557Z,2026-08-01T04:40:40.973151Z,KXH100MON-26JUL31,"If the value of H100 SXM compute per hour is above $2.66 on Jul 31, 2026, then the market resolves to Yes."
KXH100MON,H100 Monthly Price,KXH100MON-26JUL31-2.610,Will the H100 SXM compute per hour price be above $2.61 on Jul 31?,finalized,0.0000,1.0000,0.9900,0.9900,5850.01,0.00,3484.64,0.0000,2.61,2026-07-02T00:00:00Z,2026-08-01T03:59:59Z,2026-07-01T09:00:31.697557Z,2026-08-01T04:40:40.973151Z,KXH100MON-26JUL31,"If the value of H100 SXM compute per hour is above $2.61 on Jul 31, 2026, then the market resolves to Yes."
KXH100MON,H100 Monthly Price,KXH100MON-26JUL31-2.560,Will the H100 SXM compute per hour price be above $2.56 on Jul 31?,finalized,0.0000,1.0000,0.9900,0.9900,3690.15,0.00,1915.27,0.0000,2.56,2026-07-02T00:00:00Z,2026-08-01T03:59:59Z,2026-07-01T09:00:31.697557Z,2026-08-01T04:40:40.973151Z,KXH100MON-26JUL31,"If the value of H100 SXM compute per hour is above $2.56 on Jul 31, 2026, then the market resolves to Yes."
KXH100MON,H100 Monthly Price,KXH100MON-26JUL31-2.510,Will the H100 SXM compute per hour price be above $2.51 on Jul 31?,finalized,0.0000,1.0000,0.9900,0.9900,3464.35,0.00,2163.22,0.0000,2.51,2026-07-02T00:00:00Z,2026-08-01T03:59:59Z,2026-07-01T09:00:31.697557Z,2026-08-01T04:40:40.973151Z,KXH100MON-26JUL31,"If the value of H100 SXM compute per hour is above $2.51 on Jul 31, 2026, then the market resolves to Yes."
KXH100MON,H100 Monthly Price,KXH100MON-26JUL31-2.460,Will the H100 SXM compute per hour price be above $2.46 on Jul 31?,finalized,0.0000,1.0000,0.9900,0.9900,2570.08,0.00,2108.08,0.0000,2.46,2026-07-02T00:00:00Z,2026-08-01T03:59:59Z,2026-07-01T09:00:31.697557Z,2026-08-01T04:40:40.973151Z,KXH100MON-26JUL31,"If the value of H100 SXM compute per hour is above $2.46 on Jul 31, 2026, then the market resolves to Yes."
KXH100MON,H100 Monthly Price,KXH100MON-26JUL31-2.410,Will the H100 SXM compute per hour price be above $2.41 on Jul 31?,finalized,0.0000,1.0000,0.9900,0.9900,2256.01,0.00,1966.00,0.0000,2.41,2026-07-02T00:00:00Z,2026-08-01T03:59:59Z,2026-07-01T09:00:31.697557Z,2026-08-01T04:40:40.973151Z,KXH100MON-26JUL31,"If the value of H100 SXM compute per hour is above $2.41 on Jul 31, 2026, then the market resolves to Yes."
KXH100MON,H100 Monthly Price,KXH100MON-26JUL31-2.360,Will the H100 SXM compute per hour price be above $2.36 on Jul 31?,finalized,0.0000,1.0000,0.9900,0.9900,2197.34,0.00,1842.40,0.0000,2.36,2026-07-02T00:00:00Z,2026-08-01T03:59:59Z,2026-07-01T09:00:31.697557Z,2026-08-01T04:40:40.973151Z,KXH100MON-26JUL31,"If the value of H100 SXM compute per hour is above $2.36 on Jul 31, 2026, then the market resolves to Yes."
KXH100MON,H100 Monthly Price,KXH100MON-26JUL31-2.310,Will the H100 SXM compute per hour price be above $2.31 on Jul 31?,finalized,0.0000,1.0000,0.9900,0.9900,2143.09,0.00,1854.07,0.0000,2.31,2026-07-02T00:00:00Z,2026-08-01T03:59:59Z,2026-07-01T09:00:31.697557Z,2026-08-01T04:40:40.973151Z,KXH100MON-26JUL31,"If the value of H100 SXM compute per hour is above $2.31 on Jul 31, 2026, then the market resolves to Yes."
KXH100MON,H100 Monthly Price,KXH100MON-26JUL31-2.260,Will the H100 SXM compute per hour price be above $2.26 on Jul 31?,finalized,0.0000,1.0000,0.9900,0.9900,2902.02,0.00,1800.01,0.0000,2.26,2026-07-02T00:00:00Z,2026-08-01T03:59:59Z,2026-07-01T09:00:31.697557Z,2026-08-01T04:40:40.973151Z,KXH100MON-26JUL31,"If the value of H100 SXM compute per hour is above $2.26 on Jul 31, 2026, then the market resolves to Yes."
KXH100MON,H100 Monthly Price,KXH100MON-26JUL31-2.210,Will the H100 SXM compute per hour price be above $2.21 on Jul 31?,finalized,0.0000,1.0000,0.9900,0.9900,1404.01,0.00,1367.01,0.0000,2.21,2026-07-02T00:00:00Z,2026-08-01T03:59:59Z,2026-07-01T09:00:31.697557Z,2026-08-01T04:40:40.973151Z,KXH100MON-26JUL31,"If the value of H100 SXM compute per hour is above $2.21 on Jul 31, 2026, then the market resolves to Yes."
KXH100MON,H100 Monthly Price,KXH100MON-26JUL31-2.160,Will the H100 SXM compute per hour price be above $2.16 on Jul 31?,finalized,0.0000,1.0000,0.9900,0.9900,1320.01,0.00,1311.01,0.0000,2.16,2026-07-02T00:00:00Z,2026-08-01T03:59:59Z,2026-07-01T09:00:31.697557Z,2026-08-01T04:40:40.973151Z,KXH100MON-26JUL31,"If the value of H100 SXM compute per hour is above $2.16 on Jul 31, 2026, then the market resolves to Yes."
KXH100MON,H100 Monthly Price,KXH100MON-26JUL31-2.110,Will the H100 SXM compute per hour price be above $2.11 on Jul 31?,finalized,0.0000,1.0000,0.9900,0.9900,1554.60,0.00,1479.60,0.0000,2.11,2026-07-02T00:00:00Z,2026-08-01T03:59:59Z,2026-07-01T09:00:31.697557Z,2026-08-01T04:40:40.973151Z,KXH100MON-26JUL31,"If the value of H100 SXM compute per hour is above $2.11 on Jul 31, 2026, then the market resolves to Yes."
KXH100MON,H100 Monthly Price,KXH100MON-26JUL31-2.060,Will the H100 SXM compute per hour price be above $2.06 on Jul 31?,finalized,0.0000,1.0000,0.9900,0.9900,1279.01,0.00,1273.01,0.0000,2.06,2026-07-02T00:00:00Z,2026-08-01T03:59:59Z,2026-07-01T09:00:31.697557Z,2026-08-01T04:40:40.973151Z,KXH100MON-26JUL31,"If the value of H100 SXM compute per hour is above $2.06 on Jul 31, 2026, then the market resolves to Yes."
KXH100MON,H100 Monthly Price,KXH100MON-26JUL31-2.010,Will the H100 SXM compute per hour price be above $2.01 on Jul 31?,finalized,0.0000,1.0000,0.9900,0.9900,1374.01,0.00,1354.01,0.0000,2.01,2026-07-02T00:00:00Z,2026-08-01T03:59:59Z,2026-07-01T09:00:31.697557Z,2026-08-01T04:40:40.973151Z,KXH100MON-26JUL31,"If the value of H100 SXM compute per hour is above $2.01 on Jul 31, 2026, then the market resolves to Yes."
KXH100MON,H100 Monthly Price,KXH100MON-26JUL31-1.960,Will the H100 SXM compute per hour price be above $1.96 on Jul 31?,finalized,0.0000,1.0000,0.9900,0.9900,1282.01,0.00,1239.01,0.0000,1.96,2026-07-02T00:00:00Z,2026-08-01T03:59:59Z,2026-07-01T09:00:31.697557Z,2026-08-01T04:40:40.973151Z,KXH100MON-26JUL31,"If the value of H100 SXM compute per hour is above $1.96 on Jul 31, 2026, then the market resolves to Yes."
KXB200WS,B200 Weekly,KXB200WS-26OCT09-9.000,Will the NVIDIA B200 compute per hour price be above $9 at 4 PM ET on Oct 09?,active,0.0200,0.0400,0.0000,0.0000,0.00,0.00,0.00,0.0000,9.0,2026-08-28T20:40:00Z,2026-10-09T20:00:00Z,2026-08-28T20:30:28.180519Z,2026-08-28T20:40:00.883705Z,KXB200WS-26OCT09,"If the value of NVIDIA B200 compute per hour is above $9 on Oct 09, 2026 at 4 PM ET, then the market resolves to Yes."
KXB200WS,B200 Weekly,KXB200WS-26OCT09-8.500,Will the NVIDIA B200 compute per hour price be above $8.5 at 4 PM ET on Oct 09?,active,0.0500,0.0800,0.0000,0.0000,0.00,0.00,0.00,0.0000,8.5,2026-08-28T20:40:00Z,2026-10-09T20:00:00Z,2026-08-28T20:30:28.180519Z,2026-08-28T20:40:00.883705Z,KXB200WS-26OCT09,"If the value of NVIDIA B200 compute per hour is above $8.5 on Oct 09, 2026 at 4 PM ET, then the market resolves to Yes."
KXB200WS,B200 Weekly,KXB200WS-26OCT09-8.000,Will the NVIDIA B200 compute per hour price be above $8 at 4 PM ET on Oct 09?,active,0.0800,0.1200,0.0000,0.0000,0.00,0.00,0.00,0.0000,8.0,2026-08-28T20:40:00Z,2026-10-09T20:00:00Z,2026-08-28T20:30:28.180519Z,2026-08-28T20:40:00.883705Z,KXB200WS-26OCT09,"If the value of NVIDIA B200 compute per hour is above $8 on Oct 09, 2026 at 4 PM ET, then the market resolves to Yes."
KXB200WS,B200 Weekly,KXB200WS-26OCT09-7.500,Will the NVIDIA B200 compute per hour price be above $7.5 at 4 PM ET on Oct 09?,active,0.1400,0.1900,0.0000,0.0000,0.00,0.00,0.00,0.0000,7.5,2026-08-28T20:40:00Z,2026-10-09T20:00:00Z,2026-08-28T20:30:28.180519Z,2026-08-28T20:40:00.883705Z,KXB200WS-26OCT09,"If the value of NVIDIA B200 compute per hour is above $7.5 on Oct 09, 2026 at 4 PM ET, then the market resolves to Yes."
KXB200WS,B200 Weekly,KXB200WS-26OCT09-7.000,Will the NVIDIA B200 compute per hour price be above $7 at 4 PM ET on Oct 09?,active,0.2300,0.2900,0.0000,0.0000,0.00,0.00,0.00,0.0000,7.0,2026-08-28T20:40:00Z,2026-10-09T20:00:00Z,2026-08-28T20:30:28.180519Z,2026-08-28T20:40:00.883705Z,KXB200WS-26OCT09,"If the value of NVIDIA B200 compute per hour is above $7 on Oct 09, 2026 at 4 PM ET, then the market resolves to Yes."
KXB200WS,B200 Weekly,KXB200WS-26OCT09-6.500,Will the NVIDIA B200 compute per hour price be above $6.5 at 4 PM ET on Oct 09?,active,0.3800,0.4200,0.0000,0.0000,0.00,0.00,0.00,0.0000,6.5,2026-08-28T20:40:00Z,2026-10-09T20:00:00Z,2026-08-28T20:30:28.180519Z,2026-08-28T20:40:00.883705Z,KXB200WS-26OCT09,"If the value of NVIDIA B200 compute per hour is above $6.5 on Oct 09, 2026 at 4 PM ET, then the market resolves to Yes."
KXB200WS,B200 Weekly,KXB200WS-26OCT09-6.000,Will the NVIDIA B200 compute per hour price be above $6 at 4 PM ET on Oct 09?,active,0.5800,0.6800,0.0000,0.0000,0.00,0.00,0.00,0.0000,6.0,2026-08-28T20:40:00Z,2026-10-09T20:00:00Z,2026-08-28T20:30:28.180519Z,2026-08-28T20:40:00.883705Z,KXB200WS-26OCT09,"If the value of NVIDIA B200 compute per hour is above $6 on Oct 09, 2026 at 4 PM ET, then the market resolves to Yes."
KXB200WS,B200 Weekly,KXB200WS-26OCT09-5.500,Will the NVIDIA B200 compute per hour price be above $5.5 at 4 PM ET on Oct 09?,active,0.8600,0.8700,0.8700,0.7500,876.00,676.00,876.00,0.0000,5.5,2026-08-28T20:40:00Z,2026-10-09T20:00:00Z,2026-08-28T20:30:28.180519Z,2026-08-28T20:40:00.883705Z,KXB200WS-26OCT09,"If the value of NVIDIA B200 compute per hour is above $5.5 on Oct 09, 2026 at 4 PM ET, then the market resolves to Yes."
KXB200WS,B200 Weekly,KXB200WS-26OCT09-5.000,Will the NVIDIA B200 compute per hour price be above $5 at 4 PM ET on Oct 09?,active,0.9300,0.9900,0.9400,0.9400,2103.00,0.00,2103.00,0.0000,5.0,2026-08-28T20:40:00Z,2026-10-09T20:00:00Z,2026-08-28T20:30:28.180519Z,2026-08-28T20:40:00.883705Z,KXB200WS-26OCT09,"If the value of NVIDIA B200 compute per hour is above $5 on Oct 09, 2026 at 4 PM ET, then the market resolves to Yes."
KXB200WS,B200 Weekly,KXB200WS-26OCT09-4.500,Will the NVIDIA B200 compute per hour price be above $4.5 at 4 PM ET on Oct 09?,active,0.9600,0.9900,0.9600,0.9600,1067.00,0.00,1067.00,0.0000,4.5,2026-08-28T20:40:00Z,2026-10-09T20:00:00Z,2026-08-28T20:30:28.180519Z,2026-08-28T20:40:00.883705Z,KXB200WS-26OCT09,"If the value of NVIDIA B200 compute per hour is above $4.5 on Oct 09, 2026 at 4 PM ET, then the market resolves to Yes."
KXB200WS,B200 Weekly,KXB200WS-26OCT09-4.000,Will the NVIDIA B200 compute per hour price be above $4 at 4 PM ET on Oct 09?,active,0.9800,0.9900,0.0000,0.0000,0.00,0.00,0.00,0.0000,4.0,2026-08-28T20:40:00Z,2026-10-09T20:00:00Z,2026-08-28T20:30:28.180519Z,2026-08-28T20:40:00.883705Z,KXB200WS-26OCT09,"If the value of NVIDIA B200 compute per hour is above $4 on Oct 09, 2026 at 4 PM ET, then the market resolves to Yes."
KXB200WS,B200 Weekly,KXB200WS-26OCT09-3.500,Will the NVIDIA B200 compute per hour price be above $3.5 at 4 PM ET on Oct 09?,active,0.9800,0.9900,0.0000,0.0000,0.00,0.00,0.00,0.0000,3.5,2026-08-28T20:40:00Z,2026-10-09T20:00:00Z,2026-08-28T20:30:28.180519Z,2026-08-28T20:40:00.883705Z,KXB200WS-26OCT09,"If the value of NVIDIA B200 compute per hour is above $3.5 on Oct 09, 2026 at 4 PM ET, then the market resolves to Yes."
KXB200WS,B200 Weekly,KXB200WS-26OCT09-3.000,Will the NVIDIA B200 compute per hour price be above $3 at 4 PM ET on Oct 09?,active,0.9800,0.9900,0.0000,0.0000,0.00,0.00,0.00,0.0000,3.0,2026-08-28T20:40:00Z,2026-10-09T20:00:00Z,2026-08-28T20:30:28.180519Z,2026-08-28T20:40:00.883705Z,KXB200WS-26OCT09,"If the value of NVIDIA B200 compute per hour is above $3 on Oct 09, 2026 at 4 PM ET, then the market resolves to Yes."
KXB200WS,B200 Weekly,KXB200WS-26OCT02-9.000,Will the NVIDIA B200 compute per hour price be above $9 at 4 PM ET on Oct 02?,active,0.0100,0.0700,0.0000,0.0000,0.00,0.00,0.00,0.0000,9.0,2026-08-21T20:40:00Z,2026-10-02T20:00:00Z,2026-08-21T20:30:26.959438Z,2026-08-21T20:40:00.992987Z,KXB200WS-26OCT02,"If the value of NVIDIA B200 compute per hour is above $9 on Oct 02, 2026 at 4 PM ET, then the market resolves to Yes."
KXB200WS,B200 Weekly,KXB200WS-26OCT02-8.500,Will the NVIDIA B200 compute per hour price be above $8.5 at 4 PM ET on Oct 02?,active,0.0300,0.0900,0.0000,0.0000,0.00,0.00,0.00,0.0000,8.5,2026-08-21T20:40:00Z,2026-10-02T20:00:00Z,2026-08-21T20:30:26.959438Z,2026-08-21T20:40:00.992987Z,KXB200WS-26OCT02,"If the value of NVIDIA B200 compute per hour is above $8.5 on Oct 02, 2026 at 4 PM ET, then the market resolves to Yes."
KXB200WS,B200 Weekly,KXB200WS-26OCT02-8.000,Will the NVIDIA B200 compute per hour price be above $8 at 4 PM ET on Oct 02?,active,0.0800,0.1100,0.0800,0.0800,1.00,0.00,1.00,0.0000,8.0,2026-08-21T20:40:00Z,2026-10-02T20:00:00Z,2026-08-21T20:30:26.959438Z,2026-08-21T20:40:00.992987Z,KXB200WS-26OCT02,"If the value of NVIDIA B200 compute per hour is above $8 on Oct 02, 2026 at 4 PM ET, then the market resolves to Yes."
KXB200WS,B200 Weekly,KXB200WS-26OCT02-7.500,Will the NVIDIA B200 compute per hour price be above $7.5 at 4 PM ET on Oct 02?,active,0.1600,0.1700,0.0000,0.0000,0.00,0.00,0.00,0.0000,7.5,2026-08-21T20:40:00Z,2026-10-02T20:00:00Z,2026-08-21T20:30:26.959438Z,2026-08-21T20:40:00.992987Z,KXB200WS-26OCT02,"If the value of NVIDIA B200 compute per hour is above $7.5 on Oct 02, 2026 at 4 PM ET, then the market resolves to Yes."
KXB200WS,B200 Weekly,KXB200WS-26OCT02-7.000,Will the NVIDIA B200 compute per hour price be above $7 at 4 PM ET on Oct 02?,active,0.2900,0.3000,0.3200,0.3200,39.00,0.00,20.00,0.0000,7.0,2026-08-21T20:40:00Z,2026-10-02T20:00:00Z,2026-08-21T20:30:26.959438Z,2026-08-21T20:40:00.992987Z,KXB200WS-26OCT02,"If the value of NVIDIA B200 compute per hour is above $7 on Oct 02, 2026 at 4 PM ET, then the market resolves to Yes."
KXB200WS,B200 Weekly,KXB200WS-26OCT02-6.500,Will the NVIDIA B200 compute per hour price be above $6.5 at 4 PM ET on Oct 02?,active,0.4500,0.4600,0.4500,0.4500,10.00,0.00,5.00,0.0000,6.5,2026-08-21T20:40:00Z,2026-10-02T20:00:00Z,2026-08-21T20:30:26.959438Z,2026-08-21T20:40:00.992987Z,KXB200WS-26OCT02,"If the value of NVIDIA B200 compute per hour is above $6.5 on Oct 02, 2026 at 4 PM ET, then the market resolves to Yes."
KXB200WS,B200 Weekly,KXB200WS-26OCT02-6.000,Will the NVIDIA B200 compute per hour price be above $6 at 4 PM ET on Oct 02?,active,0.6200,0.6300,0.6500,0.6500,81.00,0.00,81.00,0.0000,6.0,2026-08-21T20:40:00Z,2026-10-02T20:00:00Z,2026-08-21T20:30:26.959438Z,2026-08-21T20:40:00.992987Z,KXB200WS-26OCT02,"If the value of NVIDIA B200 compute per hour is above $6 on Oct 02, 2026 at 4 PM ET, then the market resolves to Yes."
KXB200WS,B200 Weekly,KXB200WS-26OCT02-5.500,Will the NVIDIA B200 compute per hour price be above $5.5 at 4 PM ET on Oct 02?,active,0.8000,0.9000,0.7900,0.7900,83.00,0.00,83.00,0.0000,5.5,2026-08-21T20:40:00Z,2026-10-02T20:00:00Z,2026-08-21T20:30:26.959438Z,2026-08-21T20:40:00.992987Z,KXB200WS-26OCT02,"If the value of NVIDIA B200 compute per hour is above $5.5 on Oct 02, 2026 at 4 PM ET, then the market resolves to Yes."
KXB200WS,B200 Weekly,KXB200WS-26OCT02-5.000,Will the NVIDIA B200 compute per hour price be above $5 at 4 PM ET on Oct 02?,active,0.9100,0.9900,0.9600,0.9600,1798.00,0.00,1798.00,0.0000,5.0,2026-08-21T20:40:00Z,2026-10-02T20:00:00Z,2026-08-21T20:30:26.959438Z,2026-08-21T20:40:00.992987Z,KXB200WS-26OCT02,"If the value of NVIDIA B200 compute per hour is above $5 on Oct 02, 2026 at 4 PM ET, then the market resolves to Yes."
KXB200WS,B200 Weekly,KXB200WS-26OCT02-4.500,Will the NVIDIA B200 compute per hour price be above $4.5 at 4 PM ET on Oct 02?,active,0.9700,0.9900,0.0000,0.0000,0.00,0.00,0.00,0.0000,4.5,2026-08-21T20:40:00Z,2026-10-02T20:00:00Z,2026-08-21T20:30:26.959438Z,2026-08-21T20:40:00.992987Z,KXB200WS-26OCT02,"If the value of NVIDIA B200 compute per hour is above $4.5 on Oct 02, 2026 at 4 PM ET, then the market resolves to Yes."
KXB200WS,B200 Weekly,KXB200WS-26OCT02-4.000,Will the NVIDIA B200 compute per hour price be above $4 at 4 PM ET on Oct 02?,active,0.9800,0.9900,0.0000,0.0000,0.00,0.00,0.00,0.0000,4.0,2026-08-21T20:40:00Z,2026-10-02T20:00:00Z,2026-08-21T20:30:26.959438Z,2026-08-21T20:40:00.992987Z,KXB200WS-26OCT02,"If the value of NVIDIA B200 compute per hour is above $4 on Oct 02, 2026 at 4 PM ET, then the market resolves to Yes."
KXB200WS,B200 Weekly,KXB200WS-26OCT02-3.500,Will the NVIDIA B200 compute per hour price be above $3.5 at 4 PM ET on Oct 02?,active,0.9800,0.9900,0.0000,0.0000,0.00,0.00,0.00,0.0000,3.5,2026-08-21T20:40:00Z,2026-10-02T20:00:00Z,2026-08-21T20:30:26.959438Z,2026-08-21T20:40:00.992987Z,KXB200WS-26OCT02,"If the value of NVIDIA B200 compute per hour is above $3.5 on Oct 02, 2026 at 4 PM ET, then the market resolves to Yes."
KXB200WS,B200 Weekly,KXB200WS-26OCT02-3.000,Will the NVIDIA B200 compute per hour price be above $3 at 4 PM ET on Oct 02?,active,0.9800,0.9900,0.0000,0.0000,0.00,0.00,0.00,0.0000,3.0,2026-08-21T20:40:00Z,2026-10-02T20:00:00Z,2026-08-21T20:30:26.959438Z,2026-08-21T20:40:00.992987Z,KXB200WS-26OCT02,"If the value of NVIDIA B200 compute per hour is above $3 on Oct 02, 2026 at 4 PM ET, then the market resolves to Yes."
KXB200WS,B200 Weekly,KXB200WS-26SEP25-9.000,Will the NVIDIA B200 compute per hour price be above $9 at 4 PM ET on Sep 25?,active,0.0100,0.0500,0.0000,0.0000,0.00,0.00,0.00,0.0000,9.0,2026-08-14T20:40:00Z,2026-09-25T20:00:00Z,2026-08-14T20:30:27.819976Z,2026-08-14T20:40:00.212818Z,KXB200WS-26SEP25,"If the value of NVIDIA B200 compute per hour is above $9 on Sep 25, 2026 at 4 PM ET, then the market resolves to Yes."
KXB200WS,B200 Weekly,KXB200WS-26SEP25-8.500,Will the NVIDIA B200 compute per hour price be above $8.5 at 4 PM ET on Sep 25?,active,0.0200,0.0600,0.0000,0.0000,0.00,0.00,0.00,0.0000,8.5,2026-08-14T20:40:00Z,2026-09-25T20:00:00Z,2026-08-14T20:30:27.819976Z,2026-08-14T20:40:00.212818Z,KXB200WS-26SEP25,"If the value of NVIDIA B200 compute per hour is above $8.5 on Sep 25, 2026 at 4 PM ET, then the market resolves to Yes."
KXB200WS,B200 Weekly,KXB200WS-26SEP25-8.000,Will the NVIDIA B200 compute per hour price be above $8 at 4 PM ET on Sep 25?,active,0.0500,0.0900,0.0000,0.0000,0.00,0.00,0.00,0.0000,8.0,2026-08-14T20:40:00Z,2026-09-25T20:00:00Z,2026-08-14T20:30:27.819976Z,2026-08-14T20:40:00.212818Z,KXB200WS-26SEP25,"If the value of NVIDIA B200 compute per hour is above $8 on Sep 25, 2026 at 4 PM ET, then the market resolves to Yes."
KXB200WS,B200 Weekly,KXB200WS-26SEP25-7.500,Will the NVIDIA B200 compute per hour price be above $7.5 at 4 PM ET on Sep 25?,active,0.1100,0.1500,0.0000,0.0000,0.00,0.00,0.00,0.0000,7.5,2026-08-14T20:40:00Z,2026-09-25T20:00:00Z,2026-08-14T20:30:27.819976Z,2026-08-14T20:40:00.212818Z,KXB200WS-26SEP25,"If the value of NVIDIA B200 compute per hour is above $7.5 on Sep 25, 2026 at 4 PM ET, then the market resolves to Yes."
KXB200WS,B200 Weekly,KXB200WS-26SEP25-7.000,Will the NVIDIA B200 compute per hour price be above $7 at 4 PM ET on Sep 25?,active,0.2000,0.2600,0.0000,0.0000,0.00,0.00,0.00,0.0000,7.0,2026-08-14T20:40:00Z,2026-09-25T20:00:00Z,2026-08-14T20:30:27.819976Z,2026-08-14T20:40:00.212818Z,KXB200WS-26SEP25,"If the value of NVIDIA B200 compute per hour is above $7 on Sep 25, 2026 at 4 PM ET, then the market resolves to Yes."
KXB200WS,B200 Weekly,KXB200WS-26SEP25-6.500,Will the NVIDIA B200 compute per hour price be above $6.5 at 4 PM ET on Sep 25?,active,0.3500,0.4100,0.3100,0.3100,42.00,0.00,17.00,0.0000,6.5,2026-08-14T20:40:00Z,2026-09-25T20:00:00Z,2026-08-14T20:30:27.819976Z,2026-08-14T20:40:00.212818Z,KXB200WS-26SEP25,"If the value of NVIDIA B200 compute per hour is above $6.5 on Sep 25, 2026 at 4 PM ET, then the market resolves to Yes."
KXB200WS,B200 Weekly,KXB200WS-26SEP25-6.000,Will the NVIDIA B200 compute per hour price be above $6 at 4 PM ET on Sep 25?,active,0.6600,0.6700,0.4700,0.4700,44.00,0.00,44.00,0.0000,6.0,2026-08-14T20:40:00Z,2026-09-25T20:00:00Z,2026-08-14T20:30:27.819976Z,2026-08-14T20:40:00.212818Z,KXB200WS-26SEP25,"If the value of NVIDIA B200 compute per hour is above $6 on Sep 25, 2026 at 4 PM ET, then the market resolves to Yes."
KXB200WS,B200 Weekly,KXB200WS-26SEP25-5.500,Will the NVIDIA B200 compute per hour price be above $5.5 at 4 PM ET on Sep 25?,active,0.9400,0.9800,0.9200,0.7900,1602.00,600.00,1602.00,0.0000,5.5,2026-08-14T20:40:00Z,2026-09-25T20:00:00Z,2026-08-14T20:30:27.819976Z,2026-08-14T20:40:00.212818Z,KXB200WS-26SEP25,"If the value of NVIDIA B200 compute per hour is above $5.5 on Sep 25, 2026 at 4 PM ET, then the market resolves to Yes."
KXB200WS,B200 Weekly,KXB200WS-26SEP25-5.000,Will the NVIDIA B200 compute per hour price be above $5 at 4 PM ET on Sep 25?,active,0.9500,0.9900,0.9600,0.9400,2504.00,125.00,2379.00,0.0000,5.0,2026-08-14T20:40:00Z,2026-09-25T20:00:00Z,2026-08-14T20:30:27.819976Z,2026-08-14T20:40:00.212818Z,KXB200WS-26SEP25,"If the value of NVIDIA B200 compute per hour is above $5 on Sep 25, 2026 at 4 PM ET, then the market resolves to Yes."
KXB200WS,B200 Weekly,KXB200WS-26SEP25-4.500,Will the NVIDIA B200 compute per hour price be above $4.5 at 4 PM ET on Sep 25?,active,0.9700,0.9900,0.9700,0.9700,1531.00,0.00,1131.00,0.0000,4.5,2026-08-14T20:40:00Z,2026-09-25T20:00:00Z,2026-08-14T20:30:27.819976Z,2026-08-14T20:40:00.212818Z,KXB200WS-26SEP25,"If the value of NVIDIA B200 compute per hour is above $4.5 on Sep 25, 2026 at 4 PM ET, then the market resolves to Yes."
KXB200WS,B200 Weekly,KXB200WS-26SEP25-4.000,Will the NVIDIA B200 compute per hour price be above $4 at 4 PM ET on Sep 25?,active,0.9800,0.9900,0.0000,0.0000,0.00,0.00,0.00,0.0000,4.0,2026-08-14T20:40:00Z,2026-09-25T20:00:00Z,2026-08-14T20:30:27.819976Z,2026-08-14T20:40:00.212818Z,KXB200WS-26SEP25,"If the value of NVIDIA B200 compute per hour is above $4 on Sep 25, 2026 at 4 PM ET, then the market resolves to Yes."
KXB200WS,B200 Weekly,KXB200WS-26SEP25-3.500,Will the NVIDIA B200 compute per hour price be above $3.5 at 4 PM ET on Sep 25?,active,0.9800,0.9900,0.0000,0.0000,0.00,0.00,0.00,0.0000,3.5,2026-08-14T20:40:00Z,2026-09-25T20:00:00Z,2026-08-14T20:30:27.819976Z,2026-08-14T20:40:00.212818Z,KXB200WS-26SEP25,"If the value of NVIDIA B200 compute per hour is above $3.5 on Sep 25, 2026 at 4 PM ET, then the market resolves to Yes."
KXB200WS,B200 Weekly,KXB200WS-26SEP25-3.000,Will the NVIDIA B200 compute per hour price be above $3 at 4 PM ET on Sep 25?,active,0.9800,0.9900,0.0000,0.0000,0.00,0.00,0.00,0.0000,3.0,2026-08-14T20:40:00Z,2026-09-25T20:00:00Z,2026-08-14T20:30:27.819976Z,2026-08-14T20:40:00.212818Z,KXB200WS-26SEP25,"If the value of NVIDIA B200 compute per hour is above $3 on Sep 25, 2026 at 4 PM ET, then the market resolves to Yes."
KXB200WS,B200 Weekly,KXB200WS-26SEP18-9.000,Will the NVIDIA B200 compute per hour price be above $9 at 4 PM ET on Sep 18?,active,0.0100,0.0300,0.0600,0.0600,6.00,0.00,5.00,0.0000,9.0,2026-08-07T20:40:00Z,2026-09-18T20:00:00Z,2026-08-07T20:30:28.744998Z,2026-08-07T20:40:00.24746Z,KXB200WS-26SEP18,"If the value of NVIDIA B200 compute per hour is above $9 on Sep 18, 2026 at 4 PM ET, then the market resolves to Yes."
KXB200WS,B200 Weekly,KXB200WS-26SEP18-8.500,Will the NVIDIA B200 compute per hour price be above $8.5 at 4 PM ET on Sep 18?,active,0.0100,0.0400,0.0000,0.0000,0.00,0.00,0.00,0.0000,8.5,2026-08-07T20:40:00Z,2026-09-18T20:00:00Z,2026-08-07T20:30:28.744998Z,2026-08-07T20:40:00.24746Z,KXB200WS-26SEP18,"If the value of NVIDIA B200 compute per hour is above $8.5 on Sep 18, 2026 at 4 PM ET, then the market resolves to Yes."
KXB200WS,B200 Weekly,KXB200WS-26SEP18-8.000,Will the NVIDIA B200 compute per hour price be above $8 at 4 PM ET on Sep 18?,active,0.0300,0.0600,0.0000,0.0000,0.00,0.00,0.00,0.0000,8.0,2026-08-07T20:40:00Z,2026-09-18T20:00:00Z,2026-08-07T20:30:28.744998Z,2026-08-07T20:40:00.24746Z,KXB200WS-26SEP18,"If the value of NVIDIA B200 compute per hour is above $8 on Sep 18, 2026 at 4 PM ET, then the market resolves to Yes."
KXB200WS,B200 Weekly,KXB200WS-26SEP18-7.500,Will the NVIDIA B200 compute per hour price be above $7.5 at 4 PM ET on Sep 18?,active,0.0800,0.1100,0.0000,0.0000,0.00,0.00,0.00,0.0000,7.5,2026-08-07T20:40:00Z,2026-09-18T20:00:00Z,2026-08-07T20:30:28.744998Z,2026-08-07T20:40:00.24746Z,KXB200WS-26SEP18,"If the value of NVIDIA B200 compute per hour is above $7.5 on Sep 18, 2026 at 4 PM ET, then the market resolves to Yes."
KXB200WS,B200 Weekly,KXB200WS-26SEP18-7.000,Will the NVIDIA B200 compute per hour price be above $7 at 4 PM ET on Sep 18?,active,0.1600,0.2200,0.0000,0.0000,0.00,0.00,0.00,0.0000,7.0,2026-08-07T20:40:00Z,2026-09-18T20:00:00Z,2026-08-07T20:30:28.744998Z,2026-08-07T20:40:00.24746Z,KXB200WS-26SEP18,"If the value of NVIDIA B200 compute per hour is above $7 on Sep 18, 2026 at 4 PM ET, then the market resolves to Yes."
KXB200WS,B200 Weekly,KXB200WS-26SEP18-6.500,Will the NVIDIA B200 compute per hour price be above $6.5 at 4 PM ET on Sep 18?,active,0.3500,0.4100,0.3500,0.3500,9.00,0.00,9.00,0.0000,6.5,2026-08-07T20:40:00Z,2026-09-18T20:00:00Z,2026-08-07T20:30:28.744998Z,2026-08-07T20:40:00.24746Z,KXB200WS-26SEP18,"If the value of NVIDIA B200 compute per hour is above $6.5 on Sep 18, 2026 at 4 PM ET, then the market resolves to Yes."
KXB200WS,B200 Weekly,KXB200WS-26SEP18-6.000,Will the NVIDIA B200 compute per hour price be above $6 at 4 PM ET on Sep 18?,active,0.5900,0.6400,0.6200,0.0000,15.00,15.00,15.00,0.0000,6.0,2026-08-07T20:40:00Z,2026-09-18T20:00:00Z,2026-08-07T20:30:28.744998Z,2026-08-07T20:40:00.24746Z,KXB200WS-26SEP18,"If the value of NVIDIA B200 compute per hour is above $6 on Sep 18, 2026 at 4 PM ET, then the market resolves to Yes."
KXB200WS,B200 Weekly,KXB200WS-26SEP18-5.500,Will the NVIDIA B200 compute per hour price be above $5.5 at 4 PM ET on Sep 18?,active,0.9100,0.9500,0.9200,0.8600,1513.00,716.00,1374.00,0.0000,5.5,2026-08-07T20:40:00Z,2026-09-18T20:00:00Z,2026-08-07T20:30:28.744998Z,2026-08-07T20:40:00.24746Z,KXB200WS-26SEP18,"If the value of NVIDIA B200 compute per hour is above $5.5 on Sep 18, 2026 at 4 PM ET, then the market resolves to Yes."
KXB200WS,B200 Weekly,KXB200WS-26SEP18-5.000,Will the NVIDIA B200 compute per hour price be above $5 at 4 PM ET on Sep 18?,active,0.9800,0.9900,0.9600,0.9600,2188.00,0.00,2188.00,0.0000,5.0,2026-08-07T20:40:00Z,2026-09-18T20:00:00Z,2026-08-07T20:30:28.744998Z,2026-08-07T20:40:00.24746Z,KXB200WS-26SEP18,"If the value of NVIDIA B200 compute per hour is above $5 on Sep 18, 2026 at 4 PM ET, then the market resolves to Yes."
KXB200WS,B200 Weekly,KXB200WS-26SEP18-4.500,Will the NVIDIA B200 compute per hour price be above $4.5 at 4 PM ET on Sep 18?,active,0.9800,0.9900,0.9100,0.9100,1079.00,0.00,1079.00,0.0000,4.5,2026-08-07T20:40:00Z,2026-09-18T20:00:00Z,2026-08-07T20:30:28.744998Z,2026-08-07T20:40:00.24746Z,KXB200WS-26SEP18,"If the value of NVIDIA B200 compute per hour is above $4.5 on Sep 18, 2026 at 4 PM ET, then the market resolves to Yes."
KXB200WS,B200 Weekly,KXB200WS-26SEP18-4.000,Will the NVIDIA B200 compute per hour price be above $4 at 4 PM ET on Sep 18?,active,0.9800,0.9900,0.9700,0.9700,799.00,0.00,799.00,0.0000,4.0,2026-08-07T20:40:00Z,2026-09-18T20:00:00Z,2026-08-07T20:30:28.744998Z,2026-08-07T20:40:00.24746Z,KXB200WS-26SEP18,"If the value of NVIDIA B200 compute per hour is above $4 on Sep 18, 2026 at 4 PM ET, then the market resolves to Yes."
KXB200WS,B200 Weekly,KXB200WS-26SEP18-3.500,Will the NVIDIA B200 compute per hour price be above $3.5 at 4 PM ET on Sep 18?,active,0.9800,0.9900,0.0000,0.0000,0.00,0.00,0.00,0.0000,3.5,2026-08-07T20:40:00Z,2026-09-18T20:00:00Z,2026-08-07T20:30:28.744998Z,2026-08-07T20:40:00.24746Z,KXB200WS-26SEP18,"If the value of NVIDIA B200 compute per hour is above $3.5 on Sep 18, 2026 at 4 PM ET, then the market resolves to Yes."
KXB200WS,B200 Weekly,KXB200WS-26SEP18-3.000,Will the NVIDIA B200 compute per hour price be above $3 at 4 PM ET on Sep 18?,active,0.9800,0.9900,0.0000,0.0000,0.00,0.00,0.00,0.0000,3.0,2026-08-07T20:40:00Z,2026-09-18T20:00:00Z,2026-08-07T20:30:28.744998Z,2026-08-07T20:40:00.24746Z,KXB200WS-26SEP18,"If the value of NVIDIA B200 compute per hour is above $3 on Sep 18, 2026 at 4 PM ET, then the market resolves to Yes."
KXB200WS,B200 Weekly,KXB200WS-26SEP11-9.000,Will the NVIDIA B200 compute per hour price be above $9 at 4 PM ET on Sep 11?,active,0.0100,0.0200,0.0800,0.0800,3.00,0.00,3.00,0.0000,9.0,2026-07-31T20:41:00Z,2026-09-11T20:00:00Z,2026-07-31T20:31:51.887959Z,2026-07-31T20:41:00.045541Z,KXB200WS-26SEP11,"If the value of NVIDIA B200 compute per hour is above $9 on Sep 11, 2026 at 4 PM ET, then the market resolves to Yes."
KXB200WS,B200 Weekly,KXB200WS-26SEP11-8.500,Will the NVIDIA B200 compute per hour price be above $8.5 at 4 PM ET on Sep 11?,active,0.0100,0.0500,0.0400,0.0400,8.00,0.00,3.00,0.0000,8.5,2026-07-31T20:41:00Z,2026-09-11T20:00:00Z,2026-07-31T20:31:51.887959Z,2026-07-31T20:41:00.045541Z,KXB200WS-26SEP11,"If the value of NVIDIA B200 compute per hour is above $8.5 on Sep 11, 2026 at 4 PM ET, then the market resolves to Yes."
KXB200WS,B200 Weekly,KXB200WS-26SEP11-8.000,Will the NVIDIA B200 compute per hour price be above $8 at 4 PM ET on Sep 11?,active,0.0400,0.0500,0.0200,0.0200,4.00,0.00,2.00,0.0000,8.0,2026-07-31T20:41:00Z,2026-09-11T20:00:00Z,2026-07-31T20:31:51.887959Z,2026-07-31T20:41:00.045541Z,KXB200WS-26SEP11,"If the value of NVIDIA B200 compute per hour is above $8 on Sep 11, 2026 at 4 PM ET, then the market resolves to Yes."
KXB200WS,B200 Weekly,KXB200WS-26SEP11-7.500,Will the NVIDIA B200 compute per hour price be above $7.5 at 4 PM ET on Sep 11?,active,0.0600,0.0700,0.0900,0.0900,3.00,0.00,3.00,0.0000,7.5,2026-07-31T20:41:00Z,2026-09-11T20:00:00Z,2026-07-31T20:31:51.887959Z,2026-07-31T20:41:00.045541Z,KXB200WS-26SEP11,"If the value of NVIDIA B200 compute per hour is above $7.5 on Sep 11, 2026 at 4 PM ET, then the market resolves to Yes."
KXB200WS,B200 Weekly,KXB200WS-26SEP11-7.000,Will the NVIDIA B200 compute per hour price be above $7 at 4 PM ET on Sep 11?,active,0.1200,0.1800,0.1900,0.1900,1.00,0.00,1.00,0.0000,7.0,2026-07-31T20:41:00Z,2026-09-11T20:00:00Z,2026-07-31T20:31:51.887959Z,2026-07-31T20:41:00.045541Z,KXB200WS-26SEP11,"If the value of NVIDIA B200 compute per hour is above $7 on Sep 11, 2026 at 4 PM ET, then the market resolves to Yes."
KXB200WS,B200 Weekly,KXB200WS-26SEP11-6.500,Will the NVIDIA B200 compute per hour price be above $6.5 at 4 PM ET on Sep 11?,active,0.3700,0.3900,0.3400,0.2700,442.00,400.00,426.00,0.0000,6.5,2026-07-31T20:41:00Z,2026-09-11T20:00:00Z,2026-07-31T20:31:51.887959Z,2026-07-31T20:41:00.045541Z,KXB200WS-26SEP11,"If the value of NVIDIA B200 compute per hour is above $6.5 on Sep 11, 2026 at 4 PM ET, then the market resolves to Yes."
KXB200WS,B200 Weekly,KXB200WS-26SEP11-6.000,Will the NVIDIA B200 compute per hour price be above $6 at 4 PM ET on Sep 11?,active,0.6200,0.6700,0.6700,0.5100,438.73,407.79,438.73,0.0000,6.0,2026-07-31T20:41:00Z,2026-09-11T20:00:00Z,2026-07-31T20:31:51.887959Z,2026-07-31T20:41:00.045541Z,KXB200WS-26SEP11,"If the value of NVIDIA B200 compute per hour is above $6 on Sep 11, 2026 at 4 PM ET, then the market resolves to Yes."
KXB200WS,B200 Weekly,KXB200WS-26SEP11-5.500,Will the NVIDIA B200 compute per hour price be above $5.5 at 4 PM ET on Sep 11?,active,0.9100,0.9900,0.8400,0.8400,1406.00,0.00,1277.00,0.0000,5.5,2026-07-31T20:41:00Z,2026-09-11T20:00:00Z,2026-07-31T20:31:51.887959Z,2026-07-31T20:41:00.045541Z,KXB200WS-26SEP11,"If the value of NVIDIA B200 compute per hour is above $5.5 on Sep 11, 2026 at 4 PM ET, then the market resolves to Yes."
KXB200WS,B200 Weekly,KXB200WS-26SEP11-5.000,Will the NVIDIA B200 compute per hour price be above $5 at 4 PM ET on Sep 11?,active,0.9800,0.9900,0.9700,0.9700,2962.64,12.32,2529.00,0.0000,5.0,2026-07-31T20:41:00Z,2026-09-11T20:00:00Z,2026-07-31T20:31:51.887959Z,2026-07-31T20:41:00.045541Z,KXB200WS-26SEP11,"If the value of NVIDIA B200 compute per hour is above $5 on Sep 11, 2026 at 4 PM ET, then the market resolves to Yes."
KXB200WS,B200 Weekly,KXB200WS-26SEP11-4.500,Will the NVIDIA B200 compute per hour price be above $4.5 at 4 PM ET on Sep 11?,active,0.9800,0.9900,0.9900,0.9900,932.00,0.00,718.00,0.0000,4.5,2026-07-31T20:41:00Z,2026-09-11T20:00:00Z,2026-07-31T20:31:51.887959Z,2026-07-31T20:41:00.045541Z,KXB200WS-26SEP11,"If the value of NVIDIA B200 compute per hour is above $4.5 on Sep 11, 2026 at 4 PM ET, then the market resolves to Yes."
KXB200WS,B200 Weekly,KXB200WS-26SEP11-4.000,Will the NVIDIA B200 compute per hour price be above $4 at 4 PM ET on Sep 11?,active,0.9800,0.9900,0.9900,0.9900,340.00,0.00,270.00,0.0000,4.0,2026-07-31T20:41:00Z,2026-09-11T20:00:00Z,2026-07-31T20:31:51.887959Z,2026-07-31T20:41:00.045541Z,KXB200WS-26SEP11,"If the value of NVIDIA B200 compute per hour is above $4 on Sep 11, 2026 at 4 PM ET, then the market resolves to Yes."
KXB200WS,B200 Weekly,KXB200WS-26SEP11-3.500,Will the NVIDIA B200 compute per hour price be above $3.5 at 4 PM ET on Sep 11?,active,0.9800,0.9900,0.0000,0.0000,0.00,0.00,0.00,0.0000,3.5,2026-07-31T20:41:00Z,2026-09-11T20:00:00Z,2026-07-31T20:31:51.887959Z,2026-07-31T20:41:00.045541Z,KXB200WS-26SEP11,"If the value of NVIDIA B200 compute per hour is above $3.5 on Sep 11, 2026 at 4 PM ET, then the market resolves to Yes."
KXB200WS,B200 Weekly,KXB200WS-26SEP11-3.000,Will the NVIDIA B200 compute per hour price be above $3 at 4 PM ET on Sep 11?,active,0.9800,0.9900,0.0000,0.0000,0.00,0.00,0.00,0.0000,3.0,2026-07-31T20:41:00Z,2026-09-11T20:00:00Z,2026-07-31T20:31:51.887959Z,2026-07-31T20:41:00.045541Z,KXB200WS-26SEP11,"If the value of NVIDIA B200 compute per hour is above $3 on Sep 11, 2026 at 4 PM ET, then the market resolves to Yes."
KXB200WS,B200 Weekly,KXB200WS-26SEP04-9.000,Will the NVIDIA B200 compute per hour price be above $9 at 4 PM ET on Sep 04?,active,0.0000,0.0100,0.0100,0.0100,2173.00,0.00,1183.00,0.0000,9.0,2026-07-24T20:40:00Z,2026-09-04T20:00:00Z,2026-07-24T20:30:25.643474Z,2026-07-24T20:40:00.512629Z,KXB200WS-26SEP04,"If the value of NVIDIA B200 compute per hour is above $9 on Sep 04, 2026 at 4 PM ET, then the market resolves to Yes."
KXB200WS,B200 Weekly,KXB200WS-26SEP04-8.500,Will the NVIDIA B200 compute per hour price be above $8.5 at 4 PM ET on Sep 04?,active,0.0000,0.0100,0.0100,0.0100,1236.00,0.00,1190.00,0.0000,8.5,2026-07-24T20:40:00Z,2026-09-04T20:00:00Z,2026-07-24T20:30:25.643474Z,2026-07-24T20:40:00.512629Z,KXB200WS-26SEP04,"If the value of NVIDIA B200 compute per hour is above $8.5 on Sep 04, 2026 at 4 PM ET, then the market resolves to Yes."
KXB200WS,B200 Weekly,KXB200WS-26SEP04-8.000,Will the NVIDIA B200 compute per hour price be above $8 at 4 PM ET on Sep 04?,active,0.0000,0.0100,0.0200,0.0200,1420.00,0.00,1267.00,0.0000,8.0,2026-07-24T20:40:00Z,2026-09-04T20:00:00Z,2026-07-24T20:30:25.643474Z,2026-07-24T20:40:00.512629Z,KXB200WS-26SEP04,"If the value of NVIDIA B200 compute per hour is above $8 on Sep 04, 2026 at 4 PM ET, then the market resolves to Yes."
KXB200WS,B200 Weekly,KXB200WS-26SEP04-7.500,Will the NVIDIA B200 compute per hour price be above $7.5 at 4 PM ET on Sep 04?,active,0.0100,0.0200,0.0200,0.0300,644.00,20.00,410.00,0.0000,7.5,2026-07-24T20:40:00Z,2026-09-04T20:00:00Z,2026-07-24T20:30:25.643474Z,2026-07-24T20:40:00.512629Z,KXB200WS-26SEP04,"If the value of NVIDIA B200 compute per hour is above $7.5 on Sep 04, 2026 at 4 PM ET, then the market resolves to Yes."
KXB200WS,B200 Weekly,KXB200WS-26SEP04-7.000,Will the NVIDIA B200 compute per hour price be above $7 at 4 PM ET on Sep 04?,active,0.0400,0.0600,0.0500,0.0400,719.95,106.00,303.95,0.0000,7.0,2026-07-24T20:40:00Z,2026-09-04T20:00:00Z,2026-07-24T20:30:25.643474Z,2026-07-24T20:40:00.512629Z,KXB200WS-26SEP04,"If the value of NVIDIA B200 compute per hour is above $7 on Sep 04, 2026 at 4 PM ET, then the market resolves to Yes."
KXB200WS,B200 Weekly,KXB200WS-26SEP04-6.500,Will the NVIDIA B200 compute per hour price be above $6.5 at 4 PM ET on Sep 04?,active,0.2100,0.2900,0.2500,0.1600,2199.47,704.98,607.51,0.0000,6.5,2026-07-24T20:40:00Z,2026-09-04T20:00:00Z,2026-07-24T20:30:25.643474Z,2026-07-24T20:40:00.512629Z,KXB200WS-26SEP04,"If the value of NVIDIA B200 compute per hour is above $6.5 on Sep 04, 2026 at 4 PM ET, then the market resolves to Yes."
KXB200WS,B200 Weekly,KXB200WS-26SEP04-6.000,Will the NVIDIA B200 compute per hour price be above $6 at 4 PM ET on Sep 04?,active,0.7000,0.9300,0.7400,0.5200,2055.25,372.79,800.80,0.0000,6.0,2026-07-24T20:40:00Z,2026-09-04T20:00:00Z,2026-07-24T20:30:25.643474Z,2026-07-24T20:40:00.512629Z,KXB200WS-26SEP04,"If the value of NVIDIA B200 compute per hour is above $6 on Sep 04, 2026 at 4 PM ET, then the market resolves to Yes."
KXB200WS,B200 Weekly,KXB200WS-26SEP04-5.500,Will the NVIDIA B200 compute per hour price be above $5.5 at 4 PM ET on Sep 04?,active,0.9600,0.9900,0.9400,0.9500,2655.18,137.90,2194.28,0.0000,5.5,2026-07-24T20:40:00Z,2026-09-04T20:00:00Z,2026-07-24T20:30:25.643474Z,2026-07-24T20:40:00.512629Z,KXB200WS-26SEP04,"If the value of NVIDIA B200 compute per hour is above $5.5 on Sep 04, 2026 at 4 PM ET, then the market resolves to Yes."
KXB200WS,B200 Weekly,KXB200WS-26SEP04-5.000,Will the NVIDIA B200 compute per hour price be above $5 at 4 PM ET on Sep 04?,active,0.9800,0.9900,0.9600,0.9600,3012.00,0.00,2557.00,0.0000,5.0,2026-07-24T20:40:00Z,2026-09-04T20:00:00Z,2026-07-24T20:30:25.643474Z,2026-07-24T20:40:00.512629Z,KXB200WS-26SEP04,"If the value of NVIDIA B200 compute per hour is above $5 on Sep 04, 2026 at 4 PM ET, then the market resolves to Yes."
KXB200WS,B200 Weekly,KXB200WS-26SEP04-4.500,Will the NVIDIA B200 compute per hour price be above $4.5 at 4 PM ET on Sep 04?,active,0.9900,1.0000,0.9900,0.9900,2490.00,0.00,1790.50,0.0000,4.5,2026-07-24T20:40:00Z,2026-09-04T20:00:00Z,2026-07-24T20:30:25.643474Z,2026-07-24T20:40:00.512629Z,KXB200WS-26SEP04,"If the value of NVIDIA B200 compute per hour is above $4.5 on Sep 04, 2026 at 4 PM ET, then the market resolves to Yes."
KXB200WS,B200 Weekly,KXB200WS-26SEP04-4.000,Will the NVIDIA B200 compute per hour price be above $4 at 4 PM ET on Sep 04?,active,0.9900,1.0000,0.9900,0.9900,1067.00,0.00,1067.00,0.0000,4.0,2026-07-24T20:40:00Z,2026-09-04T20:00:00Z,2026-07-24T20:30:25.643474Z,2026-07-24T20:40:00.512629Z,KXB200WS-26SEP04,"If the value of NVIDIA B200 compute per hour is above $4 on Sep 04, 2026 at 4 PM ET, then the market resolves to Yes."
KXB200WS,B200 Weekly,KXB200WS-26SEP04-3.500,Will the NVIDIA B200 compute per hour price be above $3.5 at 4 PM ET on Sep 04?,active,0.9900,1.0000,0.9900,0.9900,1158.00,0.00,1120.00,0.0000,3.5,2026-07-24T20:40:00Z,2026-09-04T20:00:00Z,2026-07-24T20:30:25.643474Z,2026-07-24T20:40:00.512629Z,KXB200WS-26SEP04,"If the value of NVIDIA B200 compute per hour is above $3.5 on Sep 04, 2026 at 4 PM ET, then the market resolves to Yes."
KXB200WS,B200 Weekly,KXB200WS-26SEP04-3.000,Will the NVIDIA B200 compute per hour price be above $3 at 4 PM ET on Sep 04?,active,0.9900,1.0000,0.9900,0.9900,1092.00,0.00,1091.00,0.0000,3.0,2026-07-24T20:40:00Z,2026-09-04T20:00:00Z,2026-07-24T20:30:25.643474Z,2026-07-24T20:40:00.512629Z,KXB200WS-26SEP04,"If the value of NVIDIA B200 compute per hour is above $3 on Sep 04, 2026 at 4 PM ET, then the market resolves to Yes."
KXB200WS,B200 Weekly,KXB200WS-26AUG28-19.000,Will the NVIDIA B200 compute per hour price be above $19 at 4 PM ET on Aug 28?,finalized,0.0000,1.0000,0.0100,0.0100,2592.20,0.00,1457.00,0.0000,19.0,2026-07-20T14:10:00Z,2026-08-28T20:00:00Z,2026-07-20T14:02:23.182767Z,2026-08-31T15:42:34.739544Z,KXB200WS-26AUG28,"If the value of NVIDIA B200 compute per hour is above $19 on Aug 28, 2026 at 4 PM ET, then the market resolves to Yes."
KXB200WS,B200 Weekly,KXB200WS-26AUG28-18.500,Will the NVIDIA B200 compute per hour price be above $18.5 at 4 PM ET on Aug 28?,finalized,0.0000,1.0000,0.0100,0.0100,1425.00,0.00,1355.00,0.0000,18.5,2026-07-20T14:10:00Z,2026-08-28T20:00:00Z,2026-07-20T14:02:12.887685Z,2026-08-31T15:42:34.637776Z,KXB200WS-26AUG28,"If the value of NVIDIA B200 compute per hour is above $18.5 on Aug 28, 2026 at 4 PM ET, then the market resolves to Yes."
KXB200WS,B200 Weekly,KXB200WS-26AUG28-18.000,Will the NVIDIA B200 compute per hour price be above $18 at 4 PM ET on Aug 28?,finalized,0.0000,1.0000,0.0100,0.0100,1219.00,0.00,1194.00,0.0000,18.0,2026-07-20T14:10:00Z,2026-08-28T20:00:00Z,2026-07-20T14:02:02.639392Z,2026-08-31T15:42:34.534428Z,KXB200WS-26AUG28,"If the value of NVIDIA B200 compute per hour is above $18 on Aug 28, 2026 at 4 PM ET, then the market resolves to Yes."
KXB200WS,B200 Weekly,KXB200WS-26AUG28-17.500,Will the NVIDIA B200 compute per hour price be above $17.5 at 4 PM ET on Aug 28?,finalized,0.0000,1.0000,0.0100,0.0100,1215.00,0.00,1190.00,0.0000,17.5,2026-07-20T14:10:00Z,2026-08-28T20:00:00Z,2026-07-20T14:01:52.380193Z,2026-08-31T15:42:34.434875Z,KXB200WS-26AUG28,"If the value of NVIDIA B200 compute per hour is above $17.5 on Aug 28, 2026 at 4 PM ET, then the market resolves to Yes."
KXB200WS,B200 Weekly,KXB200WS-26AUG28-17.000,Will the NVIDIA B200 compute per hour price be above $17 at 4 PM ET on Aug 28?,finalized,0.0000,1.0000,0.0100,0.0100,1113.00,0.00,1088.00,0.0000,17.0,2026-07-20T14:10:00Z,2026-08-28T20:00:00Z,2026-07-20T14:01:42.133015Z,2026-08-31T15:42:34.336435Z,KXB200WS-26AUG28,"If the value of NVIDIA B200 compute per hour is above $17 on Aug 28, 2026 at 4 PM ET, then the market resolves to Yes."
KXB200WS,B200 Weekly,KXB200WS-26AUG28-16.500,Will the NVIDIA B200 compute per hour price be above $16.5 at 4 PM ET on Aug 28?,finalized,0.0000,1.0000,0.0100,0.0100,1113.00,0.00,1088.00,0.0000,16.5,2026-07-20T14:10:00Z,2026-08-28T20:00:00Z,2026-07-20T14:01:31.866421Z,2026-08-31T15:42:34.24091Z,KXB200WS-26AUG28,"If the value of NVIDIA B200 compute per hour is above $16.5 on Aug 28, 2026 at 4 PM ET, then the market resolves to Yes."
KXB200WS,B200 Weekly,KXB200WS-26AUG28-16.000,Will the NVIDIA B200 compute per hour price be above $16 at 4 PM ET on Aug 28?,finalized,0.0000,1.0000,0.0100,0.0100,1113.00,0.00,1088.00,0.0000,16.0,2026-07-20T14:10:00Z,2026-08-28T20:00:00Z,2026-07-20T14:01:21.62179Z,2026-08-31T15:42:34.145826Z,KXB200WS-26AUG28,"If the value of NVIDIA B200 compute per hour is above $16 on Aug 28, 2026 at 4 PM ET, then the market resolves to Yes."
KXB200WS,B200 Weekly,KXB200WS-26AUG28-15.500,Will the NVIDIA B200 compute per hour price be above $15.5 at 4 PM ET on Aug 28?,finalized,0.0000,1.0000,0.0100,0.0100,1113.00,0.00,1088.00,0.0000,15.5,2026-07-20T14:10:00Z,2026-08-28T20:00:00Z,2026-07-20T14:01:11.380046Z,2026-08-31T15:42:33.998465Z,KXB200WS-26AUG28,"If the value of NVIDIA B200 compute per hour is above $15.5 on Aug 28, 2026 at 4 PM ET, then the market resolves to Yes."
KXB200WS,B200 Weekly,KXB200WS-26AUG28-15.000,Will the NVIDIA B200 compute per hour price be above $15 at 4 PM ET on Aug 28?,finalized,0.0000,1.0000,0.0100,0.0100,1113.00,0.00,1088.00,0.0000,15.0,2026-07-20T14:10:00Z,2026-08-28T20:00:00Z,2026-07-20T14:01:01.109082Z,2026-08-31T15:42:33.887274Z,KXB200WS-26AUG28,"If the value of NVIDIA B200 compute per hour is above $15 on Aug 28, 2026 at 4 PM ET, then the market resolves to Yes."
KXB200WS,B200 Weekly,KXB200WS-26AUG28-14.500,Will the NVIDIA B200 compute per hour price be above $14.5 at 4 PM ET on Aug 28?,finalized,0.0000,1.0000,0.0100,0.0100,1219.00,0.00,1194.00,0.0000,14.5,2026-07-20T14:10:00Z,2026-08-28T20:00:00Z,2026-07-20T14:00:50.524766Z,2026-08-31T15:42:33.765952Z,KXB200WS-26AUG28,"If the value of NVIDIA B200 compute per hour is above $14.5 on Aug 28, 2026 at 4 PM ET, then the market resolves to Yes."
KXB200WS,B200 Weekly,KXB200WS-26AUG28-14.000,Will the NVIDIA B200 compute per hour price be above $14 at 4 PM ET on Aug 28?,finalized,0.0000,1.0000,0.0100,0.0100,1169.00,0.00,1137.00,0.0000,14.0,2026-07-19T21:12:00Z,2026-08-28T20:00:00Z,2026-07-19T21:04:11.045602Z,2026-08-31T15:42:33.649859Z,KXB200WS-26AUG28,"If the value of NVIDIA B200 compute per hour is above $14 on Aug 28, 2026 at 4 PM ET, then the market resolves to Yes."
KXB200WS,B200 Weekly,KXB200WS-26AUG28-13.500,Will the NVIDIA B200 compute per hour price be above $13.5 at 4 PM ET on Aug 28?,finalized,0.0000,1.0000,0.0100,0.0100,1184.00,0.00,1152.00,0.0000,13.5,2026-07-19T21:12:00Z,2026-08-28T20:00:00Z,2026-07-19T21:04:00.779656Z,2026-08-31T15:42:32.570148Z,KXB200WS-26AUG28,"If the value of NVIDIA B200 compute per hour is above $13.5 on Aug 28, 2026 at 4 PM ET, then the market resolves to Yes."
KXB200WS,B200 Weekly,KXB200WS-26AUG28-13.000,Will the NVIDIA B200 compute per hour price be above $13 at 4 PM ET on Aug 28?,finalized,0.0000,1.0000,0.0100,0.0100,1140.00,0.00,1108.00,0.0000,13.0,2026-07-19T21:12:00Z,2026-08-28T20:00:00Z,2026-07-19T21:03:50.485395Z,2026-08-31T15:42:32.471812Z,KXB200WS-26AUG28,"If the value of NVIDIA B200 compute per hour is above $13 on Aug 28, 2026 at 4 PM ET, then the market resolves to Yes."
KXB200WS,B200 Weekly,KXB200WS-26AUG28-12.500,Will the NVIDIA B200 compute per hour price be above $12.5 at 4 PM ET on Aug 28?,finalized,0.0000,1.0000,0.0100,0.0100,1114.00,0.00,1063.00,0.0000,12.5,2026-07-19T21:12:00Z,2026-08-28T20:00:00Z,2026-07-19T21:03:40.160376Z,2026-08-31T15:42:32.368925Z,KXB200WS-26AUG28,"If the value of NVIDIA B200 compute per hour is above $12.5 on Aug 28, 2026 at 4 PM ET, then the market resolves to Yes."
KXB200WS,B200 Weekly,KXB200WS-26AUG28-12.000,Will the NVIDIA B200 compute per hour price be above $12 at 4 PM ET on Aug 28?,finalized,0.0000,1.0000,0.0100,0.0100,4819.00,0.00,2218.00,0.0000,12.0,2026-07-19T21:12:00Z,2026-08-28T20:00:00Z,2026-07-19T21:03:29.898701Z,2026-08-31T15:42:32.266634Z,KXB200WS-26AUG28,"If the value of NVIDIA B200 compute per hour is above $12 on Aug 28, 2026 at 4 PM ET, then the market resolves to Yes."
KXB200WS,B200 Weekly,KXB200WS-26AUG28-11.500,Will the NVIDIA B200 compute per hour price be above $11.5 at 4 PM ET on Aug 28?,finalized,0.0000,1.0000,0.0100,0.0100,8272.33,0.00,3640.33,0.0000,11.5,2026-07-19T21:12:00Z,2026-08-28T20:00:00Z,2026-07-19T21:03:19.654253Z,2026-08-31T15:42:32.066013Z,KXB200WS-26AUG28,"If the value of NVIDIA B200 compute per hour is above $11.5 on Aug 28, 2026 at 4 PM ET, then the market resolves to Yes."
KXB200WS,B200 Weekly,KXB200WS-26AUG28-11.000,Will the NVIDIA B200 compute per hour price be above $11 at 4 PM ET on Aug 28?,finalized,0.0000,1.0000,0.0100,0.0100,1567.33,0.00,1510.33,0.0000,11.0,2026-07-19T21:12:00Z,2026-08-28T20:00:00Z,2026-07-19T21:03:09.076411Z,2026-08-31T15:42:31.785868Z,KXB200WS-26AUG28,"If the value of NVIDIA B200 compute per hour is above $11 on Aug 28, 2026 at 4 PM ET, then the market resolves to Yes."
KXB200WS,B200 Weekly,KXB200WS-26AUG28-10.500,Will the NVIDIA B200 compute per hour price be above $10.5 at 4 PM ET on Aug 28?,finalized,0.0000,1.0000,0.0100,0.0100,1444.00,0.00,1255.00,0.0000,10.5,2026-07-19T21:12:00Z,2026-08-28T20:00:00Z,2026-07-19T21:02:58.800034Z,2026-08-31T15:42:31.537736Z,KXB200WS-26AUG28,"If the value of NVIDIA B200 compute per hour is above $10.5 on Aug 28, 2026 at 4 PM ET, then the market resolves to Yes."
KXB200WS,B200 Weekly,KXB200WS-26AUG28-10.000,Will the NVIDIA B200 compute per hour price be above $10 at 4 PM ET on Aug 28?,finalized,0.0000,1.0000,0.0100,0.0100,2015.52,0.00,1873.59,0.0000,10.0,2026-07-19T21:12:00Z,2026-08-28T20:00:00Z,2026-07-19T21:02:48.53971Z,2026-08-31T15:42:31.395369Z,KXB200WS-26AUG28,"If the value of NVIDIA B200 compute per hour is above $10 on Aug 28, 2026 at 4 PM ET, then the market resolves to Yes."
KXB200WS,B200 Weekly,KXB200WS-26AUG28-9.500,Will the NVIDIA B200 compute per hour price be above $9.5 at 4 PM ET on Aug 28?,finalized,0.0000,1.0000,0.0100,0.0100,7047.00,0.00,5445.00,0.0000,9.5,2026-07-19T21:12:00Z,2026-08-28T20:00:00Z,2026-07-19T21:02:38.223314Z,2026-08-31T15:42:31.168589Z,KXB200WS-26AUG28,"If the value of NVIDIA B200 compute per hour is above $9.5 on Aug 28, 2026 at 4 PM ET, then the market resolves to Yes."
KXB200WS,B200 Weekly,KXB200WS-26AUG28-9.000,Will the NVIDIA B200 compute per hour price be above $9 at 4 PM ET on Aug 28?,finalized,0.0000,1.0000,0.0100,0.0100,7028.66,0.00,5703.66,0.0000,9.0,2026-07-17T20:40:00Z,2026-08-28T20:00:00Z,2026-07-17T20:30:27.114484Z,2026-08-31T15:42:30.934353Z,KXB200WS-26AUG28,"If the value of NVIDIA B200 compute per hour is above $9 on Aug 28, 2026 at 4 PM ET, then the market resolves to Yes."
KXB200WS,B200 Weekly,KXB200WS-26AUG28-8.500,Will the NVIDIA B200 compute per hour price be above $8.5 at 4 PM ET on Aug 28?,finalized,0.0000,1.0000,0.0100,0.0100,3791.10,0.00,1896.10,0.0000,8.5,2026-07-17T20:40:00Z,2026-08-28T20:00:00Z,2026-07-17T20:30:27.114484Z,2026-08-31T15:42:30.673445Z,KXB200WS-26AUG28,"If the value of NVIDIA B200 compute per hour is above $8.5 on Aug 28, 2026 at 4 PM ET, then the market resolves to Yes."
KXB200WS,B200 Weekly,KXB200WS-26AUG28-8.000,Will the NVIDIA B200 compute per hour price be above $8 at 4 PM ET on Aug 28?,finalized,0.0000,1.0000,0.0100,0.0100,3715.09,0.00,2245.09,0.0000,8.0,2026-07-17T20:40:00Z,2026-08-28T20:00:00Z,2026-07-17T20:30:27.114484Z,2026-08-31T15:42:30.488505Z,KXB200WS-26AUG28,"If the value of NVIDIA B200 compute per hour is above $8 on Aug 28, 2026 at 4 PM ET, then the market resolves to Yes."
KXB200WS,B200 Weekly,KXB200WS-26AUG28-7.500,Will the NVIDIA B200 compute per hour price be above $7.5 at 4 PM ET on Aug 28?,finalized,0.0000,1.0000,0.0100,0.0100,2495.03,0.00,1672.23,0.0000,7.5,2026-07-17T20:40:00Z,2026-08-28T20:00:00Z,2026-07-17T20:30:27.114484Z,2026-08-31T15:42:30.315613Z,KXB200WS-26AUG28,"If the value of NVIDIA B200 compute per hour is above $7.5 on Aug 28, 2026 at 4 PM ET, then the market resolves to Yes."
KXB200WS,B200 Weekly,KXB200WS-26AUG28-7.000,Will the NVIDIA B200 compute per hour price be above $7 at 4 PM ET on Aug 28?,finalized,0.0000,1.0000,0.0100,0.0100,4836.11,0.00,2900.82,0.0000,7.0,2026-07-17T20:40:00Z,2026-08-28T20:00:00Z,2026-07-17T20:30:27.114484Z,2026-08-31T15:42:30.133356Z,KXB200WS-26AUG28,"If the value of NVIDIA B200 compute per hour is above $7 on Aug 28, 2026 at 4 PM ET, then the market resolves to Yes."
KXB200WS,B200 Weekly,KXB200WS-26AUG28-6.500,Will the NVIDIA B200 compute per hour price be above $6.5 at 4 PM ET on Aug 28?,finalized,0.0000,1.0000,0.0200,0.0200,7324.80,0.00,3583.90,0.0000,6.5,2026-07-17T20:40:00Z,2026-08-28T20:00:00Z,2026-07-17T20:30:27.114484Z,2026-08-31T15:42:30.023301Z,KXB200WS-26AUG28,"If the value of NVIDIA B200 compute per hour is above $6.5 on Aug 28, 2026 at 4 PM ET, then the market resolves to Yes."
KXB200WS,B200 Weekly,KXB200WS-26AUG28-6.000,Will the NVIDIA B200 compute per hour price be above $6 at 4 PM ET on Aug 28?,finalized,0.0000,1.0000,0.8600,0.8600,6803.84,0.00,2847.37,0.0000,6.0,2026-07-17T20:40:00Z,2026-08-28T20:00:00Z,2026-07-17T20:30:27.114484Z,2026-08-31T15:42:29.813055Z,KXB200WS-26AUG28,"If the value of NVIDIA B200 compute per hour is above $6 on Aug 28, 2026 at 4 PM ET, then the market resolves to Yes."
KXB200WS,B200 Weekly,KXB200WS-26AUG28-5.500,Will the NVIDIA B200 compute per hour price be above $5.5 at 4 PM ET on Aug 28?,finalized,0.0000,1.0000,0.9900,0.9900,8906.19,0.00,6784.96,0.0000,5.5,2026-07-17T20:40:00Z,2026-08-28T20:00:00Z,2026-07-17T20:30:27.114484Z,2026-08-31T15:42:29.484291Z,KXB200WS-26AUG28,"If the value of NVIDIA B200 compute per hour is above $5.5 on Aug 28, 2026 at 4 PM ET, then the market resolves to Yes."
KXB200WS,B200 Weekly,KXB200WS-26AUG28-5.000,Will the NVIDIA B200 compute per hour price be above $5 at 4 PM ET on Aug 28?,finalized,0.0000,1.0000,0.9900,0.9900,2702.00,0.00,1871.00,0.0000,5.0,2026-07-17T20:40:00Z,2026-08-28T20:00:00Z,2026-07-17T20:30:27.114484Z,2026-08-31T15:42:29.301207Z,KXB200WS-26AUG28,"If the value of NVIDIA B200 compute per hour is above $5 on Aug 28, 2026 at 4 PM ET, then the market resolves to Yes."
KXB200WS,B200 Weekly,KXB200WS-26AUG28-4.500,Will the NVIDIA B200 compute per hour price be above $4.5 at 4 PM ET on Aug 28?,finalized,0.0000,1.0000,0.9900,0.9900,3007.00,0.00,2328.00,0.0000,4.5,2026-07-17T20:40:00Z,2026-08-28T20:00:00Z,2026-07-17T20:30:27.114484Z,2026-08-31T15:42:29.136861Z,KXB200WS-26AUG28,"If the value of NVIDIA B200 compute per hour is above $4.5 on Aug 28, 2026 at 4 PM ET, then the market resolves to Yes."
KXB200WS,B200 Weekly,KXB200WS-26AUG28-4.000,Will the NVIDIA B200 compute per hour price be above $4 at 4 PM ET on Aug 28?,finalized,0.0000,1.0000,0.9900,0.9900,2253.00,0.00,1935.00,0.0000,4.0,2026-07-17T20:40:00Z,2026-08-28T20:00:00Z,2026-07-17T20:30:27.114484Z,2026-08-31T15:42:28.934831Z,KXB200WS-26AUG28,"If the value of NVIDIA B200 compute per hour is above $4 on Aug 28, 2026 at 4 PM ET, then the market resolves to Yes."
KXB200WS,B200 Weekly,KXB200WS-26AUG28-3.500,Will the NVIDIA B200 compute per hour price be above $3.5 at 4 PM ET on Aug 28?,finalized,0.0000,1.0000,0.9900,0.9900,1257.00,0.00,1029.00,0.0000,3.5,2026-07-17T20:40:00Z,2026-08-28T20:00:00Z,2026-07-17T20:30:27.114484Z,2026-08-31T15:42:28.630476Z,KXB200WS-26AUG28,"If the value of NVIDIA B200 compute per hour is above $3.5 on Aug 28, 2026 at 4 PM ET, then the market resolves to Yes."
KXB200WS,B200 Weekly,KXB200WS-26AUG28-3.000,Will the NVIDIA B200 compute per hour price be above $3 at 4 PM ET on Aug 28?,finalized,0.0000,1.0000,0.9900,0.9900,1398.00,0.00,1027.00,0.0000,3.0,2026-07-17T20:40:00Z,2026-08-28T20:00:00Z,2026-07-17T20:30:27.114484Z,2026-08-31T15:42:28.285769Z,KXB200WS-26AUG28,"If the value of NVIDIA B200 compute per hour is above $3 on Aug 28, 2026 at 4 PM ET, then the market resolves to Yes."
KXB200WS,B200 Weekly,KXB200WS-26AUG21-9.000,Will the NVIDIA B200 compute per hour price be above $9 at 4 PM ET on Aug 21?,finalized,0.0000,1.0000,0.0100,0.0100,1687.00,0.00,1397.00,0.0000,9.0,2026-07-17T20:40:00Z,2026-08-21T20:00:00Z,2026-07-17T20:30:26.480522Z,2026-08-24T16:10:10.520778Z,KXB200WS-26AUG21,"If the value of NVIDIA B200 compute per hour is above $9 on Aug 21, 2026 at 4 PM ET, then the market resolves to Yes."
KXB200WS,B200 Weekly,KXB200WS-26AUG21-8.500,Will the NVIDIA B200 compute per hour price be above $8.5 at 4 PM ET on Aug 21?,finalized,0.0000,1.0000,0.0200,0.0200,2275.00,0.00,1537.00,0.0000,8.5,2026-07-17T20:40:00Z,2026-08-21T20:00:00Z,2026-07-17T20:30:26.480522Z,2026-08-24T16:10:10.393329Z,KXB200WS-26AUG21,"If the value of NVIDIA B200 compute per hour is above $8.5 on Aug 21, 2026 at 4 PM ET, then the market resolves to Yes."
KXB200WS,B200 Weekly,KXB200WS-26AUG21-8.000,Will the NVIDIA B200 compute per hour price be above $8 at 4 PM ET on Aug 21?,finalized,0.0000,1.0000,0.0100,0.0100,2609.37,0.00,1844.77,0.0000,8.0,2026-07-17T20:40:00Z,2026-08-21T20:00:00Z,2026-07-17T20:30:26.480522Z,2026-08-24T16:10:10.309006Z,KXB200WS-26AUG21,"If the value of NVIDIA B200 compute per hour is above $8 on Aug 21, 2026 at 4 PM ET, then the market resolves to Yes."
KXB200WS,B200 Weekly,KXB200WS-26AUG21-7.500,Will the NVIDIA B200 compute per hour price be above $7.5 at 4 PM ET on Aug 21?,finalized,0.0000,1.0000,0.0100,0.0100,3575.67,0.00,2677.43,0.0000,7.5,2026-07-17T20:40:00Z,2026-08-21T20:00:00Z,2026-07-17T20:30:26.480522Z,2026-08-24T16:10:10.227219Z,KXB200WS-26AUG21,"If the value of NVIDIA B200 compute per hour is above $7.5 on Aug 21, 2026 at 4 PM ET, then the market resolves to Yes."
KXB200WS,B200 Weekly,KXB200WS-26AUG21-7.000,Will the NVIDIA B200 compute per hour price be above $7 at 4 PM ET on Aug 21?,finalized,0.0000,1.0000,0.1100,0.1100,5919.59,0.00,2907.24,0.0000,7.0,2026-07-17T20:40:00Z,2026-08-21T20:00:00Z,2026-07-17T20:30:26.480522Z,2026-08-24T16:10:10.141066Z,KXB200WS-26AUG21,"If the value of NVIDIA B200 compute per hour is above $7 on Aug 21, 2026 at 4 PM ET, then the market resolves to Yes."
KXB200WS,B200 Weekly,KXB200WS-26AUG21-6.500,Will the NVIDIA B200 compute per hour price be above $6.5 at 4 PM ET on Aug 21?,finalized,0.0000,1.0000,0.9900,0.9900,5819.96,0.00,4196.95,0.0000,6.5,2026-07-17T20:40:00Z,2026-08-21T20:00:00Z,2026-07-17T20:30:26.480522Z,2026-08-24T16:10:10.014138Z,KXB200WS-26AUG21,"If the value of NVIDIA B200 compute per hour is above $6.5 on Aug 21, 2026 at 4 PM ET, then the market resolves to Yes."
KXB200WS,B200 Weekly,KXB200WS-26AUG21-6.000,Will the NVIDIA B200 compute per hour price be above $6 at 4 PM ET on Aug 21?,finalized,0.0000,1.0000,0.9800,0.9800,3684.38,0.00,2182.86,0.0000,6.0,2026-07-17T20:40:00Z,2026-08-21T20:00:00Z,2026-07-17T20:30:26.480522Z,2026-08-24T16:10:09.915004Z,KXB200WS-26AUG21,"If the value of NVIDIA B200 compute per hour is above $6 on Aug 21, 2026 at 4 PM ET, then the market resolves to Yes."
KXB200WS,B200 Weekly,KXB200WS-26AUG21-5.500,Will the NVIDIA B200 compute per hour price be above $5.5 at 4 PM ET on Aug 21?,finalized,0.0000,1.0000,0.9900,0.9900,3177.00,0.00,2705.80,0.0000,5.5,2026-07-17T20:40:00Z,2026-08-21T20:00:00Z,2026-07-17T20:30:26.480522Z,2026-08-24T16:10:09.837893Z,KXB200WS-26AUG21,"If the value of NVIDIA B200 compute per hour is above $5.5 on Aug 21, 2026 at 4 PM ET, then the market resolves to Yes."
KXB200WS,B200 Weekly,KXB200WS-26AUG21-5.000,Will the NVIDIA B200 compute per hour price be above $5 at 4 PM ET on Aug 21?,finalized,0.0000,1.0000,0.9900,0.9900,2063.14,0.00,1580.00,0.0000,5.0,2026-07-17T20:40:00Z,2026-08-21T20:00:00Z,2026-07-17T20:30:26.480522Z,2026-08-24T16:10:09.732414Z,KXB200WS-26AUG21,"If the value of NVIDIA B200 compute per hour is above $5 on Aug 21, 2026 at 4 PM ET, then the market resolves to Yes."
KXB200WS,B200 Weekly,KXB200WS-26AUG21-4.500,Will the NVIDIA B200 compute per hour price be above $4.5 at 4 PM ET on Aug 21?,finalized,0.0000,1.0000,0.9900,0.9900,1541.00,0.00,1483.00,0.0000,4.5,2026-07-17T20:40:00Z,2026-08-21T20:00:00Z,2026-07-17T20:30:26.480522Z,2026-08-24T16:10:09.622686Z,KXB200WS-26AUG21,"If the value of NVIDIA B200 compute per hour is above $4.5 on Aug 21, 2026 at 4 PM ET, then the market resolves to Yes."
KXB200WS,B200 Weekly,KXB200WS-26AUG21-4.000,Will the NVIDIA B200 compute per hour price be above $4 at 4 PM ET on Aug 21?,finalized,0.0000,1.0000,0.9900,0.9900,1463.00,0.00,1397.00,0.0000,4.0,2026-07-17T20:40:00Z,2026-08-21T20:00:00Z,2026-07-17T20:30:26.480522Z,2026-08-24T16:10:09.510719Z,KXB200WS-26AUG21,"If the value of NVIDIA B200 compute per hour is above $4 on Aug 21, 2026 at 4 PM ET, then the market resolves to Yes."
KXB200WS,B200 Weekly,KXB200WS-26AUG21-3.500,Will the NVIDIA B200 compute per hour price be above $3.5 at 4 PM ET on Aug 21?,finalized,0.0000,1.0000,0.9900,0.9900,1830.00,0.00,1135.00,0.0000,3.5,2026-07-17T20:40:00Z,2026-08-21T20:00:00Z,2026-07-17T20:30:26.480522Z,2026-08-24T16:10:09.409712Z,KXB200WS-26AUG21,"If the value of NVIDIA B200 compute per hour is above $3.5 on Aug 21, 2026 at 4 PM ET, then the market resolves to Yes."
KXB200WS,B200 Weekly,KXB200WS-26AUG21-3.000,Will the NVIDIA B200 compute per hour price be above $3 at 4 PM ET on Aug 21?,finalized,0.0000,1.0000,0.9900,0.9900,1251.00,0.00,1251.00,0.0000,3.0,2026-07-17T20:40:00Z,2026-08-21T20:00:00Z,2026-07-17T20:30:26.480522Z,2026-08-24T16:10:09.29788Z,KXB200WS-26AUG21,"If the value of NVIDIA B200 compute per hour is above $3 on Aug 21, 2026 at 4 PM ET, then the market resolves to Yes."
KXB200WS,B200 Weekly,KXB200WS-26AUG14-9.000,Will the NVIDIA B200 compute per hour price be above $9 at 4 PM ET on Aug 14?,finalized,0.0000,1.0000,0.0100,0.0100,1967.74,0.00,1506.00,0.0000,9.0,2026-07-17T20:40:00Z,2026-08-14T20:00:00Z,2026-07-17T20:30:25.725399Z,2026-08-14T21:49:02.494465Z,KXB200WS-26AUG14,"If the value of NVIDIA B200 compute per hour is above $9 on Aug 14, 2026 at 4 PM ET, then the market resolves to Yes."
KXB200WS,B200 Weekly,KXB200WS-26AUG14-8.500,Will the NVIDIA B200 compute per hour price be above $8.5 at 4 PM ET on Aug 14?,finalized,0.0000,1.0000,0.0100,0.0100,2367.69,0.00,1718.69,0.0000,8.5,2026-07-17T20:40:00Z,2026-08-14T20:00:00Z,2026-07-17T20:30:25.725399Z,2026-08-14T21:49:02.494465Z,KXB200WS-26AUG14,"If the value of NVIDIA B200 compute per hour is above $8.5 on Aug 14, 2026 at 4 PM ET, then the market resolves to Yes."
KXB200WS,B200 Weekly,KXB200WS-26AUG14-8.000,Will the NVIDIA B200 compute per hour price be above $8 at 4 PM ET on Aug 14?,finalized,0.0000,1.0000,0.0100,0.0100,2756.00,0.00,1772.00,0.0000,8.0,2026-07-17T20:40:00Z,2026-08-14T20:00:00Z,2026-07-17T20:30:25.725399Z,2026-08-14T21:49:02.494465Z,KXB200WS-26AUG14,"If the value of NVIDIA B200 compute per hour is above $8 on Aug 14, 2026 at 4 PM ET, then the market resolves to Yes."
KXB200WS,B200 Weekly,KXB200WS-26AUG14-7.500,Will the NVIDIA B200 compute per hour price be above $7.5 at 4 PM ET on Aug 14?,finalized,0.0000,1.0000,0.0100,0.0100,7336.81,0.00,7000.81,0.0000,7.5,2026-07-17T20:40:00Z,2026-08-14T20:00:00Z,2026-07-17T20:30:25.725399Z,2026-08-14T21:49:02.494465Z,KXB200WS-26AUG14,"If the value of NVIDIA B200 compute per hour is above $7.5 on Aug 14, 2026 at 4 PM ET, then the market resolves to Yes."
KXB200WS,B200 Weekly,KXB200WS-26AUG14-7.000,Will the NVIDIA B200 compute per hour price be above $7 at 4 PM ET on Aug 14?,finalized,0.0000,1.0000,0.0100,0.0100,2465.80,0.00,2126.48,0.0000,7.0,2026-07-17T20:40:00Z,2026-08-14T20:00:00Z,2026-07-17T20:30:25.725399Z,2026-08-14T21:49:02.494465Z,KXB200WS-26AUG14,"If the value of NVIDIA B200 compute per hour is above $7 on Aug 14, 2026 at 4 PM ET, then the market resolves to Yes."
KXB200WS,B200 Weekly,KXB200WS-26AUG14-6.500,Will the NVIDIA B200 compute per hour price be above $6.5 at 4 PM ET on Aug 14?,finalized,0.0000,1.0000,0.0100,0.0100,5316.84,0.00,2999.65,0.0000,6.5,2026-07-17T20:40:00Z,2026-08-14T20:00:00Z,2026-07-17T20:30:25.725399Z,2026-08-14T21:49:02.494465Z,KXB200WS-26AUG14,"If the value of NVIDIA B200 compute per hour is above $6.5 on Aug 14, 2026 at 4 PM ET, then the market resolves to Yes."
KXB200WS,B200 Weekly,KXB200WS-26AUG14-6.000,Will the NVIDIA B200 compute per hour price be above $6 at 4 PM ET on Aug 14?,finalized,0.0000,1.0000,0.0200,0.0200,7943.48,0.00,3170.65,0.0000,6.0,2026-07-17T20:40:00Z,2026-08-14T20:00:00Z,2026-07-17T20:30:25.725399Z,2026-08-14T21:49:02.494465Z,KXB200WS-26AUG14,"If the value of NVIDIA B200 compute per hour is above $6 on Aug 14, 2026 at 4 PM ET, then the market resolves to Yes."
KXB200WS,B200 Weekly,KXB200WS-26AUG14-5.500,Will the NVIDIA B200 compute per hour price be above $5.5 at 4 PM ET on Aug 14?,finalized,0.0000,1.0000,0.9800,0.9800,8181.32,0.00,6165.07,0.0000,5.5,2026-07-17T20:40:00Z,2026-08-14T20:00:00Z,2026-07-17T20:30:25.725399Z,2026-08-14T21:49:02.494465Z,KXB200WS-26AUG14,"If the value of NVIDIA B200 compute per hour is above $5.5 on Aug 14, 2026 at 4 PM ET, then the market resolves to Yes."
KXB200WS,B200 Weekly,KXB200WS-26AUG14-5.000,Will the NVIDIA B200 compute per hour price be above $5 at 4 PM ET on Aug 14?,finalized,0.0000,1.0000,0.9900,0.9900,4543.56,0.00,3152.25,0.0000,5.0,2026-07-17T20:40:00Z,2026-08-14T20:00:00Z,2026-07-17T20:30:25.725399Z,2026-08-14T21:49:02.494465Z,KXB200WS-26AUG14,"If the value of NVIDIA B200 compute per hour is above $5 on Aug 14, 2026 at 4 PM ET, then the market resolves to Yes."
KXB200WS,B200 Weekly,KXB200WS-26AUG14-4.500,Will the NVIDIA B200 compute per hour price be above $4.5 at 4 PM ET on Aug 14?,finalized,0.0000,1.0000,0.9800,0.9800,1601.00,0.00,1161.00,0.0000,4.5,2026-07-17T20:40:00Z,2026-08-14T20:00:00Z,2026-07-17T20:30:25.725399Z,2026-08-14T21:49:02.494465Z,KXB200WS-26AUG14,"If the value of NVIDIA B200 compute per hour is above $4.5 on Aug 14, 2026 at 4 PM ET, then the market resolves to Yes."
KXB200WS,B200 Weekly,KXB200WS-26AUG14-4.000,Will the NVIDIA B200 compute per hour price be above $4 at 4 PM ET on Aug 14?,finalized,0.0000,1.0000,0.9900,0.9900,1461.00,0.00,1444.00,0.0000,4.0,2026-07-17T20:40:00Z,2026-08-14T20:00:00Z,2026-07-17T20:30:25.725399Z,2026-08-14T21:49:02.494465Z,KXB200WS-26AUG14,"If the value of NVIDIA B200 compute per hour is above $4 on Aug 14, 2026 at 4 PM ET, then the market resolves to Yes."
KXB200WS,B200 Weekly,KXB200WS-26AUG14-3.500,Will the NVIDIA B200 compute per hour price be above $3.5 at 4 PM ET on Aug 14?,finalized,0.0000,1.0000,0.9900,0.9900,12860.25,0.00,12608.25,0.0000,3.5,2026-07-17T20:40:00Z,2026-08-14T20:00:00Z,2026-07-17T20:30:25.725399Z,2026-08-14T21:49:02.494465Z,KXB200WS-26AUG14,"If the value of NVIDIA B200 compute per hour is above $3.5 on Aug 14, 2026 at 4 PM ET, then the market resolves to Yes."
KXB200WS,B200 Weekly,KXB200WS-26AUG14-3.000,Will the NVIDIA B200 compute per hour price be above $3 at 4 PM ET on Aug 14?,finalized,0.0000,1.0000,0.9900,0.9900,3005.25,0.00,2905.25,0.0000,3.0,2026-07-17T20:40:00Z,2026-08-14T20:00:00Z,2026-07-17T20:30:25.725399Z,2026-08-14T21:49:02.494465Z,KXB200WS-26AUG14,"If the value of NVIDIA B200 compute per hour is above $3 on Aug 14, 2026 at 4 PM ET, then the market resolves to Yes."
KXB200WS,B200 Weekly,KXB200WS-26JUL31-12.000,Will the NVIDIA B200 compute per hour price be above $12 at 4 PM ET on Jul 31?,finalized,0.0000,1.0000,0.0100,0.0100,1839.70,0.00,1830.70,0.0000,12.0,2026-07-16T21:14:00Z,2026-07-31T20:00:00Z,2026-07-16T21:05:48.402838Z,2026-07-31T21:15:11.006707Z,KXB200WS-26JUL31,"If the value of NVIDIA B200 compute per hour is above $12 on Jul 31, 2026 at 4 PM ET, then the market resolves to Yes."
KXB200WS,B200 Weekly,KXB200WS-26JUL31-11.500,Will the NVIDIA B200 compute per hour price be above $11.5 at 4 PM ET on Jul 31?,finalized,0.0000,1.0000,0.0100,0.0100,1675.00,0.00,1675.00,0.0000,11.5,2026-07-16T21:14:00Z,2026-07-31T20:00:00Z,2026-07-16T21:05:38.165312Z,2026-07-31T21:15:11.006707Z,KXB200WS-26JUL31,"If the value of NVIDIA B200 compute per hour is above $11.5 on Jul 31, 2026 at 4 PM ET, then the market resolves to Yes."
KXB200WS,B200 Weekly,KXB200WS-26JUL31-11.000,Will the NVIDIA B200 compute per hour price be above $11 at 4 PM ET on Jul 31?,finalized,0.0000,1.0000,0.0100,0.0100,1675.00,0.00,1675.00,0.0000,11.0,2026-07-16T21:14:00Z,2026-07-31T20:00:00Z,2026-07-16T21:05:27.929605Z,2026-07-31T21:15:11.006707Z,KXB200WS-26JUL31,"If the value of NVIDIA B200 compute per hour is above $11 on Jul 31, 2026 at 4 PM ET, then the market resolves to Yes."
KXB200WS,B200 Weekly,KXB200WS-26JUL31-10.500,Will the NVIDIA B200 compute per hour price be above $10.5 at 4 PM ET on Jul 31?,finalized,0.0000,1.0000,0.0100,0.0100,1675.00,0.00,1675.00,0.0000,10.5,2026-07-16T21:14:00Z,2026-07-31T20:00:00Z,2026-07-16T21:05:17.707281Z,2026-07-31T21:15:11.006707Z,KXB200WS-26JUL31,"If the value of NVIDIA B200 compute per hour is above $10.5 on Jul 31, 2026 at 4 PM ET, then the market resolves to Yes."
KXB200WS,B200 Weekly,KXB200WS-26JUL31-10.000,Will the NVIDIA B200 compute per hour price be above $10 at 4 PM ET on Jul 31?,finalized,0.0000,1.0000,0.0100,0.0100,1675.00,0.00,1675.00,0.0000,10.0,2026-07-16T21:14:00Z,2026-07-31T20:00:00Z,2026-07-16T21:05:07.494499Z,2026-07-31T21:15:11.006707Z,KXB200WS-26JUL31,"If the value of NVIDIA B200 compute per hour is above $10 on Jul 31, 2026 at 4 PM ET, then the market resolves to Yes."
KXB200WS,B200 Weekly,KXB200WS-26JUL31-9.500,Will the NVIDIA B200 compute per hour price be above $9.5 at 4 PM ET on Jul 31?,finalized,0.0000,1.0000,0.0100,0.0100,1678.00,0.00,1675.00,0.0000,9.5,2026-07-16T21:14:00Z,2026-07-31T20:00:00Z,2026-07-16T21:04:57.205826Z,2026-07-31T21:15:11.006707Z,KXB200WS-26JUL31,"If the value of NVIDIA B200 compute per hour is above $9.5 on Jul 31, 2026 at 4 PM ET, then the market resolves to Yes."
KXB200WS,B200 Weekly,KXB200WS-26JUL31-9.000,Will the NVIDIA B200 compute per hour price be above $9 at 4 PM ET on Jul 31?,finalized,0.0000,1.0000,0.0100,0.0100,1704.82,0.00,1688.41,0.0000,9.0,2026-07-16T21:14:00Z,2026-07-31T20:00:00Z,2026-07-16T21:04:46.93105Z,2026-07-31T21:15:11.006707Z,KXB200WS-26JUL31,"If the value of NVIDIA B200 compute per hour is above $9 on Jul 31, 2026 at 4 PM ET, then the market resolves to Yes."
KXB200WS,B200 Weekly,KXB200WS-26JUL31-8.500,Will the NVIDIA B200 compute per hour price be above $8.5 at 4 PM ET on Jul 31?,finalized,0.0000,1.0000,0.0100,0.0100,1631.00,0.00,1628.00,0.0000,8.5,2026-07-16T21:14:00Z,2026-07-31T20:00:00Z,2026-07-16T21:04:36.678613Z,2026-07-31T21:15:11.006707Z,KXB200WS-26JUL31,"If the value of NVIDIA B200 compute per hour is above $8.5 on Jul 31, 2026 at 4 PM ET, then the market resolves to Yes."
KXB200WS,B200 Weekly,KXB200WS-26JUL31-8.000,Will the NVIDIA B200 compute per hour price be above $8 at 4 PM ET on Jul 31?,finalized,0.0000,1.0000,0.0100,0.0100,2973.00,0.00,2973.00,0.0000,8.0,2026-07-16T21:14:00Z,2026-07-31T20:00:00Z,2026-07-16T21:04:26.417896Z,2026-07-31T21:15:11.006707Z,KXB200WS-26JUL31,"If the value of NVIDIA B200 compute per hour is above $8 on Jul 31, 2026 at 4 PM ET, then the market resolves to Yes."
KXB200WS,B200 Weekly,KXB200WS-26JUL31-7.500,Will the NVIDIA B200 compute per hour price be above $7.5 at 4 PM ET on Jul 31?,finalized,0.0000,1.0000,0.0100,0.0100,3039.63,0.00,2133.10,0.0000,7.5,2026-07-16T21:14:00Z,2026-07-31T20:00:00Z,2026-07-16T21:04:16.160941Z,2026-07-31T21:15:11.006707Z,KXB200WS-26JUL31,"If the value of NVIDIA B200 compute per hour is above $7.5 on Jul 31, 2026 at 4 PM ET, then the market resolves to Yes."
KXB200WS,B200 Weekly,KXB200WS-26AUG07-5.75,Will the NVIDIA B200 compute per hour price be above $5.75 at 4 PM ET on Aug 07?,finalized,0.0000,1.0000,0.9500,0.9500,5432.31,0.00,2506.85,0.0000,5.75,2026-07-15T23:30:00Z,2026-08-07T20:00:00Z,2026-07-15T23:22:39.499797Z,2026-08-07T21:19:35.483126Z,KXB200WS-26AUG07,"If the value of NVIDIA B200 compute per hour is above $5.75 on Aug 07, 2026 at 4 PM ET, then the market resolves to Yes."
KXB200WS,B200 Weekly,KXB200WS-26JUL31-5.75,Will the NVIDIA B200 compute per hour price be above $5.75 at 4 PM ET on Jul 31?,finalized,0.0000,1.0000,0.9900,0.9900,927.37,0.00,648.41,0.0000,5.75,2026-07-15T23:30:00Z,2026-07-31T20:00:00Z,2026-07-15T23:19:13.093743Z,2026-07-31T21:15:11.006707Z,KXB200WS-26JUL31,"If the value of NVIDIA B200 compute per hour is above $5.75 on Jul 31, 2026 at 4 PM ET, then the market resolves to Yes."
KXB200WS,B200 Weekly,KXB200WS-26JUL24-7.50,Will the NVIDIA B200 compute per hour price be above $7.5 at 4 PM ET on Jul 24?,finalized,0.0000,1.0000,0.0100,0.0100,3429.00,0.00,3262.00,0.0000,7.5,2026-07-15T23:05:00Z,2026-07-24T20:00:00Z,2026-07-15T23:00:13.391598Z,2026-07-24T20:51:56.163405Z,KXB200WS-26JUL24,"If the value of NVIDIA B200 compute per hour is above $7.5 on Jul 24, 2026 at 4 PM ET, then the market resolves to Yes."
KXB200WS,B200 Weekly,KXB200WS-26JUL24-7.25,Will the NVIDIA B200 compute per hour price be above $7.25 at 4 PM ET on Jul 24?,finalized,0.0000,1.0000,0.0100,0.0100,1026.37,0.00,591.73,0.0000,7.25,2026-07-15T23:05:00Z,2026-07-24T20:00:00Z,2026-07-15T23:00:07.654961Z,2026-07-24T20:51:56.163405Z,KXB200WS-26JUL24,"If the value of NVIDIA B200 compute per hour is above $7.25 on Jul 24, 2026 at 4 PM ET, then the market resolves to Yes."
KXB200WS,B200 Weekly,KXB200WS-26JUL17-7.25,Will the NVIDIA B200 compute per hour price be above $7.25 at 4 PM ET on Jul 17?,finalized,0.0000,1.0000,0.2900,0.2900,1329.57,0.00,529.82,0.0000,7.25,2026-07-15T23:05:00Z,2026-07-17T20:00:00Z,2026-07-15T22:53:22.870649Z,2026-07-20T13:50:56.069071Z,KXB200WS-26JUL17,"If the value of NVIDIA B200 compute per hour is above $7.25 on Jul 17, 2026 at 4 PM ET, then the market resolves to Yes."
KXB200WS,B200 Weekly,KXB200WS-26JUL17-8.50,Will the NVIDIA B200 compute per hour price be above $8.5 at 4 PM ET on Jul 17?,finalized,0.0000,1.0000,0.0100,0.0100,2190.00,0.00,2180.50,0.0000,8.5,2026-07-14T23:10:00Z,2026-07-17T20:00:00Z,2026-07-14T23:06:41.466838Z,2026-07-20T13:50:56.408183Z,KXB200WS-26JUL17,"If the value of NVIDIA B200 compute per hour is above $8.5 on Jul 17, 2026 at 4 PM ET, then the market resolves to Yes."
KXB200WS,B200 Weekly,KXB200WS-26JUL17-8.00,Will the NVIDIA B200 compute per hour price be above $8 at 4 PM ET on Jul 17?,finalized,0.0000,1.0000,0.0100,0.0100,1368.71,0.00,1010.58,0.0000,8.0,2026-07-14T23:10:00Z,2026-07-17T20:00:00Z,2026-07-14T23:06:35.026741Z,2026-07-20T13:50:56.314956Z,KXB200WS-26JUL17,"If the value of NVIDIA B200 compute per hour is above $8 on Jul 17, 2026 at 4 PM ET, then the market resolves to Yes."
KXB200WS,B200 Weekly,KXB200WS-26JUL17-7.50,Will the NVIDIA B200 compute per hour price be above $7.5 at 4 PM ET on Jul 17?,finalized,0.0000,1.0000,0.1000,0.1000,4396.65,0.00,2540.19,0.0000,7.5,2026-07-14T23:10:00Z,2026-07-17T20:00:00Z,2026-07-14T23:06:14.203986Z,2026-07-20T13:50:56.22211Z,KXB200WS-26JUL17,"If the value of NVIDIA B200 compute per hour is above $7.5 on Jul 17, 2026 at 4 PM ET, then the market resolves to Yes."
KXB200WS,B200 Weekly,KXB200WS-26AUG07-7.000,Will the NVIDIA B200 compute per hour price be above $7 at 4 PM ET on Aug 07?,finalized,0.0000,1.0000,0.0100,0.0100,6676.81,0.00,2932.83,0.0000,7.0,2026-06-29T19:11:00Z,2026-08-07T20:00:00Z,2026-06-29T19:01:31.188852Z,2026-08-07T21:19:35.483126Z,KXB200WS-26AUG07,"If the value of NVIDIA B200 compute per hour is above $7 on Aug 07, 2026 at 4 PM ET, then the market resolves to Yes."
KXB200WS,B200 Weekly,KXB200WS-26AUG07-6.500,Will the NVIDIA B200 compute per hour price be above $6.5 at 4 PM ET on Aug 07?,finalized,0.0000,1.0000,0.0100,0.0100,3680.34,0.00,2388.29,0.0000,6.5,2026-06-29T19:11:00Z,2026-08-07T20:00:00Z,2026-06-29T19:01:31.188852Z,2026-08-07T21:19:35.483126Z,KXB200WS-26AUG07,"If the value of NVIDIA B200 compute per hour is above $6.5 on Aug 07, 2026 at 4 PM ET, then the market resolves to Yes."
KXB200WS,B200 Weekly,KXB200WS-26AUG07-6.000,Will the NVIDIA B200 compute per hour price be above $6 at 4 PM ET on Aug 07?,finalized,0.0000,1.0000,0.0200,0.0200,10469.73,0.00,6096.26,0.0000,6.0,2026-06-29T19:11:00Z,2026-08-07T20:00:00Z,2026-06-29T19:01:31.188852Z,2026-08-07T21:19:35.483126Z,KXB200WS-26AUG07,"If the value of NVIDIA B200 compute per hour is above $6 on Aug 07, 2026 at 4 PM ET, then the market resolves to Yes."
KXB200WS,B200 Weekly,KXB200WS-26AUG07-5.500,Will the NVIDIA B200 compute per hour price be above $5.5 at 4 PM ET on Aug 07?,finalized,0.0000,1.0000,0.9900,0.9900,4692.26,0.00,3351.42,0.0000,5.5,2026-06-29T19:11:00Z,2026-08-07T20:00:00Z,2026-06-29T19:01:31.188852Z,2026-08-07T21:19:35.483126Z,KXB200WS-26AUG07,"If the value of NVIDIA B200 compute per hour is above $5.5 on Aug 07, 2026 at 4 PM ET, then the market resolves to Yes."
KXB200WS,B200 Weekly,KXB200WS-26AUG07-5.000,Will the NVIDIA B200 compute per hour price be above $5 at 4 PM ET on Aug 07?,finalized,0.0000,1.0000,0.9900,0.9900,9517.22,0.00,4226.62,0.0000,5.0,2026-06-29T19:11:00Z,2026-08-07T20:00:00Z,2026-06-29T19:01:31.188852Z,2026-08-07T21:19:35.483126Z,KXB200WS-26AUG07,"If the value of NVIDIA B200 compute per hour is above $5 on Aug 07, 2026 at 4 PM ET, then the market resolves to Yes."
KXB200WS,B200 Weekly,KXB200WS-26AUG07-4.500,Will the NVIDIA B200 compute per hour price be above $4.5 at 4 PM ET on Aug 07?,finalized,0.0000,1.0000,0.9900,0.9900,3252.99,0.00,2077.99,0.0000,4.5,2026-06-29T19:11:00Z,2026-08-07T20:00:00Z,2026-06-29T19:01:31.188852Z,2026-08-07T21:19:35.483126Z,KXB200WS-26AUG07,"If the value of NVIDIA B200 compute per hour is above $4.5 on Aug 07, 2026 at 4 PM ET, then the market resolves to Yes."
KXB200WS,B200 Weekly,KXB200WS-26AUG07-4.000,Will the NVIDIA B200 compute per hour price be above $4 at 4 PM ET on Aug 07?,finalized,0.0000,1.0000,0.9900,0.9900,13363.36,0.00,10674.13,0.0000,4.0,2026-06-29T19:11:00Z,2026-08-07T20:00:00Z,2026-06-29T19:01:31.188852Z,2026-08-07T21:19:35.483126Z,KXB200WS-26AUG07,"If the value of NVIDIA B200 compute per hour is above $4 on Aug 07, 2026 at 4 PM ET, then the market resolves to Yes."
KXB200WS,B200 Weekly,KXB200WS-26AUG07-3.500,Will the NVIDIA B200 compute per hour price be above $3.5 at 4 PM ET on Aug 07?,finalized,0.0000,1.0000,0.9900,0.9900,6365.78,0.00,3268.48,0.0000,3.5,2026-06-29T19:11:00Z,2026-08-07T20:00:00Z,2026-06-29T19:01:31.188852Z,2026-08-07T21:19:35.483126Z,KXB200WS-26AUG07,"If the value of NVIDIA B200 compute per hour is above $3.5 on Aug 07, 2026 at 4 PM ET, then the market resolves to Yes."
KXB200WS,B200 Weekly,KXB200WS-26AUG07-3.000,Will the NVIDIA B200 compute per hour price be above $3 at 4 PM ET on Aug 07?,finalized,0.0000,1.0000,0.9900,0.9900,1725.10,0.00,1679.10,0.0000,3.0,2026-06-29T19:11:00Z,2026-08-07T20:00:00Z,2026-06-29T19:01:31.188852Z,2026-08-07T21:19:35.483126Z,KXB200WS-26AUG07,"If the value of NVIDIA B200 compute per hour is above $3 on Aug 07, 2026 at 4 PM ET, then the market resolves to Yes."
KXB200WS,B200 Weekly,KXB200WS-26JUL31-7.000,Will the NVIDIA B200 compute per hour price be above $7 at 4 PM ET on Jul 31?,finalized,0.0000,1.0000,0.0200,0.0200,4649.16,0.00,2155.81,0.0000,7.0,2026-06-23T21:29:00Z,2026-07-31T20:00:00Z,2026-06-23T21:19:39.374924Z,2026-07-31T21:15:11.006707Z,KXB200WS-26JUL31,"If the value of NVIDIA B200 compute per hour is above $7 on Jul 31, 2026 at 4 PM ET, then the market resolves to Yes."
KXB200WS,B200 Weekly,KXB200WS-26JUL31-6.500,Will the NVIDIA B200 compute per hour price be above $6.5 at 4 PM ET on Jul 31?,finalized,0.0000,1.0000,0.0200,0.0200,5935.52,0.00,2900.41,0.0000,6.5,2026-06-23T21:29:00Z,2026-07-31T20:00:00Z,2026-06-23T21:19:39.374924Z,2026-07-31T21:15:11.006707Z,KXB200WS-26JUL31,"If the value of NVIDIA B200 compute per hour is above $6.5 on Jul 31, 2026 at 4 PM ET, then the market resolves to Yes."
KXB200WS,B200 Weekly,KXB200WS-26JUL31-6.000,Will the NVIDIA B200 compute per hour price be above $6 at 4 PM ET on Jul 31?,finalized,0.0000,1.0000,0.9700,0.9700,4871.27,0.00,1792.85,0.0000,6.0,2026-06-23T21:29:00Z,2026-07-31T20:00:00Z,2026-06-23T21:19:39.374924Z,2026-07-31T21:15:11.006707Z,KXB200WS-26JUL31,"If the value of NVIDIA B200 compute per hour is above $6 on Jul 31, 2026 at 4 PM ET, then the market resolves to Yes."
KXB200WS,B200 Weekly,KXB200WS-26JUL31-5.500,Will the NVIDIA B200 compute per hour price be above $5.5 at 4 PM ET on Jul 31?,finalized,0.0000,1.0000,0.9900,0.9900,4192.48,0.00,1990.63,0.0000,5.5,2026-06-23T21:29:00Z,2026-07-31T20:00:00Z,2026-06-23T21:19:39.374924Z,2026-07-31T21:15:11.006707Z,KXB200WS-26JUL31,"If the value of NVIDIA B200 compute per hour is above $5.5 on Jul 31, 2026 at 4 PM ET, then the market resolves to Yes."
KXB200WS,B200 Weekly,KXB200WS-26JUL31-5.000,Will the NVIDIA B200 compute per hour price be above $5 at 4 PM ET on Jul 31?,finalized,0.0000,1.0000,0.9900,0.9900,3801.54,0.00,1891.56,0.0000,5.0,2026-06-23T21:29:00Z,2026-07-31T20:00:00Z,2026-06-23T21:19:39.374924Z,2026-07-31T21:15:11.006707Z,KXB200WS-26JUL31,"If the value of NVIDIA B200 compute per hour is above $5 on Jul 31, 2026 at 4 PM ET, then the market resolves to Yes."
KXB200WS,B200 Weekly,KXB200WS-26JUL31-4.500,Will the NVIDIA B200 compute per hour price be above $4.5 at 4 PM ET on Jul 31?,finalized,0.0000,1.0000,0.9900,0.9900,3120.72,0.00,2202.01,0.0000,4.5,2026-06-23T21:29:00Z,2026-07-31T20:00:00Z,2026-06-23T21:19:39.374924Z,2026-07-31T21:15:11.006707Z,KXB200WS-26JUL31,"If the value of NVIDIA B200 compute per hour is above $4.5 on Jul 31, 2026 at 4 PM ET, then the market resolves to Yes."
KXB200WS,B200 Weekly,KXB200WS-26JUL31-4.000,Will the NVIDIA B200 compute per hour price be above $4 at 4 PM ET on Jul 31?,finalized,0.0000,1.0000,0.9900,0.9900,4071.10,0.00,2239.00,0.0000,4.0,2026-06-23T21:29:00Z,2026-07-31T20:00:00Z,2026-06-23T21:19:39.374924Z,2026-07-31T21:15:11.006707Z,KXB200WS-26JUL31,"If the value of NVIDIA B200 compute per hour is above $4 on Jul 31, 2026 at 4 PM ET, then the market resolves to Yes."
KXB200WS,B200 Weekly,KXB200WS-26JUL31-3.500,Will the NVIDIA B200 compute per hour price be above $3.5 at 4 PM ET on Jul 31?,finalized,0.0000,1.0000,0.9900,0.9900,3127.10,0.00,1547.10,0.0000,3.5,2026-06-23T21:29:00Z,2026-07-31T20:00:00Z,2026-06-23T21:19:39.374924Z,2026-07-31T21:15:11.006707Z,KXB200WS-26JUL31,"If the value of NVIDIA B200 compute per hour is above $3.5 on Jul 31, 2026 at 4 PM ET, then the market resolves to Yes."
KXB200WS,B200 Weekly,KXB200WS-26JUL31-3.000,Will the NVIDIA B200 compute per hour price be above $3 at 4 PM ET on Jul 31?,finalized,0.0000,1.0000,0.9900,0.9900,1602.00,0.00,1102.00,0.0000,3.0,2026-06-23T21:29:00Z,2026-07-31T20:00:00Z,2026-06-23T21:19:39.374924Z,2026-07-31T21:15:11.006707Z,KXB200WS-26JUL31,"If the value of NVIDIA B200 compute per hour is above $3 on Jul 31, 2026 at 4 PM ET, then the market resolves to Yes."
KXB200WS,B200 Weekly,KXB200WS-26JUL24-7.000,Will the NVIDIA B200 compute per hour price be above $7 at 4 PM ET on Jul 24?,finalized,0.0000,1.0000,0.0700,0.0700,7650.75,0.00,3855.15,0.0000,7.0,2026-06-12T23:08:00Z,2026-07-24T20:00:00Z,2026-06-12T22:58:49.675846Z,2026-07-24T20:51:56.163405Z,KXB200WS-26JUL24,"If the value of NVIDIA B200 compute per hour is above $7 on Jul 24, 2026 at 4 PM ET, then the market resolves to Yes."
KXB200WS,B200 Weekly,KXB200WS-26JUL24-6.500,Will the NVIDIA B200 compute per hour price be above $6.5 at 4 PM ET on Jul 24?,finalized,0.0000,1.0000,0.8800,0.8800,3609.61,0.00,1468.43,0.0000,6.5,2026-06-12T23:08:00Z,2026-07-24T20:00:00Z,2026-06-12T22:58:49.675846Z,2026-07-24T20:51:56.163405Z,KXB200WS-26JUL24,"If the value of NVIDIA B200 compute per hour is above $6.5 on Jul 24, 2026 at 4 PM ET, then the market resolves to Yes."
KXB200WS,B200 Weekly,KXB200WS-26JUL24-6.000,Will the NVIDIA B200 compute per hour price be above $6 at 4 PM ET on Jul 24?,finalized,0.0000,1.0000,0.9900,0.9900,5377.39,0.00,1987.16,0.0000,6.0,2026-06-12T23:08:00Z,2026-07-24T20:00:00Z,2026-06-12T22:58:49.675846Z,2026-07-24T20:51:56.163405Z,KXB200WS-26JUL24,"If the value of NVIDIA B200 compute per hour is above $6 on Jul 24, 2026 at 4 PM ET, then the market resolves to Yes."
KXB200WS,B200 Weekly,KXB200WS-26JUL24-5.500,Will the NVIDIA B200 compute per hour price be above $5.5 at 4 PM ET on Jul 24?,finalized,0.0000,1.0000,0.9900,0.9900,1576.01,0.00,1184.01,0.0000,5.5,2026-06-12T23:08:00Z,2026-07-24T20:00:00Z,2026-06-12T22:58:49.675846Z,2026-07-24T20:51:56.163405Z,KXB200WS-26JUL24,"If the value of NVIDIA B200 compute per hour is above $5.5 on Jul 24, 2026 at 4 PM ET, then the market resolves to Yes."
KXB200WS,B200 Weekly,KXB200WS-26JUL24-5.000,Will the NVIDIA B200 compute per hour price be above $5 at 4 PM ET on Jul 24?,finalized,0.0000,1.0000,0.9900,0.9900,2044.01,0.00,2036.01,0.0000,5.0,2026-06-12T23:08:00Z,2026-07-24T20:00:00Z,2026-06-12T22:58:49.675846Z,2026-07-24T20:51:56.163405Z,KXB200WS-26JUL24,"If the value of NVIDIA B200 compute per hour is above $5 on Jul 24, 2026 at 4 PM ET, then the market resolves to Yes."
KXB200WS,B200 Weekly,KXB200WS-26JUL24-4.500,Will the NVIDIA B200 compute per hour price be above $4.5 at 4 PM ET on Jul 24?,finalized,0.0000,1.0000,0.9900,0.9900,1390.14,0.00,1255.01,0.0000,4.5,2026-06-12T23:08:00Z,2026-07-24T20:00:00Z,2026-06-12T22:58:49.675846Z,2026-07-24T20:51:56.163405Z,KXB200WS-26JUL24,"If the value of NVIDIA B200 compute per hour is above $4.5 on Jul 24, 2026 at 4 PM ET, then the market resolves to Yes."
KXB200WS,B200 Weekly,KXB200WS-26JUL24-4.000,Will the NVIDIA B200 compute per hour price be above $4 at 4 PM ET on Jul 24?,finalized,0.0000,1.0000,0.9900,0.9900,2516.93,0.00,1319.00,0.0000,4.0,2026-06-12T23:08:00Z,2026-07-24T20:00:00Z,2026-06-12T22:58:49.675846Z,2026-07-24T20:51:56.163405Z,KXB200WS-26JUL24,"If the value of NVIDIA B200 compute per hour is above $4 on Jul 24, 2026 at 4 PM ET, then the market resolves to Yes."
KXB200WS,B200 Weekly,KXB200WS-26JUL24-3.500,Will the NVIDIA B200 compute per hour price be above $3.5 at 4 PM ET on Jul 24?,finalized,0.0000,1.0000,0.9900,0.9900,2249.94,0.00,1935.01,0.0000,3.5,2026-06-12T23:08:00Z,2026-07-24T20:00:00Z,2026-06-12T22:58:49.675846Z,2026-07-24T20:51:56.163405Z,KXB200WS-26JUL24,"If the value of NVIDIA B200 compute per hour is above $3.5 on Jul 24, 2026 at 4 PM ET, then the market resolves to Yes."
KXB200WS,B200 Weekly,KXB200WS-26JUL24-3.000,Will the NVIDIA B200 compute per hour price be above $3 at 4 PM ET on Jul 24?,finalized,0.0000,1.0000,0.9900,0.9900,4344.60,0.00,1659.19,0.0000,3.0,2026-06-12T23:08:00Z,2026-07-24T20:00:00Z,2026-06-12T22:58:49.675846Z,2026-07-24T20:51:56.163405Z,KXB200WS-26JUL24,"If the value of NVIDIA B200 compute per hour is above $3 on Jul 24, 2026 at 4 PM ET, then the market resolves to Yes."
KXB200WS,B200 Weekly,KXB200WS-26JUL17-7.000,Will the NVIDIA B200 compute per hour price be above $7 at 4 PM ET on Jul 17?,finalized,0.0000,1.0000,0.9300,0.9300,6689.26,0.00,1999.79,0.0000,7.0,2026-06-12T23:08:00Z,2026-07-17T20:00:00Z,2026-06-12T22:58:48.994665Z,2026-07-20T13:50:55.970145Z,KXB200WS-26JUL17,"If the value of NVIDIA B200 compute per hour is above $7 on Jul 17, 2026 at 4 PM ET, then the market resolves to Yes."
KXB200WS,B200 Weekly,KXB200WS-26JUL17-6.500,Will the NVIDIA B200 compute per hour price be above $6.5 at 4 PM ET on Jul 17?,finalized,0.0000,1.0000,0.9500,0.9500,6773.28,0.00,3175.38,0.0000,6.5,2026-06-12T23:08:00Z,2026-07-17T20:00:00Z,2026-06-12T22:58:48.994665Z,2026-07-20T13:50:55.87748Z,KXB200WS-26JUL17,"If the value of NVIDIA B200 compute per hour is above $6.5 on Jul 17, 2026 at 4 PM ET, then the market resolves to Yes."
KXB200WS,B200 Weekly,KXB200WS-26JUL17-6.000,Will the NVIDIA B200 compute per hour price be above $6 at 4 PM ET on Jul 17?,finalized,0.0000,1.0000,0.9900,0.9900,9164.20,0.00,6340.20,0.0000,6.0,2026-06-12T23:08:00Z,2026-07-17T20:00:00Z,2026-06-12T22:58:48.994665Z,2026-07-20T13:50:55.769999Z,KXB200WS-26JUL17,"If the value of NVIDIA B200 compute per hour is above $6 on Jul 17, 2026 at 4 PM ET, then the market resolves to Yes."
KXB200WS,B200 Weekly,KXB200WS-26JUL17-5.500,Will the NVIDIA B200 compute per hour price be above $5.5 at 4 PM ET on Jul 17?,finalized,0.0000,1.0000,0.9900,0.9900,6312.99,0.00,5489.22,0.0000,5.5,2026-06-12T23:08:00Z,2026-07-17T20:00:00Z,2026-06-12T22:58:48.994665Z,2026-07-20T13:50:55.676416Z,KXB200WS-26JUL17,"If the value of NVIDIA B200 compute per hour is above $5.5 on Jul 17, 2026 at 4 PM ET, then the market resolves to Yes."
KXB200WS,B200 Weekly,KXB200WS-26JUL17-5.000,Will the NVIDIA B200 compute per hour price be above $5 at 4 PM ET on Jul 17?,finalized,0.0000,1.0000,0.9900,0.9900,2580.07,0.00,2192.51,0.0000,5.0,2026-06-12T23:08:00Z,2026-07-17T20:00:00Z,2026-06-12T22:58:48.994665Z,2026-07-20T13:50:55.583871Z,KXB200WS-26JUL17,"If the value of NVIDIA B200 compute per hour is above $5 on Jul 17, 2026 at 4 PM ET, then the market resolves to Yes."
KXB200WS,B200 Weekly,KXB200WS-26JUL17-4.500,Will the NVIDIA B200 compute per hour price be above $4.5 at 4 PM ET on Jul 17?,finalized,0.0000,1.0000,0.9900,0.9900,2852.95,0.00,2285.56,0.0000,4.5,2026-06-12T23:08:00Z,2026-07-17T20:00:00Z,2026-06-12T22:58:48.994665Z,2026-07-20T13:50:55.487923Z,KXB200WS-26JUL17,"If the value of NVIDIA B200 compute per hour is above $4.5 on Jul 17, 2026 at 4 PM ET, then the market resolves to Yes."
KXB200WS,B200 Weekly,KXB200WS-26JUL17-4.000,Will the NVIDIA B200 compute per hour price be above $4 at 4 PM ET on Jul 17?,finalized,0.0000,1.0000,0.9900,0.9900,21252.86,0.00,19930.00,0.0000,4.0,2026-06-12T23:08:00Z,2026-07-17T20:00:00Z,2026-06-12T22:58:48.994665Z,2026-07-20T13:50:55.386192Z,KXB200WS-26JUL17,"If the value of NVIDIA B200 compute per hour is above $4 on Jul 17, 2026 at 4 PM ET, then the market resolves to Yes."
KXB200WS,B200 Weekly,KXB200WS-26JUL17-3.500,Will the NVIDIA B200 compute per hour price be above $3.5 at 4 PM ET on Jul 17?,finalized,0.0000,1.0000,0.9900,0.9900,2755.86,0.00,2502.00,0.0000,3.5,2026-06-12T23:08:00Z,2026-07-17T20:00:00Z,2026-06-12T22:58:48.994665Z,2026-07-20T13:50:55.278236Z,KXB200WS-26JUL17,"If the value of NVIDIA B200 compute per hour is above $3.5 on Jul 17, 2026 at 4 PM ET, then the market resolves to Yes."
KXB200WS,B200 Weekly,KXB200WS-26JUL17-3.000,Will the NVIDIA B200 compute per hour price be above $3 at 4 PM ET on Jul 17?,finalized,0.0000,1.0000,0.9900,0.9900,3736.53,0.00,2825.01,0.0000,3.0,2026-06-12T23:08:00Z,2026-07-17T20:00:00Z,2026-06-12T22:58:48.994665Z,2026-07-20T13:50:55.18059Z,KXB200WS-26JUL17,"If the value of NVIDIA B200 compute per hour is above $3 on Jul 17, 2026 at 4 PM ET, then the market resolves to Yes."
KXB200WS,B200 Weekly,KXB200WS-26JUL10-7.000,Will the NVIDIA B200 compute per hour price be above $7 at 4 PM ET on Jul 10?,finalized,0.0000,1.0000,0.0100,0.0100,5685.45,0.00,4073.69,0.0000,7.0,2026-06-12T23:08:00Z,2026-07-10T20:00:00Z,2026-06-12T22:58:48.291603Z,2026-07-10T20:59:19.525278Z,KXB200WS-26JUL10,"If the value of NVIDIA B200 compute per hour is above $7 on Jul 10, 2026 at 4 PM ET, then the market resolves to Yes."
KXB200WS,B200 Weekly,KXB200WS-26JUL10-6.500,Will the NVIDIA B200 compute per hour price be above $6.5 at 4 PM ET on Jul 10?,finalized,0.0000,1.0000,0.1500,0.1500,8026.02,0.00,3041.50,0.0000,6.5,2026-06-12T23:08:00Z,2026-07-10T20:00:00Z,2026-06-12T22:58:48.291603Z,2026-07-10T20:59:19.525278Z,KXB200WS-26JUL10,"If the value of NVIDIA B200 compute per hour is above $6.5 on Jul 10, 2026 at 4 PM ET, then the market resolves to Yes."
KXB200WS,B200 Weekly,KXB200WS-26JUL10-6.000,Will the NVIDIA B200 compute per hour price be above $6 at 4 PM ET on Jul 10?,finalized,0.0000,1.0000,0.9600,0.9600,7412.07,0.00,3505.94,0.0000,6.0,2026-06-12T23:08:00Z,2026-07-10T20:00:00Z,2026-06-12T22:58:48.291603Z,2026-07-10T20:59:19.525278Z,KXB200WS-26JUL10,"If the value of NVIDIA B200 compute per hour is above $6 on Jul 10, 2026 at 4 PM ET, then the market resolves to Yes."
KXB200WS,B200 Weekly,KXB200WS-26JUL10-5.500,Will the NVIDIA B200 compute per hour price be above $5.5 at 4 PM ET on Jul 10?,finalized,0.0000,1.0000,0.9700,0.9700,4256.73,0.00,1893.29,0.0000,5.5,2026-06-12T23:08:00Z,2026-07-10T20:00:00Z,2026-06-12T22:58:48.291603Z,2026-07-10T20:59:19.525278Z,KXB200WS-26JUL10,"If the value of NVIDIA B200 compute per hour is above $5.5 on Jul 10, 2026 at 4 PM ET, then the market resolves to Yes."
KXB200WS,B200 Weekly,KXB200WS-26JUL10-5.000,Will the NVIDIA B200 compute per hour price be above $5 at 4 PM ET on Jul 10?,finalized,0.0000,1.0000,0.9800,0.9800,3660.94,0.00,2120.10,0.0000,5.0,2026-06-12T23:08:00Z,2026-07-10T20:00:00Z,2026-06-12T22:58:48.291603Z,2026-07-10T20:59:19.525278Z,KXB200WS-26JUL10,"If the value of NVIDIA B200 compute per hour is above $5 on Jul 10, 2026 at 4 PM ET, then the market resolves to Yes."
KXB200WS,B200 Weekly,KXB200WS-26JUL10-4.500,Will the NVIDIA B200 compute per hour price be above $4.5 at 4 PM ET on Jul 10?,finalized,0.0000,1.0000,0.9900,0.9900,4490.40,0.00,3138.95,0.0000,4.5,2026-06-12T23:08:00Z,2026-07-10T20:00:00Z,2026-06-12T22:58:48.291603Z,2026-07-10T20:59:19.525278Z,KXB200WS-26JUL10,"If the value of NVIDIA B200 compute per hour is above $4.5 on Jul 10, 2026 at 4 PM ET, then the market resolves to Yes."
KXB200WS,B200 Weekly,KXB200WS-26JUL10-4.000,Will the NVIDIA B200 compute per hour price be above $4 at 4 PM ET on Jul 10?,finalized,0.0000,1.0000,0.9900,0.9900,16072.93,0.00,5488.63,0.0000,4.0,2026-06-12T23:08:00Z,2026-07-10T20:00:00Z,2026-06-12T22:58:48.291603Z,2026-07-10T20:59:19.525278Z,KXB200WS-26JUL10,"If the value of NVIDIA B200 compute per hour is above $4 on Jul 10, 2026 at 4 PM ET, then the market resolves to Yes."
KXB200WS,B200 Weekly,KXB200WS-26JUL10-3.500,Will the NVIDIA B200 compute per hour price be above $3.5 at 4 PM ET on Jul 10?,finalized,0.0000,1.0000,0.9900,0.9900,5780.86,0.00,2542.00,0.0000,3.5,2026-06-12T23:08:00Z,2026-07-10T20:00:00Z,2026-06-12T22:58:48.291603Z,2026-07-10T20:59:19.525278Z,KXB200WS-26JUL10,"If the value of NVIDIA B200 compute per hour is above $3.5 on Jul 10, 2026 at 4 PM ET, then the market resolves to Yes."
KXB200WS,B200 Weekly,KXB200WS-26JUL10-3.000,Will the NVIDIA B200 compute per hour price be above $3 at 4 PM ET on Jul 10?,finalized,0.0000,1.0000,0.9900,0.9900,3947.09,0.00,3712.42,0.0000,3.0,2026-06-12T23:08:00Z,2026-07-10T20:00:00Z,2026-06-12T22:58:48.291603Z,2026-07-10T20:59:19.525278Z,KXB200WS-26JUL10,"If the value of NVIDIA B200 compute per hour is above $3 on Jul 10, 2026 at 4 PM ET, then the market resolves to Yes."
KXB200WS,B200 Weekly,KXB200WS-26JUL03-7.000,Will the NVIDIA B200 compute per hour price be above $7 at 4 PM ET on Jul 03?,finalized,0.0000,1.0000,0.0100,0.0100,2489.00,0.00,2489.00,0.0000,7.0,2026-06-12T23:08:00Z,2026-07-03T20:00:00Z,2026-06-12T22:58:47.540465Z,2026-07-07T21:20:54.829486Z,KXB200WS-26JUL03,"If the value of NVIDIA B200 compute per hour is above $7 on Jul 03, 2026 at 4 PM ET, then the market resolves to Yes."
KXB200WS,B200 Weekly,KXB200WS-26JUL03-6.500,Will the NVIDIA B200 compute per hour price be above $6.5 at 4 PM ET on Jul 03?,finalized,0.0000,1.0000,0.0100,0.0100,3750.17,0.00,3000.00,0.0000,6.5,2026-06-12T23:08:00Z,2026-07-03T20:00:00Z,2026-06-12T22:58:47.540465Z,2026-07-07T21:20:54.727933Z,KXB200WS-26JUL03,"If the value of NVIDIA B200 compute per hour is above $6.5 on Jul 03, 2026 at 4 PM ET, then the market resolves to Yes."
KXB200WS,B200 Weekly,KXB200WS-26JUL03-6.000,Will the NVIDIA B200 compute per hour price be above $6 at 4 PM ET on Jul 03?,finalized,0.0000,1.0000,0.0100,0.0100,3123.58,0.00,1712.04,0.0000,6.0,2026-06-12T23:08:00Z,2026-07-03T20:00:00Z,2026-06-12T22:58:47.540465Z,2026-07-07T21:20:54.621087Z,KXB200WS-26JUL03,"If the value of NVIDIA B200 compute per hour is above $6 on Jul 03, 2026 at 4 PM ET, then the market resolves to Yes."
KXB200WS,B200 Weekly,KXB200WS-26JUL03-5.500,Will the NVIDIA B200 compute per hour price be above $5.5 at 4 PM ET on Jul 03?,finalized,0.0000,1.0000,0.2300,0.2300,4634.61,0.00,2282.25,0.0000,5.5,2026-06-12T23:08:00Z,2026-07-03T20:00:00Z,2026-06-12T22:58:47.540465Z,2026-07-07T21:20:54.513335Z,KXB200WS-26JUL03,"If the value of NVIDIA B200 compute per hour is above $5.5 on Jul 03, 2026 at 4 PM ET, then the market resolves to Yes."
KXB200WS,B200 Weekly,KXB200WS-26JUL03-5.000,Will the NVIDIA B200 compute per hour price be above $5 at 4 PM ET on Jul 03?,finalized,0.0000,1.0000,0.9700,0.9700,5402.73,0.00,2116.61,0.0000,5.0,2026-06-12T23:08:00Z,2026-07-03T20:00:00Z,2026-06-12T22:58:47.540465Z,2026-07-07T21:20:54.364034Z,KXB200WS-26JUL03,"If the value of NVIDIA B200 compute per hour is above $5 on Jul 03, 2026 at 4 PM ET, then the market resolves to Yes."
KXB200WS,B200 Weekly,KXB200WS-26JUL03-4.500,Will the NVIDIA B200 compute per hour price be above $4.5 at 4 PM ET on Jul 03?,finalized,0.0000,1.0000,0.9700,0.9700,3062.58,0.00,1925.89,0.0000,4.5,2026-06-12T23:08:00Z,2026-07-03T20:00:00Z,2026-06-12T22:58:47.540465Z,2026-07-07T21:20:54.255199Z,KXB200WS-26JUL03,"If the value of NVIDIA B200 compute per hour is above $4.5 on Jul 03, 2026 at 4 PM ET, then the market resolves to Yes."
KXB200WS,B200 Weekly,KXB200WS-26JUL03-4.000,Will the NVIDIA B200 compute per hour price be above $4 at 4 PM ET on Jul 03?,finalized,0.0000,1.0000,0.9900,0.9900,4142.77,0.00,3630.05,0.0000,4.0,2026-06-12T23:08:00Z,2026-07-03T20:00:00Z,2026-06-12T22:58:47.540465Z,2026-07-07T21:20:54.154032Z,KXB200WS-26JUL03,"If the value of NVIDIA B200 compute per hour is above $4 on Jul 03, 2026 at 4 PM ET, then the market resolves to Yes."
KXB200WS,B200 Weekly,KXB200WS-26JUL03-3.500,Will the NVIDIA B200 compute per hour price be above $3.5 at 4 PM ET on Jul 03?,finalized,0.0000,1.0000,0.9900,0.9900,6045.19,0.00,3898.00,0.0000,3.5,2026-06-12T23:08:00Z,2026-07-03T20:00:00Z,2026-06-12T22:58:47.540465Z,2026-07-07T21:20:54.036293Z,KXB200WS-26JUL03,"If the value of NVIDIA B200 compute per hour is above $3.5 on Jul 03, 2026 at 4 PM ET, then the market resolves to Yes."
KXB200WS,B200 Weekly,KXB200WS-26JUL03-3.000,Will the NVIDIA B200 compute per hour price be above $3 at 4 PM ET on Jul 03?,finalized,0.0000,1.0000,0.9900,0.9900,11865.00,0.00,10360.00,0.0000,3.0,2026-06-12T23:08:00Z,2026-07-03T20:00:00Z,2026-06-12T22:58:47.540465Z,2026-07-07T21:20:53.694565Z,KXB200WS-26JUL03,"If the value of NVIDIA B200 compute per hour is above $3 on Jul 03, 2026 at 4 PM ET, then the market resolves to Yes."
KXB200WS,B200 Weekly,KXB200WS-26JUN26-7.000,Will the NVIDIA B200 compute per hour price be above $7 at 4 PM ET on Jun 26?,finalized,0.0000,1.0000,0.0100,0.0100,1995.00,0.00,1743.00,0.0000,7.0,2026-06-12T23:08:00Z,2026-06-26T20:00:00Z,2026-06-12T22:58:46.872545Z,2026-06-26T21:14:23.894145Z,KXB200WS-26JUN26,"If the value of NVIDIA B200 compute per hour is above $7 on Jun 26, 2026 at 4 PM ET, then the market resolves to Yes."
KXB200WS,B200 Weekly,KXB200WS-26JUN26-6.500,Will the NVIDIA B200 compute per hour price be above $6.5 at 4 PM ET on Jun 26?,finalized,0.0000,1.0000,0.0100,0.0100,2887.00,0.00,2857.00,0.0000,6.5,2026-06-12T23:08:00Z,2026-06-26T20:00:00Z,2026-06-12T22:58:46.872545Z,2026-06-26T21:14:23.894145Z,KXB200WS-26JUN26,"If the value of NVIDIA B200 compute per hour is above $6.5 on Jun 26, 2026 at 4 PM ET, then the market resolves to Yes."
KXB200WS,B200 Weekly,KXB200WS-26JUN26-6.000,Will the NVIDIA B200 compute per hour price be above $6 at 4 PM ET on Jun 26?,finalized,0.0000,1.0000,0.0100,0.0100,1428.52,0.00,1406.52,0.0000,6.0,2026-06-12T23:08:00Z,2026-06-26T20:00:00Z,2026-06-12T22:58:46.872545Z,2026-06-26T21:14:23.894145Z,KXB200WS-26JUN26,"If the value of NVIDIA B200 compute per hour is above $6 on Jun 26, 2026 at 4 PM ET, then the market resolves to Yes."
KXB200WS,B200 Weekly,KXB200WS-26JUN26-5.500,Will the NVIDIA B200 compute per hour price be above $5.5 at 4 PM ET on Jun 26?,finalized,0.0000,1.0000,0.0100,0.0100,2810.69,0.00,2430.12,0.0000,5.5,2026-06-12T23:08:00Z,2026-06-26T20:00:00Z,2026-06-12T22:58:46.872545Z,2026-06-26T21:14:23.894145Z,KXB200WS-26JUN26,"If the value of NVIDIA B200 compute per hour is above $5.5 on Jun 26, 2026 at 4 PM ET, then the market resolves to Yes."
KXB200WS,B200 Weekly,KXB200WS-26JUN26-5.000,Will the NVIDIA B200 compute per hour price be above $5 at 4 PM ET on Jun 26?,finalized,0.0000,1.0000,0.0100,0.0100,5975.35,0.00,3189.64,0.0000,5.0,2026-06-12T23:08:00Z,2026-06-26T20:00:00Z,2026-06-12T22:58:46.872545Z,2026-06-26T21:14:23.894145Z,KXB200WS-26JUN26,"If the value of NVIDIA B200 compute per hour is above $5 on Jun 26, 2026 at 4 PM ET, then the market resolves to Yes."
KXB200WS,B200 Weekly,KXB200WS-26JUN26-4.500,Will the NVIDIA B200 compute per hour price be above $4.5 at 4 PM ET on Jun 26?,finalized,0.0000,1.0000,0.9500,0.9500,1415.14,0.00,600.57,0.0000,4.5,2026-06-12T23:08:00Z,2026-06-26T20:00:00Z,2026-06-12T22:58:46.872545Z,2026-06-26T21:14:23.894145Z,KXB200WS-26JUN26,"If the value of NVIDIA B200 compute per hour is above $4.5 on Jun 26, 2026 at 4 PM ET, then the market resolves to Yes."
KXB200WS,B200 Weekly,KXB200WS-26JUN26-4.000,Will the NVIDIA B200 compute per hour price be above $4 at 4 PM ET on Jun 26?,finalized,0.0000,1.0000,0.9900,0.9900,1159.97,0.00,1142.61,0.0000,4.0,2026-06-12T23:08:00Z,2026-06-26T20:00:00Z,2026-06-12T22:58:46.872545Z,2026-06-26T21:14:23.894145Z,KXB200WS-26JUN26,"If the value of NVIDIA B200 compute per hour is above $4 on Jun 26, 2026 at 4 PM ET, then the market resolves to Yes."
KXB200WS,B200 Weekly,KXB200WS-26JUN26-3.500,Will the NVIDIA B200 compute per hour price be above $3.5 at 4 PM ET on Jun 26?,finalized,0.0000,1.0000,0.9900,0.9900,2809.50,0.00,2689.50,0.0000,3.5,2026-06-12T23:08:00Z,2026-06-26T20:00:00Z,2026-06-12T22:58:46.872545Z,2026-06-26T21:14:23.894145Z,KXB200WS-26JUN26,"If the value of NVIDIA B200 compute per hour is above $3.5 on Jun 26, 2026 at 4 PM ET, then the market resolves to Yes."
KXB200WS,B200 Weekly,KXB200WS-26JUN26-3.000,Will the NVIDIA B200 compute per hour price be above $3 at 4 PM ET on Jun 26?,finalized,0.0000,1.0000,0.9900,0.9900,1183.00,0.00,1128.00,0.0000,3.0,2026-06-12T23:08:00Z,2026-06-26T20:00:00Z,2026-06-12T22:58:46.872545Z,2026-06-26T21:14:23.894145Z,KXB200WS-26JUN26,"If the value of NVIDIA B200 compute per hour is above $3 on Jun 26, 2026 at 4 PM ET, then the market resolves to Yes."
