recorded_at,exact_timestamp,gpu_type,region,index_value,rolling_volatility,window_days,gpu_name
2025-09-24T20:00:00.000Z,2025-09-24T20:00:00.000Z,B200,global,4.733182709269873,,30,B200
2025-09-25T20:00:00.000Z,2025-09-25T20:00:00.000Z,B200,global,4.7,0.1900845472643994,30,B200
2025-09-26T20:00:00.000Z,2025-09-26T20:00:00.000Z,B200,global,4.7,0.13441007236943162,30,B200
2025-09-27T20:00:00.000Z,2025-09-27T20:00:00.000Z,B200,global,4.7,0.10974536453188913,30,B200
2025-09-28T20:00:00.000Z,2025-09-28T20:00:00.000Z,B200,global,4.7,0.0950422736321997,30,B200
2025-09-29T20:00:00.000Z,2025-09-29T20:00:00.000Z,B200,global,4.7,0.08500839383109375,30,B200
2025-09-30T20:00:00.000Z,2025-09-30T20:00:00.000Z,B200,global,4.644916486882007,0.11519117276267385,30,B200
2025-10-01T20:00:00.000Z,2025-10-01T20:00:00.000Z,B200,global,4.69775,0.1381211837514952,30,B200
2025-10-02T20:00:00.000Z,2025-10-02T20:00:00.000Z,B200,global,4.657447953146828,0.14022043298192363,30,B200
2025-10-03T20:00:00.000Z,2025-10-03T20:00:00.000Z,B200,global,4.643824876439478,0.13270835656743174,30,B200
2025-10-04T20:00:00.000Z,2025-10-04T20:00:00.000Z,B200,global,4.7,0.14715725098838495,30,B200
2025-10-05T20:00:00.000Z,2025-10-05T20:00:00.000Z,B200,global,4.7,0.140308933553649,30,B200
2025-10-06T20:00:00.000Z,2025-10-06T20:00:00.000Z,B200,global,4.7,0.1343355764446464,30,B200
2025-10-07T20:00:00.000Z,2025-10-07T20:00:00.000Z,B200,global,4.720417522941492,0.13094950245294731,30,B200
2025-10-08T20:00:00.000Z,2025-10-08T20:00:00.000Z,B200,global,4.69875,0.12848987674586837,30,B200
2025-10-09T20:00:00.000Z,2025-10-09T20:00:00.000Z,B200,global,4.682421230442411,0.1252303965259216,30,B200
2025-10-10T20:00:00.000Z,2025-10-10T20:00:00.000Z,B200,global,4.688707869241882,0.12147348669131605,30,B200
2025-10-11T20:00:00.000Z,2025-10-11T20:00:00.000Z,B200,global,4.688764578551569,0.11784862169307325,30,B200
2025-10-12T20:00:00.000Z,2025-10-12T20:00:00.000Z,B200,global,4.7,0.11506230887907563,30,B200
2025-10-13T20:00:00.000Z,2025-10-13T20:00:00.000Z,B200,global,4.659003548008884,0.11808167254300919,30,B200
2025-10-14T20:00:00.000Z,2025-10-14T20:00:00.000Z,B200,global,4.6744165890991605,0.116143621338365,30,B200
2025-10-15T20:00:00.000Z,2025-10-15T20:00:00.000Z,B200,global,4.631716142728956,0.1190217635428291,30,B200
2025-10-16T20:00:00.000Z,2025-10-16T20:00:00.000Z,B200,global,4.6826440773005436,0.12513164394237733,30,B200
2025-10-17T20:00:00.000Z,2025-10-17T20:00:00.000Z,B200,global,4.516750595076394,0.18597818000352198,30,B200
2025-10-18T20:00:00.000Z,2025-10-18T20:00:00.000Z,B200,global,4.511136313795219,0.1820692604924529,30,B200
2025-10-19T20:00:00.000Z,2025-10-19T20:00:00.000Z,B200,global,4.397757297382863,0.19946037052173868,30,B200
2025-10-20T20:00:00.000Z,2025-10-20T20:00:00.000Z,B200,global,3.6120746146635554,0.7405272919991881,30,B200
2025-10-21T20:00:00.000Z,2025-10-21T20:00:00.000Z,B200,global,3.9128586273394146,0.7956402736805416,30,B200
2025-10-22T20:00:00.000Z,2025-10-22T20:00:00.000Z,B200,global,3.8080711391884097,0.7847135870124466,30,B200
2025-10-23T20:00:00.000Z,2025-10-23T20:00:00.000Z,B200,global,2.969281864462063,1.1421034362714697,30,B200
2025-10-24T20:00:00.000Z,2025-10-24T20:00:00.000Z,B200,global,3.035089768312554,1.1469386746710735,30,B200
2025-10-25T20:00:00.000Z,2025-10-25T20:00:00.000Z,B200,global,3.4574318884902246,1.253704524965411,30,B200
2025-10-26T20:00:00.000Z,2025-10-26T20:00:00.000Z,B200,global,3.0486895141401447,1.3160359609208292,30,B200
2025-10-27T20:00:00.000Z,2025-10-27T20:00:00.000Z,B200,global,3.097822533598389,1.3194192477860263,30,B200
2025-10-28T20:00:00.000Z,2025-10-28T20:00:00.000Z,B200,global,3.306554693223321,1.3473707960181776,30,B200
2025-10-29T20:00:00.000Z,2025-10-29T20:00:00.000Z,B200,global,3.283285366703431,1.3468225731556267,30,B200
2025-10-30T20:00:00.000Z,2025-10-30T20:00:00.000Z,B200,global,3.3372139127346276,1.3504235411755208,30,B200
2025-10-31T20:00:00.000Z,2025-10-31T20:00:00.000Z,B200,global,3.77583544902607,1.4282149186721063,30,B200
2025-11-01T20:00:00.000Z,2025-11-01T20:00:00.000Z,B200,global,3.593952540072067,1.4357481829859617,30,B200
2025-11-02T21:00:00.000Z,2025-11-02T21:00:00.000Z,B200,global,4.391459459947861,1.6104827150141405,30,B200
2025-11-03T21:00:00.000Z,2025-11-03T21:00:00.000Z,B200,global,3.780434688874599,1.6899045425447934,30,B200
2025-11-04T21:00:00.000Z,2025-11-04T21:00:00.000Z,B200,global,3.3670207011683093,1.731415892677075,30,B200
2025-11-05T21:00:00.000Z,2025-11-05T21:00:00.000Z,B200,global,2.9262164487916427,1.7883183643874712,30,B200
2025-11-06T21:00:00.000Z,2025-11-06T21:00:00.000Z,B200,global,2.9085519809864646,1.7872132761244726,30,B200
2025-11-07T21:00:00.000Z,2025-11-07T21:00:00.000Z,B200,global,3.0002687230863003,1.794421226154416,30,B200
2025-11-08T21:00:00.000Z,2025-11-08T21:00:00.000Z,B200,global,2.873856061869479,1.7965434283550819,30,B200
2025-11-09T21:00:00.000Z,2025-11-09T21:00:00.000Z,B200,global,2.8596886982411927,1.7959016235645258,30,B200
2025-11-10T21:00:00.000Z,2025-11-10T21:00:00.000Z,B200,global,3.0917726429005072,1.825298484704712,30,B200
2025-11-11T21:00:00.000Z,2025-11-11T21:00:00.000Z,B200,global,3.1789030167018666,1.830291653864241,30,B200
2025-11-12T21:00:00.000Z,2025-11-12T21:00:00.000Z,B200,global,3.175346935478803,1.8307102476912593,30,B200
2025-11-13T21:00:00.000Z,2025-11-13T21:00:00.000Z,B200,global,3.1920032421104483,1.8309358845352144,30,B200
2025-11-14T21:00:00.000Z,2025-11-14T21:00:00.000Z,B200,global,3.0961158736242496,1.8319276820730712,30,B200
2025-11-15T21:00:00.000Z,2025-11-15T21:00:00.000Z,B200,global,3.2421712864507732,1.8418904115867913,30,B200
2025-11-16T21:00:00.000Z,2025-11-16T21:00:00.000Z,B200,global,3.1000589283190583,1.8435669679934503,30,B200
2025-11-17T21:00:00.000Z,2025-11-17T21:00:00.000Z,B200,global,3.1080962251260473,1.8439111719020906,30,B200
2025-11-18T21:00:00.000Z,2025-11-18T21:00:00.000Z,B200,global,3.0848972424110688,1.8433771846092666,30,B200
2025-11-19T21:00:00.000Z,2025-11-19T21:00:00.000Z,B200,global,3.354615425841611,1.7462500105169785,30,B200
2025-11-20T21:00:00.000Z,2025-11-20T21:00:00.000Z,B200,global,3.371474118523541,1.7210961703404963,30,B200
2025-11-21T21:00:00.000Z,2025-11-21T21:00:00.000Z,B200,global,3.3499944715240666,1.7192510941834507,30,B200
2025-11-22T21:00:00.000Z,2025-11-22T21:00:00.000Z,B200,global,3.33,1.4759846852194298,30,B200
2025-11-23T21:00:00.000Z,2025-11-23T21:00:00.000Z,B200,global,3.33,1.4745813129308425,30,B200
2025-11-24T21:00:00.000Z,2025-11-24T21:00:00.000Z,B200,global,3.23875,1.4043796982809933,30,B200
2025-11-25T21:00:00.000Z,2025-11-25T21:00:00.000Z,B200,global,3.1729166666666666,1.3339723804332784,30,B200
2025-11-26T22:00:00.000Z,2025-11-26T22:00:00.000Z,B200,global,3.0495,1.3403885199949237,30,B200
2025-11-27T21:00:00.000Z,2025-11-27T21:00:00.000Z,B200,global,3.0608333333333335,1.3194317527754351,30,B200
2025-11-28T21:00:00.000Z,2025-11-28T21:00:00.000Z,B200,global,3.1254166666666667,1.3218331259826062,30,B200
2025-11-29T21:00:00.000Z,2025-11-29T21:00:00.000Z,B200,global,3.2725,1.330930855498507,30,B200
2025-11-30T21:00:00.000Z,2025-11-30T21:00:00.000Z,B200,global,3.0479166666666666,1.2743591869502995,30,B200
2025-12-01T21:00:00.000Z,2025-12-01T21:00:00.000Z,B200,global,3.0175,1.2653066883216053,30,B200
2025-12-02T21:00:00.000Z,2025-12-02T21:00:00.000Z,B200,global,3.0833333333333335,1.0303908787662528,30,B200
2025-12-03T21:00:00.000Z,2025-12-03T21:00:00.000Z,B200,global,2.995416666666667,0.9052403748985146,30,B200
2025-12-04T21:00:00.000Z,2025-12-04T21:00:00.000Z,B200,global,3.066666666666667,0.8226017678329755,30,B200
2025-12-05T21:00:00.000Z,2025-12-05T21:00:00.000Z,B200,global,3.069166666666667,0.656946539745681,30,B200
2025-12-06T21:00:00.000Z,2025-12-06T21:00:00.000Z,B200,global,3.07625,0.6563690300936199,30,B200
2025-12-07T21:00:00.000Z,2025-12-07T21:00:00.000Z,B200,global,3.029166666666667,0.6503557249440802,30,B200
2025-12-08T21:00:00.000Z,2025-12-08T21:00:00.000Z,B200,global,3.0566666666666666,0.6317519526616359,30,B200
2025-12-09T21:00:00.000Z,2025-12-09T21:00:00.000Z,B200,global,3.1029166666666668,0.6328046264359118,30,B200
2025-12-10T21:00:00.000Z,2025-12-10T21:00:00.000Z,B200,global,3.0829166666666667,0.5719467788679405,30,B200
2025-12-11T21:00:00.000Z,2025-12-11T21:00:00.000Z,B200,global,3.0395833333333333,0.5648758954425206,30,B200
2025-12-12T21:00:00.000Z,2025-12-12T21:00:00.000Z,B200,global,3.08,0.5672016796549756,30,B200
2025-12-13T21:00:00.000Z,2025-12-13T21:00:00.000Z,B200,global,3.0079166666666666,0.572137748167101,30,B200
2025-12-14T21:00:00.000Z,2025-12-14T21:00:00.000Z,B200,global,2.9516666666666667,0.5662517025220841,30,B200
2025-12-15T21:00:00.000Z,2025-12-15T21:00:00.000Z,B200,global,3.0533333333333332,0.5547782602624621,30,B200
2025-12-16T21:00:00.000Z,2025-12-16T21:00:00.000Z,B200,global,3.0278260869565217,0.5335319159239852,30,B200
2025-12-17T21:00:00.000Z,2025-12-17T21:00:00.000Z,B200,global,3.08,0.5370700820865201,30,B200
2025-12-18T21:00:00.000Z,2025-12-18T21:00:00.000Z,B200,global,3.08,0.5364432278963571,30,B200
2025-12-19T21:00:00.000Z,2025-12-19T21:00:00.000Z,B200,global,3.08,0.44304239130987805,30,B200
2025-12-20T21:00:00.000Z,2025-12-20T21:00:00.000Z,B200,global,3.65,0.7478387656517715,30,B200
2025-12-21T21:00:00.000Z,2025-12-21T21:00:00.000Z,B200,global,3.654166666666667,0.7471543205322259,30,B200
2025-12-22T21:00:00.000Z,2025-12-22T21:00:00.000Z,B200,global,3.65,0.7466201903009095,30,B200
2025-12-23T21:00:00.000Z,2025-12-23T21:00:00.000Z,B200,global,3.65,0.7466201903009095,30,B200
2025-12-24T21:00:00.000Z,2025-12-24T21:00:00.000Z,B200,global,3.645,0.7385272569480839,30,B200
2025-12-25T21:00:00.000Z,2025-12-25T21:00:00.000Z,B200,global,3.6783333333333332,0.7333826198632771,30,B200
2025-12-26T21:00:00.000Z,2025-12-26T21:00:00.000Z,B200,global,3.695,0.7155390388707563,30,B200
2025-12-27T21:00:00.000Z,2025-12-27T21:00:00.000Z,B200,global,3.6391666666666667,0.7194726605151733,30,B200
2025-12-28T21:00:00.000Z,2025-12-28T21:00:00.000Z,B200,global,3.64125,0.7175887564836538,30,B200
2025-12-29T21:00:00.000Z,2025-12-29T21:00:00.000Z,B200,global,3.6195833333333334,0.7030590104911423,30,B200
2025-12-30T21:00:00.000Z,2025-12-30T21:00:00.000Z,B200,global,3.6170833333333334,0.6501112777254656,30,B200
2026-01-01T21:00:00.000Z,2026-01-01T21:00:00.000Z,B200,global,3.6441666666666666,0.6454251271746515,30,B200
2026-01-02T21:00:00.000Z,2026-01-02T21:00:00.000Z,B200,global,3.6325,0.6342603960951845,30,B200
2026-01-03T21:00:00.000Z,2026-01-03T21:00:00.000Z,B200,global,3.658333333333333,0.6312740130842368,30,B200
2026-01-04T21:00:00.000Z,2026-01-04T21:00:00.000Z,B200,global,3.67,0.6310887975889383,30,B200
2026-01-05T21:00:00.000Z,2026-01-05T21:00:00.000Z,B200,global,3.5816666666666666,0.6398276231221705,30,B200
2026-01-06T21:00:00.000Z,2026-01-06T21:00:00.000Z,B200,global,3.660833333333333,0.6380114680912393,30,B200
2026-01-07T21:00:00.000Z,2026-01-07T21:00:00.000Z,B200,global,3.622916666666667,0.6405678451720721,30,B200
2026-01-08T21:00:00.000Z,2026-01-08T21:00:00.000Z,B200,global,3.583478260869565,0.6421963779077057,30,B200
2026-01-09T21:00:00.000Z,2026-01-09T21:00:00.000Z,B200,global,3.2625,0.7280641206755275,30,B200
2026-01-10T21:00:00.000Z,2026-01-10T21:00:00.000Z,B200,global,2.93625,0.8173834618023885,30,B200
2026-01-11T21:00:00.000Z,2026-01-11T21:00:00.000Z,B200,global,2.993333333333333,0.8189907489348169,30,B200
2026-01-12T21:00:00.000Z,2026-01-12T21:00:00.000Z,B200,global,3.0,0.8149161015918573,30,B200
2026-01-13T21:00:00.000Z,2026-01-13T21:00:00.000Z,B200,global,3.1033333333333335,0.8203575034764625,30,B200
2026-01-14T21:00:00.000Z,2026-01-14T21:00:00.000Z,B200,global,2.9825,0.824152373320988,30,B200
2026-01-15T21:00:00.000Z,2026-01-15T21:00:00.000Z,B200,global,3.0529166666666665,0.8278875125544426,30,B200
2026-01-16T21:00:00.000Z,2026-01-16T21:00:00.000Z,B200,global,2.9783333333333335,0.8300478758702373,30,B200
2026-01-17T21:00:00.000Z,2026-01-17T21:00:00.000Z,B200,global,3.07125,0.8374528053828458,30,B200
2026-01-18T21:00:00.000Z,2026-01-18T21:00:00.000Z,B200,global,3.1933333333333334,0.8484735724286966,30,B200
2026-01-19T21:00:00.000Z,2026-01-19T21:00:00.000Z,B200,global,3.0141666666666667,0.6198173880128751,30,B200
2026-01-20T21:00:00.000Z,2026-01-20T21:00:00.000Z,B200,global,2.9483333333333333,0.6215617512134548,30,B200
2026-01-21T21:00:00.000Z,2026-01-21T21:00:00.000Z,B200,global,2.6491666666666664,0.7117894099381719,30,B200
2026-01-22T21:00:00.000Z,2026-01-22T21:00:00.000Z,B200,global,3.11625,0.9333453793803815,30,B200
2026-01-23T21:00:00.000Z,2026-01-23T21:00:00.000Z,B200,global,3.2083333333333335,0.9409774227106293,30,B200
2026-01-24T21:00:00.000Z,2026-01-24T21:00:00.000Z,B200,global,3.2125,0.93997625886805,30,B200
2026-01-25T21:00:00.000Z,2026-01-25T21:00:00.000Z,B200,global,3.065,0.9508604368593195,30,B200
2026-01-26T21:00:00.000Z,2026-01-26T21:00:00.000Z,B200,global,3.0933333333333333,0.9517691984578989,30,B200
2026-01-27T21:00:00.000Z,2026-01-27T21:00:00.000Z,B200,global,3.25375,0.9714942325307148,30,B200
2026-01-28T21:00:00.000Z,2026-01-28T21:00:00.000Z,B200,global,3.29375,0.9730416533962436,30,B200
2026-01-29T21:00:00.000Z,2026-01-29T21:00:00.000Z,B200,global,3.1779166666666665,0.9796119801725773,30,B200
2026-01-30T21:00:00.000Z,2026-01-30T21:00:00.000Z,B200,global,3.0129166666666665,0.9935066823192943,30,B200
2026-01-31T21:00:00.000Z,2026-01-31T21:00:00.000Z,B200,global,3.0095833333333335,0.9932922109081439,30,B200
2026-02-01T21:00:00.000Z,2026-02-01T21:00:00.000Z,B200,global,2.8920833333333333,1.0000102576917547,30,B200
2026-02-02T21:00:00.000Z,2026-02-02T21:00:00.000Z,B200,global,2.8975,0.9992114850405494,30,B200
2026-02-03T21:00:00.000Z,2026-02-03T21:00:00.000Z,B200,global,2.8879166666666665,0.9985716659771202,30,B200
2026-02-04T21:00:00.000Z,2026-02-04T21:00:00.000Z,B200,global,2.9616666666666664,1.0033029096488675,30,B200
2026-02-05T21:00:00.000Z,2026-02-05T21:00:00.000Z,B200,global,2.857083333333333,1.0031177571751915,30,B200
2026-02-06T21:00:00.000Z,2026-02-06T21:00:00.000Z,B200,global,2.857083333333333,1.0034944001199404,30,B200
2026-02-07T21:00:00.000Z,2026-02-07T21:00:00.000Z,B200,global,2.8254166666666665,1.0035022399026314,30,B200
2026-02-08T21:00:00.000Z,2026-02-08T21:00:00.000Z,B200,global,2.747916666666667,0.9577358287679284,30,B200
2026-02-09T21:00:00.000Z,2026-02-09T21:00:00.000Z,B200,global,2.65625,0.8945255299437804,30,B200
2026-02-10T21:00:00.000Z,2026-02-10T21:00:00.000Z,B200,global,2.6925,0.8929330458922855,30,B200
2026-02-11T21:00:00.000Z,2026-02-11T21:00:00.000Z,B200,global,2.8495833333333334,0.9172408051836377,30,B200
2026-02-12T21:00:00.000Z,2026-02-12T21:00:00.000Z,B200,global,3.1508333333333334,0.9772508353018983,30,B200
2026-02-13T21:00:00.000Z,2026-02-13T21:00:00.000Z,B200,global,3.10125,0.9683961775667217,30,B200
2026-02-14T21:00:00.000Z,2026-02-14T21:00:00.000Z,B200,global,3.0391666666666666,0.9678404718075471,30,B200
2026-02-15T21:00:00.000Z,2026-02-15T21:00:00.000Z,B200,global,3.002083333333333,0.9648288309846104,30,B200
2026-02-16T21:00:00.000Z,2026-02-16T21:00:00.000Z,B200,global,3.0079166666666666,0.9585968763126009,30,B200
2026-02-17T21:00:00.000Z,2026-02-17T21:00:00.000Z,B200,global,2.92625,0.9519985078263977,30,B200
2026-02-18T21:00:00.000Z,2026-02-18T21:00:00.000Z,B200,global,2.9904166666666665,0.9345765407618835,30,B200
2026-02-19T21:00:00.000Z,2026-02-19T21:00:00.000Z,B200,global,3.0183333333333335,0.9317603337139071,30,B200
2026-02-20T21:00:00.000Z,2026-02-20T21:00:00.000Z,B200,global,2.807142857142857,0.8883354669682613,30,B200
2026-02-21T21:00:00.000Z,2026-02-21T21:00:00.000Z,B200,global,2.9341666666666666,0.6941131264649648,30,B200
2026-02-22T21:00:00.000Z,2026-02-22T21:00:00.000Z,B200,global,2.955,0.6858802698050634,30,B200
2026-02-23T21:00:00.000Z,2026-02-23T21:00:00.000Z,B200,global,3.00125,0.6887259773895071,30,B200
2026-02-24T21:00:00.000Z,2026-02-24T21:00:00.000Z,B200,global,3.00875,0.6696371433689727,30,B200
2026-02-25T21:00:00.000Z,2026-02-25T21:00:00.000Z,B200,global,3.01375,0.6687614300099942,30,B200
2026-02-26T21:00:00.000Z,2026-02-26T21:00:00.000Z,B200,global,3.0008333333333335,0.6425255571065757,30,B200
2026-02-27T21:00:00.000Z,2026-02-27T21:00:00.000Z,B200,global,3.057916666666667,0.6448726321788842,30,B200
2026-02-28T21:00:00.000Z,2026-02-28T21:00:00.000Z,B200,global,3.047083333333333,0.63360994614728,30,B200
2026-03-01T21:00:00.000Z,2026-03-01T21:00:00.000Z,B200,global,3.027083333333333,0.6057726397306826,30,B200
2026-03-02T21:00:00.000Z,2026-03-02T21:00:00.000Z,B200,global,3.00875,0.606150762658794,30,B200
2026-03-03T21:00:00.000Z,2026-03-03T21:00:00.000Z,B200,global,3.0720833333333335,0.5927810156939137,30,B200
2026-03-04T21:00:00.000Z,2026-03-04T21:00:00.000Z,B200,global,3.5091666666666668,0.7484635207397562,30,B200
2026-03-05T21:00:00.000Z,2026-03-05T21:00:00.000Z,B200,global,3.064583333333333,0.8971867289059199,30,B200
2026-03-06T21:00:00.000Z,2026-03-06T21:00:00.000Z,B200,global,3.24,0.9132523505378751,30,B200
2026-03-07T21:00:00.000Z,2026-03-07T21:00:00.000Z,B200,global,3.245,0.9024284186522536,30,B200
2026-03-08T20:00:00.000Z,2026-03-08T20:00:00.000Z,B200,global,3.28,0.9025692694439724,30,B200
2026-03-09T20:00:00.000Z,2026-03-09T20:00:00.000Z,B200,global,3.3383333333333334,0.9018308526360296,30,B200
2026-03-10T20:00:00.000Z,2026-03-10T20:00:00.000Z,B200,global,3.35,0.8938252657738127,30,B200
2026-03-11T20:00:00.000Z,2026-03-11T20:00:00.000Z,B200,global,3.3670833333333334,0.881837421668219,30,B200
2026-03-12T20:00:00.000Z,2026-03-12T20:00:00.000Z,B200,global,3.3954166666666667,0.8816047897150989,30,B200
2026-03-13T20:00:00.000Z,2026-03-13T20:00:00.000Z,B200,global,3.48625,0.8666283400031264,30,B200
2026-03-14T20:00:00.000Z,2026-03-14T20:00:00.000Z,B200,global,3.515,0.798013863496545,30,B200
2026-03-15T20:00:00.000Z,2026-03-15T20:00:00.000Z,B200,global,3.3654166666666665,0.8122053077041805,30,B200
2026-03-16T20:00:00.000Z,2026-03-16T20:00:00.000Z,B200,global,3.3675,0.8080369639790769,30,B200
2026-03-17T20:00:00.000Z,2026-03-17T20:00:00.000Z,B200,global,3.32875,0.8078687677537223,30,B200
2026-03-18T20:00:00.000Z,2026-03-18T20:00:00.000Z,B200,global,3.3275,0.8079633873028735,30,B200
2026-03-19T20:00:00.000Z,2026-03-19T20:00:00.000Z,B200,global,3.72,0.8830977969412697,30,B200
2026-03-20T20:00:00.000Z,2026-03-20T20:00:00.000Z,B200,global,3.56125,0.8995780678112492,30,B200
2026-03-21T20:00:00.000Z,2026-03-21T20:00:00.000Z,B200,global,3.44,0.9104321997589128,30,B200
2026-03-22T20:00:00.000Z,2026-03-22T20:00:00.000Z,B200,global,3.890416666666667,0.956926760820547,30,B200
2026-03-23T20:00:00.000Z,2026-03-23T20:00:00.000Z,B200,global,4.210416666666666,0.9796243176973546,30,B200
2026-03-24T20:00:00.000Z,2026-03-24T20:00:00.000Z,B200,global,3.97125,1.010020048954426,30,B200
2026-03-25T20:00:00.000Z,2026-03-25T20:00:00.000Z,B200,global,4.53375,1.0969168952663753,30,B200
2026-03-26T20:00:00.000Z,2026-03-26T20:00:00.000Z,B200,global,4.587142857142857,1.0961976452678608,30,B200
2026-03-27T20:00:00.000Z,2026-03-27T20:00:00.000Z,B200,global,4.766,1.098416795178759,30,B200
2026-03-28T20:00:00.000Z,2026-03-28T20:00:00.000Z,B200,global,4.592083333333333,1.1116970553249363,30,B200
2026-03-29T20:00:00.000Z,2026-03-29T20:00:00.000Z,B200,global,4.57875,1.1131369854554787,30,B200
2026-03-30T20:00:00.000Z,2026-03-30T20:00:00.000Z,B200,global,4.605,1.1118238008876018,30,B200
2026-03-31T20:00:00.000Z,2026-03-31T20:00:00.000Z,B200,global,4.698333333333333,1.1095680265306211,30,B200
2026-04-01T20:00:00.000Z,2026-04-01T20:00:00.000Z,B200,global,4.6658333333333335,1.1097758716480557,30,B200
2026-04-02T20:00:00.000Z,2026-04-02T20:00:00.000Z,B200,global,4.308333333333334,1.15710590171878,30,B200
2026-04-03T20:00:00.000Z,2026-04-03T20:00:00.000Z,B200,global,4.051666666666667,1.0968051474957423,30,B200
2026-04-04T20:00:00.000Z,2026-04-04T20:00:00.000Z,B200,global,4.115,0.9732741487860209,30,B200
2026-04-05T20:00:00.000Z,2026-04-05T20:00:00.000Z,B200,global,4.1075,0.9597600650130036,30,B200
2026-04-06T20:00:00.000Z,2026-04-06T20:00:00.000Z,B200,global,4.127083333333333,0.9595571870913857,30,B200
2026-04-07T20:00:00.000Z,2026-04-07T20:00:00.000Z,B200,global,4.077083333333333,0.9620680164760158,30,B200
2026-04-08T20:00:00.000Z,2026-04-08T20:00:00.000Z,B200,global,4.070416666666667,0.961799395530045,30,B200
2026-04-09T20:00:00.000Z,2026-04-09T20:00:00.000Z,B200,global,4.20875,0.9662334750817072,30,B200
2026-04-10T20:00:00.000Z,2026-04-10T20:00:00.000Z,B200,global,4.174166666666666,0.9677900604002113,30,B200
2026-04-11T20:00:00.000Z,2026-04-11T20:00:00.000Z,B200,global,4.152083333333334,0.9687499911382756,30,B200
2026-04-12T20:00:00.000Z,2026-04-12T20:00:00.000Z,B200,global,4.13125,0.966909561939986,30,B200
2026-04-13T20:00:00.000Z,2026-04-13T20:00:00.000Z,B200,global,4.25625,0.9705549371059524,30,B200
2026-04-14T20:00:00.000Z,2026-04-14T20:00:00.000Z,B200,global,4.217083333333333,0.9556462917324733,30,B200
2026-04-15T20:00:00.000Z,2026-04-15T20:00:00.000Z,B200,global,4.12375,0.9610885036868819,30,B200
2026-04-16T20:00:00.000Z,2026-04-16T20:00:00.000Z,B200,global,4.110833333333333,0.9595129107240286,30,B200
2026-04-17T20:00:00.000Z,2026-04-17T20:00:00.000Z,B200,global,4.079166666666667,0.9605706543542245,30,B200
2026-04-18T20:00:00.000Z,2026-04-18T20:00:00.000Z,B200,global,4.102083333333334,0.8831773981327738,30,B200
2026-04-19T20:00:00.000Z,2026-04-19T20:00:00.000Z,B200,global,4.162916666666667,0.8675123105630766,30,B200
2026-04-20T20:00:00.000Z,2026-04-20T20:00:00.000Z,B200,global,4.290416666666666,0.8594642163533132,30,B200
2026-04-21T20:00:00.000Z,2026-04-21T20:00:00.000Z,B200,global,4.42875,0.7577767182632317,30,B200
2026-04-22T20:00:00.000Z,2026-04-22T20:00:00.000Z,B200,global,4.805833333333333,0.7611374310039634,30,B200
2026-04-23T20:00:00.000Z,2026-04-23T20:00:00.000Z,B200,global,4.8525,0.7266014544753169,30,B200
2026-04-24T20:00:00.000Z,2026-04-24T20:00:00.000Z,B200,global,4.828333333333333,0.5679702850225501,30,B200
2026-04-25T20:00:00.000Z,2026-04-25T20:00:00.000Z,B200,global,4.815416666666667,0.5671229047208494,30,B200
2026-04-26T20:00:00.000Z,2026-04-26T20:00:00.000Z,B200,global,4.95375,0.5600653720028055,30,B200
2026-04-27T20:00:00.000Z,2026-04-27T20:00:00.000Z,B200,global,5.20875,0.5674127118219139,30,B200
2026-04-28T20:00:00.000Z,2026-04-28T20:00:00.000Z,B200,global,5.05375,0.5795781835431675,30,B200
2026-04-29T20:00:00.000Z,2026-04-29T20:00:00.000Z,B200,global,5.009166666666666,0.581038692112148,30,B200
2026-04-30T20:00:00.000Z,2026-04-30T20:00:00.000Z,B200,global,5.01625,0.5776975231171607,30,B200
2026-05-01T20:00:00.000Z,2026-05-01T20:00:00.000Z,B200,global,5.025,0.5767646673268833,30,B200
2026-05-02T20:00:00.000Z,2026-05-02T20:00:00.000Z,B200,global,5.12125,0.49697262261754804,30,B200
2026-05-03T20:00:00.000Z,2026-05-03T20:00:00.000Z,B200,global,5.1691666666666665,0.4338553194663765,30,B200
2026-05-04T20:00:00.000Z,2026-05-04T20:00:00.000Z,B200,global,5.334583333333334,0.4408122825040217,30,B200
2026-05-05T20:00:00.000Z,2026-05-05T20:00:00.000Z,B200,global,5.223333333333334,0.45155419727993856,30,B200
2026-05-06T20:00:00.000Z,2026-05-06T20:00:00.000Z,B200,global,5.294583333333334,0.4517980199390888,30,B200
2026-05-07T20:00:00.000Z,2026-05-07T20:00:00.000Z,B200,global,5.2179166666666665,0.4532414958693163,30,B200
2026-05-08T20:00:00.000Z,2026-05-08T20:00:00.000Z,B200,global,4.927083333333333,0.5069747254275608,30,B200
2026-05-09T20:00:00.000Z,2026-05-09T20:00:00.000Z,B200,global,4.09,0.8332510165715263,30,B200
2026-05-10T20:00:00.000Z,2026-05-10T20:00:00.000Z,B200,global,3.8645833333333335,0.855425773311515,30,B200
2026-05-11T20:00:00.000Z,2026-05-11T20:00:00.000Z,B200,global,4.2,0.9061038639094235,30,B200
2026-05-12T20:00:00.000Z,2026-05-12T20:00:00.000Z,B200,global,4.989166666666667,1.0858051926488848,30,B200
2026-05-13T20:00:00.000Z,2026-05-13T20:00:00.000Z,B200,global,5.08375,1.083477579964921,30,B200
2026-05-14T20:00:00.000Z,2026-05-14T20:00:00.000Z,B200,global,5.220416666666667,1.0843596120068044,30,B200
2026-05-15T20:00:00.000Z,2026-05-15T20:00:00.000Z,B200,global,5.340416666666667,1.0803241309308533,30,B200
2026-05-16T20:00:00.000Z,2026-05-16T20:00:00.000Z,B200,global,5.67625,1.094602140682002,30,B200
2026-05-17T20:00:00.000Z,2026-05-17T20:00:00.000Z,B200,global,5.7325,1.0925803187878924,30,B200
2026-05-18T20:00:00.000Z,2026-05-18T20:00:00.000Z,B200,global,5.82375,1.092484717167022,30,B200
2026-05-19T20:00:00.000Z,2026-05-19T20:00:00.000Z,B200,global,5.824583333333333,1.0931574185894273,30,B200
2026-05-20T20:00:00.000Z,2026-05-20T20:00:00.000Z,B200,global,5.83125,1.091504049605128,30,B200
2026-05-21T20:00:00.000Z,2026-05-21T20:00:00.000Z,B200,global,5.945833333333334,1.0892977356551306,30,B200
2026-05-22T20:00:00.000Z,2026-05-22T20:00:00.000Z,B200,global,5.9075,1.059051989034688,30,B200
2026-05-23T20:00:00.000Z,2026-05-23T20:00:00.000Z,B200,global,5.710833333333333,1.0684504205281333,30,B200
2026-05-24T20:00:00.000Z,2026-05-24T20:00:00.000Z,B200,global,5.724166666666667,1.0678564954840966,30,B200
2026-05-25T20:00:00.000Z,2026-05-25T20:00:00.000Z,B200,global,5.337916666666667,1.099707450642776,30,B200
2026-05-26T20:00:00.000Z,2026-05-26T20:00:00.000Z,B200,global,5.265416666666667,1.0974991056857695,30,B200
2026-05-27T20:00:00.000Z,2026-05-27T20:00:00.000Z,B200,global,5.307083333333333,1.0839695181865467,30,B200
2026-05-28T20:00:00.000Z,2026-05-28T20:00:00.000Z,B200,global,5.701666666666667,1.1055673000914918,30,B200
2026-05-29T20:00:00.000Z,2026-05-29T20:00:00.000Z,B200,global,5.993333333333333,1.1158953730565,30,B200
2026-05-30T20:00:00.000Z,2026-05-30T20:00:00.000Z,B200,global,6.105416666666667,1.1166106347990616,30,B200
2026-05-31T20:00:00.000Z,2026-05-31T20:00:00.000Z,B200,global,6.102083333333334,1.116763188975332,30,B200
2026-06-01T20:00:00.000Z,2026-06-01T20:00:00.000Z,B200,global,5.992916666666667,1.1190125276370428,30,B200
2026-06-02T20:00:00.000Z,2026-06-02T20:00:00.000Z,B200,global,5.702083333333333,1.1351522414180537,30,B200
2026-06-03T20:00:00.000Z,2026-06-03T20:00:00.000Z,B200,global,5.454166666666667,1.1422719892212914,30,B200
2026-06-04T20:00:00.000Z,2026-06-04T20:00:00.000Z,B200,global,5.308333333333334,1.1439128810942607,30,B200
2026-06-05T20:00:00.000Z,2026-06-05T20:00:00.000Z,B200,global,5.314166666666667,1.142954552429478,30,B200
2026-06-06T20:00:00.000Z,2026-06-06T20:00:00.000Z,B200,global,5.1475,1.1473340487435284,30,B200
2026-06-07T20:00:00.000Z,2026-06-07T20:00:00.000Z,B200,global,4.9475,1.1378988415460818,30,B200
2026-06-08T20:00:00.000Z,2026-06-08T20:00:00.000Z,B200,global,4.664583333333334,0.9459555039526774,30,B200
2026-06-09T20:00:00.000Z,2026-06-09T20:00:00.000Z,B200,global,4.551666666666667,0.9262583264067508,30,B200
2026-06-10T20:00:00.000Z,2026-06-10T20:00:00.000Z,B200,global,4.7941666666666665,0.8992027816266003,30,B200
2026-06-11T20:00:00.000Z,2026-06-11T20:00:00.000Z,B200,global,4.6075,0.6782005312816082,30,B200
2026-06-12T20:00:00.000Z,2026-06-12T20:00:00.000Z,B200,global,4.55,0.6745346871186528,30,B200
2026-06-13T20:00:00.000Z,2026-06-13T20:00:00.000Z,B200,global,4.523333333333333,0.6656709701666396,30,B200
2026-06-14T20:00:00.000Z,2026-06-14T20:00:00.000Z,B200,global,4.534166666666667,0.6588400654925076,30,B200
2026-06-15T20:00:00.000Z,2026-06-15T20:00:00.000Z,B200,global,4.4975,0.6136715300492911,30,B200
2026-06-16T20:00:00.000Z,2026-06-16T20:00:00.000Z,B200,global,4.380833333333333,0.6135599772470439,30,B200
2026-06-17T20:00:00.000Z,2026-06-17T20:00:00.000Z,B200,global,4.3654166666666665,0.6074188884412017,30,B200
2026-06-18T20:00:00.000Z,2026-06-18T20:00:00.000Z,B200,global,4.224166666666667,0.6116589837307047,30,B200
2026-06-19T20:00:00.000Z,2026-06-19T20:00:00.000Z,B200,global,4.298333333333333,0.6182198626124791,30,B200
2026-06-20T20:00:00.000Z,2026-06-20T20:00:00.000Z,B200,global,4.28125,0.6094256775386883,30,B200
2026-06-21T20:00:00.000Z,2026-06-21T20:00:00.000Z,B200,global,4.2179166666666665,0.6093554710697064,30,B200
2026-06-22T20:00:00.000Z,2026-06-22T20:00:00.000Z,B200,global,4.292916666666667,0.611748653018204,30,B200
2026-06-23T20:00:00.000Z,2026-06-23T20:00:00.000Z,B200,global,4.3741666666666665,0.6183939877708284,30,B200
2026-06-24T20:00:00.000Z,2026-06-24T20:00:00.000Z,B200,global,4.43875,0.5828934827836719,30,B200
2026-06-25T20:00:00.000Z,2026-06-25T20:00:00.000Z,B200,global,4.47625,0.5843936499498643,30,B200
2026-06-26T20:00:00.000Z,2026-06-26T20:00:00.000Z,B200,global,4.5,0.5837214145460456,30,B200
2026-06-27T20:00:00.000Z,2026-06-27T20:00:00.000Z,B200,global,4.41625,0.5142720521198192,30,B200
2026-06-28T20:00:00.000Z,2026-06-28T20:00:00.000Z,B200,global,4.380416666666667,0.46918150686143295,30,B200
2026-06-29T20:00:00.000Z,2026-06-29T20:00:00.000Z,B200,global,4.414166666666667,0.4622199697551332,30,B200
2026-06-30T20:00:00.000Z,2026-06-30T20:00:00.000Z,B200,global,4.464583333333334,0.4673831079036033,30,B200
2026-07-01T20:00:00.000Z,2026-07-01T20:00:00.000Z,B200,global,5.145833333333333,0.7066755695639412,30,B200
2026-07-02T20:00:00.000Z,2026-07-02T20:00:00.000Z,B200,global,5.132916666666667,0.6880596706833126,30,B200
2026-07-03T20:00:00.000Z,2026-07-03T20:00:00.000Z,B200,global,5.137083333333333,0.6720854538223653,30,B200
2026-07-04T20:00:00.000Z,2026-07-04T20:00:00.000Z,B200,global,5.136666666666667,0.6659623368995932,30,B200
2026-07-05T20:00:00.000Z,2026-07-05T20:00:00.000Z,B200,global,5.14,0.6659455404934128,30,B200
2026-07-06T20:00:00.000Z,2026-07-06T20:00:00.000Z,B200,global,5.217083333333333,0.6586977221908177,30,B200
2026-07-07T20:00:00.000Z,2026-07-07T20:00:00.000Z,B200,global,5.30125,0.6445271760881994,30,B200
2026-07-08T20:00:00.000Z,2026-07-08T20:00:00.000Z,B200,global,5.74,0.6597727205137934,30,B200
2026-07-09T20:00:00.000Z,2026-07-09T20:00:00.000Z,B200,global,6.14875,0.6836725029033257,30,B200
2026-07-10T20:00:00.000Z,2026-07-10T20:00:00.000Z,B200,global,6.685416666666667,0.716371357952044,30,B200
2026-07-11T20:00:00.000Z,2026-07-11T20:00:00.000Z,B200,global,6.794583333333334,0.6926229203740364,30,B200
2026-07-12T20:00:00.000Z,2026-07-12T20:00:00.000Z,B200,global,6.754166666666666,0.6899440360520346,30,B200
2026-07-13T20:00:00.000Z,2026-07-13T20:00:00.000Z,B200,global,6.944166666666667,0.688227117675382,30,B200
2026-07-14T20:00:00.000Z,2026-07-14T20:00:00.000Z,B200,global,7.27625,0.6959053573408682,30,B200
2026-07-15T20:00:00.000Z,2026-07-15T20:00:00.000Z,B200,global,7.264583333333333,0.6934576675664287,30,B200
2026-07-16T20:00:00.000Z,2026-07-16T20:00:00.000Z,B200,global,7.247083333333333,0.6800142668158297,30,B200
2026-07-17T20:00:00.000Z,2026-07-17T20:00:00.000Z,B200,global,7.240833333333334,0.6790764538090561,30,B200
2026-07-18T20:00:00.000Z,2026-07-18T20:00:00.000Z,B200,global,7.162083333333333,0.6629545069149317,30,B200
2026-07-19T20:00:00.000Z,2026-07-19T20:00:00.000Z,B200,global,7.140416666666667,0.6668501902035351,30,B200
2026-07-20T20:00:00.000Z,2026-07-20T20:00:00.000Z,B200,global,7.119166666666667,0.6664640184091801,30,B200
2026-07-21T20:00:00.000Z,2026-07-21T20:00:00.000Z,B200,global,7.04625,0.6638804112382024,30,B200
2026-07-22T20:00:00.000Z,2026-07-22T20:00:00.000Z,B200,global,6.9025,0.6767756091010497,30,B200
2026-07-23T20:00:00.000Z,2026-07-23T20:00:00.000Z,B200,global,6.7716666666666665,0.6875353318967107,30,B200
2026-07-24T20:00:00.000Z,2026-07-24T20:00:00.000Z,B200,global,6.777916666666667,0.6891799686447261,30,B200
2026-07-25T20:00:00.000Z,2026-07-25T20:00:00.000Z,B200,global,6.7025,0.6945898388525719,30,B200
2026-07-26T20:00:00.000Z,2026-07-26T20:00:00.000Z,B200,global,6.5808333333333335,0.7029156146170578,30,B200
2026-07-27T20:00:00.000Z,2026-07-27T20:00:00.000Z,B200,global,6.503333333333333,0.6994148498892164,30,B200
2026-07-28T20:00:00.000Z,2026-07-28T20:00:00.000Z,B200,global,6.454166666666667,0.6992061320061813,30,B200
2026-07-29T20:00:00.000Z,2026-07-29T20:00:00.000Z,B200,global,6.437916666666666,0.701070652164282,30,B200
2026-07-30T20:00:00.000Z,2026-07-30T20:00:00.000Z,B200,global,6.369166666666667,0.7057752508734872,30,B200
2026-07-31T20:00:00.000Z,2026-07-31T20:00:00.000Z,B200,global,6.4054166666666665,0.5268217362553234,30,B200
2026-08-01T20:00:00.000Z,2026-08-01T20:00:00.000Z,B200,global,6.426666666666667,0.5258471560635557,30,B200
2026-08-02T20:00:00.000Z,2026-08-02T20:00:00.000Z,B200,global,6.329166666666667,0.5313907032638242,30,B200
2026-08-03T20:00:00.000Z,2026-08-03T20:00:00.000Z,B200,global,6.093333333333334,0.5536764053318682,30,B200
2026-08-04T20:00:00.000Z,2026-08-04T20:00:00.000Z,B200,global,5.964583333333334,0.5614649673714629,30,B200
2026-08-05T20:00:00.000Z,2026-08-05T20:00:00.000Z,B200,global,5.84125,0.5673435681289101,30,B200
2026-08-06T20:00:00.000Z,2026-08-06T20:00:00.000Z,B200,global,5.75,0.5695285326265858,30,B200
2026-08-07T20:00:00.000Z,2026-08-07T20:00:00.000Z,B200,global,5.764583333333333,0.4976191522131876,30,B200
2026-08-08T20:00:00.000Z,2026-08-08T20:00:00.000Z,B200,global,5.72625,0.43186642651513163,30,B200
2026-08-09T20:00:00.000Z,2026-08-09T20:00:00.000Z,B200,global,5.6975,0.30015710440144866,30,B200
2026-08-10T20:00:00.000Z,2026-08-10T20:00:00.000Z,B200,global,5.679166666666666,0.29010208983991764,30,B200
2026-08-11T20:00:00.000Z,2026-08-11T20:00:00.000Z,B200,global,5.707916666666667,0.292640937445803,30,B200
2026-08-12T20:00:00.000Z,2026-08-12T20:00:00.000Z,B200,global,5.722083333333333,0.26868882014137346,30,B200
2026-08-13T20:00:00.000Z,2026-08-13T20:00:00.000Z,B200,global,5.82375,0.20868678022754245,30,B200
2026-08-14T20:00:00.000Z,2026-08-14T20:00:00.000Z,B200,global,5.99875,0.24489410732463093,30,B200
2026-08-15T20:00:00.000Z,2026-08-15T20:00:00.000Z,B200,global,5.905,0.2465867688313645,30,B200
2026-08-16T20:00:00.000Z,2026-08-16T20:00:00.000Z,B200,global,5.925833333333333,0.248389188673522,30,B200
2026-08-17T20:00:00.000Z,2026-08-17T20:00:00.000Z,B200,global,6.165,0.295497638388533,30,B200
2026-08-18T20:00:00.000Z,2026-08-18T20:00:00.000Z,B200,global,6.597916666666666,0.38984824270060353,30,B200
2026-08-19T20:00:00.000Z,2026-08-19T20:00:00.000Z,B200,global,6.62875,0.3906733392112315,30,B200
2026-08-20T20:00:00.000Z,2026-08-20T20:00:00.000Z,B200,global,6.87125,0.41159655504515164,30,B200
2026-08-21T20:00:00.000Z,2026-08-21T20:00:00.000Z,B200,global,6.945833333333334,0.40716132401053756,30,B200
2026-08-22T20:00:00.000Z,2026-08-22T20:00:00.000Z,B200,global,6.736521739130435,0.4158848038450706,30,B200
2026-08-23T20:00:00.000Z,2026-08-23T20:00:00.000Z,B200,global,6.6433333333333335,0.41860997406252176,30,B200
2026-08-24T20:00:00.000Z,2026-08-24T20:00:00.000Z,B200,global,6.545217391304348,0.4199728712567372,30,B200
2026-08-25T20:00:00.000Z,2026-08-25T20:00:00.000Z,B200,global,6.446666666666666,0.41846017313430495,30,B200
2026-08-26T20:00:00.000Z,2026-08-26T20:00:00.000Z,B200,global,6.2195833333333335,0.43459285820177906,30,B200
2026-08-27T20:00:00.000Z,2026-08-27T20:00:00.000Z,B200,global,6.034166666666667,0.4456570695995032,30,B200
2026-08-28T20:00:00.000Z,2026-08-28T20:00:00.000Z,B200,global,6.014583333333333,0.445670068100075,30,B200
2026-08-29T20:00:00.000Z,2026-08-29T20:00:00.000Z,B200,global,6.064583333333333,0.4460573789217608,30,B200
2026-08-30T20:00:00.000Z,2026-08-30T20:00:00.000Z,B200,global,6.050416666666667,0.44527987677209613,30,B200
2026-08-31T20:00:00.000Z,2026-08-31T20:00:00.000Z,B200,global,6.069583333333333,0.4452581982802985,30,B200
2024-06-24T20:00:00.000Z,2024-06-24T20:00:00.000Z,H100 SXM,global,3.1101197285501616,,30,H100 SXM
2024-06-25T20:00:00.000Z,2024-06-25T20:00:00.000Z,H100 SXM,global,3.1313385696605267,0.2639786622222915,30,H100 SXM
2024-06-26T20:00:00.000Z,2024-06-26T20:00:00.000Z,H100 SXM,global,3.110438535085285,0.19113186398027354,30,H100 SXM
2024-06-27T20:00:00.000Z,2024-06-27T20:00:00.000Z,H100 SXM,global,3.1462899056370373,0.21626272512125796,30,H100 SXM
2024-06-28T20:00:00.000Z,2024-06-28T20:00:00.000Z,H100 SXM,global,3.148890668384835,0.1875337105014285,30,H100 SXM
2024-06-29T20:00:00.000Z,2024-06-29T20:00:00.000Z,H100 SXM,global,3.15,0.16776764374482692,30,H100 SXM
2024-06-30T20:00:00.000Z,2024-06-30T20:00:00.000Z,H100 SXM,global,3.15,0.15315020483088698,30,H100 SXM
2024-07-01T20:00:00.000Z,2024-07-01T20:00:00.000Z,H100 SXM,global,3.15,0.14178953791671847,30,H100 SXM
2024-07-02T20:00:00.000Z,2024-07-02T20:00:00.000Z,H100 SXM,global,3.15,0.13263196797833837,30,H100 SXM
2024-07-03T20:00:00.000Z,2024-07-03T20:00:00.000Z,H100 SXM,global,3.15,0.12504661861280011,30,H100 SXM
2024-07-04T20:00:00.000Z,2024-07-04T20:00:00.000Z,H100 SXM,global,3.15,0.11862963855565598,30,H100 SXM
2024-07-05T20:00:00.000Z,2024-07-05T20:00:00.000Z,H100 SXM,global,3.15,0.1131089223385445,30,H100 SXM
2024-07-06T20:00:00.000Z,2024-07-06T20:00:00.000Z,H100 SXM,global,3.15,0.10829354837602892,30,H100 SXM
2024-07-07T20:00:00.000Z,2024-07-07T20:00:00.000Z,H100 SXM,global,3.15,0.10404507582273242,30,H100 SXM
2024-07-08T20:00:00.000Z,2024-07-08T20:00:00.000Z,H100 SXM,global,3.15,0.10026034376221873,30,H100 SXM
2024-07-09T20:00:00.000Z,2024-07-09T20:00:00.000Z,H100 SXM,global,3.15,0.09686069427738506,30,H100 SXM
2024-07-10T20:00:00.000Z,2024-07-10T20:00:00.000Z,H100 SXM,global,3.15,0.09378496395960008,30,H100 SXM
2024-07-11T20:00:00.000Z,2024-07-11T20:00:00.000Z,H100 SXM,global,3.1062789406622797,0.11063265301537632,30,H100 SXM
2024-07-12T20:00:00.000Z,2024-07-12T20:00:00.000Z,H100 SXM,global,2.9147916666666664,0.29571133070794986,30,H100 SXM
2024-07-13T20:00:00.000Z,2024-07-13T20:00:00.000Z,H100 SXM,global,3.0015575661836915,0.32128340542962974,30,H100 SXM
2024-07-14T20:00:00.000Z,2024-07-14T20:00:00.000Z,H100 SXM,global,3.035512312960447,0.3182864056143492,30,H100 SXM
2024-07-15T20:00:00.000Z,2024-07-15T20:00:00.000Z,H100 SXM,global,3.0746905623753022,0.3162473103833777,30,H100 SXM
2024-07-16T20:00:00.000Z,2024-07-16T20:00:00.000Z,H100 SXM,global,2.872320144257723,0.4082539620786914,30,H100 SXM
2024-07-17T20:00:00.000Z,2024-07-17T20:00:00.000Z,H100 SXM,global,2.7929165756471037,0.41012237815817226,30,H100 SXM
2024-07-18T20:00:00.000Z,2024-07-18T20:00:00.000Z,H100 SXM,global,2.8428742082115157,0.41078381035938566,30,H100 SXM
2024-07-19T20:00:00.000Z,2024-07-19T20:00:00.000Z,H100 SXM,global,2.753013755936768,0.4159474162678253,30,H100 SXM
2024-07-20T20:00:00.000Z,2024-07-20T20:00:00.000Z,H100 SXM,global,2.6954660160569976,0.4120613294735352,30,H100 SXM
2024-07-21T20:00:00.000Z,2024-07-21T20:00:00.000Z,H100 SXM,global,2.8375365846161364,0.4539408293308816,30,H100 SXM
2024-07-22T20:00:00.000Z,2024-07-22T20:00:00.000Z,H100 SXM,global,2.785090427130992,0.44889481783913476,30,H100 SXM
2024-07-23T20:00:00.000Z,2024-07-23T20:00:00.000Z,H100 SXM,global,2.7857986655311193,0.4413665308125611,30,H100 SXM
2024-07-24T20:00:00.000Z,2024-07-24T20:00:00.000Z,H100 SXM,global,2.8126811550661244,0.44273714349671395,30,H100 SXM
2024-07-25T20:00:00.000Z,2024-07-25T20:00:00.000Z,H100 SXM,global,2.723360736119961,0.4523342279707378,30,H100 SXM
2024-07-26T20:00:00.000Z,2024-07-26T20:00:00.000Z,H100 SXM,global,2.6970491710739055,0.4526273631422636,30,H100 SXM
2024-07-27T20:00:00.000Z,2024-07-27T20:00:00.000Z,H100 SXM,global,2.7273769608349365,0.45250296922431454,30,H100 SXM
2024-07-28T20:00:00.000Z,2024-07-28T20:00:00.000Z,H100 SXM,global,2.6659493239217102,0.45630884982612924,30,H100 SXM
2024-07-29T20:00:00.000Z,2024-07-29T20:00:00.000Z,H100 SXM,global,2.7227111152973507,0.46531342487570165,30,H100 SXM
2024-07-30T20:00:00.000Z,2024-07-30T20:00:00.000Z,H100 SXM,global,2.727850823870815,0.4656077086955328,30,H100 SXM
2024-07-31T20:00:00.000Z,2024-07-31T20:00:00.000Z,H100 SXM,global,2.8449241204142486,0.49330406417367717,30,H100 SXM
2024-08-01T20:00:00.000Z,2024-08-01T20:00:00.000Z,H100 SXM,global,2.7762783841278598,0.49851743998983494,30,H100 SXM
2024-08-02T20:00:00.000Z,2024-08-02T20:00:00.000Z,H100 SXM,global,2.817877335790039,0.5027791198725267,30,H100 SXM
2024-08-03T20:00:00.000Z,2024-08-03T20:00:00.000Z,H100 SXM,global,2.7547365048892356,0.506869432972564,30,H100 SXM
2024-08-04T20:00:00.000Z,2024-08-04T20:00:00.000Z,H100 SXM,global,2.7454417142416965,0.5066313841398736,30,H100 SXM
2024-08-05T20:00:00.000Z,2024-08-05T20:00:00.000Z,H100 SXM,global,2.8098113242702056,0.5156385340112433,30,H100 SXM
2024-08-06T20:00:00.000Z,2024-08-06T20:00:00.000Z,H100 SXM,global,2.8105375398960146,0.5156633510998121,30,H100 SXM
2024-08-07T20:00:00.000Z,2024-08-07T20:00:00.000Z,H100 SXM,global,2.801103339440672,0.5154847610777558,30,H100 SXM
2024-08-08T20:00:00.000Z,2024-08-08T20:00:00.000Z,H100 SXM,global,2.8329219629953895,0.5180631016782936,30,H100 SXM
2024-08-09T20:00:00.000Z,2024-08-09T20:00:00.000Z,H100 SXM,global,2.840743666794548,0.518389157966446,30,H100 SXM
2024-08-10T20:00:00.000Z,2024-08-10T20:00:00.000Z,H100 SXM,global,2.976436650743509,0.5453319591575357,30,H100 SXM
2024-08-11T20:00:00.000Z,2024-08-11T20:00:00.000Z,H100 SXM,global,2.9535388410487706,0.49787057380570304,30,H100 SXM
2024-08-12T20:00:00.000Z,2024-08-12T20:00:00.000Z,H100 SXM,global,3.011772641821519,0.4918455209475003,30,H100 SXM
2024-08-13T20:00:00.000Z,2024-08-13T20:00:00.000Z,H100 SXM,global,2.5957095951438327,0.712903908411514,30,H100 SXM
2024-08-14T20:00:00.000Z,2024-08-14T20:00:00.000Z,H100 SXM,global,2.3831861637195204,0.7622659527257117,30,H100 SXM
2024-08-15T20:00:00.000Z,2024-08-15T20:00:00.000Z,H100 SXM,global,2.328480364553915,0.733648312292169,30,H100 SXM
2024-08-16T20:00:00.000Z,2024-08-16T20:00:00.000Z,H100 SXM,global,1.9803979004260597,0.9095196589562964,30,H100 SXM
2024-08-17T20:00:00.000Z,2024-08-17T20:00:00.000Z,H100 SXM,global,2.033359392258293,0.9135117017659135,30,H100 SXM
2024-08-18T20:00:00.000Z,2024-08-18T20:00:00.000Z,H100 SXM,global,2.0053696250424524,0.9104567666358414,30,H100 SXM
2024-08-19T20:00:00.000Z,2024-08-19T20:00:00.000Z,H100 SXM,global,1.9692659437134405,0.9100832663356678,30,H100 SXM
2024-08-20T20:00:00.000Z,2024-08-20T20:00:00.000Z,H100 SXM,global,2.6538810326943456,1.3981887662851036,30,H100 SXM
2024-08-21T20:00:00.000Z,2024-08-21T20:00:00.000Z,H100 SXM,global,2.848772162310832,1.4196553283459827,30,H100 SXM
2024-08-22T20:00:00.000Z,2024-08-22T20:00:00.000Z,H100 SXM,global,2.7021480518650343,1.43191753287702,30,H100 SXM
2024-08-23T20:00:00.000Z,2024-08-23T20:00:00.000Z,H100 SXM,global,2.68877399454896,1.4314591369698988,30,H100 SXM
2024-08-24T20:00:00.000Z,2024-08-24T20:00:00.000Z,H100 SXM,global,2.8844948524971645,1.448299671651756,30,H100 SXM
2024-08-25T20:00:00.000Z,2024-08-25T20:00:00.000Z,H100 SXM,global,2.8290122510543187,1.4496766405665182,30,H100 SXM
2024-08-26T20:00:00.000Z,2024-08-26T20:00:00.000Z,H100 SXM,global,2.798990900980986,1.4498609201602444,30,H100 SXM
2024-08-27T20:00:00.000Z,2024-08-27T20:00:00.000Z,H100 SXM,global,2.871630062784609,1.4497557664174248,30,H100 SXM
2024-08-28T20:00:00.000Z,2024-08-28T20:00:00.000Z,H100 SXM,global,2.794315862893549,1.4517627644522118,30,H100 SXM
2024-08-29T20:00:00.000Z,2024-08-29T20:00:00.000Z,H100 SXM,global,2.4622452384519717,1.5181902302198513,30,H100 SXM
2024-08-30T20:00:00.000Z,2024-08-30T20:00:00.000Z,H100 SXM,global,2.6030106194084337,1.5240298058468715,30,H100 SXM
2024-08-31T20:00:00.000Z,2024-08-31T20:00:00.000Z,H100 SXM,global,2.4289218265926986,1.539897308531988,30,H100 SXM
2024-09-01T20:00:00.000Z,2024-09-01T20:00:00.000Z,H100 SXM,global,2.4259045471475247,1.5383766730416566,30,H100 SXM
2024-09-02T20:00:00.000Z,2024-09-02T20:00:00.000Z,H100 SXM,global,2.59327425591489,1.5569338752723525,30,H100 SXM
2024-09-03T20:00:00.000Z,2024-09-03T20:00:00.000Z,H100 SXM,global,2.5752719794478867,1.5570237419488333,30,H100 SXM
2024-09-04T20:00:00.000Z,2024-09-04T20:00:00.000Z,H100 SXM,global,2.6718370321971654,1.5605358224770522,30,H100 SXM
2024-09-05T20:00:00.000Z,2024-09-05T20:00:00.000Z,H100 SXM,global,2.796867080393906,1.569283191839893,30,H100 SXM
2024-09-06T20:00:00.000Z,2024-09-06T20:00:00.000Z,H100 SXM,global,2.7456491445247386,1.5705569359324565,30,H100 SXM
2024-09-07T20:00:00.000Z,2024-09-07T20:00:00.000Z,H100 SXM,global,2.763399274583316,1.5701830065580638,30,H100 SXM
2024-09-08T20:00:00.000Z,2024-09-08T20:00:00.000Z,H100 SXM,global,2.7631296411077617,1.570132533961673,30,H100 SXM
2024-09-09T20:00:00.000Z,2024-09-09T20:00:00.000Z,H100 SXM,global,2.8544038098549875,1.5655008730503603,30,H100 SXM
2024-09-10T20:00:00.000Z,2024-09-10T20:00:00.000Z,H100 SXM,global,2.9025017735975567,1.5665773278359554,30,H100 SXM
2024-09-11T20:00:00.000Z,2024-09-11T20:00:00.000Z,H100 SXM,global,2.716018159085612,1.5813013799385431,30,H100 SXM
2024-09-12T20:00:00.000Z,2024-09-12T20:00:00.000Z,H100 SXM,global,2.7342734636092434,1.4920591507785765,30,H100 SXM
2024-09-13T20:00:00.000Z,2024-09-13T20:00:00.000Z,H100 SXM,global,2.8496003364158313,1.4641084888792169,30,H100 SXM
2024-09-14T20:00:00.000Z,2024-09-14T20:00:00.000Z,H100 SXM,global,2.6950507465264697,1.4766168266672548,30,H100 SXM
2024-09-15T20:00:00.000Z,2024-09-15T20:00:00.000Z,H100 SXM,global,2.626296429784554,1.3543865123448042,30,H100 SXM
2024-09-16T20:00:00.000Z,2024-09-16T20:00:00.000Z,H100 SXM,global,2.7319565130783015,1.3572084966657598,30,H100 SXM
2024-09-17T20:00:00.000Z,2024-09-17T20:00:00.000Z,H100 SXM,global,2.7810288123988194,1.3547393971013346,30,H100 SXM
2024-09-18T20:00:00.000Z,2024-09-18T20:00:00.000Z,H100 SXM,global,2.7418350527696904,1.353736757809748,30,H100 SXM
2024-09-19T20:00:00.000Z,2024-09-19T20:00:00.000Z,H100 SXM,global,2.5849749423381367,0.8952796541362997,30,H100 SXM
2024-09-20T20:00:00.000Z,2024-09-20T20:00:00.000Z,H100 SXM,global,2.6311175453596456,0.8601742669891786,30,H100 SXM
2024-09-21T20:00:00.000Z,2024-09-21T20:00:00.000Z,H100 SXM,global,2.5979330407976886,0.8418941333810823,30,H100 SXM
2024-09-22T20:00:00.000Z,2024-09-22T20:00:00.000Z,H100 SXM,global,2.492330105820532,0.8534545452448749,30,H100 SXM
2024-09-23T20:00:00.000Z,2024-09-23T20:00:00.000Z,H100 SXM,global,2.517087134901977,0.8136963486011629,30,H100 SXM
2024-09-24T20:00:00.000Z,2024-09-24T20:00:00.000Z,H100 SXM,global,2.4551597374706438,0.8151834487336268,30,H100 SXM
2024-09-25T20:00:00.000Z,2024-09-25T20:00:00.000Z,H100 SXM,global,2.434496868704265,0.815016646719462,30,H100 SXM
2024-09-26T20:00:00.000Z,2024-09-26T20:00:00.000Z,H100 SXM,global,2.37844449979999,0.8099933151781905,30,H100 SXM
2024-09-27T20:00:00.000Z,2024-09-27T20:00:00.000Z,H100 SXM,global,2.452261621251916,0.8162198301249256,30,H100 SXM
2024-09-28T20:00:00.000Z,2024-09-28T20:00:00.000Z,H100 SXM,global,2.4303641656613335,0.6876468978436736,30,H100 SXM
2024-09-29T20:00:00.000Z,2024-09-29T20:00:00.000Z,H100 SXM,global,2.3899954791303206,0.6591667714997592,30,H100 SXM
2024-09-30T20:00:00.000Z,2024-09-30T20:00:00.000Z,H100 SXM,global,2.549270080499575,0.6547190998863673,30,H100 SXM
2024-10-01T20:00:00.000Z,2024-10-01T20:00:00.000Z,H100 SXM,global,2.5091637476873974,0.6574998242094674,30,H100 SXM
2024-10-02T20:00:00.000Z,2024-10-02T20:00:00.000Z,H100 SXM,global,2.4500933846272357,0.6185070234815383,30,H100 SXM
2024-10-03T20:00:00.000Z,2024-10-03T20:00:00.000Z,H100 SXM,global,2.4222870357726705,0.6191604186655256,30,H100 SXM
2024-10-04T20:00:00.000Z,2024-10-04T20:00:00.000Z,H100 SXM,global,2.45675505557383,0.6061648528504507,30,H100 SXM
2024-10-05T20:00:00.000Z,2024-10-05T20:00:00.000Z,H100 SXM,global,2.431165021641883,0.5806958638551918,30,H100 SXM
2024-10-06T20:00:00.000Z,2024-10-06T20:00:00.000Z,H100 SXM,global,2.418655907317553,0.5785631578391419,30,H100 SXM
2024-10-07T20:00:00.000Z,2024-10-07T20:00:00.000Z,H100 SXM,global,2.462811234272476,0.5826787739396307,30,H100 SXM
2024-10-08T20:00:00.000Z,2024-10-08T20:00:00.000Z,H100 SXM,global,2.4891186568392913,0.5847420196439832,30,H100 SXM
2024-10-09T20:00:00.000Z,2024-10-09T20:00:00.000Z,H100 SXM,global,2.499257017560265,0.5709701529971604,30,H100 SXM
2024-10-10T20:00:00.000Z,2024-10-10T20:00:00.000Z,H100 SXM,global,2.4272534761686155,0.5720495753182638,30,H100 SXM
2024-10-11T20:00:00.000Z,2024-10-11T20:00:00.000Z,H100 SXM,global,2.438157152970302,0.5296403535064501,30,H100 SXM
2024-10-12T20:00:00.000Z,2024-10-12T20:00:00.000Z,H100 SXM,global,2.446684467542588,0.5289732884026452,30,H100 SXM
2024-10-13T20:00:00.000Z,2024-10-13T20:00:00.000Z,H100 SXM,global,2.443755917437649,0.5036138192333678,30,H100 SXM
2024-10-14T20:00:00.000Z,2024-10-14T20:00:00.000Z,H100 SXM,global,2.4190069639591067,0.469894188629606,30,H100 SXM
2024-10-15T20:00:00.000Z,2024-10-15T20:00:00.000Z,H100 SXM,global,2.4333480121717646,0.4639945823639873,30,H100 SXM
2024-10-16T20:00:00.000Z,2024-10-16T20:00:00.000Z,H100 SXM,global,2.4013815067407993,0.439743894432417,30,H100 SXM
2024-10-17T20:00:00.000Z,2024-10-17T20:00:00.000Z,H100 SXM,global,2.391619025118223,0.4324652398394998,30,H100 SXM
2024-10-18T20:00:00.000Z,2024-10-18T20:00:00.000Z,H100 SXM,global,2.4356090488138746,0.4385593821741863,30,H100 SXM
2024-10-19T20:00:00.000Z,2024-10-19T20:00:00.000Z,H100 SXM,global,2.409296315576667,0.39235712425002456,30,H100 SXM
2024-10-20T20:00:00.000Z,2024-10-20T20:00:00.000Z,H100 SXM,global,2.4361632109275075,0.3887721170259757,30,H100 SXM
2024-10-21T20:00:00.000Z,2024-10-21T20:00:00.000Z,H100 SXM,global,2.415042836746486,0.3877126977307485,30,H100 SXM
2024-10-22T20:00:00.000Z,2024-10-22T20:00:00.000Z,H100 SXM,global,2.418655907317553,0.36129296376385683,30,H100 SXM
2024-10-23T20:00:00.000Z,2024-10-23T20:00:00.000Z,H100 SXM,global,2.420478401980182,0.3592286337456374,30,H100 SXM
2024-10-24T20:00:00.000Z,2024-10-24T20:00:00.000Z,H100 SXM,global,2.4187535483763,0.34898484846452044,30,H100 SXM
2024-10-25T20:00:00.000Z,2024-10-25T20:00:00.000Z,H100 SXM,global,2.41952035581267,0.34780784701837414,30,H100 SXM
2024-10-26T20:00:00.000Z,2024-10-26T20:00:00.000Z,H100 SXM,global,2.418655907317553,0.3376994212580508,30,H100 SXM
2024-10-27T20:00:00.000Z,2024-10-27T20:00:00.000Z,H100 SXM,global,2.4456539227894596,0.3224114742130143,30,H100 SXM
2024-10-28T20:00:00.000Z,2024-10-28T20:00:00.000Z,H100 SXM,global,2.4864117061152857,0.3258216942608374,30,H100 SXM
2024-10-29T20:00:00.000Z,2024-10-29T20:00:00.000Z,H100 SXM,global,2.468803943247111,0.3209998654289976,30,H100 SXM
2024-10-30T20:00:00.000Z,2024-10-30T20:00:00.000Z,H100 SXM,global,2.475260888291751,0.2254264942948299,30,H100 SXM
2024-10-31T20:00:00.000Z,2024-10-31T20:00:00.000Z,H100 SXM,global,2.4349981746023452,0.22588432307905634,30,H100 SXM
2024-11-01T20:00:00.000Z,2024-11-01T20:00:00.000Z,H100 SXM,global,2.4430312824053053,0.21069192654926233,30,H100 SXM
2024-11-02T20:00:00.000Z,2024-11-02T20:00:00.000Z,H100 SXM,global,2.495589100036779,0.21928130386775052,30,H100 SXM
2024-11-03T21:00:00.000Z,2024-11-03T21:00:00.000Z,H100 SXM,global,2.4933352202364314,0.21415683464584384,30,H100 SXM
2024-11-04T21:00:00.000Z,2024-11-04T21:00:00.000Z,H100 SXM,global,2.488382176891857,0.21070740287074008,30,H100 SXM
2024-11-05T21:00:00.000Z,2024-11-05T21:00:00.000Z,H100 SXM,global,2.4746837404017112,0.21083929512156946,30,H100 SXM
2024-11-06T21:00:00.000Z,2024-11-06T21:00:00.000Z,H100 SXM,global,2.4682501388751485,0.20158616966102524,30,H100 SXM
2024-11-07T21:00:00.000Z,2024-11-07T21:00:00.000Z,H100 SXM,global,2.4608826698154176,0.19818165920043843,30,H100 SXM
2024-11-08T21:00:00.000Z,2024-11-08T21:00:00.000Z,H100 SXM,global,2.4863106598931277,0.2011003612459915,30,H100 SXM
2024-11-09T21:00:00.000Z,2024-11-09T21:00:00.000Z,H100 SXM,global,2.4914083474284534,0.17165102179880243,30,H100 SXM
2024-11-10T21:00:00.000Z,2024-11-10T21:00:00.000Z,H100 SXM,global,2.493027823428178,0.17115567333795506,30,H100 SXM
2024-11-11T21:00:00.000Z,2024-11-11T21:00:00.000Z,H100 SXM,global,2.4756672550265217,0.1729308487495057,30,H100 SXM
2024-11-12T21:00:00.000Z,2024-11-12T21:00:00.000Z,H100 SXM,global,2.4765212973216486,0.17283599580703374,30,H100 SXM
2024-11-13T21:00:00.000Z,2024-11-13T21:00:00.000Z,H100 SXM,global,2.465220871855519,0.1695748124070236,30,H100 SXM
2024-11-14T21:00:00.000Z,2024-11-14T21:00:00.000Z,H100 SXM,global,2.458353527182823,0.16887924257204232,30,H100 SXM
2024-11-15T21:00:00.000Z,2024-11-15T21:00:00.000Z,H100 SXM,global,2.450509918798444,0.16223301097847911,30,H100 SXM
2024-11-16T21:00:00.000Z,2024-11-16T21:00:00.000Z,H100 SXM,global,2.4596224961054776,0.1616365100759332,30,H100 SXM
2024-11-17T21:00:00.000Z,2024-11-17T21:00:00.000Z,H100 SXM,global,2.4815222529817142,0.15204505118127223,30,H100 SXM
2024-11-18T21:00:00.000Z,2024-11-18T21:00:00.000Z,H100 SXM,global,2.399414758942195,0.18979283437735706,30,H100 SXM
2024-11-19T21:00:00.000Z,2024-11-19T21:00:00.000Z,H100 SXM,global,2.3868730486383645,0.18614765947080705,30,H100 SXM
2024-11-20T21:00:00.000Z,2024-11-20T21:00:00.000Z,H100 SXM,global,2.4092826259837135,0.1869992001924262,30,H100 SXM
2024-11-21T21:00:00.000Z,2024-11-21T21:00:00.000Z,H100 SXM,global,2.3982758067176184,0.18755484202591505,30,H100 SXM
2024-11-22T21:00:00.000Z,2024-11-22T21:00:00.000Z,H100 SXM,global,2.371305521623792,0.19139695521410421,30,H100 SXM
2024-11-23T21:00:00.000Z,2024-11-23T21:00:00.000Z,H100 SXM,global,2.3864005394006638,0.1929607382214336,30,H100 SXM
2024-11-24T21:00:00.000Z,2024-11-24T21:00:00.000Z,H100 SXM,global,2.3883872782390174,0.19299483972248296,30,H100 SXM
2024-11-25T21:00:00.000Z,2024-11-25T21:00:00.000Z,H100 SXM,global,2.3983291878816337,0.1936570853299173,30,H100 SXM
2024-11-26T21:00:00.000Z,2024-11-26T21:00:00.000Z,H100 SXM,global,2.379358227554667,0.1909423306246887,30,H100 SXM
2024-11-27T21:00:00.000Z,2024-11-27T21:00:00.000Z,H100 SXM,global,2.3995068327532256,0.1835796721968533,30,H100 SXM
2024-11-28T21:00:00.000Z,2024-11-28T21:00:00.000Z,H100 SXM,global,2.394218986116669,0.18238226112736386,30,H100 SXM
2024-11-29T21:00:00.000Z,2024-11-29T21:00:00.000Z,H100 SXM,global,2.396150504480205,0.18203779898170835,30,H100 SXM
2024-11-30T21:00:00.000Z,2024-11-30T21:00:00.000Z,H100 SXM,global,2.4180054385476395,0.17667007790628744,30,H100 SXM
2024-12-01T21:00:00.000Z,2024-12-01T21:00:00.000Z,H100 SXM,global,2.4121616673215365,0.17635818609981593,30,H100 SXM
2024-12-02T21:00:00.000Z,2024-12-02T21:00:00.000Z,H100 SXM,global,2.458793006049955,0.173174771591596,30,H100 SXM
2024-12-03T21:00:00.000Z,2024-12-03T21:00:00.000Z,H100 SXM,global,2.4745889905947887,0.1748257260242829,30,H100 SXM
2024-12-04T21:00:00.000Z,2024-12-04T21:00:00.000Z,H100 SXM,global,2.477158151623077,0.17476596123972804,30,H100 SXM
2024-12-05T21:00:00.000Z,2024-12-05T21:00:00.000Z,H100 SXM,global,2.478910197997424,0.17370450755236255,30,H100 SXM
2024-12-06T21:00:00.000Z,2024-12-06T21:00:00.000Z,H100 SXM,global,2.4865537564402076,0.1737399881940365,30,H100 SXM
2024-12-07T21:00:00.000Z,2024-12-07T21:00:00.000Z,H100 SXM,global,2.4900587294470795,0.17338599403768326,30,H100 SXM
2024-12-08T21:00:00.000Z,2024-12-08T21:00:00.000Z,H100 SXM,global,2.487179836339342,0.16972837923373335,30,H100 SXM
2024-12-09T21:00:00.000Z,2024-12-09T21:00:00.000Z,H100 SXM,global,2.487441675799271,0.16957018433770327,30,H100 SXM
2024-12-10T21:00:00.000Z,2024-12-10T21:00:00.000Z,H100 SXM,global,2.3449244998814867,0.2664413741734182,30,H100 SXM
2024-12-11T21:00:00.000Z,2024-12-11T21:00:00.000Z,H100 SXM,global,2.295706566116365,0.2742698551004015,30,H100 SXM
2024-12-12T21:00:00.000Z,2024-12-12T21:00:00.000Z,H100 SXM,global,2.231836477879983,0.28825675843667165,30,H100 SXM
2024-12-13T21:00:00.000Z,2024-12-13T21:00:00.000Z,H100 SXM,global,2.2486077935064204,0.2907332338261314,30,H100 SXM
2024-12-14T21:00:00.000Z,2024-12-14T21:00:00.000Z,H100 SXM,global,2.2923264426756,0.3009852031075215,30,H100 SXM
2024-12-15T21:00:00.000Z,2024-12-15T21:00:00.000Z,H100 SXM,global,2.3722465713062224,0.3268863734958196,30,H100 SXM
2024-12-16T21:00:00.000Z,2024-12-16T21:00:00.000Z,H100 SXM,global,2.378463846116016,0.3267066250260989,30,H100 SXM
2024-12-17T21:00:00.000Z,2024-12-17T21:00:00.000Z,H100 SXM,global,2.3443758967091353,0.32785256757208,30,H100 SXM
2024-12-18T21:00:00.000Z,2024-12-18T21:00:00.000Z,H100 SXM,global,2.345149788467405,0.3072064729116939,30,H100 SXM
2024-12-19T21:00:00.000Z,2024-12-19T21:00:00.000Z,H100 SXM,global,2.311011836829428,0.3106740995733777,30,H100 SXM
2024-12-20T21:00:00.000Z,2024-12-20T21:00:00.000Z,H100 SXM,global,2.2985668485790964,0.3086996043039411,30,H100 SXM
2024-12-21T21:00:00.000Z,2024-12-21T21:00:00.000Z,H100 SXM,global,2.3328876499388187,0.31369435313928556,30,H100 SXM
2024-12-22T21:00:00.000Z,2024-12-22T21:00:00.000Z,H100 SXM,global,2.3096004413064244,0.31319329236004195,30,H100 SXM
2024-12-23T21:00:00.000Z,2024-12-23T21:00:00.000Z,H100 SXM,global,2.315773220091041,0.31238742947300285,30,H100 SXM
2024-12-24T21:00:00.000Z,2024-12-24T21:00:00.000Z,H100 SXM,global,2.3512475829752995,0.3174297560784495,30,H100 SXM
2024-12-25T21:00:00.000Z,2024-12-25T21:00:00.000Z,H100 SXM,global,2.378241470192867,0.3197779284714106,30,H100 SXM
2024-12-26T21:00:00.000Z,2024-12-26T21:00:00.000Z,H100 SXM,global,2.2904053479408772,0.34454233723089767,30,H100 SXM
2024-12-27T21:00:00.000Z,2024-12-27T21:00:00.000Z,H100 SXM,global,2.2812805602449986,0.3428601116490174,30,H100 SXM
2024-12-28T21:00:00.000Z,2024-12-28T21:00:00.000Z,H100 SXM,global,2.287426625864027,0.3431915567132556,30,H100 SXM
2024-12-29T21:00:00.000Z,2024-12-29T21:00:00.000Z,H100 SXM,global,2.322880780108831,0.3481646352852591,30,H100 SXM
2024-12-30T21:00:00.000Z,2024-12-30T21:00:00.000Z,H100 SXM,global,2.3300300518122,0.34659521653455205,30,H100 SXM
2025-01-01T21:00:00.000Z,2025-01-01T21:00:00.000Z,H100 SXM,global,2.338364548512781,0.3392424393438943,30,H100 SXM
2025-01-02T21:00:00.000Z,2025-01-02T21:00:00.000Z,H100 SXM,global,2.3369243560308397,0.33802012375986074,30,H100 SXM
2025-01-03T21:00:00.000Z,2025-01-03T21:00:00.000Z,H100 SXM,global,2.348340082293353,0.33870483214359476,30,H100 SXM
2025-01-04T21:00:00.000Z,2025-01-04T21:00:00.000Z,H100 SXM,global,2.4127953308789833,0.3533164013375995,30,H100 SXM
2025-01-05T21:00:00.000Z,2025-01-05T21:00:00.000Z,H100 SXM,global,2.3826815894911673,0.35530436899868767,30,H100 SXM
2025-01-06T21:00:00.000Z,2025-01-06T21:00:00.000Z,H100 SXM,global,2.3969286635426252,0.3561149681618541,30,H100 SXM
2025-01-07T21:00:00.000Z,2025-01-07T21:00:00.000Z,H100 SXM,global,2.337034515554363,0.3658465877559775,30,H100 SXM
2025-01-08T21:00:00.000Z,2025-01-08T21:00:00.000Z,H100 SXM,global,2.3344858350064186,0.36578061975167353,30,H100 SXM
2025-01-09T21:00:00.000Z,2025-01-09T21:00:00.000Z,H100 SXM,global,2.3035837306388918,0.3062230207682644,30,H100 SXM
2025-01-10T21:00:00.000Z,2025-01-10T21:00:00.000Z,H100 SXM,global,2.337958282527469,0.30143596222555397,30,H100 SXM
2025-01-11T21:00:00.000Z,2025-01-11T21:00:00.000Z,H100 SXM,global,2.2990668327031742,0.2900947181867719,30,H100 SXM
2025-01-12T21:00:00.000Z,2025-01-12T21:00:00.000Z,H100 SXM,global,2.2789826575750194,0.29105409744284605,30,H100 SXM
2025-01-13T21:00:00.000Z,2025-01-13T21:00:00.000Z,H100 SXM,global,2.2625074750076033,0.2840982073014562,30,H100 SXM
2025-01-14T21:00:00.000Z,2025-01-14T21:00:00.000Z,H100 SXM,global,2.2725551797846517,0.25588221708993797,30,H100 SXM
2025-01-15T21:00:00.000Z,2025-01-15T21:00:00.000Z,H100 SXM,global,2.2722203334778253,0.2555131146296714,30,H100 SXM
2025-01-16T21:00:00.000Z,2025-01-16T21:00:00.000Z,H100 SXM,global,2.3287120199672606,0.2666683273854349,30,H100 SXM
2025-01-17T21:00:00.000Z,2025-01-17T21:00:00.000Z,H100 SXM,global,2.2599809965485202,0.28609778619805587,30,H100 SXM
2025-01-18T21:00:00.000Z,2025-01-18T21:00:00.000Z,H100 SXM,global,2.2422521617960585,0.2830505207007618,30,H100 SXM
2025-01-19T21:00:00.000Z,2025-01-19T21:00:00.000Z,H100 SXM,global,2.2712517165232122,0.28662134459650773,30,H100 SXM
2025-01-20T21:00:00.000Z,2025-01-20T21:00:00.000Z,H100 SXM,global,2.2865017342512717,0.2825622845197147,30,H100 SXM
2025-01-21T21:00:00.000Z,2025-01-21T21:00:00.000Z,H100 SXM,global,2.279465266954747,0.28069752941759774,30,H100 SXM
2025-01-22T21:00:00.000Z,2025-01-22T21:00:00.000Z,H100 SXM,global,2.356494355163051,0.3042169191688104,30,H100 SXM
2025-01-23T21:00:00.000Z,2025-01-23T21:00:00.000Z,H100 SXM,global,2.27095747291848,0.32629124841680135,30,H100 SXM
2025-01-24T21:00:00.000Z,2025-01-24T21:00:00.000Z,H100 SXM,global,2.258816486552998,0.3233889594071645,30,H100 SXM
2025-01-25T21:00:00.000Z,2025-01-25T21:00:00.000Z,H100 SXM,global,2.265749346638824,0.29654410250087837,30,H100 SXM
2025-01-26T21:00:00.000Z,2025-01-26T21:00:00.000Z,H100 SXM,global,2.245544177851037,0.29781254488865033,30,H100 SXM
2025-01-27T21:00:00.000Z,2025-01-27T21:00:00.000Z,H100 SXM,global,2.2652690129641124,0.2993805443778414,30,H100 SXM
2025-01-28T21:00:00.000Z,2025-01-28T21:00:00.000Z,H100 SXM,global,2.2420545727312655,0.2958044622576864,30,H100 SXM
2025-01-29T21:00:00.000Z,2025-01-29T21:00:00.000Z,H100 SXM,global,2.2672907379432616,0.2986166109865325,30,H100 SXM
2025-01-30T21:00:00.000Z,2025-01-30T21:00:00.000Z,H100 SXM,global,2.2658971752914,0.29858028439682827,30,H100 SXM
2025-01-31T21:00:00.000Z,2025-01-31T21:00:00.000Z,H100 SXM,global,2.2435228967225096,0.2998039609021192,30,H100 SXM
2025-02-01T21:00:00.000Z,2025-02-01T21:00:00.000Z,H100 SXM,global,2.1755907781643113,0.3167787048734596,30,H100 SXM
2025-02-02T21:00:00.000Z,2025-02-02T21:00:00.000Z,H100 SXM,global,2.1661832677392607,0.3157499863293383,30,H100 SXM
2025-02-03T21:00:00.000Z,2025-02-03T21:00:00.000Z,H100 SXM,global,2.195833170519853,0.3029960743295519,30,H100 SXM
2025-02-04T21:00:00.000Z,2025-02-04T21:00:00.000Z,H100 SXM,global,2.231597599722133,0.308270883909279,30,H100 SXM
2025-02-05T21:00:00.000Z,2025-02-05T21:00:00.000Z,H100 SXM,global,2.2295526575902156,0.3069140839660413,30,H100 SXM
2025-02-06T21:00:00.000Z,2025-02-06T21:00:00.000Z,H100 SXM,global,2.2177351651356743,0.29586917495327086,30,H100 SXM
2025-02-07T21:00:00.000Z,2025-02-07T21:00:00.000Z,H100 SXM,global,2.206299184831668,0.29609743147902373,30,H100 SXM
2025-02-08T21:00:00.000Z,2025-02-08T21:00:00.000Z,H100 SXM,global,2.20298191198202,0.2932043036561785,30,H100 SXM
2025-02-09T21:00:00.000Z,2025-02-09T21:00:00.000Z,H100 SXM,global,2.1870403751171303,0.28781896367156634,30,H100 SXM
2025-02-10T21:00:00.000Z,2025-02-10T21:00:00.000Z,H100 SXM,global,2.191708489539557,0.2833089689978475,30,H100 SXM
2025-02-11T21:00:00.000Z,2025-02-11T21:00:00.000Z,H100 SXM,global,2.2211714171458996,0.2867433702850025,30,H100 SXM
2025-02-12T21:00:00.000Z,2025-02-12T21:00:00.000Z,H100 SXM,global,2.2094113954877543,0.28627658003619955,30,H100 SXM
2025-02-13T21:00:00.000Z,2025-02-13T21:00:00.000Z,H100 SXM,global,2.2043604139862003,0.285692555443138,30,H100 SXM
2025-02-14T21:00:00.000Z,2025-02-14T21:00:00.000Z,H100 SXM,global,2.2289056462439523,0.2887858962377409,30,H100 SXM
2025-02-15T21:00:00.000Z,2025-02-15T21:00:00.000Z,H100 SXM,global,2.2142246289997574,0.27467347424872407,30,H100 SXM
2025-02-16T21:00:00.000Z,2025-02-16T21:00:00.000Z,H100 SXM,global,2.2310181115790964,0.25663966270092503,30,H100 SXM
2025-02-17T21:00:00.000Z,2025-02-17T21:00:00.000Z,H100 SXM,global,2.238494567553875,0.25552444842846733,30,H100 SXM
2025-02-18T21:00:00.000Z,2025-02-18T21:00:00.000Z,H100 SXM,global,2.198544350117981,0.2585595580243922,30,H100 SXM
2025-02-19T21:00:00.000Z,2025-02-19T21:00:00.000Z,H100 SXM,global,2.193214472692712,0.2570597601162474,30,H100 SXM
2025-02-20T21:00:00.000Z,2025-02-20T21:00:00.000Z,H100 SXM,global,2.2184930397554212,0.2608306730105473,30,H100 SXM
2025-02-21T21:00:00.000Z,2025-02-21T21:00:00.000Z,H100 SXM,global,2.169530225026747,0.24050232487556225,30,H100 SXM
2025-02-22T21:00:00.000Z,2025-02-22T21:00:00.000Z,H100 SXM,global,2.179288978421243,0.20746963657240355,30,H100 SXM
2025-02-23T21:00:00.000Z,2025-02-23T21:00:00.000Z,H100 SXM,global,2.1613120684541802,0.20842482790702307,30,H100 SXM
2025-02-24T21:00:00.000Z,2025-02-24T21:00:00.000Z,H100 SXM,global,2.1523575497921965,0.207967839684187,30,H100 SXM
2025-02-25T21:00:00.000Z,2025-02-25T21:00:00.000Z,H100 SXM,global,2.149840011404471,0.20632010165234677,30,H100 SXM
2025-02-26T21:00:00.000Z,2025-02-26T21:00:00.000Z,H100 SXM,global,2.175534909658644,0.20854847823634734,30,H100 SXM
2025-02-27T21:00:00.000Z,2025-02-27T21:00:00.000Z,H100 SXM,global,2.1804077923609078,0.20634741102930476,30,H100 SXM
2025-02-28T21:00:00.000Z,2025-02-28T21:00:00.000Z,H100 SXM,global,2.175026516967196,0.20169604121446238,30,H100 SXM
2025-03-01T21:00:00.000Z,2025-03-01T21:00:00.000Z,H100 SXM,global,2.2407806506250827,0.22915752021845878,30,H100 SXM
2025-03-02T21:00:00.000Z,2025-03-02T21:00:00.000Z,H100 SXM,global,2.2626050679440173,0.2290811885599086,30,H100 SXM
2025-03-03T21:00:00.000Z,2025-03-03T21:00:00.000Z,H100 SXM,global,2.2396031674246193,0.2038892314040245,30,H100 SXM
2025-03-04T21:00:00.000Z,2025-03-04T21:00:00.000Z,H100 SXM,global,2.2319461523832707,0.2036163729456589,30,H100 SXM
2025-03-05T21:00:00.000Z,2025-03-05T21:00:00.000Z,H100 SXM,global,2.2391513173534574,0.19869411071871387,30,H100 SXM
2025-03-06T21:00:00.000Z,2025-03-06T21:00:00.000Z,H100 SXM,global,2.2140957792206275,0.1947354833166328,30,H100 SXM
2025-03-07T21:00:00.000Z,2025-03-07T21:00:00.000Z,H100 SXM,global,2.242739661860867,0.20000584263334242,30,H100 SXM
2025-03-08T21:00:00.000Z,2025-03-08T21:00:00.000Z,H100 SXM,global,2.2575281195481596,0.20018096188501397,30,H100 SXM
2025-03-09T20:00:00.000Z,2025-03-09T20:00:00.000Z,H100 SXM,global,2.255566125541976,0.1991823098227213,30,H100 SXM
2025-03-10T20:00:00.000Z,2025-03-10T20:00:00.000Z,H100 SXM,global,2.271706654574808,0.2002341465989863,30,H100 SXM
2025-03-11T20:00:00.000Z,2025-03-11T20:00:00.000Z,H100 SXM,global,2.2233789416429697,0.21338131318814724,30,H100 SXM
2025-03-12T20:00:00.000Z,2025-03-12T20:00:00.000Z,H100 SXM,global,2.235182261312003,0.21396093074866598,30,H100 SXM
2025-03-13T20:00:00.000Z,2025-03-13T20:00:00.000Z,H100 SXM,global,2.2375245409712106,0.20901696777045642,30,H100 SXM
2025-03-14T20:00:00.000Z,2025-03-14T20:00:00.000Z,H100 SXM,global,2.2604440425514176,0.21081841160014078,30,H100 SXM
2025-03-15T20:00:00.000Z,2025-03-15T20:00:00.000Z,H100 SXM,global,2.316370629765926,0.2260192304411088,30,H100 SXM
2025-03-16T20:00:00.000Z,2025-03-16T20:00:00.000Z,H100 SXM,global,2.2475574912447804,0.24897740573731783,30,H100 SXM
2025-03-17T20:00:00.000Z,2025-03-17T20:00:00.000Z,H100 SXM,global,2.236865526653957,0.24841899647076646,30,H100 SXM
2025-03-18T20:00:00.000Z,2025-03-18T20:00:00.000Z,H100 SXM,global,2.221384470162034,0.24826615342928512,30,H100 SXM
2025-03-19T20:00:00.000Z,2025-03-19T20:00:00.000Z,H100 SXM,global,2.2182566392563126,0.2479787305919969,30,H100 SXM
2025-03-20T20:00:00.000Z,2025-03-20T20:00:00.000Z,H100 SXM,global,2.284683833859783,0.2603544325963574,30,H100 SXM
2025-03-21T20:00:00.000Z,2025-03-21T20:00:00.000Z,H100 SXM,global,2.2803487876004938,0.2602662812618995,30,H100 SXM
2025-03-22T20:00:00.000Z,2025-03-22T20:00:00.000Z,H100 SXM,global,2.2439617489470254,0.26443210356613533,30,H100 SXM
2025-03-23T20:00:00.000Z,2025-03-23T20:00:00.000Z,H100 SXM,global,2.267930018007484,0.2535852474779956,30,H100 SXM
2025-03-24T20:00:00.000Z,2025-03-24T20:00:00.000Z,H100 SXM,global,2.248085794718645,0.25582076664661096,30,H100 SXM
2025-03-25T20:00:00.000Z,2025-03-25T20:00:00.000Z,H100 SXM,global,2.210808320598184,0.2613232519773624,30,H100 SXM
2025-03-26T20:00:00.000Z,2025-03-26T20:00:00.000Z,H100 SXM,global,2.180607432189504,0.2657026049615258,30,H100 SXM
2025-03-27T20:00:00.000Z,2025-03-27T20:00:00.000Z,H100 SXM,global,2.1902434434007145,0.265991009508669,30,H100 SXM
2025-03-28T20:00:00.000Z,2025-03-28T20:00:00.000Z,H100 SXM,global,2.2215951493776234,0.2673542057843306,30,H100 SXM
2025-03-29T20:00:00.000Z,2025-03-29T20:00:00.000Z,H100 SXM,global,2.1507989490455524,0.2910706999889517,30,H100 SXM
2025-03-30T20:00:00.000Z,2025-03-30T20:00:00.000Z,H100 SXM,global,2.166175605734784,0.2921566196734633,30,H100 SXM
2025-03-31T20:00:00.000Z,2025-03-31T20:00:00.000Z,H100 SXM,global,2.180899705174992,0.2728875172810341,30,H100 SXM
2025-04-01T20:00:00.000Z,2025-04-01T20:00:00.000Z,H100 SXM,global,2.1468377157295766,0.274871872583591,30,H100 SXM
2025-04-02T20:00:00.000Z,2025-04-02T20:00:00.000Z,H100 SXM,global,2.13935281757578,0.27326060095632454,30,H100 SXM
2025-04-03T20:00:00.000Z,2025-04-03T20:00:00.000Z,H100 SXM,global,2.1652224175503694,0.27719218100528237,30,H100 SXM
2025-04-04T20:00:00.000Z,2025-04-04T20:00:00.000Z,H100 SXM,global,2.139145417303213,0.27939796097829167,30,H100 SXM
2025-04-05T20:00:00.000Z,2025-04-05T20:00:00.000Z,H100 SXM,global,2.1056241024585867,0.2818271472462424,30,H100 SXM
2025-04-06T20:00:00.000Z,2025-04-06T20:00:00.000Z,H100 SXM,global,2.0955604714089167,0.2770586580890365,30,H100 SXM
2025-04-07T20:00:00.000Z,2025-04-07T20:00:00.000Z,H100 SXM,global,2.1173604495759135,0.2788817385985294,30,H100 SXM
2025-04-08T20:00:00.000Z,2025-04-08T20:00:00.000Z,H100 SXM,global,2.101312238907362,0.27948625098781066,30,H100 SXM
2025-04-09T20:00:00.000Z,2025-04-09T20:00:00.000Z,H100 SXM,global,2.14298941136661,0.28810640575760127,30,H100 SXM
2025-04-10T20:00:00.000Z,2025-04-10T20:00:00.000Z,H100 SXM,global,2.1355562836284556,0.2794342735324668,30,H100 SXM
2025-04-11T20:00:00.000Z,2025-04-11T20:00:00.000Z,H100 SXM,global,2.1622857612369457,0.28266270098251095,30,H100 SXM
2025-04-12T20:00:00.000Z,2025-04-12T20:00:00.000Z,H100 SXM,global,2.1296784803971067,0.2867538834332905,30,H100 SXM
2025-04-13T20:00:00.000Z,2025-04-13T20:00:00.000Z,H100 SXM,global,2.1318834848727035,0.2837593593928371,30,H100 SXM
2025-04-14T20:00:00.000Z,2025-04-14T20:00:00.000Z,H100 SXM,global,2.0158037309377663,0.3252521861793614,30,H100 SXM
2025-04-15T20:00:00.000Z,2025-04-15T20:00:00.000Z,H100 SXM,global,2.0094382378412043,0.31194614602811993,30,H100 SXM
2025-04-16T20:00:00.000Z,2025-04-16T20:00:00.000Z,H100 SXM,global,1.9341103618847473,0.3343450540006019,30,H100 SXM
2025-04-17T20:00:00.000Z,2025-04-17T20:00:00.000Z,H100 SXM,global,2.017662270704521,0.3724011480727762,30,H100 SXM
2025-04-18T20:00:00.000Z,2025-04-18T20:00:00.000Z,H100 SXM,global,2.03437927879609,0.3745064365772038,30,H100 SXM
2025-04-19T20:00:00.000Z,2025-04-19T20:00:00.000Z,H100 SXM,global,2.024553340529559,0.35581405926496745,30,H100 SXM
2025-04-20T20:00:00.000Z,2025-04-20T20:00:00.000Z,H100 SXM,global,1.9833794190029261,0.36032565944608336,30,H100 SXM
2025-04-21T20:00:00.000Z,2025-04-21T20:00:00.000Z,H100 SXM,global,1.9689558134041858,0.35811282268137073,30,H100 SXM
2025-04-22T20:00:00.000Z,2025-04-22T20:00:00.000Z,H100 SXM,global,1.9374116954728642,0.3561867073765193,30,H100 SXM
2025-04-23T20:00:00.000Z,2025-04-23T20:00:00.000Z,H100 SXM,global,1.9142036619713076,0.35677594083173136,30,H100 SXM
2025-04-24T20:00:00.000Z,2025-04-24T20:00:00.000Z,H100 SXM,global,2.0166506569800062,0.406548836953373,30,H100 SXM
2025-04-25T20:00:00.000Z,2025-04-25T20:00:00.000Z,H100 SXM,global,2.033773792872636,0.4065790864956154,30,H100 SXM
2025-04-26T20:00:00.000Z,2025-04-26T20:00:00.000Z,H100 SXM,global,1.9415692245772898,0.4337058275604983,30,H100 SXM
2025-04-27T20:00:00.000Z,2025-04-27T20:00:00.000Z,H100 SXM,global,2.057883376870983,0.48145485206187705,30,H100 SXM
2025-04-28T20:00:00.000Z,2025-04-28T20:00:00.000Z,H100 SXM,global,1.9839904776101733,0.48492471658632474,30,H100 SXM
2025-04-29T20:00:00.000Z,2025-04-29T20:00:00.000Z,H100 SXM,global,1.9540710068875935,0.48548791395455154,30,H100 SXM
2025-04-30T20:00:00.000Z,2025-04-30T20:00:00.000Z,H100 SXM,global,1.9309609969246162,0.48491410280014663,30,H100 SXM
2025-05-01T20:00:00.000Z,2025-05-01T20:00:00.000Z,H100 SXM,global,1.9286448816762027,0.483153628985118,30,H100 SXM
2025-05-02T20:00:00.000Z,2025-05-02T20:00:00.000Z,H100 SXM,global,1.9180706442175521,0.4832000737234861,30,H100 SXM
2025-05-03T20:00:00.000Z,2025-05-03T20:00:00.000Z,H100 SXM,global,1.9576330960749726,0.4874934511373674,30,H100 SXM
2025-05-04T20:00:00.000Z,2025-05-04T20:00:00.000Z,H100 SXM,global,1.9475481844462925,0.4865238044299513,30,H100 SXM
2025-05-05T20:00:00.000Z,2025-05-05T20:00:00.000Z,H100 SXM,global,1.9790011336775175,0.48874987671986747,30,H100 SXM
2025-05-06T20:00:00.000Z,2025-05-06T20:00:00.000Z,H100 SXM,global,2.048485966092187,0.5049485523796503,30,H100 SXM
2025-05-07T20:00:00.000Z,2025-05-07T20:00:00.000Z,H100 SXM,global,2.0582144006115772,0.5037730876147176,30,H100 SXM
2025-05-08T20:00:00.000Z,2025-05-08T20:00:00.000Z,H100 SXM,global,2.0416646151935365,0.5038531327846582,30,H100 SXM
2025-05-09T20:00:00.000Z,2025-05-09T20:00:00.000Z,H100 SXM,global,2.0271066787796785,0.49870738305387535,30,H100 SXM
2025-05-10T20:00:00.000Z,2025-05-10T20:00:00.000Z,H100 SXM,global,2.0350628196802614,0.4990712448347078,30,H100 SXM
2025-05-11T20:00:00.000Z,2025-05-11T20:00:00.000Z,H100 SXM,global,2.0383345371093937,0.49665872982356235,30,H100 SXM
2025-05-12T20:00:00.000Z,2025-05-12T20:00:00.000Z,H100 SXM,global,2.0332978867471,0.4943715139052179,30,H100 SXM
2025-05-13T20:00:00.000Z,2025-05-13T20:00:00.000Z,H100 SXM,global,2.052384569109794,0.49576441049942027,30,H100 SXM
2025-05-14T20:00:00.000Z,2025-05-14T20:00:00.000Z,H100 SXM,global,2.045050212700255,0.4549827460828852,30,H100 SXM
2025-05-15T20:00:00.000Z,2025-05-15T20:00:00.000Z,H100 SXM,global,2.047020991287594,0.4547945281358512,30,H100 SXM
2025-05-16T20:00:00.000Z,2025-05-16T20:00:00.000Z,H100 SXM,global,2.024202801748807,0.4351094889540112,30,H100 SXM
2025-05-17T20:00:00.000Z,2025-05-17T20:00:00.000Z,H100 SXM,global,2.0458222388788014,0.4111178825482961,30,H100 SXM
2025-05-18T20:00:00.000Z,2025-05-18T20:00:00.000Z,H100 SXM,global,2.025635161857323,0.4116691747123608,30,H100 SXM
2025-05-19T20:00:00.000Z,2025-05-19T20:00:00.000Z,H100 SXM,global,2.027716073853695,0.41133502178931086,30,H100 SXM
2025-05-20T20:00:00.000Z,2025-05-20T20:00:00.000Z,H100 SXM,global,2.020885357353444,0.4048209419893924,30,H100 SXM
2025-05-21T20:00:00.000Z,2025-05-21T20:00:00.000Z,H100 SXM,global,2.00771952325784,0.4046417800254274,30,H100 SXM
2025-05-22T20:00:00.000Z,2025-05-22T20:00:00.000Z,H100 SXM,global,2.024847425376504,0.4008768841738725,30,H100 SXM
2025-05-23T20:00:00.000Z,2025-05-23T20:00:00.000Z,H100 SXM,global,2.018219104868986,0.398312033517037,30,H100 SXM
2025-05-24T20:00:00.000Z,2025-05-24T20:00:00.000Z,H100 SXM,global,2.000978272605762,0.35569113007378667,30,H100 SXM
2025-05-25T20:00:00.000Z,2025-05-25T20:00:00.000Z,H100 SXM,global,2.004483574474754,0.3543899365508778,30,H100 SXM
2025-05-26T20:00:00.000Z,2025-05-26T20:00:00.000Z,H100 SXM,global,2.001108072241873,0.31343251341411754,30,H100 SXM
2025-05-27T20:00:00.000Z,2025-05-27T20:00:00.000Z,H100 SXM,global,1.9891248222931948,0.23661555131940976,30,H100 SXM
2025-05-28T20:00:00.000Z,2025-05-28T20:00:00.000Z,H100 SXM,global,1.9704407508435846,0.20184758493641233,30,H100 SXM
2025-05-29T20:00:00.000Z,2025-05-29T20:00:00.000Z,H100 SXM,global,1.9511985570224166,0.19765426671334224,30,H100 SXM
2025-05-30T20:00:00.000Z,2025-05-30T20:00:00.000Z,H100 SXM,global,1.9498507361305029,0.19301011979413893,30,H100 SXM
2025-05-31T20:00:00.000Z,2025-05-31T20:00:00.000Z,H100 SXM,global,1.951857833108561,0.19294508801481083,30,H100 SXM
2025-06-01T20:00:00.000Z,2025-06-01T20:00:00.000Z,H100 SXM,global,1.947164678396777,0.1920554257100887,30,H100 SXM
2025-06-02T20:00:00.000Z,2025-06-02T20:00:00.000Z,H100 SXM,global,1.9407939497969477,0.17843196598274322,30,H100 SXM
2025-06-03T20:00:00.000Z,2025-06-03T20:00:00.000Z,H100 SXM,global,1.929442474934178,0.17868974360878231,30,H100 SXM
2025-06-04T20:00:00.000Z,2025-06-04T20:00:00.000Z,H100 SXM,global,1.9231490283358494,0.16889817317414602,30,H100 SXM
2025-06-05T20:00:00.000Z,2025-06-05T20:00:00.000Z,H100 SXM,global,1.9274751376178736,0.11131121059950583,30,H100 SXM
2025-06-06T20:00:00.000Z,2025-06-06T20:00:00.000Z,H100 SXM,global,1.9281879184498438,0.10898716659217517,30,H100 SXM
2025-06-07T20:00:00.000Z,2025-06-07T20:00:00.000Z,H100 SXM,global,1.9259869369400173,0.1069282054108738,30,H100 SXM
2025-06-08T20:00:00.000Z,2025-06-08T20:00:00.000Z,H100 SXM,global,1.937059808780245,0.10846131079546684,30,H100 SXM
2025-06-09T20:00:00.000Z,2025-06-09T20:00:00.000Z,H100 SXM,global,1.948329392403436,0.10983902803954068,30,H100 SXM
2025-06-10T20:00:00.000Z,2025-06-10T20:00:00.000Z,H100 SXM,global,1.9307091433000776,0.11239337034914108,30,H100 SXM
2025-06-11T20:00:00.000Z,2025-06-11T20:00:00.000Z,H100 SXM,global,1.9519673978324767,0.12083001008282426,30,H100 SXM
2025-06-12T20:00:00.000Z,2025-06-12T20:00:00.000Z,H100 SXM,global,1.9352558862292784,0.11697034572668942,30,H100 SXM
2025-06-13T20:00:00.000Z,2025-06-13T20:00:00.000Z,H100 SXM,global,1.8832031881734725,0.14654064075448353,30,H100 SXM
2025-06-14T20:00:00.000Z,2025-06-14T20:00:00.000Z,H100 SXM,global,1.8759789130313724,0.14596639127128452,30,H100 SXM
2025-06-15T20:00:00.000Z,2025-06-15T20:00:00.000Z,H100 SXM,global,1.8946808859389765,0.14940830777336558,30,H100 SXM
2025-06-16T20:00:00.000Z,2025-06-16T20:00:00.000Z,H100 SXM,global,1.9228734026017376,0.1545021982993845,30,H100 SXM
2025-06-17T20:00:00.000Z,2025-06-17T20:00:00.000Z,H100 SXM,global,1.9097369362550713,0.15290514360050525,30,H100 SXM
2025-06-18T20:00:00.000Z,2025-06-18T20:00:00.000Z,H100 SXM,global,1.923684318143421,0.15596717874869942,30,H100 SXM
2025-06-19T20:00:00.000Z,2025-06-19T20:00:00.000Z,H100 SXM,global,1.9201442673533278,0.1558585526969087,30,H100 SXM
2025-06-20T20:00:00.000Z,2025-06-20T20:00:00.000Z,H100 SXM,global,1.933866193435028,0.15779771981303825,30,H100 SXM
2025-06-21T20:00:00.000Z,2025-06-21T20:00:00.000Z,H100 SXM,global,1.9359056589992998,0.15410591611471683,30,H100 SXM
2025-06-22T20:00:00.000Z,2025-06-22T20:00:00.000Z,H100 SXM,global,1.8802414826863953,0.18184908770155778,30,H100 SXM
2025-06-23T20:00:00.000Z,2025-06-23T20:00:00.000Z,H100 SXM,global,1.8673152709734016,0.18121906073976365,30,H100 SXM
2025-06-24T20:00:00.000Z,2025-06-24T20:00:00.000Z,H100 SXM,global,1.8907158693197985,0.18795403660677215,30,H100 SXM
2025-06-25T20:00:00.000Z,2025-06-25T20:00:00.000Z,H100 SXM,global,1.874383917311901,0.18940709448139822,30,H100 SXM
2025-06-26T20:00:00.000Z,2025-06-26T20:00:00.000Z,H100 SXM,global,1.948267088921309,0.2363206067831378,30,H100 SXM
2025-06-27T20:00:00.000Z,2025-06-27T20:00:00.000Z,H100 SXM,global,1.926600939452247,0.2372104041037222,30,H100 SXM
2025-06-28T20:00:00.000Z,2025-06-28T20:00:00.000Z,H100 SXM,global,1.9680248092653765,0.24684808873339137,30,H100 SXM
2025-06-29T20:00:00.000Z,2025-06-29T20:00:00.000Z,H100 SXM,global,1.9309284893577843,0.2558841799271071,30,H100 SXM
2025-06-30T20:00:00.000Z,2025-06-30T20:00:00.000Z,H100 SXM,global,1.904606239060991,0.26004326357414187,30,H100 SXM
2025-07-01T20:00:00.000Z,2025-07-01T20:00:00.000Z,H100 SXM,global,1.9058299551076774,0.2600260707498858,30,H100 SXM
2025-07-02T20:00:00.000Z,2025-07-02T20:00:00.000Z,H100 SXM,global,1.8842405111856495,0.2625609748260911,30,H100 SXM
2025-07-03T20:00:00.000Z,2025-07-03T20:00:00.000Z,H100 SXM,global,1.9127715518070019,0.2677370248831362,30,H100 SXM
2025-07-04T20:00:00.000Z,2025-07-04T20:00:00.000Z,H100 SXM,global,1.9073725642895154,0.2676797584200594,30,H100 SXM
2025-07-05T20:00:00.000Z,2025-07-05T20:00:00.000Z,H100 SXM,global,1.8819541696308162,0.27137261893733294,30,H100 SXM
2025-07-06T20:00:00.000Z,2025-07-06T20:00:00.000Z,H100 SXM,global,1.891004372121665,0.27205076792172245,30,H100 SXM
2025-07-07T20:00:00.000Z,2025-07-07T20:00:00.000Z,H100 SXM,global,1.8720020064747571,0.2740419904085687,30,H100 SXM
2025-07-08T20:00:00.000Z,2025-07-08T20:00:00.000Z,H100 SXM,global,1.8745050138879582,0.2731205931250094,30,H100 SXM
2025-07-09T20:00:00.000Z,2025-07-09T20:00:00.000Z,H100 SXM,global,1.8650197138357536,0.27229780699647543,30,H100 SXM
2025-07-10T20:00:00.000Z,2025-07-10T20:00:00.000Z,H100 SXM,global,1.8339554759865333,0.27631580640122877,30,H100 SXM
2025-07-11T20:00:00.000Z,2025-07-11T20:00:00.000Z,H100 SXM,global,1.8363734383776302,0.27277932454414083,30,H100 SXM
2025-07-12T20:00:00.000Z,2025-07-12T20:00:00.000Z,H100 SXM,global,1.859911761280557,0.27644453155325954,30,H100 SXM
2025-07-13T20:00:00.000Z,2025-07-13T20:00:00.000Z,H100 SXM,global,1.8483546663460044,0.26090071181531005,30,H100 SXM
2025-07-14T20:00:00.000Z,2025-07-14T20:00:00.000Z,H100 SXM,global,1.8692431368603646,0.26384400423659954,30,H100 SXM
2025-07-15T20:00:00.000Z,2025-07-15T20:00:00.000Z,H100 SXM,global,1.797551386087038,0.2940556056904861,30,H100 SXM
2025-07-16T20:00:00.000Z,2025-07-16T20:00:00.000Z,H100 SXM,global,1.847535739644992,0.3060762383434567,30,H100 SXM
2025-07-17T20:00:00.000Z,2025-07-17T20:00:00.000Z,H100 SXM,global,1.822890104010549,0.3084194099080891,30,H100 SXM
2025-07-18T20:00:00.000Z,2025-07-18T20:00:00.000Z,H100 SXM,global,1.8547015198661072,0.3139626613628209,30,H100 SXM
2025-07-19T20:00:00.000Z,2025-07-19T20:00:00.000Z,H100 SXM,global,1.7912908032185806,0.33510632463124806,30,H100 SXM
2025-07-20T20:00:00.000Z,2025-07-20T20:00:00.000Z,H100 SXM,global,1.7908243019768053,0.3334753483622082,30,H100 SXM
2025-07-21T20:00:00.000Z,2025-07-21T20:00:00.000Z,H100 SXM,global,1.7639418359592405,0.33603287453153835,30,H100 SXM
2025-07-22T20:00:00.000Z,2025-07-22T20:00:00.000Z,H100 SXM,global,1.8052630303389023,0.3344981327978028,30,H100 SXM
2025-07-23T20:00:00.000Z,2025-07-23T20:00:00.000Z,H100 SXM,global,1.8241431270990087,0.3363296295291462,30,H100 SXM
2025-07-24T20:00:00.000Z,2025-07-24T20:00:00.000Z,H100 SXM,global,1.7967444402820112,0.3364334461792853,30,H100 SXM
2025-07-25T20:00:00.000Z,2025-07-25T20:00:00.000Z,H100 SXM,global,1.8321844528722249,0.34338733995037285,30,H100 SXM
2025-07-26T20:00:00.000Z,2025-07-26T20:00:00.000Z,H100 SXM,global,1.8894765803563331,0.33295599569210926,30,H100 SXM
2025-07-27T20:00:00.000Z,2025-07-27T20:00:00.000Z,H100 SXM,global,1.8907534377844364,0.3309641829473064,30,H100 SXM
2025-07-28T20:00:00.000Z,2025-07-28T20:00:00.000Z,H100 SXM,global,1.8363198562223735,0.3357332142524236,30,H100 SXM
2025-07-29T20:00:00.000Z,2025-07-29T20:00:00.000Z,H100 SXM,global,1.796264235341349,0.3377888708879834,30,H100 SXM
2025-07-30T20:00:00.000Z,2025-07-30T20:00:00.000Z,H100 SXM,global,1.8120165070794119,0.33740225510784483,30,H100 SXM
2025-07-31T20:00:00.000Z,2025-07-31T20:00:00.000Z,H100 SXM,global,1.7948631271279931,0.33838722617124567,30,H100 SXM
2025-08-01T20:00:00.000Z,2025-08-01T20:00:00.000Z,H100 SXM,global,1.8109039731086656,0.33869935041872845,30,H100 SXM
2025-08-02T20:00:00.000Z,2025-08-02T20:00:00.000Z,H100 SXM,global,1.8314612597406723,0.336671741110877,30,H100 SXM
2025-08-03T20:00:00.000Z,2025-08-03T20:00:00.000Z,H100 SXM,global,1.8561395788004076,0.3405623944537445,30,H100 SXM
2025-08-04T20:00:00.000Z,2025-08-04T20:00:00.000Z,H100 SXM,global,1.8519271123809304,0.3376164089076092,30,H100 SXM
2025-08-05T20:00:00.000Z,2025-08-05T20:00:00.000Z,H100 SXM,global,1.8586129453102849,0.33740466946904074,30,H100 SXM
2025-08-06T20:00:00.000Z,2025-08-06T20:00:00.000Z,H100 SXM,global,1.826682817717692,0.34089711257690775,30,H100 SXM
2025-08-07T20:00:00.000Z,2025-08-07T20:00:00.000Z,H100 SXM,global,1.9211825806759733,0.38497707255741315,30,H100 SXM
2025-08-08T20:00:00.000Z,2025-08-08T20:00:00.000Z,H100 SXM,global,1.8919229656748655,0.3886073727089977,30,H100 SXM
2025-08-09T20:00:00.000Z,2025-08-09T20:00:00.000Z,H100 SXM,global,1.8615764330213196,0.3882628867854818,30,H100 SXM
2025-08-10T20:00:00.000Z,2025-08-10T20:00:00.000Z,H100 SXM,global,1.8868659934383567,0.39090017860763543,30,H100 SXM
2025-08-11T20:00:00.000Z,2025-08-11T20:00:00.000Z,H100 SXM,global,1.8974510352329412,0.3889682641146225,30,H100 SXM
2025-08-12T20:00:00.000Z,2025-08-12T20:00:00.000Z,H100 SXM,global,1.9140569117931807,0.38912542840536085,30,H100 SXM
2025-08-13T20:00:00.000Z,2025-08-13T20:00:00.000Z,H100 SXM,global,1.8953975876714964,0.389188742593177,30,H100 SXM
2025-08-14T20:00:00.000Z,2025-08-14T20:00:00.000Z,H100 SXM,global,1.9317114072210895,0.3669579044754161,30,H100 SXM
2025-08-15T20:00:00.000Z,2025-08-15T20:00:00.000Z,H100 SXM,global,1.9329337058961364,0.35568553266067243,30,H100 SXM
2025-08-16T20:00:00.000Z,2025-08-16T20:00:00.000Z,H100 SXM,global,1.940246712007786,0.351632166428141,30,H100 SXM
2025-08-17T20:00:00.000Z,2025-08-17T20:00:00.000Z,H100 SXM,global,1.9345361637804135,0.3476713645285201,30,H100 SXM
2025-08-18T20:00:00.000Z,2025-08-18T20:00:00.000Z,H100 SXM,global,1.942229328025508,0.3222447752918515,30,H100 SXM
2025-08-19T20:00:00.000Z,2025-08-19T20:00:00.000Z,H100 SXM,global,1.9395161783586756,0.32240053494946586,30,H100 SXM
2025-08-20T20:00:00.000Z,2025-08-20T20:00:00.000Z,H100 SXM,global,1.9623771271155668,0.31732035253410146,30,H100 SXM
2025-08-21T20:00:00.000Z,2025-08-21T20:00:00.000Z,H100 SXM,global,1.962821203093381,0.309475309807347,30,H100 SXM
2025-08-22T20:00:00.000Z,2025-08-22T20:00:00.000Z,H100 SXM,global,1.9814982698241879,0.30920318975593286,30,H100 SXM
2025-08-23T20:00:00.000Z,2025-08-23T20:00:00.000Z,H100 SXM,global,1.9651870651825991,0.3051019641474737,30,H100 SXM
2025-08-24T20:00:00.000Z,2025-08-24T20:00:00.000Z,H100 SXM,global,1.9517451206698098,0.30094957757697843,30,H100 SXM
2025-08-25T20:00:00.000Z,2025-08-25T20:00:00.000Z,H100 SXM,global,1.9490618174197047,0.2827257419050303,30,H100 SXM
2025-08-26T20:00:00.000Z,2025-08-26T20:00:00.000Z,H100 SXM,global,1.9665217486643891,0.2840526379420574,30,H100 SXM
2025-08-27T20:00:00.000Z,2025-08-27T20:00:00.000Z,H100 SXM,global,1.9630521328335708,0.26222893616065446,30,H100 SXM
2025-08-28T20:00:00.000Z,2025-08-28T20:00:00.000Z,H100 SXM,global,1.9748188803162077,0.24737087896193383,30,H100 SXM
2025-08-29T20:00:00.000Z,2025-08-29T20:00:00.000Z,H100 SXM,global,1.986342350669309,0.2467528949976539,30,H100 SXM
2025-08-30T20:00:00.000Z,2025-08-30T20:00:00.000Z,H100 SXM,global,1.9839139087803301,0.2431039588559794,30,H100 SXM
2025-08-31T20:00:00.000Z,2025-08-31T20:00:00.000Z,H100 SXM,global,1.9869147670016554,0.242342026191131,30,H100 SXM
2025-09-01T20:00:00.000Z,2025-09-01T20:00:00.000Z,H100 SXM,global,1.9812583568510458,0.2413395946950782,30,H100 SXM
2025-09-02T20:00:00.000Z,2025-09-02T20:00:00.000Z,H100 SXM,global,1.980772480381721,0.23835252340709678,30,H100 SXM
2025-09-03T20:00:00.000Z,2025-09-03T20:00:00.000Z,H100 SXM,global,1.9697724065028817,0.23940029717915012,30,H100 SXM
2025-09-04T20:00:00.000Z,2025-09-04T20:00:00.000Z,H100 SXM,global,1.9797221793586621,0.2395692709828623,30,H100 SXM
2025-09-05T20:00:00.000Z,2025-09-05T20:00:00.000Z,H100 SXM,global,1.9883176833726663,0.22914184190656758,30,H100 SXM
2025-09-06T20:00:00.000Z,2025-09-06T20:00:00.000Z,H100 SXM,global,1.9808942458276058,0.1525917876509551,30,H100 SXM
2025-09-07T20:00:00.000Z,2025-09-07T20:00:00.000Z,H100 SXM,global,1.9699434911667135,0.1428790923240322,30,H100 SXM
2025-09-08T20:00:00.000Z,2025-09-08T20:00:00.000Z,H100 SXM,global,1.9633174409358498,0.12947423395288374,30,H100 SXM
2025-09-09T20:00:00.000Z,2025-09-09T20:00:00.000Z,H100 SXM,global,1.9502835868197816,0.12553799966505816,30,H100 SXM
2025-09-10T20:00:00.000Z,2025-09-10T20:00:00.000Z,H100 SXM,global,1.9529855581067708,0.12449644435508467,30,H100 SXM
2025-09-11T20:00:00.000Z,2025-09-11T20:00:00.000Z,H100 SXM,global,1.9667541634140073,0.1233069073541927,30,H100 SXM
2025-09-12T20:00:00.000Z,2025-09-12T20:00:00.000Z,H100 SXM,global,1.9577237123299929,0.118884733183068,30,H100 SXM
2025-09-13T20:00:00.000Z,2025-09-13T20:00:00.000Z,H100 SXM,global,1.9569541118393767,0.09985488633469876,30,H100 SXM
2025-09-14T20:00:00.000Z,2025-09-14T20:00:00.000Z,H100 SXM,global,1.9110831170726952,0.13062690426420318,30,H100 SXM
2025-09-15T20:00:00.000Z,2025-09-15T20:00:00.000Z,H100 SXM,global,1.9278918462454273,0.13373920525611863,30,H100 SXM
2025-09-16T20:00:00.000Z,2025-09-16T20:00:00.000Z,H100 SXM,global,1.9661543617614081,0.1501489325673984,30,H100 SXM
2025-09-17T20:00:00.000Z,2025-09-17T20:00:00.000Z,H100 SXM,global,1.9629222453813595,0.1498120819863585,30,H100 SXM
2025-09-18T20:00:00.000Z,2025-09-18T20:00:00.000Z,H100 SXM,global,1.9380553544234036,0.15656227132500602,30,H100 SXM
2025-09-19T20:00:00.000Z,2025-09-19T20:00:00.000Z,H100 SXM,global,1.9165611222138859,0.1552903009532808,30,H100 SXM
2025-09-20T20:00:00.000Z,2025-09-20T20:00:00.000Z,H100 SXM,global,1.9298825443196665,0.15758262047859736,30,H100 SXM
2025-09-21T20:00:00.000Z,2025-09-21T20:00:00.000Z,H100 SXM,global,1.9270439102963335,0.15337890097911164,30,H100 SXM
2025-09-22T20:00:00.000Z,2025-09-22T20:00:00.000Z,H100 SXM,global,1.9484646892382944,0.15651953367079507,30,H100 SXM
2025-09-23T20:00:00.000Z,2025-09-23T20:00:00.000Z,H100 SXM,global,1.9427991673128355,0.15502889487310675,30,H100 SXM
2025-09-24T20:00:00.000Z,2025-09-24T20:00:00.000Z,H100 SXM,global,1.9494381285567826,0.1554523973852501,30,H100 SXM
2025-09-25T20:00:00.000Z,2025-09-25T20:00:00.000Z,H100 SXM,global,1.958267840078868,0.15301647461556062,30,H100 SXM
2025-09-26T20:00:00.000Z,2025-09-26T20:00:00.000Z,H100 SXM,global,1.951614027703813,0.1533417480858786,30,H100 SXM
2025-09-27T20:00:00.000Z,2025-09-27T20:00:00.000Z,H100 SXM,global,1.9307641542852256,0.15593903997204936,30,H100 SXM
2025-09-28T20:00:00.000Z,2025-09-28T20:00:00.000Z,H100 SXM,global,1.9250036047542942,0.1542856054060577,30,H100 SXM
2025-09-29T20:00:00.000Z,2025-09-29T20:00:00.000Z,H100 SXM,global,1.9422732250548966,0.15815553311385816,30,H100 SXM
2025-09-30T20:00:00.000Z,2025-09-30T20:00:00.000Z,H100 SXM,global,1.9316248562775344,0.1588063117897044,30,H100 SXM
2025-10-01T20:00:00.000Z,2025-10-01T20:00:00.000Z,H100 SXM,global,1.8858730866542428,0.1779377242682214,30,H100 SXM
2025-10-02T20:00:00.000Z,2025-10-02T20:00:00.000Z,H100 SXM,global,1.8874264530258766,0.1780824855359806,30,H100 SXM
2025-10-03T20:00:00.000Z,2025-10-03T20:00:00.000Z,H100 SXM,global,1.9087657500430426,0.18296517476801366,30,H100 SXM
2025-10-04T20:00:00.000Z,2025-10-04T20:00:00.000Z,H100 SXM,global,1.9272267290554037,0.18556679358309822,30,H100 SXM
2025-10-05T20:00:00.000Z,2025-10-05T20:00:00.000Z,H100 SXM,global,1.9184866973472223,0.18500155309533886,30,H100 SXM
2025-10-06T20:00:00.000Z,2025-10-06T20:00:00.000Z,H100 SXM,global,1.9214400114961696,0.18500249087494938,30,H100 SXM
2025-10-07T20:00:00.000Z,2025-10-07T20:00:00.000Z,H100 SXM,global,1.9444221820175513,0.18956982892650237,30,H100 SXM
2025-10-08T20:00:00.000Z,2025-10-08T20:00:00.000Z,H100 SXM,global,1.9427433463223622,0.18928289664075748,30,H100 SXM
2025-10-09T20:00:00.000Z,2025-10-09T20:00:00.000Z,H100 SXM,global,1.9539416733244461,0.18902508575804594,30,H100 SXM
2025-10-10T20:00:00.000Z,2025-10-10T20:00:00.000Z,H100 SXM,global,1.950570937359384,0.18906271526087706,30,H100 SXM
2025-10-11T20:00:00.000Z,2025-10-11T20:00:00.000Z,H100 SXM,global,1.9650844121384805,0.189249889552347,30,H100 SXM
2025-10-12T20:00:00.000Z,2025-10-12T20:00:00.000Z,H100 SXM,global,1.947914328109159,0.19107074300208088,30,H100 SXM
2025-10-13T20:00:00.000Z,2025-10-13T20:00:00.000Z,H100 SXM,global,1.918313127978144,0.19824510989432134,30,H100 SXM
2025-10-14T20:00:00.000Z,2025-10-14T20:00:00.000Z,H100 SXM,global,1.9285000510299597,0.1808468194637057,30,H100 SXM
2025-10-15T20:00:00.000Z,2025-10-15T20:00:00.000Z,H100 SXM,global,1.9095735567433907,0.1815515581034427,30,H100 SXM
2025-10-16T20:00:00.000Z,2025-10-16T20:00:00.000Z,H100 SXM,global,1.8242875836901276,0.22816730254802525,30,H100 SXM
2025-10-17T20:00:00.000Z,2025-10-17T20:00:00.000Z,H100 SXM,global,1.862984203181906,0.24244367656873608,30,H100 SXM
2025-10-18T20:00:00.000Z,2025-10-18T20:00:00.000Z,H100 SXM,global,1.8320422703383128,0.24511543616413478,30,H100 SXM
2025-10-19T20:00:00.000Z,2025-10-19T20:00:00.000Z,H100 SXM,global,1.8741882555641804,0.25718654067844876,30,H100 SXM
2025-10-20T20:00:00.000Z,2025-10-20T20:00:00.000Z,H100 SXM,global,1.8444200409181712,0.260991249497112,30,H100 SXM
2025-10-21T20:00:00.000Z,2025-10-21T20:00:00.000Z,H100 SXM,global,1.883681054911164,0.2726103875453711,30,H100 SXM
2025-10-22T20:00:00.000Z,2025-10-22T20:00:00.000Z,H100 SXM,global,1.890899412059164,0.2698193318485441,30,H100 SXM
2025-10-23T20:00:00.000Z,2025-10-23T20:00:00.000Z,H100 SXM,global,1.883324579569777,0.26994499212774137,30,H100 SXM
2025-10-24T20:00:00.000Z,2025-10-24T20:00:00.000Z,H100 SXM,global,1.8741897770834248,0.26977177907832484,30,H100 SXM
2025-10-25T20:00:00.000Z,2025-10-25T20:00:00.000Z,H100 SXM,global,1.8467158595488582,0.27289464963018367,30,H100 SXM
2025-10-26T20:00:00.000Z,2025-10-26T20:00:00.000Z,H100 SXM,global,1.8574377252882366,0.2741613556561443,30,H100 SXM
2025-10-27T20:00:00.000Z,2025-10-27T20:00:00.000Z,H100 SXM,global,1.8693171827830912,0.2735166951209915,30,H100 SXM
2025-10-28T20:00:00.000Z,2025-10-28T20:00:00.000Z,H100 SXM,global,1.907421510581344,0.2832447852109253,30,H100 SXM
2025-10-29T20:00:00.000Z,2025-10-29T20:00:00.000Z,H100 SXM,global,1.9272735927949354,0.2838715713821263,30,H100 SXM
2025-10-30T20:00:00.000Z,2025-10-30T20:00:00.000Z,H100 SXM,global,1.9197606149409914,0.2835559626367522,30,H100 SXM
2025-10-31T20:00:00.000Z,2025-10-31T20:00:00.000Z,H100 SXM,global,1.9271968102796817,0.2705161238763716,30,H100 SXM
2025-11-01T20:00:00.000Z,2025-11-01T20:00:00.000Z,H100 SXM,global,1.8742373397497423,0.28830430577601474,30,H100 SXM
2025-11-02T21:00:00.000Z,2025-11-02T21:00:00.000Z,H100 SXM,global,1.8995384910595734,0.2894863854137893,30,H100 SXM
2025-11-03T21:00:00.000Z,2025-11-03T21:00:00.000Z,H100 SXM,global,1.8995979552677469,0.2873303129760523,30,H100 SXM
2025-11-04T21:00:00.000Z,2025-11-04T21:00:00.000Z,H100 SXM,global,1.8679780667184849,0.29263250531599566,30,H100 SXM
2025-11-05T21:00:00.000Z,2025-11-05T21:00:00.000Z,H100 SXM,global,1.89352036232033,0.2968741233006365,30,H100 SXM
2025-11-06T21:00:00.000Z,2025-11-06T21:00:00.000Z,H100 SXM,global,1.8856715026748516,0.29371252104857204,30,H100 SXM
2025-11-07T21:00:00.000Z,2025-11-07T21:00:00.000Z,H100 SXM,global,1.8540268623084772,0.29889959882671274,30,H100 SXM
2025-11-08T21:00:00.000Z,2025-11-08T21:00:00.000Z,H100 SXM,global,1.8431189746107144,0.29807657790189884,30,H100 SXM
2025-11-09T21:00:00.000Z,2025-11-09T21:00:00.000Z,H100 SXM,global,1.853061304752799,0.2991711516100822,30,H100 SXM
2025-11-10T21:00:00.000Z,2025-11-10T21:00:00.000Z,H100 SXM,global,1.8565598202944171,0.2976673550179509,30,H100 SXM
2025-11-11T21:00:00.000Z,2025-11-11T21:00:00.000Z,H100 SXM,global,1.8703469605915617,0.29830644676419366,30,H100 SXM
2025-11-12T21:00:00.000Z,2025-11-12T21:00:00.000Z,H100 SXM,global,1.8689847244922426,0.294024042213048,30,H100 SXM
2025-11-13T21:00:00.000Z,2025-11-13T21:00:00.000Z,H100 SXM,global,1.8759396080796715,0.29365812264054875,30,H100 SXM
2025-11-14T21:00:00.000Z,2025-11-14T21:00:00.000Z,H100 SXM,global,1.9089922635785757,0.29861451548363,30,H100 SXM
2025-11-15T21:00:00.000Z,2025-11-15T21:00:00.000Z,H100 SXM,global,1.8726214543675814,0.2593567887308936,30,H100 SXM
2025-11-16T21:00:00.000Z,2025-11-16T21:00:00.000Z,H100 SXM,global,1.887178576217508,0.250384547844509,30,H100 SXM
2025-11-17T21:00:00.000Z,2025-11-17T21:00:00.000Z,H100 SXM,global,1.8650827400467984,0.24666489074706974,30,H100 SXM
2025-11-18T21:00:00.000Z,2025-11-18T21:00:00.000Z,H100 SXM,global,1.870475024661774,0.23360217249151244,30,H100 SXM
2025-11-19T21:00:00.000Z,2025-11-19T21:00:00.000Z,H100 SXM,global,1.8708062013597457,0.22640885501772465,30,H100 SXM
2025-11-20T21:00:00.000Z,2025-11-20T21:00:00.000Z,H100 SXM,global,1.8762232827636056,0.21415036717331667,30,H100 SXM
2025-11-21T21:00:00.000Z,2025-11-21T21:00:00.000Z,H100 SXM,global,1.9082376452086487,0.2219253336079952,30,H100 SXM
2025-11-22T21:00:00.000Z,2025-11-22T21:00:00.000Z,H100 SXM,global,1.829005356565549,0.2671310510788118,30,H100 SXM
2025-11-23T21:00:00.000Z,2025-11-23T21:00:00.000Z,H100 SXM,global,1.8253648074182696,0.2667928667580576,30,H100 SXM
2025-11-24T21:00:00.000Z,2025-11-24T21:00:00.000Z,H100 SXM,global,1.8516666666666668,0.26701861656766673,30,H100 SXM
2025-11-25T21:00:00.000Z,2025-11-25T21:00:00.000Z,H100 SXM,global,1.8591666666666666,0.2666185024451778,30,H100 SXM
2025-11-26T22:00:00.000Z,2025-11-26T22:00:00.000Z,H100 SXM,global,1.8085,0.2823547369329527,30,H100 SXM
2025-11-27T21:00:00.000Z,2025-11-27T21:00:00.000Z,H100 SXM,global,1.8558333333333332,0.2883470565997124,30,H100 SXM
2025-11-28T21:00:00.000Z,2025-11-28T21:00:00.000Z,H100 SXM,global,1.8304166666666666,0.28877013003690216,30,H100 SXM
2025-11-29T21:00:00.000Z,2025-11-29T21:00:00.000Z,H100 SXM,global,1.75125,0.32461498006491074,30,H100 SXM
2025-11-30T21:00:00.000Z,2025-11-30T21:00:00.000Z,H100 SXM,global,1.7458333333333333,0.3236516455224226,30,H100 SXM
2025-12-01T21:00:00.000Z,2025-12-01T21:00:00.000Z,H100 SXM,global,1.825,0.3514720914695212,30,H100 SXM
2025-12-02T21:00:00.000Z,2025-12-02T21:00:00.000Z,H100 SXM,global,1.8120833333333333,0.3482381803477179,30,H100 SXM
2025-12-03T21:00:00.000Z,2025-12-03T21:00:00.000Z,H100 SXM,global,1.81625,0.34845896876258065,30,H100 SXM
2025-12-04T21:00:00.000Z,2025-12-04T21:00:00.000Z,H100 SXM,global,1.8283333333333334,0.34508306044762216,30,H100 SXM
2025-12-05T21:00:00.000Z,2025-12-05T21:00:00.000Z,H100 SXM,global,1.8045833333333334,0.34370718524433164,30,H100 SXM
2025-12-06T21:00:00.000Z,2025-12-06T21:00:00.000Z,H100 SXM,global,1.8070833333333334,0.34373286577986145,30,H100 SXM
2025-12-07T21:00:00.000Z,2025-12-07T21:00:00.000Z,H100 SXM,global,1.8241666666666667,0.34104437827269224,30,H100 SXM
2025-12-08T21:00:00.000Z,2025-12-08T21:00:00.000Z,H100 SXM,global,1.8254166666666667,0.34051500335100354,30,H100 SXM
2025-12-09T21:00:00.000Z,2025-12-09T21:00:00.000Z,H100 SXM,global,1.83375,0.3403532599336803,30,H100 SXM
2025-12-10T21:00:00.000Z,2025-12-10T21:00:00.000Z,H100 SXM,global,1.83375,0.34026091625867877,30,H100 SXM
2025-12-11T21:00:00.000Z,2025-12-11T21:00:00.000Z,H100 SXM,global,1.8266666666666667,0.33927402248791844,30,H100 SXM
2025-12-12T21:00:00.000Z,2025-12-12T21:00:00.000Z,H100 SXM,global,1.8365217391304347,0.3399559407063055,30,H100 SXM
2025-12-13T21:00:00.000Z,2025-12-13T21:00:00.000Z,H100 SXM,global,1.8391666666666666,0.3396863963352679,30,H100 SXM
2025-12-14T21:00:00.000Z,2025-12-14T21:00:00.000Z,H100 SXM,global,1.8333333333333333,0.3333957130309495,30,H100 SXM
2025-12-15T21:00:00.000Z,2025-12-15T21:00:00.000Z,H100 SXM,global,1.8404166666666666,0.32747888877298714,30,H100 SXM
2025-12-16T21:00:00.000Z,2025-12-16T21:00:00.000Z,H100 SXM,global,1.8417391304347825,0.3261460419679491,30,H100 SXM
2025-12-17T21:00:00.000Z,2025-12-17T21:00:00.000Z,H100 SXM,global,1.8275,0.32474446522591066,30,H100 SXM
2025-12-18T21:00:00.000Z,2025-12-18T21:00:00.000Z,H100 SXM,global,1.85875,0.330347756271123,30,H100 SXM
2025-12-19T21:00:00.000Z,2025-12-19T21:00:00.000Z,H100 SXM,global,1.83625,0.33296669498158643,30,H100 SXM
2025-12-20T21:00:00.000Z,2025-12-20T21:00:00.000Z,H100 SXM,global,2.2133333333333334,0.7338373785807715,30,H100 SXM
2025-12-21T21:00:00.000Z,2025-12-21T21:00:00.000Z,H100 SXM,global,2.1966666666666668,0.7340135483910183,30,H100 SXM
2025-12-22T21:00:00.000Z,2025-12-22T21:00:00.000Z,H100 SXM,global,2.15375,0.7198236921748022,30,H100 SXM
2025-12-23T21:00:00.000Z,2025-12-23T21:00:00.000Z,H100 SXM,global,2.15875,0.7194197815801933,30,H100 SXM
2025-12-24T21:00:00.000Z,2025-12-24T21:00:00.000Z,H100 SXM,global,2.1904166666666667,0.7194593901432752,30,H100 SXM
2025-12-25T21:00:00.000Z,2025-12-25T21:00:00.000Z,H100 SXM,global,2.1904166666666667,0.7197076761125861,30,H100 SXM
2025-12-26T21:00:00.000Z,2025-12-26T21:00:00.000Z,H100 SXM,global,2.1925,0.7100047187052129,30,H100 SXM
2025-12-27T21:00:00.000Z,2025-12-27T21:00:00.000Z,H100 SXM,global,2.1925,0.7068234750993713,30,H100 SXM
2025-12-28T21:00:00.000Z,2025-12-28T21:00:00.000Z,H100 SXM,global,2.1804166666666664,0.7045606534098109,30,H100 SXM
2025-12-29T21:00:00.000Z,2025-12-29T21:00:00.000Z,H100 SXM,global,2.185,0.6812910195530446,30,H100 SXM
2025-12-30T21:00:00.000Z,2025-12-30T21:00:00.000Z,H100 SXM,global,2.18125,0.6810409345482511,30,H100 SXM
2026-01-01T21:00:00.000Z,2026-01-01T21:00:00.000Z,H100 SXM,global,2.1704166666666667,0.6677258153967937,30,H100 SXM
2026-01-02T21:00:00.000Z,2026-01-02T21:00:00.000Z,H100 SXM,global,2.1845833333333333,0.6675922283552305,30,H100 SXM
2026-01-03T21:00:00.000Z,2026-01-03T21:00:00.000Z,H100 SXM,global,1.93,0.8071130680042483,30,H100 SXM
2026-01-04T21:00:00.000Z,2026-01-04T21:00:00.000Z,H100 SXM,global,1.805,0.840796899213304,30,H100 SXM
2026-01-05T21:00:00.000Z,2026-01-05T21:00:00.000Z,H100 SXM,global,1.80875,0.8408145942750479,30,H100 SXM
2026-01-06T21:00:00.000Z,2026-01-06T21:00:00.000Z,H100 SXM,global,1.7583333333333333,0.8457818631748278,30,H100 SXM
2026-01-07T21:00:00.000Z,2026-01-07T21:00:00.000Z,H100 SXM,global,1.7329166666666667,0.847019308331735,30,H100 SXM
2026-01-08T21:00:00.000Z,2026-01-08T21:00:00.000Z,H100 SXM,global,1.7265217391304348,0.8467372663919449,30,H100 SXM
2026-01-09T21:00:00.000Z,2026-01-09T21:00:00.000Z,H100 SXM,global,1.6945833333333333,0.8486823802890027,30,H100 SXM
2026-01-10T21:00:00.000Z,2026-01-10T21:00:00.000Z,H100 SXM,global,1.6958333333333333,0.8487498656175945,30,H100 SXM
2026-01-11T21:00:00.000Z,2026-01-11T21:00:00.000Z,H100 SXM,global,1.6795833333333334,0.8486155361028976,30,H100 SXM
2026-01-12T21:00:00.000Z,2026-01-12T21:00:00.000Z,H100 SXM,global,1.6934782608695653,0.8493920442549593,30,H100 SXM
2026-01-13T21:00:00.000Z,2026-01-13T21:00:00.000Z,H100 SXM,global,1.6979166666666667,0.8495959077535963,30,H100 SXM
2026-01-14T21:00:00.000Z,2026-01-14T21:00:00.000Z,H100 SXM,global,1.73375,0.8532821997084364,30,H100 SXM
2026-01-15T21:00:00.000Z,2026-01-15T21:00:00.000Z,H100 SXM,global,1.7295833333333333,0.8532269706694169,30,H100 SXM
2026-01-16T21:00:00.000Z,2026-01-16T21:00:00.000Z,H100 SXM,global,1.7358333333333333,0.8531980742123277,30,H100 SXM
2026-01-17T21:00:00.000Z,2026-01-17T21:00:00.000Z,H100 SXM,global,1.7283333333333333,0.8505618371790907,30,H100 SXM
2026-01-18T21:00:00.000Z,2026-01-18T21:00:00.000Z,H100 SXM,global,1.74875,0.8512018436586763,30,H100 SXM
2026-01-19T21:00:00.000Z,2026-01-19T21:00:00.000Z,H100 SXM,global,1.7454166666666666,0.512698348696817,30,H100 SXM
2026-01-20T21:00:00.000Z,2026-01-20T21:00:00.000Z,H100 SXM,global,1.72,0.5132354158629323,30,H100 SXM
2026-01-21T21:00:00.000Z,2026-01-21T21:00:00.000Z,H100 SXM,global,1.71625,0.5119017365449736,30,H100 SXM
2026-01-22T21:00:00.000Z,2026-01-22T21:00:00.000Z,H100 SXM,global,1.7170833333333333,0.5114957970543677,30,H100 SXM
2026-01-23T21:00:00.000Z,2026-01-23T21:00:00.000Z,H100 SXM,global,1.7141666666666666,0.5057279796123418,30,H100 SXM
2026-01-24T21:00:00.000Z,2026-01-24T21:00:00.000Z,H100 SXM,global,1.72375,0.5072334959715044,30,H100 SXM
2026-01-25T21:00:00.000Z,2026-01-25T21:00:00.000Z,H100 SXM,global,1.7066666666666668,0.5062407024573932,30,H100 SXM
2026-01-26T21:00:00.000Z,2026-01-26T21:00:00.000Z,H100 SXM,global,1.7120833333333334,0.5070186074295842,30,H100 SXM
2026-01-27T21:00:00.000Z,2026-01-27T21:00:00.000Z,H100 SXM,global,1.7275,0.5105037418536604,30,H100 SXM
2026-01-28T21:00:00.000Z,2026-01-28T21:00:00.000Z,H100 SXM,global,1.73,0.5103498799741701,30,H100 SXM
2026-01-29T21:00:00.000Z,2026-01-29T21:00:00.000Z,H100 SXM,global,1.7295833333333333,0.5105967323509758,30,H100 SXM
2026-01-30T21:00:00.000Z,2026-01-30T21:00:00.000Z,H100 SXM,global,1.7479166666666666,0.5144958425790024,30,H100 SXM
2026-01-31T21:00:00.000Z,2026-01-31T21:00:00.000Z,H100 SXM,global,1.7229166666666667,0.5144399258071337,30,H100 SXM
2026-02-01T21:00:00.000Z,2026-02-01T21:00:00.000Z,H100 SXM,global,1.7133333333333334,0.5119617744431494,30,H100 SXM
2026-02-02T21:00:00.000Z,2026-02-02T21:00:00.000Z,H100 SXM,global,1.6520833333333333,0.3165167801612733,30,H100 SXM
2026-02-03T21:00:00.000Z,2026-02-03T21:00:00.000Z,H100 SXM,global,1.6325,0.2268276667878814,30,H100 SXM
2026-02-04T21:00:00.000Z,2026-02-04T21:00:00.000Z,H100 SXM,global,1.6508333333333334,0.23172812493621447,30,H100 SXM
2026-02-05T21:00:00.000Z,2026-02-05T21:00:00.000Z,H100 SXM,global,1.6708333333333334,0.21879884963897697,30,H100 SXM
2026-02-06T21:00:00.000Z,2026-02-06T21:00:00.000Z,H100 SXM,global,1.6883333333333332,0.21766730922028388,30,H100 SXM
2026-02-07T21:00:00.000Z,2026-02-07T21:00:00.000Z,H100 SXM,global,1.7,0.2190624553492128,30,H100 SXM
2026-02-08T21:00:00.000Z,2026-02-08T21:00:00.000Z,H100 SXM,global,1.695,0.20930839087566067,30,H100 SXM
2026-02-09T21:00:00.000Z,2026-02-09T21:00:00.000Z,H100 SXM,global,1.66875,0.21624182008236206,30,H100 SXM
2026-02-10T21:00:00.000Z,2026-02-10T21:00:00.000Z,H100 SXM,global,1.6745833333333333,0.2141306874019474,30,H100 SXM
2026-02-11T21:00:00.000Z,2026-02-11T21:00:00.000Z,H100 SXM,global,1.6858333333333333,0.2134409105618524,30,H100 SXM
2026-02-12T21:00:00.000Z,2026-02-12T21:00:00.000Z,H100 SXM,global,1.69375,0.21389976012725118,30,H100 SXM
2026-02-13T21:00:00.000Z,2026-02-13T21:00:00.000Z,H100 SXM,global,1.7054166666666666,0.20185410762368025,30,H100 SXM
2026-02-14T21:00:00.000Z,2026-02-14T21:00:00.000Z,H100 SXM,global,1.69875,0.20209763804969633,30,H100 SXM
2026-02-15T21:00:00.000Z,2026-02-15T21:00:00.000Z,H100 SXM,global,1.6966666666666668,0.2015338214566086,30,H100 SXM
2026-02-16T21:00:00.000Z,2026-02-16T21:00:00.000Z,H100 SXM,global,1.67625,0.20506171444045418,30,H100 SXM
2026-02-17T21:00:00.000Z,2026-02-17T21:00:00.000Z,H100 SXM,global,1.68,0.20023801489362775,30,H100 SXM
2026-02-18T21:00:00.000Z,2026-02-18T21:00:00.000Z,H100 SXM,global,1.6991666666666667,0.20504013676243746,30,H100 SXM
2026-02-19T21:00:00.000Z,2026-02-19T21:00:00.000Z,H100 SXM,global,1.69875,0.1989262535819514,30,H100 SXM
2026-02-20T21:00:00.000Z,2026-02-20T21:00:00.000Z,H100 SXM,global,1.650952380952381,0.22180489831565076,30,H100 SXM
2026-02-21T21:00:00.000Z,2026-02-21T21:00:00.000Z,H100 SXM,global,1.6495833333333334,0.2217196041057422,30,H100 SXM
2026-02-22T21:00:00.000Z,2026-02-22T21:00:00.000Z,H100 SXM,global,1.6516666666666666,0.2218992013305341,30,H100 SXM
2026-02-23T21:00:00.000Z,2026-02-23T21:00:00.000Z,H100 SXM,global,1.6545833333333333,0.22082205123247717,30,H100 SXM
2026-02-24T21:00:00.000Z,2026-02-24T21:00:00.000Z,H100 SXM,global,1.66375,0.21983970743196135,30,H100 SXM
2026-02-25T21:00:00.000Z,2026-02-25T21:00:00.000Z,H100 SXM,global,1.65875,0.21947455469443924,30,H100 SXM
2026-02-26T21:00:00.000Z,2026-02-26T21:00:00.000Z,H100 SXM,global,1.6566666666666667,0.2164770240715006,30,H100 SXM
2026-02-27T21:00:00.000Z,2026-02-27T21:00:00.000Z,H100 SXM,global,1.6691666666666667,0.21850621508774346,30,H100 SXM
2026-02-28T21:00:00.000Z,2026-02-28T21:00:00.000Z,H100 SXM,global,1.63875,0.22653426589335554,30,H100 SXM
2026-03-01T21:00:00.000Z,2026-03-01T21:00:00.000Z,H100 SXM,global,1.6679166666666667,0.2326709278570895,30,H100 SXM
2026-03-02T21:00:00.000Z,2026-03-02T21:00:00.000Z,H100 SXM,global,1.6991666666666667,0.23811872610757895,30,H100 SXM
2026-03-03T21:00:00.000Z,2026-03-03T21:00:00.000Z,H100 SXM,global,1.7045833333333333,0.2377104989893528,30,H100 SXM
2026-03-04T21:00:00.000Z,2026-03-04T21:00:00.000Z,H100 SXM,global,1.6854166666666666,0.2031739703588546,30,H100 SXM
2026-03-05T21:00:00.000Z,2026-03-05T21:00:00.000Z,H100 SXM,global,1.6908333333333334,0.19816615229167253,30,H100 SXM
2026-03-06T21:00:00.000Z,2026-03-06T21:00:00.000Z,H100 SXM,global,1.6769565217391305,0.19740470299363658,30,H100 SXM
2026-03-07T21:00:00.000Z,2026-03-07T21:00:00.000Z,H100 SXM,global,1.6754166666666668,0.1930137192570648,30,H100 SXM
2026-03-08T20:00:00.000Z,2026-03-08T20:00:00.000Z,H100 SXM,global,1.6833333333333333,0.19017638161305273,30,H100 SXM
2026-03-09T20:00:00.000Z,2026-03-09T20:00:00.000Z,H100 SXM,global,1.67125,0.19001325486166384,30,H100 SXM
2026-03-10T20:00:00.000Z,2026-03-10T20:00:00.000Z,H100 SXM,global,1.68875,0.19359205034195306,30,H100 SXM
2026-03-11T20:00:00.000Z,2026-03-11T20:00:00.000Z,H100 SXM,global,1.7016666666666667,0.18705126237250386,30,H100 SXM
2026-03-12T20:00:00.000Z,2026-03-12T20:00:00.000Z,H100 SXM,global,1.7475,0.20766231860940668,30,H100 SXM
2026-03-13T20:00:00.000Z,2026-03-13T20:00:00.000Z,H100 SXM,global,1.75,0.20678926468109488,30,H100 SXM
2026-03-14T20:00:00.000Z,2026-03-14T20:00:00.000Z,H100 SXM,global,1.7325,0.21006580510982753,30,H100 SXM
2026-03-15T20:00:00.000Z,2026-03-15T20:00:00.000Z,H100 SXM,global,1.73375,0.2089064043568013,30,H100 SXM
2026-03-16T20:00:00.000Z,2026-03-16T20:00:00.000Z,H100 SXM,global,1.7204166666666667,0.21034606853375953,30,H100 SXM
2026-03-17T20:00:00.000Z,2026-03-17T20:00:00.000Z,H100 SXM,global,1.7070833333333333,0.21222643200863983,30,H100 SXM
2026-03-18T20:00:00.000Z,2026-03-18T20:00:00.000Z,H100 SXM,global,1.69125,0.21040596472138182,30,H100 SXM
2026-03-19T20:00:00.000Z,2026-03-19T20:00:00.000Z,H100 SXM,global,1.69125,0.21029129481094064,30,H100 SXM
2026-03-20T20:00:00.000Z,2026-03-20T20:00:00.000Z,H100 SXM,global,1.6991666666666667,0.20711325087058177,30,H100 SXM
2026-03-21T20:00:00.000Z,2026-03-21T20:00:00.000Z,H100 SXM,global,1.7120833333333334,0.20878535303272402,30,H100 SXM
2026-03-22T20:00:00.000Z,2026-03-22T20:00:00.000Z,H100 SXM,global,1.68,0.19427121020431357,30,H100 SXM
2026-03-23T20:00:00.000Z,2026-03-23T20:00:00.000Z,H100 SXM,global,1.6845833333333333,0.19434184385655084,30,H100 SXM
2026-03-24T20:00:00.000Z,2026-03-24T20:00:00.000Z,H100 SXM,global,1.7179166666666668,0.2052241416588452,30,H100 SXM
2026-03-25T20:00:00.000Z,2026-03-25T20:00:00.000Z,H100 SXM,global,1.7225,0.20527317907294276,30,H100 SXM
2026-03-26T20:00:00.000Z,2026-03-26T20:00:00.000Z,H100 SXM,global,1.7095238095238094,0.20698423963841298,30,H100 SXM
2026-03-27T20:00:00.000Z,2026-03-27T20:00:00.000Z,H100 SXM,global,1.761,0.22937702176837094,30,H100 SXM
2026-03-28T20:00:00.000Z,2026-03-28T20:00:00.000Z,H100 SXM,global,1.7475,0.2316141487571659,30,H100 SXM
2026-03-29T20:00:00.000Z,2026-03-29T20:00:00.000Z,H100 SXM,global,1.7408333333333332,0.23145571072449422,30,H100 SXM
2026-03-30T20:00:00.000Z,2026-03-30T20:00:00.000Z,H100 SXM,global,1.7691666666666668,0.22555898164204108,30,H100 SXM
2026-03-31T20:00:00.000Z,2026-03-31T20:00:00.000Z,H100 SXM,global,1.7641666666666667,0.2195451108337409,30,H100 SXM
2026-04-01T20:00:00.000Z,2026-04-01T20:00:00.000Z,H100 SXM,global,1.77375,0.2116103446013521,30,H100 SXM
2026-04-02T20:00:00.000Z,2026-04-02T20:00:00.000Z,H100 SXM,global,1.7720833333333332,0.21166964784992198,30,H100 SXM
2026-04-03T20:00:00.000Z,2026-04-03T20:00:00.000Z,H100 SXM,global,1.7716666666666667,0.2068407750994498,30,H100 SXM
2026-04-04T20:00:00.000Z,2026-04-04T20:00:00.000Z,H100 SXM,global,1.78125,0.20718654164675215,30,H100 SXM
2026-04-05T20:00:00.000Z,2026-04-05T20:00:00.000Z,H100 SXM,global,1.7666666666666666,0.20717436150857263,30,H100 SXM
2026-04-06T20:00:00.000Z,2026-04-06T20:00:00.000Z,H100 SXM,global,1.7725,0.20701591986072382,30,H100 SXM
2026-04-07T20:00:00.000Z,2026-04-07T20:00:00.000Z,H100 SXM,global,1.7708333333333333,0.2069804105264066,30,H100 SXM
2026-04-08T20:00:00.000Z,2026-04-08T20:00:00.000Z,H100 SXM,global,1.7525,0.20900403960259412,30,H100 SXM
2026-04-09T20:00:00.000Z,2026-04-09T20:00:00.000Z,H100 SXM,global,1.7516666666666667,0.20664925390597083,30,H100 SXM
2026-04-10T20:00:00.000Z,2026-04-10T20:00:00.000Z,H100 SXM,global,1.7616666666666667,0.20600641171112305,30,H100 SXM
2026-04-11T20:00:00.000Z,2026-04-11T20:00:00.000Z,H100 SXM,global,1.76625,0.18463154596141507,30,H100 SXM
2026-04-12T20:00:00.000Z,2026-04-12T20:00:00.000Z,H100 SXM,global,1.7566666666666666,0.1856807917052788,30,H100 SXM
2026-04-13T20:00:00.000Z,2026-04-13T20:00:00.000Z,H100 SXM,global,1.7675,0.1830847083736645,30,H100 SXM
2026-04-14T20:00:00.000Z,2026-04-14T20:00:00.000Z,H100 SXM,global,1.77,0.18310322302396032,30,H100 SXM
2026-04-15T20:00:00.000Z,2026-04-15T20:00:00.000Z,H100 SXM,global,1.78625,0.18280006057800263,30,H100 SXM
2026-04-16T20:00:00.000Z,2026-04-16T20:00:00.000Z,H100 SXM,global,1.7970833333333334,0.18054991534184586,30,H100 SXM
2026-04-17T20:00:00.000Z,2026-04-17T20:00:00.000Z,H100 SXM,global,1.7716666666666667,0.18509806921249014,30,H100 SXM
2026-04-18T20:00:00.000Z,2026-04-18T20:00:00.000Z,H100 SXM,global,1.75125,0.19065062762713178,30,H100 SXM
2026-04-19T20:00:00.000Z,2026-04-19T20:00:00.000Z,H100 SXM,global,1.74,0.19201360310859172,30,H100 SXM
2026-04-20T20:00:00.000Z,2026-04-20T20:00:00.000Z,H100 SXM,global,1.7829166666666667,0.2077658057483455,30,H100 SXM
2026-04-21T20:00:00.000Z,2026-04-21T20:00:00.000Z,H100 SXM,global,1.8058333333333334,0.19803105797777534,30,H100 SXM
2026-04-22T20:00:00.000Z,2026-04-22T20:00:00.000Z,H100 SXM,global,1.8308333333333333,0.20194799271013214,30,H100 SXM
2026-04-23T20:00:00.000Z,2026-04-23T20:00:00.000Z,H100 SXM,global,1.8520833333333333,0.19535177040931617,30,H100 SXM
2026-04-24T20:00:00.000Z,2026-04-24T20:00:00.000Z,H100 SXM,global,1.8995833333333334,0.2109479984624601,30,H100 SXM
2026-04-25T20:00:00.000Z,2026-04-25T20:00:00.000Z,H100 SXM,global,1.86125,0.22359382072514197,30,H100 SXM
2026-04-26T20:00:00.000Z,2026-04-26T20:00:00.000Z,H100 SXM,global,1.8570833333333334,0.20206291402759421,30,H100 SXM
2026-04-27T20:00:00.000Z,2026-04-27T20:00:00.000Z,H100 SXM,global,1.8745833333333333,0.2007680000359352,30,H100 SXM
2026-04-28T20:00:00.000Z,2026-04-28T20:00:00.000Z,H100 SXM,global,1.91875,0.21223645869923816,30,H100 SXM
2026-04-29T20:00:00.000Z,2026-04-29T20:00:00.000Z,H100 SXM,global,1.9491666666666667,0.21192239874272364,30,H100 SXM
2026-04-30T20:00:00.000Z,2026-04-30T20:00:00.000Z,H100 SXM,global,1.9820833333333334,0.21584172085219497,30,H100 SXM
2026-05-01T20:00:00.000Z,2026-05-01T20:00:00.000Z,H100 SXM,global,2.2829166666666665,0.5258352114445157,30,H100 SXM
2026-05-02T20:00:00.000Z,2026-05-02T20:00:00.000Z,H100 SXM,global,2.3383333333333334,0.5274405060178211,30,H100 SXM
2026-05-03T20:00:00.000Z,2026-05-03T20:00:00.000Z,H100 SXM,global,2.3933333333333335,0.5284888547310611,30,H100 SXM
2026-05-04T20:00:00.000Z,2026-05-04T20:00:00.000Z,H100 SXM,global,2.4054166666666665,0.5285298820324767,30,H100 SXM
2026-05-05T20:00:00.000Z,2026-05-05T20:00:00.000Z,H100 SXM,global,2.4279166666666665,0.5244390092670473,30,H100 SXM
2026-05-06T20:00:00.000Z,2026-05-06T20:00:00.000Z,H100 SXM,global,2.63625,0.580082948902893,30,H100 SXM
2026-05-07T20:00:00.000Z,2026-05-07T20:00:00.000Z,H100 SXM,global,2.783333333333333,0.5949009098048023,30,H100 SXM
2026-05-08T20:00:00.000Z,2026-05-08T20:00:00.000Z,H100 SXM,global,2.7783333333333333,0.5910051406257535,30,H100 SXM
2026-05-09T20:00:00.000Z,2026-05-09T20:00:00.000Z,H100 SXM,global,2.7316666666666665,0.5992893794242877,30,H100 SXM
2026-05-10T20:00:00.000Z,2026-05-10T20:00:00.000Z,H100 SXM,global,2.7491666666666665,0.5991614693870566,30,H100 SXM
2026-05-11T20:00:00.000Z,2026-05-11T20:00:00.000Z,H100 SXM,global,2.7425,0.6007079157719204,30,H100 SXM
2026-05-12T20:00:00.000Z,2026-05-12T20:00:00.000Z,H100 SXM,global,2.8991666666666664,0.6125689376650734,30,H100 SXM
2026-05-13T20:00:00.000Z,2026-05-13T20:00:00.000Z,H100 SXM,global,2.93875,0.6115065314991335,30,H100 SXM
2026-05-14T20:00:00.000Z,2026-05-14T20:00:00.000Z,H100 SXM,global,3.045,0.6121725339375178,30,H100 SXM
2026-05-15T20:00:00.000Z,2026-05-15T20:00:00.000Z,H100 SXM,global,3.135,0.612466883510895,30,H100 SXM
2026-05-16T20:00:00.000Z,2026-05-16T20:00:00.000Z,H100 SXM,global,3.189583333333333,0.6107860346679701,30,H100 SXM
2026-05-17T20:00:00.000Z,2026-05-17T20:00:00.000Z,H100 SXM,global,3.2016666666666667,0.601557974099017,30,H100 SXM
2026-05-18T20:00:00.000Z,2026-05-18T20:00:00.000Z,H100 SXM,global,3.1479166666666667,0.6053331401705407,30,H100 SXM
2026-05-19T20:00:00.000Z,2026-05-19T20:00:00.000Z,H100 SXM,global,3.24,0.598739012542542,30,H100 SXM
2026-05-20T20:00:00.000Z,2026-05-20T20:00:00.000Z,H100 SXM,global,3.20125,0.6093185999786053,30,H100 SXM
2026-05-21T20:00:00.000Z,2026-05-21T20:00:00.000Z,H100 SXM,global,3.0625,0.648531737297481,30,H100 SXM
2026-05-22T20:00:00.000Z,2026-05-22T20:00:00.000Z,H100 SXM,global,3.0395833333333333,0.6543373297110887,30,H100 SXM
2026-05-23T20:00:00.000Z,2026-05-23T20:00:00.000Z,H100 SXM,global,3.0258333333333334,0.6583835583694043,30,H100 SXM
2026-05-24T20:00:00.000Z,2026-05-24T20:00:00.000Z,H100 SXM,global,3.0775,0.6575962141914968,30,H100 SXM
2026-05-25T20:00:00.000Z,2026-05-25T20:00:00.000Z,H100 SXM,global,2.847916666666667,0.7243067494005,30,H100 SXM
2026-05-26T20:00:00.000Z,2026-05-26T20:00:00.000Z,H100 SXM,global,2.62875,0.7940444447975128,30,H100 SXM
2026-05-27T20:00:00.000Z,2026-05-27T20:00:00.000Z,H100 SXM,global,2.7645833333333334,0.8054104794844693,30,H100 SXM
2026-05-28T20:00:00.000Z,2026-05-28T20:00:00.000Z,H100 SXM,global,2.8095833333333333,0.8046416789131654,30,H100 SXM
2026-05-29T20:00:00.000Z,2026-05-29T20:00:00.000Z,H100 SXM,global,2.9875,0.8223717273919763,30,H100 SXM
2026-05-30T20:00:00.000Z,2026-05-30T20:00:00.000Z,H100 SXM,global,3.0054166666666666,0.8228152431280451,30,H100 SXM
2026-05-31T20:00:00.000Z,2026-05-31T20:00:00.000Z,H100 SXM,global,2.9429166666666666,0.690589286444205,30,H100 SXM
2026-06-01T20:00:00.000Z,2026-06-01T20:00:00.000Z,H100 SXM,global,2.774583333333333,0.7267168610870862,30,H100 SXM
2026-06-02T20:00:00.000Z,2026-06-02T20:00:00.000Z,H100 SXM,global,2.7408333333333332,0.7264743992771954,30,H100 SXM
2026-06-03T20:00:00.000Z,2026-06-03T20:00:00.000Z,H100 SXM,global,2.689583333333333,0.7310338575080191,30,H100 SXM
2026-06-04T20:00:00.000Z,2026-06-04T20:00:00.000Z,H100 SXM,global,2.6945833333333336,0.7307789731042266,30,H100 SXM
2026-06-05T20:00:00.000Z,2026-06-05T20:00:00.000Z,H100 SXM,global,2.9145833333333333,0.7256681884909653,30,H100 SXM
2026-06-06T20:00:00.000Z,2026-06-06T20:00:00.000Z,H100 SXM,global,3.17375,0.7601504472912158,30,H100 SXM
2026-06-07T20:00:00.000Z,2026-06-07T20:00:00.000Z,H100 SXM,global,3.1529166666666666,0.7608230120974878,30,H100 SXM
2026-06-08T20:00:00.000Z,2026-06-08T20:00:00.000Z,H100 SXM,global,3.097916666666667,0.7610570066424824,30,H100 SXM
2026-06-09T20:00:00.000Z,2026-06-09T20:00:00.000Z,H100 SXM,global,3.013333333333333,0.7690576282026946,30,H100 SXM
2026-06-10T20:00:00.000Z,2026-06-10T20:00:00.000Z,H100 SXM,global,2.910416666666667,0.7801440031856142,30,H100 SXM
2026-06-11T20:00:00.000Z,2026-06-11T20:00:00.000Z,H100 SXM,global,2.7408333333333332,0.7844117156500006,30,H100 SXM
2026-06-12T20:00:00.000Z,2026-06-12T20:00:00.000Z,H100 SXM,global,2.6745833333333335,0.7862084240710787,30,H100 SXM
2026-06-13T20:00:00.000Z,2026-06-13T20:00:00.000Z,H100 SXM,global,2.5925,0.7793201281284268,30,H100 SXM
2026-06-14T20:00:00.000Z,2026-06-14T20:00:00.000Z,H100 SXM,global,2.5370833333333334,0.7711086628779272,30,H100 SXM
2026-06-15T20:00:00.000Z,2026-06-15T20:00:00.000Z,H100 SXM,global,2.484583333333333,0.7674455391386433,30,H100 SXM
2026-06-16T20:00:00.000Z,2026-06-16T20:00:00.000Z,H100 SXM,global,2.4779166666666668,0.7664922542671931,30,H100 SXM
2026-06-17T20:00:00.000Z,2026-06-17T20:00:00.000Z,H100 SXM,global,2.4254166666666666,0.7672691413886751,30,H100 SXM
2026-06-18T20:00:00.000Z,2026-06-18T20:00:00.000Z,H100 SXM,global,2.4154166666666668,0.7555037920146794,30,H100 SXM
2026-06-19T20:00:00.000Z,2026-06-19T20:00:00.000Z,H100 SXM,global,2.3983333333333334,0.7555155426693426,30,H100 SXM
2026-06-20T20:00:00.000Z,2026-06-20T20:00:00.000Z,H100 SXM,global,2.3408333333333333,0.7471226216635839,30,H100 SXM
2026-06-21T20:00:00.000Z,2026-06-21T20:00:00.000Z,H100 SXM,global,2.2920833333333333,0.7482835203162181,30,H100 SXM
2026-06-22T20:00:00.000Z,2026-06-22T20:00:00.000Z,H100 SXM,global,2.3095833333333333,0.7504738386233201,30,H100 SXM
2026-06-23T20:00:00.000Z,2026-06-23T20:00:00.000Z,H100 SXM,global,2.3125,0.7456330563060789,30,H100 SXM
2026-06-24T20:00:00.000Z,2026-06-24T20:00:00.000Z,H100 SXM,global,2.34125,0.70739018319294,30,H100 SXM
2026-06-25T20:00:00.000Z,2026-06-25T20:00:00.000Z,H100 SXM,global,2.390416666666667,0.6613902954435783,30,H100 SXM
2026-06-26T20:00:00.000Z,2026-06-26T20:00:00.000Z,H100 SXM,global,2.43875,0.6385334385404077,30,H100 SXM
2026-06-27T20:00:00.000Z,2026-06-27T20:00:00.000Z,H100 SXM,global,2.527083333333333,0.6498181946565731,30,H100 SXM
2026-06-28T20:00:00.000Z,2026-06-28T20:00:00.000Z,H100 SXM,global,2.45125,0.612198530317975,30,H100 SXM
2026-06-29T20:00:00.000Z,2026-06-29T20:00:00.000Z,H100 SXM,global,2.4458333333333333,0.6107460114561025,30,H100 SXM
2026-06-30T20:00:00.000Z,2026-06-30T20:00:00.000Z,H100 SXM,global,2.46125,0.6102095931882896,30,H100 SXM
2026-07-01T20:00:00.000Z,2026-07-01T20:00:00.000Z,H100 SXM,global,2.4854166666666666,0.5815604656198716,30,H100 SXM
2026-07-02T20:00:00.000Z,2026-07-02T20:00:00.000Z,H100 SXM,global,2.56625,0.5937041545381679,30,H100 SXM
2026-07-03T20:00:00.000Z,2026-07-03T20:00:00.000Z,H100 SXM,global,2.6354166666666665,0.5987875301714016,30,H100 SXM
2026-07-04T20:00:00.000Z,2026-07-04T20:00:00.000Z,H100 SXM,global,2.549166666666667,0.6093612372218953,30,H100 SXM
2026-07-05T20:00:00.000Z,2026-07-05T20:00:00.000Z,H100 SXM,global,2.57375,0.5382905169468367,30,H100 SXM
2026-07-06T20:00:00.000Z,2026-07-06T20:00:00.000Z,H100 SXM,global,2.5016666666666665,0.4373900870199316,30,H100 SXM
2026-07-07T20:00:00.000Z,2026-07-07T20:00:00.000Z,H100 SXM,global,2.4833333333333334,0.4373685174566452,30,H100 SXM
2026-07-08T20:00:00.000Z,2026-07-08T20:00:00.000Z,H100 SXM,global,2.45875,0.4360582535721748,30,H100 SXM
2026-07-09T20:00:00.000Z,2026-07-09T20:00:00.000Z,H100 SXM,global,2.48125,0.4337183869730746,30,H100 SXM
2026-07-10T20:00:00.000Z,2026-07-10T20:00:00.000Z,H100 SXM,global,2.515416666666667,0.42682213226920285,30,H100 SXM
2026-07-11T20:00:00.000Z,2026-07-11T20:00:00.000Z,H100 SXM,global,2.50375,0.3775957167995372,30,H100 SXM
2026-07-12T20:00:00.000Z,2026-07-12T20:00:00.000Z,H100 SXM,global,2.54875,0.37616046588002655,30,H100 SXM
2026-07-13T20:00:00.000Z,2026-07-13T20:00:00.000Z,H100 SXM,global,2.609583333333333,0.37044082544005863,30,H100 SXM
2026-07-14T20:00:00.000Z,2026-07-14T20:00:00.000Z,H100 SXM,global,2.505,0.3903286495693784,30,H100 SXM
2026-07-15T20:00:00.000Z,2026-07-15T20:00:00.000Z,H100 SXM,global,2.6529166666666666,0.4319084127274612,30,H100 SXM
2026-07-16T20:00:00.000Z,2026-07-16T20:00:00.000Z,H100 SXM,global,2.6858333333333335,0.4329517312058648,30,H100 SXM
2026-07-17T20:00:00.000Z,2026-07-17T20:00:00.000Z,H100 SXM,global,2.65375,0.4275751302727279,30,H100 SXM
2026-07-18T20:00:00.000Z,2026-07-18T20:00:00.000Z,H100 SXM,global,2.671666666666667,0.4269732492700061,30,H100 SXM
2026-07-19T20:00:00.000Z,2026-07-19T20:00:00.000Z,H100 SXM,global,2.7104166666666667,0.42692999378990076,30,H100 SXM
2026-07-20T20:00:00.000Z,2026-07-20T20:00:00.000Z,H100 SXM,global,2.6845833333333333,0.4176281723393307,30,H100 SXM
2026-07-21T20:00:00.000Z,2026-07-21T20:00:00.000Z,H100 SXM,global,2.7266666666666666,0.4087953995249911,30,H100 SXM
2026-07-22T20:00:00.000Z,2026-07-22T20:00:00.000Z,H100 SXM,global,2.6966666666666668,0.4129160053004742,30,H100 SXM
2026-07-23T20:00:00.000Z,2026-07-23T20:00:00.000Z,H100 SXM,global,2.6970833333333335,0.41306581204277953,30,H100 SXM
2026-07-24T20:00:00.000Z,2026-07-24T20:00:00.000Z,H100 SXM,global,2.7329166666666667,0.4132618093387335,30,H100 SXM
2026-07-25T20:00:00.000Z,2026-07-25T20:00:00.000Z,H100 SXM,global,2.6775,0.41865617701752283,30,H100 SXM
2026-07-26T20:00:00.000Z,2026-07-26T20:00:00.000Z,H100 SXM,global,2.6045833333333333,0.42825871591610815,30,H100 SXM
2026-07-27T20:00:00.000Z,2026-07-27T20:00:00.000Z,H100 SXM,global,2.7183333333333333,0.4359506058146695,30,H100 SXM
2026-07-28T20:00:00.000Z,2026-07-28T20:00:00.000Z,H100 SXM,global,2.7804166666666665,0.42468759830539465,30,H100 SXM
2026-07-29T20:00:00.000Z,2026-07-29T20:00:00.000Z,H100 SXM,global,2.68875,0.444232593356968,30,H100 SXM
2026-07-30T20:00:00.000Z,2026-07-30T20:00:00.000Z,H100 SXM,global,2.747916666666667,0.44886310807099833,30,H100 SXM
2026-07-31T20:00:00.000Z,2026-07-31T20:00:00.000Z,H100 SXM,global,2.76375,0.4483941026908117,30,H100 SXM
2026-08-01T20:00:00.000Z,2026-08-01T20:00:00.000Z,H100 SXM,global,2.694166666666667,0.4473063522261883,30,H100 SXM
2026-08-02T20:00:00.000Z,2026-08-02T20:00:00.000Z,H100 SXM,global,2.60125,0.45563716091113393,30,H100 SXM
2026-08-03T20:00:00.000Z,2026-08-03T20:00:00.000Z,H100 SXM,global,2.64375,0.4432718133479253,30,H100 SXM
2026-08-04T20:00:00.000Z,2026-08-04T20:00:00.000Z,H100 SXM,global,2.6795833333333334,0.4443955387179498,30,H100 SXM
2026-08-05T20:00:00.000Z,2026-08-05T20:00:00.000Z,H100 SXM,global,2.6958333333333333,0.43142571570833355,30,H100 SXM
2026-08-06T20:00:00.000Z,2026-08-06T20:00:00.000Z,H100 SXM,global,2.7204166666666665,0.4305117398535765,30,H100 SXM
2026-08-07T20:00:00.000Z,2026-08-07T20:00:00.000Z,H100 SXM,global,2.680833333333333,0.43260789510579895,30,H100 SXM
2026-08-08T20:00:00.000Z,2026-08-08T20:00:00.000Z,H100 SXM,global,2.65625,0.4340068071976733,30,H100 SXM
2026-08-09T20:00:00.000Z,2026-08-09T20:00:00.000Z,H100 SXM,global,2.52625,0.4686581762865727,30,H100 SXM
2026-08-10T20:00:00.000Z,2026-08-10T20:00:00.000Z,H100 SXM,global,2.5641666666666665,0.47109558029652177,30,H100 SXM
2026-08-11T20:00:00.000Z,2026-08-11T20:00:00.000Z,H100 SXM,global,2.6683333333333334,0.4870845341383348,30,H100 SXM
2026-08-12T20:00:00.000Z,2026-08-12T20:00:00.000Z,H100 SXM,global,2.71625,0.4841946037033966,30,H100 SXM
2026-08-13T20:00:00.000Z,2026-08-13T20:00:00.000Z,H100 SXM,global,2.7275,0.4596068601148068,30,H100 SXM
2026-08-14T20:00:00.000Z,2026-08-14T20:00:00.000Z,H100 SXM,global,2.79375,0.423056485518963,30,H100 SXM
2026-08-15T20:00:00.000Z,2026-08-15T20:00:00.000Z,H100 SXM,global,2.6595833333333334,0.4567609206586443,30,H100 SXM
2026-08-16T20:00:00.000Z,2026-08-16T20:00:00.000Z,H100 SXM,global,2.6416666666666666,0.45543351632007,30,H100 SXM
2026-08-17T20:00:00.000Z,2026-08-17T20:00:00.000Z,H100 SXM,global,2.7404166666666665,0.47280009049944366,30,H100 SXM
2026-08-18T20:00:00.000Z,2026-08-18T20:00:00.000Z,H100 SXM,global,3.0395833333333333,0.592286967855849,30,H100 SXM
2026-08-19T20:00:00.000Z,2026-08-19T20:00:00.000Z,H100 SXM,global,2.92625,0.6084548244384969,30,H100 SXM
2026-08-20T20:00:00.000Z,2026-08-20T20:00:00.000Z,H100 SXM,global,2.9004166666666666,0.6080114639012787,30,H100 SXM
2026-08-21T20:00:00.000Z,2026-08-21T20:00:00.000Z,H100 SXM,global,2.879583333333333,0.6071123692588724,30,H100 SXM
2026-08-22T20:00:00.000Z,2026-08-22T20:00:00.000Z,H100 SXM,global,2.6826086956521737,0.6584601688052314,30,H100 SXM
2026-08-23T20:00:00.000Z,2026-08-23T20:00:00.000Z,H100 SXM,global,2.8675,0.6973751550620375,30,H100 SXM
2026-08-24T20:00:00.000Z,2026-08-24T20:00:00.000Z,H100 SXM,global,2.9991304347826087,0.7085013022756679,30,H100 SXM
2026-08-25T20:00:00.000Z,2026-08-25T20:00:00.000Z,H100 SXM,global,2.9679166666666665,0.7014277545873372,30,H100 SXM
2026-08-26T20:00:00.000Z,2026-08-26T20:00:00.000Z,H100 SXM,global,2.6791666666666667,0.7796970649331323,30,H100 SXM
2026-08-27T20:00:00.000Z,2026-08-27T20:00:00.000Z,H100 SXM,global,2.76,0.7827487836484532,30,H100 SXM
2026-08-28T20:00:00.000Z,2026-08-28T20:00:00.000Z,H100 SXM,global,2.9341666666666666,0.8015621665434235,30,H100 SXM
2026-08-29T20:00:00.000Z,2026-08-29T20:00:00.000Z,H100 SXM,global,2.872916666666667,0.802814185393533,30,H100 SXM
2026-08-30T20:00:00.000Z,2026-08-30T20:00:00.000Z,H100 SXM,global,3.0083333333333333,0.8176849826389397,30,H100 SXM
2026-08-31T20:00:00.000Z,2026-08-31T20:00:00.000Z,H100 SXM,global,2.9704166666666665,0.8133074560249011,30,H100 SXM
2025-01-24T21:00:00.000Z,2025-01-24T21:00:00.000Z,H200,global,3.6360968888650262,,30,H200
2025-01-25T21:00:00.000Z,2025-01-25T21:00:00.000Z,H200,global,3.6622595095193327,0.10446170607076222,30,H200
2025-01-26T21:00:00.000Z,2025-01-26T21:00:00.000Z,H200,global,3.653855602996941,0.1645757622763015,30,H200
2025-01-27T21:00:00.000Z,2025-01-27T21:00:00.000Z,H200,global,3.5549555402406945,0.3517656926663577,30,H200
2025-01-28T21:00:00.000Z,2025-01-28T21:00:00.000Z,H200,global,3.642562905799149,0.37835173521566406,30,H200
2025-01-29T21:00:00.000Z,2025-01-29T21:00:00.000Z,H200,global,3.3091600207365737,0.845408610547821,30,H200
2025-01-30T21:00:00.000Z,2025-01-30T21:00:00.000Z,H200,global,3.5467742579924013,0.9752116290040429,30,H200
2025-01-31T21:00:00.000Z,2025-01-31T21:00:00.000Z,H200,global,3.597716520870611,0.9090654546907851,30,H200
2025-02-01T21:00:00.000Z,2025-02-01T21:00:00.000Z,H200,global,3.660941669868331,0.8571243499897475,30,H200
2025-02-02T21:00:00.000Z,2025-02-02T21:00:00.000Z,H200,global,3.655113109782809,0.8084668881653173,30,H200
2025-02-03T21:00:00.000Z,2025-02-03T21:00:00.000Z,H200,global,3.6627375486963385,0.7669791458491594,30,H200
2025-02-04T21:00:00.000Z,2025-02-04T21:00:00.000Z,H200,global,3.6536903656632345,0.7317053435950046,30,H200
2025-02-05T21:00:00.000Z,2025-02-05T21:00:00.000Z,H200,global,3.5592547915498742,0.7159074100643872,30,H200
2025-02-06T21:00:00.000Z,2025-02-06T21:00:00.000Z,H200,global,3.314848085248954,0.7766627555157715,30,H200
2025-02-07T21:00:00.000Z,2025-02-07T21:00:00.000Z,H200,global,3.021461731587404,0.863042362854697,30,H200
2025-02-08T21:00:00.000Z,2025-02-08T21:00:00.000Z,H200,global,3.0667554158079304,0.8431381829549787,30,H200
2025-02-09T21:00:00.000Z,2025-02-09T21:00:00.000Z,H200,global,3.0667554158079304,0.8176043977949227,30,H200
2025-02-10T21:00:00.000Z,2025-02-10T21:00:00.000Z,H200,global,3.0942344475923114,0.7973514321429495,30,H200
2025-02-11T21:00:00.000Z,2025-02-11T21:00:00.000Z,H200,global,3.1381721835689405,0.7809918018747184,30,H200
2025-02-12T21:00:00.000Z,2025-02-12T21:00:00.000Z,H200,global,3.1750582573948876,0.764326448699015,30,H200
2025-02-13T21:00:00.000Z,2025-02-13T21:00:00.000Z,H200,global,3.1924537367031185,0.746513894976655,30,H200
2025-02-14T21:00:00.000Z,2025-02-14T21:00:00.000Z,H200,global,3.1743441451762777,0.7285234299225589,30,H200
2025-02-15T21:00:00.000Z,2025-02-15T21:00:00.000Z,H200,global,3.156696135930488,0.7117735959464659,30,H200
2025-02-16T21:00:00.000Z,2025-02-16T21:00:00.000Z,H200,global,3.1529640789023166,0.6963317884567095,30,H200
2025-02-17T21:00:00.000Z,2025-02-17T21:00:00.000Z,H200,global,3.161694000974667,0.6823700799893194,30,H200
2025-02-18T21:00:00.000Z,2025-02-18T21:00:00.000Z,H200,global,3.1724067797525213,0.6693200160276588,30,H200
2025-02-19T21:00:00.000Z,2025-02-19T21:00:00.000Z,H200,global,3.174576782914277,0.6566178157380943,30,H200
2025-02-20T21:00:00.000Z,2025-02-20T21:00:00.000Z,H200,global,3.178799666911569,0.6446842484273207,30,H200
2025-02-21T21:00:00.000Z,2025-02-21T21:00:00.000Z,H200,global,3.195111021777224,0.6339425408397867,30,H200
2025-02-22T21:00:00.000Z,2025-02-22T21:00:00.000Z,H200,global,3.2283200086336223,0.6249061122760063,30,H200
2025-02-23T21:00:00.000Z,2025-02-23T21:00:00.000Z,H200,global,3.2294152933868143,0.6215735539012509,30,H200
2025-02-24T21:00:00.000Z,2025-02-24T21:00:00.000Z,H200,global,3.228877196526612,0.6204469269586436,30,H200
2025-02-25T21:00:00.000Z,2025-02-25T21:00:00.000Z,H200,global,3.222940565384056,0.6204665995105153,30,H200
2025-02-26T21:00:00.000Z,2025-02-26T21:00:00.000Z,H200,global,3.205938210285666,0.614801087704533,30,H200
2025-02-27T21:00:00.000Z,2025-02-27T21:00:00.000Z,H200,global,3.184019166108938,0.6066291081973251,30,H200
2025-02-28T21:00:00.000Z,2025-02-28T21:00:00.000Z,H200,global,3.2076334275946317,0.5097992289807688,30,H200
2025-03-01T21:00:00.000Z,2025-03-01T21:00:00.000Z,H200,global,3.273184464214081,0.4496974711715634,30,H200
2025-03-02T21:00:00.000Z,2025-03-02T21:00:00.000Z,H200,global,3.2544589352019333,0.44560929161149165,30,H200
2025-03-03T21:00:00.000Z,2025-03-03T21:00:00.000Z,H200,global,3.2176864084825367,0.4400040687998045,30,H200
2025-03-04T21:00:00.000Z,2025-03-04T21:00:00.000Z,H200,global,3.352321495124835,0.46751453945446175,30,H200
2025-03-05T21:00:00.000Z,2025-03-05T21:00:00.000Z,H200,global,3.3823356002326723,0.4690321149939491,30,H200
2025-03-06T21:00:00.000Z,2025-03-06T21:00:00.000Z,H200,global,3.4275200590890886,0.4723121663740487,30,H200
2025-03-07T21:00:00.000Z,2025-03-07T21:00:00.000Z,H200,global,3.520204310271966,0.4744160202453862,30,H200
2025-03-08T21:00:00.000Z,2025-03-08T21:00:00.000Z,H200,global,3.4920241097688027,0.40137360617481044,30,H200
2025-03-09T20:00:00.000Z,2025-03-09T20:00:00.000Z,H200,global,3.4370119544303686,0.2244009160587249,30,H200
2025-03-10T20:00:00.000Z,2025-03-10T20:00:00.000Z,H200,global,3.564239791137783,0.24836146212796395,30,H200
2025-03-11T20:00:00.000Z,2025-03-11T20:00:00.000Z,H200,global,3.5058566051311537,0.2590086619791319,30,H200
2025-03-12T20:00:00.000Z,2025-03-12T20:00:00.000Z,H200,global,3.561038282350139,0.2615013852980727,30,H200
2025-03-13T20:00:00.000Z,2025-03-13T20:00:00.000Z,H200,global,3.5510950747126997,0.2604830262160779,30,H200
2025-03-14T20:00:00.000Z,2025-03-14T20:00:00.000Z,H200,global,3.567638868309327,0.2590633949889887,30,H200
2025-03-15T20:00:00.000Z,2025-03-15T20:00:00.000Z,H200,global,3.563387291637378,0.2595929728141412,30,H200
2025-03-16T20:00:00.000Z,2025-03-16T20:00:00.000Z,H200,global,3.469683925651532,0.27868935141908646,30,H200
2025-03-17T20:00:00.000Z,2025-03-17T20:00:00.000Z,H200,global,3.407115156506053,0.28691440508771243,30,H200
2025-03-18T20:00:00.000Z,2025-03-18T20:00:00.000Z,H200,global,3.433741894546941,0.28715298174637766,30,H200
2025-03-19T20:00:00.000Z,2025-03-19T20:00:00.000Z,H200,global,3.599978404545108,0.3263052030319682,30,H200
2025-03-20T20:00:00.000Z,2025-03-20T20:00:00.000Z,H200,global,3.548591088894023,0.33276857863498593,30,H200
2025-03-21T20:00:00.000Z,2025-03-21T20:00:00.000Z,H200,global,3.5041369484583176,0.3374978449320571,30,H200
2025-03-22T20:00:00.000Z,2025-03-22T20:00:00.000Z,H200,global,3.5312291348505727,0.3377631909806341,30,H200
2025-03-23T20:00:00.000Z,2025-03-23T20:00:00.000Z,H200,global,3.4321547566504975,0.355578843718016,30,H200
2025-03-24T20:00:00.000Z,2025-03-24T20:00:00.000Z,H200,global,3.5360207070830114,0.36735473515870476,30,H200
2025-03-25T20:00:00.000Z,2025-03-25T20:00:00.000Z,H200,global,3.5578289752777175,0.3673771013508321,30,H200
2025-03-26T20:00:00.000Z,2025-03-26T20:00:00.000Z,H200,global,3.555541379120885,0.367436283821076,30,H200
2025-03-27T20:00:00.000Z,2025-03-27T20:00:00.000Z,H200,global,3.622864073970975,0.3708794493691207,30,H200
2025-03-28T20:00:00.000Z,2025-03-28T20:00:00.000Z,H200,global,3.3790977737336387,0.4503850814336085,30,H200
2025-03-29T20:00:00.000Z,2025-03-29T20:00:00.000Z,H200,global,3.389633660297372,0.4493265581113304,30,H200
2025-03-30T20:00:00.000Z,2025-03-30T20:00:00.000Z,H200,global,3.5417078731238636,0.47220121788138086,30,H200
2025-03-31T20:00:00.000Z,2025-03-31T20:00:00.000Z,H200,global,3.438850014191164,0.4815089409155883,30,H200
2025-04-01T20:00:00.000Z,2025-04-01T20:00:00.000Z,H200,global,3.5489371803732577,0.4917405414899248,30,H200
2025-04-02T20:00:00.000Z,2025-04-02T20:00:00.000Z,H200,global,3.473164631774965,0.4967342083086398,30,H200
2025-04-03T20:00:00.000Z,2025-04-03T20:00:00.000Z,H200,global,3.3716818416086167,0.4889791375050797,30,H200
2025-04-04T20:00:00.000Z,2025-04-04T20:00:00.000Z,H200,global,3.4410461772160996,0.4931628965387463,30,H200
2025-04-05T20:00:00.000Z,2025-04-05T20:00:00.000Z,H200,global,3.456554434735832,0.49126573870011275,30,H200
2025-04-06T20:00:00.000Z,2025-04-06T20:00:00.000Z,H200,global,3.5373221776534396,0.48899518694284716,30,H200
2025-04-07T20:00:00.000Z,2025-04-07T20:00:00.000Z,H200,global,3.5040715163139744,0.489316620822642,30,H200
2025-04-08T20:00:00.000Z,2025-04-08T20:00:00.000Z,H200,global,3.500423249399479,0.48593788581196035,30,H200
2025-04-09T20:00:00.000Z,2025-04-09T20:00:00.000Z,H200,global,3.3956039629276304,0.47989033000036335,30,H200
2025-04-10T20:00:00.000Z,2025-04-10T20:00:00.000Z,H200,global,3.0821836460072314,0.5821760309269252,30,H200
2025-04-11T20:00:00.000Z,2025-04-11T20:00:00.000Z,H200,global,3.1155271580689843,0.5803288372530825,30,H200
2025-04-12T20:00:00.000Z,2025-04-12T20:00:00.000Z,H200,global,3.1787771180520092,0.5866129982737152,30,H200
2025-04-13T20:00:00.000Z,2025-04-13T20:00:00.000Z,H200,global,3.1824814402253865,0.5861153111714807,30,H200
2025-04-14T20:00:00.000Z,2025-04-14T20:00:00.000Z,H200,global,3.193189366360011,0.586585776742497,30,H200
2025-04-15T20:00:00.000Z,2025-04-15T20:00:00.000Z,H200,global,3.1392706104401955,0.5827879238189758,30,H200
2025-04-16T20:00:00.000Z,2025-04-16T20:00:00.000Z,H200,global,3.132722147714224,0.5803210537831061,30,H200
2025-04-17T20:00:00.000Z,2025-04-17T20:00:00.000Z,H200,global,3.155403241441911,0.5801934603658466,30,H200
2025-04-18T20:00:00.000Z,2025-04-18T20:00:00.000Z,H200,global,3.194363782148718,0.5544283980912122,30,H200
2025-04-19T20:00:00.000Z,2025-04-19T20:00:00.000Z,H200,global,3.1739929478185824,0.5532432018269066,30,H200
2025-04-20T20:00:00.000Z,2025-04-20T20:00:00.000Z,H200,global,3.175606975104325,0.5524821878248224,30,H200
2025-04-21T20:00:00.000Z,2025-04-21T20:00:00.000Z,H200,global,3.1687475576321043,0.5510836679125584,30,H200
2025-04-22T20:00:00.000Z,2025-04-22T20:00:00.000Z,H200,global,3.1493750939782537,0.5438690187327642,30,H200
2025-04-23T20:00:00.000Z,2025-04-23T20:00:00.000Z,H200,global,3.148465030953822,0.5310886800362243,30,H200
2025-04-24T20:00:00.000Z,2025-04-24T20:00:00.000Z,H200,global,3.1311071782259323,0.5298768132769985,30,H200
2025-04-25T20:00:00.000Z,2025-04-25T20:00:00.000Z,H200,global,3.1230543632435306,0.5297537278105886,30,H200
2025-04-26T20:00:00.000Z,2025-04-26T20:00:00.000Z,H200,global,3.0866605968797445,0.5236728647184979,30,H200
2025-04-27T20:00:00.000Z,2025-04-27T20:00:00.000Z,H200,global,3.0785426773662916,0.46944199252655394,30,H200
2025-04-28T20:00:00.000Z,2025-04-28T20:00:00.000Z,H200,global,3.0423860669753306,0.4698407159977719,30,H200
2025-04-29T20:00:00.000Z,2025-04-29T20:00:00.000Z,H200,global,3.048794959399325,0.4382262795081066,30,H200
2025-04-30T20:00:00.000Z,2025-04-30T20:00:00.000Z,H200,global,3.0675828243385834,0.4307334904949407,30,H200
2025-05-01T20:00:00.000Z,2025-05-01T20:00:00.000Z,H200,global,3.1022996985265965,0.4153478575335279,30,H200
2025-05-02T20:00:00.000Z,2025-05-02T20:00:00.000Z,H200,global,3.115731716973372,0.41173801427070084,30,H200
2025-05-03T20:00:00.000Z,2025-05-03T20:00:00.000Z,H200,global,3.1356285314216024,0.40212940973759354,30,H200
2025-05-04T20:00:00.000Z,2025-05-04T20:00:00.000Z,H200,global,3.1338943319465797,0.39374499851584255,30,H200
2025-05-05T20:00:00.000Z,2025-05-05T20:00:00.000Z,H200,global,3.172249559044479,0.3965097528225742,30,H200
2025-05-06T20:00:00.000Z,2025-05-06T20:00:00.000Z,H200,global,3.187230175465574,0.3864175635214838,30,H200
2025-05-07T20:00:00.000Z,2025-05-07T20:00:00.000Z,H200,global,3.1685333571481116,0.38592438250857414,30,H200
2025-05-08T20:00:00.000Z,2025-05-08T20:00:00.000Z,H200,global,3.157315131278772,0.3858342795233592,30,H200
2025-05-09T20:00:00.000Z,2025-05-09T20:00:00.000Z,H200,global,3.151945663079772,0.37337636378180916,30,H200
2025-05-10T20:00:00.000Z,2025-05-10T20:00:00.000Z,H200,global,3.115728023271078,0.159143465515197,30,H200
2025-05-11T20:00:00.000Z,2025-05-11T20:00:00.000Z,H200,global,3.1203529310201326,0.15474259997530157,30,H200
2025-05-12T20:00:00.000Z,2025-05-12T20:00:00.000Z,H200,global,3.138654855912509,0.13865428430518956,30,H200
2025-05-13T20:00:00.000Z,2025-05-13T20:00:00.000Z,H200,global,3.1948205775955105,0.15241000370828747,30,H200
2025-05-14T20:00:00.000Z,2025-05-14T20:00:00.000Z,H200,global,3.1920635512399698,0.15199477668207992,30,H200
2025-05-15T20:00:00.000Z,2025-05-15T20:00:00.000Z,H200,global,3.2100439888479113,0.14014600117907594,30,H200
2025-05-16T20:00:00.000Z,2025-05-16T20:00:00.000Z,H200,global,3.184514048847961,0.1431231214324086,30,H200
2025-05-17T20:00:00.000Z,2025-05-17T20:00:00.000Z,H200,global,3.137964534304984,0.15052668716802128,30,H200
2025-05-18T20:00:00.000Z,2025-05-18T20:00:00.000Z,H200,global,3.1415794742372825,0.14379144302655342,30,H200
2025-05-19T20:00:00.000Z,2025-05-19T20:00:00.000Z,H200,global,3.1175815187892852,0.14450770661304566,30,H200
2025-05-20T20:00:00.000Z,2025-05-20T20:00:00.000Z,H200,global,3.1216233343434148,0.14460960340481854,30,H200
2025-05-21T20:00:00.000Z,2025-05-21T20:00:00.000Z,H200,global,3.1266256568622026,0.14468433623248927,30,H200
2025-05-22T20:00:00.000Z,2025-05-22T20:00:00.000Z,H200,global,3.1062414960763065,0.14489327778869762,30,H200
2025-05-23T20:00:00.000Z,2025-05-23T20:00:00.000Z,H200,global,3.1188477766778253,0.14574561070836542,30,H200
2025-05-24T20:00:00.000Z,2025-05-24T20:00:00.000Z,H200,global,3.0735788476184287,0.15310426804142885,30,H200
2025-05-25T20:00:00.000Z,2025-05-25T20:00:00.000Z,H200,global,3.066952564306496,0.15304408037665995,30,H200
2025-05-26T20:00:00.000Z,2025-05-26T20:00:00.000Z,H200,global,3.088055369157635,0.14974227921539413,30,H200
2025-05-27T20:00:00.000Z,2025-05-27T20:00:00.000Z,H200,global,3.0919545523015715,0.14949134336501535,30,H200
2025-05-28T20:00:00.000Z,2025-05-28T20:00:00.000Z,H200,global,3.079571659987854,0.14401257420425426,30,H200
2025-05-29T20:00:00.000Z,2025-05-29T20:00:00.000Z,H200,global,3.074356053658343,0.1440580547474869,30,H200
2025-05-30T20:00:00.000Z,2025-05-30T20:00:00.000Z,H200,global,3.0625598865391033,0.1431496370083393,30,H200
2025-05-31T20:00:00.000Z,2025-05-31T20:00:00.000Z,H200,global,3.0310565528649795,0.14148539866060336,30,H200
2025-06-01T20:00:00.000Z,2025-06-01T20:00:00.000Z,H200,global,3.059614183246073,0.14483736235950537,30,H200
2025-06-02T20:00:00.000Z,2025-06-02T20:00:00.000Z,H200,global,3.0424536289456365,0.14360659014571636,30,H200
2025-06-03T20:00:00.000Z,2025-06-03T20:00:00.000Z,H200,global,2.9800217375604796,0.15921053283247819,30,H200
2025-06-04T20:00:00.000Z,2025-06-04T20:00:00.000Z,H200,global,2.996460534751629,0.15351323267707645,30,H200
2025-06-05T20:00:00.000Z,2025-06-05T20:00:00.000Z,H200,global,2.9933104457172024,0.15169461938643683,30,H200
2025-06-06T20:00:00.000Z,2025-06-06T20:00:00.000Z,H200,global,2.982638077957008,0.15118092877519906,30,H200
2025-06-07T20:00:00.000Z,2025-06-07T20:00:00.000Z,H200,global,2.9376427176059763,0.15797889628826312,30,H200
2025-06-08T20:00:00.000Z,2025-06-08T20:00:00.000Z,H200,global,2.9689193906185096,0.16435624226078946,30,H200
2025-06-09T20:00:00.000Z,2025-06-09T20:00:00.000Z,H200,global,2.922343492658939,0.16809987141408456,30,H200
2025-06-10T20:00:00.000Z,2025-06-10T20:00:00.000Z,H200,global,2.944102339774647,0.1709584333182115,30,H200
2025-06-11T20:00:00.000Z,2025-06-11T20:00:00.000Z,H200,global,2.9720685132245013,0.17346979377460525,30,H200
2025-06-12T20:00:00.000Z,2025-06-12T20:00:00.000Z,H200,global,2.9330057052533065,0.16283757386811726,30,H200
2025-06-13T20:00:00.000Z,2025-06-13T20:00:00.000Z,H200,global,2.9519464986355906,0.16592049553652694,30,H200
2025-06-14T20:00:00.000Z,2025-06-14T20:00:00.000Z,H200,global,2.9517627353936917,0.1635431121639288,30,H200
2025-06-15T20:00:00.000Z,2025-06-15T20:00:00.000Z,H200,global,2.961179701469124,0.16372356982857128,30,H200
2025-06-16T20:00:00.000Z,2025-06-16T20:00:00.000Z,H200,global,2.9406060771808864,0.15854302133355738,30,H200
2025-06-17T20:00:00.000Z,2025-06-17T20:00:00.000Z,H200,global,2.935745262996251,0.15810573712067097,30,H200
2025-06-18T20:00:00.000Z,2025-06-18T20:00:00.000Z,H200,global,2.9342614840034673,0.1569914212619014,30,H200
2025-06-19T20:00:00.000Z,2025-06-19T20:00:00.000Z,H200,global,2.9496883704958052,0.15863630980319643,30,H200
2025-06-20T20:00:00.000Z,2025-06-20T20:00:00.000Z,H200,global,2.9247736070379413,0.15973981249326052,30,H200
2025-06-21T20:00:00.000Z,2025-06-21T20:00:00.000Z,H200,global,2.9347146118386465,0.1601190861724901,30,H200
2025-06-22T20:00:00.000Z,2025-06-22T20:00:00.000Z,H200,global,2.947377119656799,0.160240788259999,30,H200
2025-06-23T20:00:00.000Z,2025-06-23T20:00:00.000Z,H200,global,2.9288073477690193,0.15444817069583958,30,H200
2025-06-24T20:00:00.000Z,2025-06-24T20:00:00.000Z,H200,global,2.9231091727841267,0.1544404744302987,30,H200
2025-06-25T20:00:00.000Z,2025-06-25T20:00:00.000Z,H200,global,2.9245704032879316,0.15162451850703387,30,H200
2025-06-26T20:00:00.000Z,2025-06-26T20:00:00.000Z,H200,global,2.9245704032879316,0.1513660876161412,30,H200
2025-06-27T20:00:00.000Z,2025-06-27T20:00:00.000Z,H200,global,2.9245704032879316,0.1512932799069603,30,H200
2025-06-28T20:00:00.000Z,2025-06-28T20:00:00.000Z,H200,global,2.9245704032879316,0.15141248087098497,30,H200
2025-06-29T20:00:00.000Z,2025-06-29T20:00:00.000Z,H200,global,2.9245704032879316,0.15130976737962756,30,H200
2025-06-30T20:00:00.000Z,2025-06-30T20:00:00.000Z,H200,global,2.9245704032879316,0.1480005264952903,30,H200
2025-07-01T20:00:00.000Z,2025-07-01T20:00:00.000Z,H200,global,2.928747583152026,0.1433802130697869,30,H200
2025-07-02T20:00:00.000Z,2025-07-02T20:00:00.000Z,H200,global,2.932391393762543,0.14286811604948485,30,H200
2025-07-03T20:00:00.000Z,2025-07-03T20:00:00.000Z,H200,global,2.9540563339087544,0.12735807074187183,30,H200
2025-07-04T20:00:00.000Z,2025-07-04T20:00:00.000Z,H200,global,2.9278472096194856,0.12901861019155694,30,H200
2025-07-05T20:00:00.000Z,2025-07-05T20:00:00.000Z,H200,global,2.925603706393327,0.1290146640497905,30,H200
2025-07-06T20:00:00.000Z,2025-07-06T20:00:00.000Z,H200,global,2.923025505752729,0.1286180564854804,30,H200
2025-07-07T20:00:00.000Z,2025-07-07T20:00:00.000Z,H200,global,2.9245704032879316,0.11747590376814304,30,H200
2025-07-08T20:00:00.000Z,2025-07-08T20:00:00.000Z,H200,global,2.922437236204951,0.11090306097034834,30,H200
2025-07-09T20:00:00.000Z,2025-07-09T20:00:00.000Z,H200,global,2.907194614902018,0.09792826290343523,30,H200
2025-07-10T20:00:00.000Z,2025-07-10T20:00:00.000Z,H200,global,2.880619394056645,0.09884704969223189,30,H200
2025-07-11T20:00:00.000Z,2025-07-11T20:00:00.000Z,H200,global,2.8546140049097963,0.0959068329730161,30,H200
2025-07-12T20:00:00.000Z,2025-07-12T20:00:00.000Z,H200,global,2.848485685610122,0.0858865611091208,30,H200
2025-07-13T20:00:00.000Z,2025-07-13T20:00:00.000Z,H200,global,2.8360302088426557,0.08235369627436735,30,H200
2025-07-14T20:00:00.000Z,2025-07-14T20:00:00.000Z,H200,global,2.853522232838858,0.08631647991161097,30,H200
2025-07-15T20:00:00.000Z,2025-07-15T20:00:00.000Z,H200,global,2.862410007225364,0.08626945585874989,30,H200
2025-07-16T20:00:00.000Z,2025-07-16T20:00:00.000Z,H200,global,2.868140603494613,0.08427677659922964,30,H200
2025-07-17T20:00:00.000Z,2025-07-17T20:00:00.000Z,H200,global,2.8621932493328752,0.08434133782215743,30,H200
2025-07-18T20:00:00.000Z,2025-07-18T20:00:00.000Z,H200,global,2.8516987758319057,0.08490242449945086,30,H200
2025-07-19T20:00:00.000Z,2025-07-19T20:00:00.000Z,H200,global,2.8648824312412198,0.08434940954626206,30,H200
2025-07-20T20:00:00.000Z,2025-07-20T20:00:00.000Z,H200,global,2.827019017502788,0.09115544655988692,30,H200
2025-07-21T20:00:00.000Z,2025-07-21T20:00:00.000Z,H200,global,2.8263284274025104,0.08975439812371133,30,H200
2025-07-22T20:00:00.000Z,2025-07-22T20:00:00.000Z,H200,global,2.825007238173567,0.08755011951486621,30,H200
2025-07-23T20:00:00.000Z,2025-07-23T20:00:00.000Z,H200,global,2.8243501731141727,0.08581364662633809,30,H200
2025-07-24T20:00:00.000Z,2025-07-24T20:00:00.000Z,H200,global,2.7992677864380213,0.08991606291601108,30,H200
2025-07-25T20:00:00.000Z,2025-07-25T20:00:00.000Z,H200,global,2.7937166550967727,0.08965769032365027,30,H200
2025-07-26T20:00:00.000Z,2025-07-26T20:00:00.000Z,H200,global,2.8292839604758,0.10233081300357723,30,H200
2025-07-27T20:00:00.000Z,2025-07-27T20:00:00.000Z,H200,global,2.8208140195265075,0.10245794835466923,30,H200
2025-07-28T20:00:00.000Z,2025-07-28T20:00:00.000Z,H200,global,2.805239877020718,0.10345414942887592,30,H200
2025-07-29T20:00:00.000Z,2025-07-29T20:00:00.000Z,H200,global,2.7923752668473902,0.10391892823536067,30,H200
2025-07-30T20:00:00.000Z,2025-07-30T20:00:00.000Z,H200,global,2.7375623329171934,0.12170230068390564,30,H200
2025-07-31T20:00:00.000Z,2025-07-31T20:00:00.000Z,H200,global,2.7623654172991436,0.12730470198922894,30,H200
2025-08-01T20:00:00.000Z,2025-08-01T20:00:00.000Z,H200,global,2.79755964672554,0.13678426677069175,30,H200
2025-08-02T20:00:00.000Z,2025-08-02T20:00:00.000Z,H200,global,2.8181297452291383,0.13675554479441832,30,H200
2025-08-03T20:00:00.000Z,2025-08-03T20:00:00.000Z,H200,global,2.8182294029074355,0.1342480708637931,30,H200
2025-08-04T20:00:00.000Z,2025-08-04T20:00:00.000Z,H200,global,2.7920845468579754,0.13712740761649367,30,H200
2025-08-05T20:00:00.000Z,2025-08-05T20:00:00.000Z,H200,global,2.749753154651166,0.14519135966739885,30,H200
2025-08-06T20:00:00.000Z,2025-08-06T20:00:00.000Z,H200,global,2.8055066337844607,0.16428693423317842,30,H200
2025-08-07T20:00:00.000Z,2025-08-07T20:00:00.000Z,H200,global,2.761650998853525,0.171723837673923,30,H200
2025-08-08T20:00:00.000Z,2025-08-08T20:00:00.000Z,H200,global,2.7648817076092462,0.17160634952141218,30,H200
2025-08-09T20:00:00.000Z,2025-08-09T20:00:00.000Z,H200,global,2.7897019894798745,0.17325682487548627,30,H200
2025-08-10T20:00:00.000Z,2025-08-10T20:00:00.000Z,H200,global,2.749958400775047,0.1772581461732958,30,H200
2025-08-11T20:00:00.000Z,2025-08-11T20:00:00.000Z,H200,global,2.7252923378368,0.17930229346733126,30,H200
2025-08-12T20:00:00.000Z,2025-08-12T20:00:00.000Z,H200,global,2.7974657337534805,0.20309604124751873,30,H200
2025-08-13T20:00:00.000Z,2025-08-13T20:00:00.000Z,H200,global,2.7783224640292463,0.2028422712091135,30,H200
2025-08-14T20:00:00.000Z,2025-08-14T20:00:00.000Z,H200,global,2.6649454194579176,0.24703617154135996,30,H200
2025-08-15T20:00:00.000Z,2025-08-15T20:00:00.000Z,H200,global,2.698259316429589,0.25198936518197484,30,H200
2025-08-16T20:00:00.000Z,2025-08-16T20:00:00.000Z,H200,global,2.673582548215151,0.2532217390274054,30,H200
2025-08-17T20:00:00.000Z,2025-08-17T20:00:00.000Z,H200,global,2.7095195097962925,0.25893522204499686,30,H200
2025-08-18T20:00:00.000Z,2025-08-18T20:00:00.000Z,H200,global,2.6700173334918738,0.2617440625795004,30,H200
2025-08-19T20:00:00.000Z,2025-08-19T20:00:00.000Z,H200,global,2.6705087138010595,0.2588502065366546,30,H200
2025-08-20T20:00:00.000Z,2025-08-20T20:00:00.000Z,H200,global,2.6696765196166523,0.2588448952790416,30,H200
2025-08-21T20:00:00.000Z,2025-08-21T20:00:00.000Z,H200,global,2.682642837126295,0.2598763929011769,30,H200
2025-08-22T20:00:00.000Z,2025-08-22T20:00:00.000Z,H200,global,2.664095566892676,0.2604440234310998,30,H200
2025-08-23T20:00:00.000Z,2025-08-23T20:00:00.000Z,H200,global,2.6524568775406454,0.2593931291415886,30,H200
2025-08-24T20:00:00.000Z,2025-08-24T20:00:00.000Z,H200,global,2.675852212003742,0.26199970671747086,30,H200
2025-08-25T20:00:00.000Z,2025-08-25T20:00:00.000Z,H200,global,2.66597005190133,0.25709582443189094,30,H200
2025-08-26T20:00:00.000Z,2025-08-26T20:00:00.000Z,H200,global,2.6431629344030685,0.25811243591779487,30,H200
2025-08-27T20:00:00.000Z,2025-08-27T20:00:00.000Z,H200,global,2.6434367593103856,0.25793577741183144,30,H200
2025-08-28T20:00:00.000Z,2025-08-28T20:00:00.000Z,H200,global,2.643289927914996,0.2578423908811233,30,H200
2025-08-29T20:00:00.000Z,2025-08-29T20:00:00.000Z,H200,global,2.655701217820426,0.2503769509672112,30,H200
2025-08-30T20:00:00.000Z,2025-08-30T20:00:00.000Z,H200,global,2.671687134551471,0.2490729458532345,30,H200
2025-08-31T20:00:00.000Z,2025-08-31T20:00:00.000Z,H200,global,2.6391362896524164,0.2468865585265313,30,H200
2025-09-01T20:00:00.000Z,2025-09-01T20:00:00.000Z,H200,global,2.622569072610345,0.24501499371007554,30,H200
2025-09-02T20:00:00.000Z,2025-09-02T20:00:00.000Z,H200,global,2.6198300836113706,0.24490894828961748,30,H200
2025-09-03T20:00:00.000Z,2025-09-03T20:00:00.000Z,H200,global,2.6082163746479163,0.24377091386710487,30,H200
2025-09-04T20:00:00.000Z,2025-09-04T20:00:00.000Z,H200,global,2.5844300213076976,0.24057636633862578,30,H200
2025-09-05T20:00:00.000Z,2025-09-05T20:00:00.000Z,H200,global,2.5582036629375313,0.22837592136283327,30,H200
2025-09-06T20:00:00.000Z,2025-09-06T20:00:00.000Z,H200,global,2.561865234868933,0.22419578661662967,30,H200
2025-09-07T20:00:00.000Z,2025-09-07T20:00:00.000Z,H200,global,2.5649053735653586,0.22419926244764787,30,H200
2025-09-08T20:00:00.000Z,2025-09-08T20:00:00.000Z,H200,global,2.5692411414337974,0.22094648190293206,30,H200
2025-09-09T20:00:00.000Z,2025-09-09T20:00:00.000Z,H200,global,2.5768808776848804,0.21773225524493459,30,H200
2025-09-10T20:00:00.000Z,2025-09-10T20:00:00.000Z,H200,global,2.564584316489261,0.21655621561742597,30,H200
2025-09-11T20:00:00.000Z,2025-09-11T20:00:00.000Z,H200,global,2.5743200220865012,0.19268882772512777,30,H200
2025-09-12T20:00:00.000Z,2025-09-12T20:00:00.000Z,H200,global,2.590775634751655,0.19467004919839787,30,H200
2025-09-13T20:00:00.000Z,2025-09-13T20:00:00.000Z,H200,global,2.576856741605589,0.13412294411509695,30,H200
2025-09-14T20:00:00.000Z,2025-09-14T20:00:00.000Z,H200,global,2.5642160001631065,0.12544143658969625,30,H200
2025-09-15T20:00:00.000Z,2025-09-15T20:00:00.000Z,H200,global,2.5632013673058505,0.12255030486312447,30,H200
2025-09-16T20:00:00.000Z,2025-09-16T20:00:00.000Z,H200,global,2.5645251847686583,0.1107019093951351,30,H200
2025-09-17T20:00:00.000Z,2025-09-17T20:00:00.000Z,H200,global,2.570010501364891,0.10126832249487316,30,H200
2025-09-18T20:00:00.000Z,2025-09-18T20:00:00.000Z,H200,global,2.587385115150304,0.10496732510338246,30,H200
2025-09-19T20:00:00.000Z,2025-09-19T20:00:00.000Z,H200,global,2.6031888107946917,0.10787155074978617,30,H200
2025-09-20T20:00:00.000Z,2025-09-20T20:00:00.000Z,H200,global,2.6068282894058563,0.10624226929103513,30,H200
2025-09-21T20:00:00.000Z,2025-09-21T20:00:00.000Z,H200,global,2.6185768943506136,0.10562342268148413,30,H200
2025-09-22T20:00:00.000Z,2025-09-22T20:00:00.000Z,H200,global,2.6351878836319047,0.10735463306991651,30,H200
2025-09-23T20:00:00.000Z,2025-09-23T20:00:00.000Z,H200,global,2.614387235322223,0.10552816160050366,30,H200
2025-09-24T20:00:00.000Z,2025-09-24T20:00:00.000Z,H200,global,2.615801118200006,0.10508432488670216,30,H200
2025-09-25T20:00:00.000Z,2025-09-25T20:00:00.000Z,H200,global,2.6149782013070295,0.10108450843673865,30,H200
2025-09-26T20:00:00.000Z,2025-09-26T20:00:00.000Z,H200,global,2.6163013867466627,0.10111733032033964,30,H200
2025-09-27T20:00:00.000Z,2025-09-27T20:00:00.000Z,H200,global,2.6068070715981784,0.10175782491089214,30,H200
2025-09-28T20:00:00.000Z,2025-09-28T20:00:00.000Z,H200,global,2.5791399249251064,0.10598802206256308,30,H200
2025-09-29T20:00:00.000Z,2025-09-29T20:00:00.000Z,H200,global,2.5913364591174504,0.10501465728825442,30,H200
2025-09-30T20:00:00.000Z,2025-09-30T20:00:00.000Z,H200,global,2.609955563094614,0.10060435720042789,30,H200
2025-10-01T20:00:00.000Z,2025-10-01T20:00:00.000Z,H200,global,2.652131361470349,0.11338252209207944,30,H200
2025-10-02T20:00:00.000Z,2025-10-02T20:00:00.000Z,H200,global,2.5918119797814243,0.13967051998872398,30,H200
2025-10-03T20:00:00.000Z,2025-10-03T20:00:00.000Z,H200,global,2.5866058634734035,0.13903151240342387,30,H200
2025-10-04T20:00:00.000Z,2025-10-04T20:00:00.000Z,H200,global,2.573344903955151,0.13648129541709925,30,H200
2025-10-05T20:00:00.000Z,2025-10-05T20:00:00.000Z,H200,global,2.556456696804776,0.13368237590764587,30,H200
2025-10-06T20:00:00.000Z,2025-10-06T20:00:00.000Z,H200,global,2.5506682093783906,0.13379854493686116,30,H200
2025-10-07T20:00:00.000Z,2025-10-07T20:00:00.000Z,H200,global,2.5611262258622207,0.13454443782876768,30,H200
2025-10-08T20:00:00.000Z,2025-10-08T20:00:00.000Z,H200,global,2.584794878328964,0.1382642727407355,30,H200
2025-10-09T20:00:00.000Z,2025-10-09T20:00:00.000Z,H200,global,2.5787768799095896,0.13816473361020712,30,H200
2025-10-10T20:00:00.000Z,2025-10-10T20:00:00.000Z,H200,global,2.545283505468277,0.1446681934183004,30,H200
2025-10-11T20:00:00.000Z,2025-10-11T20:00:00.000Z,H200,global,2.5606910487217354,0.1456665169321361,30,H200
2025-10-12T20:00:00.000Z,2025-10-12T20:00:00.000Z,H200,global,2.5471664234729157,0.14474670253506608,30,H200
2025-10-13T20:00:00.000Z,2025-10-13T20:00:00.000Z,H200,global,2.5250264850231403,0.1466058822105096,30,H200
2025-10-14T20:00:00.000Z,2025-10-14T20:00:00.000Z,H200,global,2.5236750821414407,0.14580529217489144,30,H200
2025-10-15T20:00:00.000Z,2025-10-15T20:00:00.000Z,H200,global,2.5245315069013876,0.1458364270708362,30,H200
2025-10-16T20:00:00.000Z,2025-10-16T20:00:00.000Z,H200,global,2.519116479219231,0.14589718390994025,30,H200
2025-10-17T20:00:00.000Z,2025-10-17T20:00:00.000Z,H200,global,2.534395197764789,0.14744804980042184,30,H200
2025-10-18T20:00:00.000Z,2025-10-18T20:00:00.000Z,H200,global,2.5476127114294056,0.14659850454130713,30,H200
2025-10-19T20:00:00.000Z,2025-10-19T20:00:00.000Z,H200,global,2.574883708910897,0.15000624604966672,30,H200
2025-10-20T20:00:00.000Z,2025-10-20T20:00:00.000Z,H200,global,2.5596201136318606,0.15110341512313688,30,H200
2025-10-21T20:00:00.000Z,2025-10-21T20:00:00.000Z,H200,global,2.551996964062544,0.15017173448979054,30,H200
2025-10-22T20:00:00.000Z,2025-10-22T20:00:00.000Z,H200,global,2.5506682093783906,0.14793284128685505,30,H200
2025-10-23T20:00:00.000Z,2025-10-23T20:00:00.000Z,H200,global,2.558206078023809,0.14646211837071102,30,H200
2025-10-24T20:00:00.000Z,2025-10-24T20:00:00.000Z,H200,global,2.5495307431054095,0.1466779786097298,30,H200
2025-10-25T20:00:00.000Z,2025-10-25T20:00:00.000Z,H200,global,2.535425544381861,0.14756828157320503,30,H200
2025-10-26T20:00:00.000Z,2025-10-26T20:00:00.000Z,H200,global,2.5219976973304585,0.14819960022717385,30,H200
2025-10-27T20:00:00.000Z,2025-10-27T20:00:00.000Z,H200,global,2.5124548010604704,0.148232447507617,30,H200
2025-10-28T20:00:00.000Z,2025-10-28T20:00:00.000Z,H200,global,2.512215451964216,0.144292092722626,30,H200
2025-10-29T20:00:00.000Z,2025-10-29T20:00:00.000Z,H200,global,2.50519420406224,0.14300049335907,30,H200
2025-10-30T20:00:00.000Z,2025-10-30T20:00:00.000Z,H200,global,2.5047052561401073,0.13990410055888503,30,H200
2025-10-31T20:00:00.000Z,2025-10-31T20:00:00.000Z,H200,global,2.512215451964216,0.1262144625580644,30,H200
2025-11-01T20:00:00.000Z,2025-11-01T20:00:00.000Z,H200,global,2.5143373552199333,0.10061446376735783,30,H200
2025-11-02T21:00:00.000Z,2025-11-02T21:00:00.000Z,H200,global,2.5264830003677825,0.10256220546672527,30,H200
2025-11-03T21:00:00.000Z,2025-11-03T21:00:00.000Z,H200,global,2.5134979343041417,0.10256909365479024,30,H200
2025-11-04T21:00:00.000Z,2025-11-04T21:00:00.000Z,H200,global,2.5070430601240496,0.10065016369975802,30,H200
2025-11-05T21:00:00.000Z,2025-11-05T21:00:00.000Z,H200,global,2.516580478278347,0.10164214350973608,30,H200
2025-11-06T21:00:00.000Z,2025-11-06T21:00:00.000Z,H200,global,2.5527451819039713,0.11293447265464264,30,H200
2025-11-07T21:00:00.000Z,2025-11-07T21:00:00.000Z,H200,global,2.5761725640582394,0.11286870692087318,30,H200
2025-11-08T21:00:00.000Z,2025-11-08T21:00:00.000Z,H200,global,2.5829280539760675,0.11296406883267109,30,H200
2025-11-09T21:00:00.000Z,2025-11-09T21:00:00.000Z,H200,global,2.57722368487874,0.10299108852214758,30,H200
2025-11-10T21:00:00.000Z,2025-11-10T21:00:00.000Z,H200,global,2.555006227783467,0.10561914268268732,30,H200
2025-11-11T21:00:00.000Z,2025-11-11T21:00:00.000Z,H200,global,2.5245940213141673,0.11214258070717766,30,H200
2025-11-12T21:00:00.000Z,2025-11-12T21:00:00.000Z,H200,global,2.5224940979335453,0.107973445353541,30,H200
2025-11-13T21:00:00.000Z,2025-11-13T21:00:00.000Z,H200,global,2.552599236248444,0.11563807833251714,30,H200
2025-11-14T21:00:00.000Z,2025-11-14T21:00:00.000Z,H200,global,2.5651157555772377,0.11670319746243832,30,H200
2025-11-15T21:00:00.000Z,2025-11-15T21:00:00.000Z,H200,global,2.5842015936145457,0.1186885380884897,30,H200
2025-11-16T21:00:00.000Z,2025-11-16T21:00:00.000Z,H200,global,2.54921136019092,0.12737584296339688,30,H200
2025-11-17T21:00:00.000Z,2025-11-17T21:00:00.000Z,H200,global,2.5663613091843844,0.1282247745518168,30,H200
2025-11-18T21:00:00.000Z,2025-11-18T21:00:00.000Z,H200,global,2.625265894750308,0.14615505800015433,30,H200
2025-11-19T21:00:00.000Z,2025-11-19T21:00:00.000Z,H200,global,2.6515640038458934,0.14765452781128902,30,H200
2025-11-20T21:00:00.000Z,2025-11-20T21:00:00.000Z,H200,global,2.727963008388125,0.17464984242981774,30,H200
2025-11-21T21:00:00.000Z,2025-11-21T21:00:00.000Z,H200,global,2.727605806894887,0.17457804384805575,30,H200
2025-11-22T21:00:00.000Z,2025-11-22T21:00:00.000Z,H200,global,2.7145887013237044,0.17625579133534128,30,H200
2025-11-23T21:00:00.000Z,2025-11-23T21:00:00.000Z,H200,global,2.702175000435402,0.17675904686972954,30,H200
2025-11-24T21:00:00.000Z,2025-11-24T21:00:00.000Z,H200,global,2.7,0.17499630722938966,30,H200
2025-11-25T21:00:00.000Z,2025-11-25T21:00:00.000Z,H200,global,2.7,0.17313796741732035,30,H200
2025-11-26T22:00:00.000Z,2025-11-26T22:00:00.000Z,H200,global,2.6715,0.17771877591237362,30,H200
2025-11-27T21:00:00.000Z,2025-11-27T21:00:00.000Z,H200,global,2.6366666666666667,0.18534216161442213,30,H200
2025-11-28T21:00:00.000Z,2025-11-28T21:00:00.000Z,H200,global,2.6770833333333335,0.1905229154686837,30,H200
2025-11-29T21:00:00.000Z,2025-11-29T21:00:00.000Z,H200,global,2.618333333333333,0.2086087662160735,30,H200
2025-11-30T21:00:00.000Z,2025-11-30T21:00:00.000Z,H200,global,2.6345833333333335,0.209197144637291,30,H200
2025-12-01T21:00:00.000Z,2025-12-01T21:00:00.000Z,H200,global,2.652083333333333,0.2099086148877018,30,H200
2025-12-02T21:00:00.000Z,2025-12-02T21:00:00.000Z,H200,global,2.6691666666666665,0.21027475598417117,30,H200
2025-12-03T21:00:00.000Z,2025-12-03T21:00:00.000Z,H200,global,2.59375,0.23467538129288032,30,H200
2025-12-04T21:00:00.000Z,2025-12-04T21:00:00.000Z,H200,global,2.565,0.23821899452697348,30,H200
2025-12-05T21:00:00.000Z,2025-12-05T21:00:00.000Z,H200,global,2.5508333333333333,0.23894633822435807,30,H200
2025-12-06T21:00:00.000Z,2025-12-06T21:00:00.000Z,H200,global,2.5416666666666665,0.23401893930075982,30,H200
2025-12-07T21:00:00.000Z,2025-12-07T21:00:00.000Z,H200,global,2.5141666666666667,0.2344416255174005,30,H200
2025-12-08T21:00:00.000Z,2025-12-08T21:00:00.000Z,H200,global,2.475,0.239716521472164,30,H200
2025-12-09T21:00:00.000Z,2025-12-09T21:00:00.000Z,H200,global,2.433333333333333,0.24578497500097257,30,H200
2025-12-10T21:00:00.000Z,2025-12-10T21:00:00.000Z,H200,global,2.36375,0.2624995623568071,30,H200
2025-12-11T21:00:00.000Z,2025-12-11T21:00:00.000Z,H200,global,2.42625,0.2784797306745907,30,H200
2025-12-12T21:00:00.000Z,2025-12-12T21:00:00.000Z,H200,global,2.472608695652174,0.28730806869222203,30,H200
2025-12-13T21:00:00.000Z,2025-12-13T21:00:00.000Z,H200,global,2.3766666666666665,0.31386976066651984,30,H200
2025-12-14T21:00:00.000Z,2025-12-14T21:00:00.000Z,H200,global,2.3054166666666664,0.3274643130383379,30,H200
2025-12-15T21:00:00.000Z,2025-12-15T21:00:00.000Z,H200,global,2.294583333333333,0.32507382568082216,30,H200
2025-12-16T21:00:00.000Z,2025-12-16T21:00:00.000Z,H200,global,2.3839130434782607,0.3545906850623492,30,H200
2025-12-17T21:00:00.000Z,2025-12-17T21:00:00.000Z,H200,global,2.4658333333333333,0.37516924484403935,30,H200
2025-12-18T21:00:00.000Z,2025-12-18T21:00:00.000Z,H200,global,2.50875,0.37124502130295595,30,H200
2025-12-19T21:00:00.000Z,2025-12-19T21:00:00.000Z,H200,global,2.4941666666666666,0.369179827888042,30,H200
2025-12-20T21:00:00.000Z,2025-12-20T21:00:00.000Z,H200,global,2.73375,0.48331026415525596,30,H200
2025-12-21T21:00:00.000Z,2025-12-21T21:00:00.000Z,H200,global,2.64,0.498467082576591,30,H200
2025-12-22T21:00:00.000Z,2025-12-22T21:00:00.000Z,H200,global,2.51,0.527395169238115,30,H200
2025-12-23T21:00:00.000Z,2025-12-23T21:00:00.000Z,H200,global,2.4629166666666666,0.5304379531376233,30,H200
2025-12-24T21:00:00.000Z,2025-12-24T21:00:00.000Z,H200,global,2.4875,0.5323388891028585,30,H200
2025-12-25T21:00:00.000Z,2025-12-25T21:00:00.000Z,H200,global,2.475,0.5323034505304551,30,H200
2025-12-26T21:00:00.000Z,2025-12-26T21:00:00.000Z,H200,global,2.4679166666666665,0.5315763197946956,30,H200
2025-12-27T21:00:00.000Z,2025-12-27T21:00:00.000Z,H200,global,2.4258333333333333,0.5327762572677692,30,H200
2025-12-28T21:00:00.000Z,2025-12-28T21:00:00.000Z,H200,global,2.408333333333333,0.5289764224901085,30,H200
2025-12-29T21:00:00.000Z,2025-12-29T21:00:00.000Z,H200,global,2.4141666666666666,0.5249979178423803,30,H200
2025-12-30T21:00:00.000Z,2025-12-30T21:00:00.000Z,H200,global,2.3254166666666665,0.5376112929017768,30,H200
2026-01-01T21:00:00.000Z,2026-01-01T21:00:00.000Z,H200,global,2.27,0.5415110055101068,30,H200
2026-01-02T21:00:00.000Z,2026-01-02T21:00:00.000Z,H200,global,2.28375,0.5362509485038617,30,H200
2026-01-03T21:00:00.000Z,2026-01-03T21:00:00.000Z,H200,global,2.3670833333333334,0.5534078176849004,30,H200
2026-01-04T21:00:00.000Z,2026-01-04T21:00:00.000Z,H200,global,2.4,0.5562564327348958,30,H200
2026-01-05T21:00:00.000Z,2026-01-05T21:00:00.000Z,H200,global,2.370833333333333,0.5573754140006215,30,H200
2026-01-06T21:00:00.000Z,2026-01-06T21:00:00.000Z,H200,global,2.3325,0.5587426316756281,30,H200
2026-01-07T21:00:00.000Z,2026-01-07T21:00:00.000Z,H200,global,2.28,0.5613803703535365,30,H200
2026-01-08T21:00:00.000Z,2026-01-08T21:00:00.000Z,H200,global,2.280869565217391,0.5590979694393847,30,H200
2026-01-09T21:00:00.000Z,2026-01-09T21:00:00.000Z,H200,global,2.2733333333333334,0.5506836141593408,30,H200
2026-01-10T21:00:00.000Z,2026-01-10T21:00:00.000Z,H200,global,2.2445833333333334,0.542969618351205,30,H200
2026-01-11T21:00:00.000Z,2026-01-11T21:00:00.000Z,H200,global,2.24875,0.5376926841513183,30,H200
2026-01-12T21:00:00.000Z,2026-01-12T21:00:00.000Z,H200,global,2.26,0.5219484576929906,30,H200
2026-01-13T21:00:00.000Z,2026-01-13T21:00:00.000Z,H200,global,2.2666666666666666,0.5116848227659482,30,H200
2026-01-14T21:00:00.000Z,2026-01-14T21:00:00.000Z,H200,global,2.2866666666666666,0.5124733978860361,30,H200
2026-01-15T21:00:00.000Z,2026-01-15T21:00:00.000Z,H200,global,2.28,0.4935071976892811,30,H200
2026-01-16T21:00:00.000Z,2026-01-16T21:00:00.000Z,H200,global,2.2904166666666668,0.47748497961458497,30,H200
2026-01-17T21:00:00.000Z,2026-01-17T21:00:00.000Z,H200,global,2.2958333333333334,0.47254591938637885,30,H200
2026-01-18T21:00:00.000Z,2026-01-18T21:00:00.000Z,H200,global,2.3,0.47271293341418313,30,H200
2026-01-19T21:00:00.000Z,2026-01-19T21:00:00.000Z,H200,global,2.26875,0.3287907396384596,30,H200
2026-01-20T21:00:00.000Z,2026-01-20T21:00:00.000Z,H200,global,2.2783333333333333,0.313811605960437,30,H200
2026-01-21T21:00:00.000Z,2026-01-21T21:00:00.000Z,H200,global,2.274583333333333,0.26731375436347565,30,H200
2026-01-22T21:00:00.000Z,2026-01-22T21:00:00.000Z,H200,global,2.2245833333333334,0.2699724004107982,30,H200
2026-01-23T21:00:00.000Z,2026-01-23T21:00:00.000Z,H200,global,2.245833333333333,0.2697124052352994,30,H200
2026-01-24T21:00:00.000Z,2026-01-24T21:00:00.000Z,H200,global,2.2395833333333335,0.2696553503889036,30,H200
2026-01-25T21:00:00.000Z,2026-01-25T21:00:00.000Z,H200,global,2.2116666666666664,0.2715511239708286,30,H200
2026-01-26T21:00:00.000Z,2026-01-26T21:00:00.000Z,H200,global,2.2279166666666668,0.2696193563463393,30,H200
2026-01-27T21:00:00.000Z,2026-01-27T21:00:00.000Z,H200,global,2.2579166666666666,0.2749191120370867,30,H200
2026-01-28T21:00:00.000Z,2026-01-28T21:00:00.000Z,H200,global,2.28125,0.2779149199435442,30,H200
2026-01-29T21:00:00.000Z,2026-01-29T21:00:00.000Z,H200,global,2.263333333333333,0.24779150733920288,30,H200
2026-01-30T21:00:00.000Z,2026-01-30T21:00:00.000Z,H200,global,2.2475,0.22959500827366297,30,H200
2026-01-31T21:00:00.000Z,2026-01-31T21:00:00.000Z,H200,global,2.2775,0.23406450175858112,30,H200
2026-02-01T21:00:00.000Z,2026-02-01T21:00:00.000Z,H200,global,2.2829166666666665,0.23324388984209452,30,H200
2026-02-02T21:00:00.000Z,2026-02-02T21:00:00.000Z,H200,global,2.2929166666666667,0.19506733064023998,30,H200
2026-02-03T21:00:00.000Z,2026-02-03T21:00:00.000Z,H200,global,2.2704166666666667,0.18975607890000315,30,H200
2026-02-04T21:00:00.000Z,2026-02-04T21:00:00.000Z,H200,global,2.2083333333333335,0.20731138286698939,30,H200
2026-02-05T21:00:00.000Z,2026-02-05T21:00:00.000Z,H200,global,2.2504166666666667,0.21376482952895973,30,H200
2026-02-06T21:00:00.000Z,2026-02-06T21:00:00.000Z,H200,global,2.26875,0.20131889463135713,30,H200
2026-02-07T21:00:00.000Z,2026-02-07T21:00:00.000Z,H200,global,2.24625,0.20418100724579466,30,H200
2026-02-08T21:00:00.000Z,2026-02-08T21:00:00.000Z,H200,global,2.26625,0.20648257847673593,30,H200
2026-02-09T21:00:00.000Z,2026-02-09T21:00:00.000Z,H200,global,2.2725,0.20157318101753433,30,H200
2026-02-10T21:00:00.000Z,2026-02-10T21:00:00.000Z,H200,global,2.2604166666666665,0.20248226652196796,30,H200
2026-02-11T21:00:00.000Z,2026-02-11T21:00:00.000Z,H200,global,2.2845833333333334,0.205112568528995,30,H200
2026-02-12T21:00:00.000Z,2026-02-12T21:00:00.000Z,H200,global,2.2258333333333336,0.22453274625756284,30,H200
2026-02-13T21:00:00.000Z,2026-02-13T21:00:00.000Z,H200,global,2.1970833333333335,0.2259192224073241,30,H200
2026-02-14T21:00:00.000Z,2026-02-14T21:00:00.000Z,H200,global,2.1966666666666668,0.22587845150618677,30,H200
2026-02-15T21:00:00.000Z,2026-02-15T21:00:00.000Z,H200,global,2.2175,0.2280866330182841,30,H200
2026-02-16T21:00:00.000Z,2026-02-16T21:00:00.000Z,H200,global,2.214166666666667,0.22775103261286006,30,H200
2026-02-17T21:00:00.000Z,2026-02-17T21:00:00.000Z,H200,global,2.234166666666667,0.23031157612469957,30,H200
2026-02-18T21:00:00.000Z,2026-02-18T21:00:00.000Z,H200,global,2.2325,0.2256988408147377,30,H200
2026-02-19T21:00:00.000Z,2026-02-19T21:00:00.000Z,H200,global,2.2325,0.22505980925496127,30,H200
2026-02-20T21:00:00.000Z,2026-02-20T21:00:00.000Z,H200,global,2.2342857142857144,0.2250889197786489,30,H200
2026-02-21T21:00:00.000Z,2026-02-21T21:00:00.000Z,H200,global,2.22625,0.21152779292247162,30,H200
2026-02-22T21:00:00.000Z,2026-02-22T21:00:00.000Z,H200,global,2.252083333333333,0.21278796659921728,30,H200
2026-02-23T21:00:00.000Z,2026-02-23T21:00:00.000Z,H200,global,2.27,0.21423858467637516,30,H200
2026-02-24T21:00:00.000Z,2026-02-24T21:00:00.000Z,H200,global,2.2645833333333334,0.2093597752897707,30,H200
2026-02-25T21:00:00.000Z,2026-02-25T21:00:00.000Z,H200,global,2.3091666666666666,0.2182594225539788,30,H200
2026-02-26T21:00:00.000Z,2026-02-26T21:00:00.000Z,H200,global,2.2820833333333335,0.21823849336619403,30,H200
2026-02-27T21:00:00.000Z,2026-02-27T21:00:00.000Z,H200,global,2.3029166666666665,0.21759411636216883,30,H200
2026-02-28T21:00:00.000Z,2026-02-28T21:00:00.000Z,H200,global,2.42125,0.2762149859525704,30,H200
2026-03-01T21:00:00.000Z,2026-03-01T21:00:00.000Z,H200,global,2.335,0.3058268368195192,30,H200
2026-03-02T21:00:00.000Z,2026-03-02T21:00:00.000Z,H200,global,2.37375,0.30760348101787144,30,H200
2026-03-03T21:00:00.000Z,2026-03-03T21:00:00.000Z,H200,global,2.422083333333333,0.3145035921121352,30,H200
2026-03-04T21:00:00.000Z,2026-03-04T21:00:00.000Z,H200,global,2.4454166666666666,0.3155289982593946,30,H200
2026-03-05T21:00:00.000Z,2026-03-05T21:00:00.000Z,H200,global,2.4120833333333334,0.3176600477644638,30,H200
2026-03-06T21:00:00.000Z,2026-03-06T21:00:00.000Z,H200,global,2.424782608695652,0.2990803163316367,30,H200
2026-03-07T21:00:00.000Z,2026-03-07T21:00:00.000Z,H200,global,2.410833333333333,0.2950622172421225,30,H200
2026-03-08T20:00:00.000Z,2026-03-08T20:00:00.000Z,H200,global,2.388333333333333,0.29702179855017147,30,H200
2026-03-09T20:00:00.000Z,2026-03-09T20:00:00.000Z,H200,global,2.425,0.29755761692603816,30,H200
2026-03-10T20:00:00.000Z,2026-03-10T20:00:00.000Z,H200,global,2.401666666666667,0.29962432626987556,30,H200
2026-03-11T20:00:00.000Z,2026-03-11T20:00:00.000Z,H200,global,2.439583333333333,0.3034286409929911,30,H200
2026-03-12T20:00:00.000Z,2026-03-12T20:00:00.000Z,H200,global,2.4725,0.30448243600973707,30,H200
2026-03-13T20:00:00.000Z,2026-03-13T20:00:00.000Z,H200,global,2.4783333333333335,0.3032329207874193,30,H200
2026-03-14T20:00:00.000Z,2026-03-14T20:00:00.000Z,H200,global,2.4941666666666666,0.28506614593991214,30,H200
2026-03-15T20:00:00.000Z,2026-03-15T20:00:00.000Z,H200,global,2.52625,0.28008981523523657,30,H200
2026-03-16T20:00:00.000Z,2026-03-16T20:00:00.000Z,H200,global,2.54,0.2795521233009418,30,H200
2026-03-17T20:00:00.000Z,2026-03-17T20:00:00.000Z,H200,global,2.5966666666666667,0.2855698449777025,30,H200
2026-03-18T20:00:00.000Z,2026-03-18T20:00:00.000Z,H200,global,2.6345833333333335,0.2862515341080975,30,H200
2026-03-19T20:00:00.000Z,2026-03-19T20:00:00.000Z,H200,global,2.65,0.28601943639034344,30,H200
2026-03-20T20:00:00.000Z,2026-03-20T20:00:00.000Z,H200,global,2.62625,0.28978286476430976,30,H200
2026-03-21T20:00:00.000Z,2026-03-21T20:00:00.000Z,H200,global,2.5933333333333333,0.2960215261967003,30,H200
2026-03-22T20:00:00.000Z,2026-03-22T20:00:00.000Z,H200,global,2.5875,0.2967561649009944,30,H200
2026-03-23T20:00:00.000Z,2026-03-23T20:00:00.000Z,H200,global,2.58375,0.2960747357867761,30,H200
2026-03-24T20:00:00.000Z,2026-03-24T20:00:00.000Z,H200,global,2.5329166666666665,0.30735186475449033,30,H200
2026-03-25T20:00:00.000Z,2026-03-25T20:00:00.000Z,H200,global,2.485,0.31721301878075564,30,H200
2026-03-26T20:00:00.000Z,2026-03-26T20:00:00.000Z,H200,global,2.455238095238095,0.32105111200364367,30,H200
2026-03-27T20:00:00.000Z,2026-03-27T20:00:00.000Z,H200,global,2.489,0.3178351988902344,30,H200
2026-03-28T20:00:00.000Z,2026-03-28T20:00:00.000Z,H200,global,2.5195833333333333,0.3152645642428247,30,H200
2026-03-29T20:00:00.000Z,2026-03-29T20:00:00.000Z,H200,global,2.475,0.3229512598908043,30,H200
2026-03-30T20:00:00.000Z,2026-03-30T20:00:00.000Z,H200,global,2.49375,0.2742754683915914,30,H200
2026-03-31T20:00:00.000Z,2026-03-31T20:00:00.000Z,H200,global,2.5529166666666665,0.2502271081469797,30,H200
2026-04-01T20:00:00.000Z,2026-04-01T20:00:00.000Z,H200,global,2.5920833333333335,0.24942605769709456,30,H200
2026-04-02T20:00:00.000Z,2026-04-02T20:00:00.000Z,H200,global,2.59125,0.24173707358877355,30,H200
2026-04-03T20:00:00.000Z,2026-04-03T20:00:00.000Z,H200,global,2.575,0.2420158973748662,30,H200
2026-04-04T20:00:00.000Z,2026-04-04T20:00:00.000Z,H200,global,2.57625,0.23559173093759725,30,H200
2026-04-05T20:00:00.000Z,2026-04-05T20:00:00.000Z,H200,global,2.575,0.2355047820997749,30,H200
2026-04-06T20:00:00.000Z,2026-04-06T20:00:00.000Z,H200,global,2.575833333333333,0.23392733855460723,30,H200
2026-04-07T20:00:00.000Z,2026-04-07T20:00:00.000Z,H200,global,2.589583333333333,0.2303581586217083,30,H200
2026-04-08T20:00:00.000Z,2026-04-08T20:00:00.000Z,H200,global,2.5854166666666667,0.22627505206658588,30,H200
2026-04-09T20:00:00.000Z,2026-04-09T20:00:00.000Z,H200,global,2.6354166666666665,0.22966056477492972,30,H200
2026-04-10T20:00:00.000Z,2026-04-10T20:00:00.000Z,H200,global,2.7841666666666667,0.28964865531003287,30,H200
2026-04-11T20:00:00.000Z,2026-04-11T20:00:00.000Z,H200,global,2.68375,0.3211265853878409,30,H200
2026-04-12T20:00:00.000Z,2026-04-12T20:00:00.000Z,H200,global,2.595,0.34527973625273994,30,H200
2026-04-13T20:00:00.000Z,2026-04-13T20:00:00.000Z,H200,global,2.6325,0.347798537604189,30,H200
2026-04-14T20:00:00.000Z,2026-04-14T20:00:00.000Z,H200,global,2.8341666666666665,0.4279679700374767,30,H200
2026-04-15T20:00:00.000Z,2026-04-15T20:00:00.000Z,H200,global,3.035416666666667,0.4839901859779871,30,H200
2026-04-16T20:00:00.000Z,2026-04-16T20:00:00.000Z,H200,global,3.085,0.48195984239177825,30,H200
2026-04-17T20:00:00.000Z,2026-04-17T20:00:00.000Z,H200,global,3.1483333333333334,0.4837163388578992,30,H200
2026-04-18T20:00:00.000Z,2026-04-18T20:00:00.000Z,H200,global,3.3633333333333333,0.5272125322514997,30,H200
2026-04-19T20:00:00.000Z,2026-04-19T20:00:00.000Z,H200,global,3.6283333333333334,0.5738787681264678,30,H200
2026-04-20T20:00:00.000Z,2026-04-20T20:00:00.000Z,H200,global,3.78125,0.5770167120435774,30,H200
2026-04-21T20:00:00.000Z,2026-04-21T20:00:00.000Z,H200,global,3.8216666666666668,0.5745961699009652,30,H200
2026-04-22T20:00:00.000Z,2026-04-22T20:00:00.000Z,H200,global,3.8075,0.5753663426844932,30,H200
2026-04-23T20:00:00.000Z,2026-04-23T20:00:00.000Z,H200,global,3.6454166666666667,0.5977872480306496,30,H200
2026-04-24T20:00:00.000Z,2026-04-24T20:00:00.000Z,H200,global,3.5854166666666667,0.596202902471773,30,H200
2026-04-25T20:00:00.000Z,2026-04-25T20:00:00.000Z,H200,global,3.2025,0.7354908555705536,30,H200
2026-04-26T20:00:00.000Z,2026-04-26T20:00:00.000Z,H200,global,3.151666666666667,0.7403138325987869,30,H200
2026-04-27T20:00:00.000Z,2026-04-27T20:00:00.000Z,H200,global,3.1545833333333335,0.7405270915325372,30,H200
2026-04-28T20:00:00.000Z,2026-04-28T20:00:00.000Z,H200,global,3.33625,0.7534003319055586,30,H200
2026-04-29T20:00:00.000Z,2026-04-29T20:00:00.000Z,H200,global,3.4775,0.7612852281323372,30,H200
2026-04-30T20:00:00.000Z,2026-04-30T20:00:00.000Z,H200,global,3.79125,0.8045684120588693,30,H200
2026-05-01T20:00:00.000Z,2026-05-01T20:00:00.000Z,H200,global,4.08875,0.8334858451190164,30,H200
2026-05-02T20:00:00.000Z,2026-05-02T20:00:00.000Z,H200,global,3.9570833333333333,0.8486084250927788,30,H200
2026-05-03T20:00:00.000Z,2026-05-03T20:00:00.000Z,H200,global,3.8466666666666667,0.8586814716668314,30,H200
2026-05-04T20:00:00.000Z,2026-05-04T20:00:00.000Z,H200,global,4.04,0.8661737034766166,30,H200
2026-05-05T20:00:00.000Z,2026-05-05T20:00:00.000Z,H200,global,4.07,0.8648355902888354,30,H200
2026-05-06T20:00:00.000Z,2026-05-06T20:00:00.000Z,H200,global,4.132083333333333,0.8631574809298619,30,H200
2026-05-07T20:00:00.000Z,2026-05-07T20:00:00.000Z,H200,global,4.0216666666666665,0.8754021516701911,30,H200
2026-05-08T20:00:00.000Z,2026-05-08T20:00:00.000Z,H200,global,3.9720833333333334,0.8787330862631881,30,H200
2026-05-09T20:00:00.000Z,2026-05-09T20:00:00.000Z,H200,global,4.17,0.8867526431768418,30,H200
2026-05-10T20:00:00.000Z,2026-05-10T20:00:00.000Z,H200,global,4.247916666666667,0.8753034574532744,30,H200
2026-05-11T20:00:00.000Z,2026-05-11T20:00:00.000Z,H200,global,4.176666666666667,0.8634719668846376,30,H200
2026-05-12T20:00:00.000Z,2026-05-12T20:00:00.000Z,H200,global,4.229583333333333,0.8457519452334527,30,H200
2026-05-13T20:00:00.000Z,2026-05-13T20:00:00.000Z,H200,global,4.440833333333333,0.8532350565847201,30,H200
2026-05-14T20:00:00.000Z,2026-05-14T20:00:00.000Z,H200,global,4.4925,0.8287364061528195,30,H200
2026-05-15T20:00:00.000Z,2026-05-15T20:00:00.000Z,H200,global,4.964166666666666,0.8605461037577021,30,H200
2026-05-16T20:00:00.000Z,2026-05-16T20:00:00.000Z,H200,global,6.3975,1.1939098981930627,30,H200
2026-05-17T20:00:00.000Z,2026-05-17T20:00:00.000Z,H200,global,7.01375,1.2168294078962691,30,H200
2026-05-18T20:00:00.000Z,2026-05-18T20:00:00.000Z,H200,global,5.72,1.4491065142230948,30,H200
2026-05-19T20:00:00.000Z,2026-05-19T20:00:00.000Z,H200,global,4.721666666666667,1.606165150121322,30,H200
2026-05-20T20:00:00.000Z,2026-05-20T20:00:00.000Z,H200,global,4.762083333333333,1.60188064758299,30,H200
2026-05-21T20:00:00.000Z,2026-05-21T20:00:00.000Z,H200,global,5.78875,1.7304059649357362,30,H200
2026-05-22T20:00:00.000Z,2026-05-22T20:00:00.000Z,H200,global,5.068333333333333,1.8040115605879237,30,H200
2026-05-23T20:00:00.000Z,2026-05-23T20:00:00.000Z,H200,global,5.415,1.8039863116614125,30,H200
2026-05-24T20:00:00.000Z,2026-05-24T20:00:00.000Z,H200,global,4.385,1.964650178846532,30,H200
2026-05-25T20:00:00.000Z,2026-05-25T20:00:00.000Z,H200,global,4.105,1.935262415966316,30,H200
2026-05-26T20:00:00.000Z,2026-05-26T20:00:00.000Z,H200,global,3.99375,1.9374866986868198,30,H200
2026-05-27T20:00:00.000Z,2026-05-27T20:00:00.000Z,H200,global,3.8979166666666667,1.9406215296872085,30,H200
2026-05-28T20:00:00.000Z,2026-05-28T20:00:00.000Z,H200,global,3.930833333333333,1.9325998026543572,30,H200
2026-05-29T20:00:00.000Z,2026-05-29T20:00:00.000Z,H200,global,3.9983333333333335,1.9287462124345878,30,H200
2026-05-30T20:00:00.000Z,2026-05-30T20:00:00.000Z,H200,global,4.312916666666666,1.923418728943072,30,H200
2026-05-31T20:00:00.000Z,2026-05-31T20:00:00.000Z,H200,global,5.025,1.9775622841860934,30,H200
2026-06-01T20:00:00.000Z,2026-06-01T20:00:00.000Z,H200,global,4.6570833333333335,1.9941765263809192,30,H200
2026-06-02T20:00:00.000Z,2026-06-02T20:00:00.000Z,H200,global,4.122083333333333,2.040394905039882,30,H200
2026-06-03T20:00:00.000Z,2026-06-03T20:00:00.000Z,H200,global,3.9145833333333333,2.041595107802981,30,H200
2026-06-04T20:00:00.000Z,2026-06-04T20:00:00.000Z,H200,global,3.9291666666666667,2.041443767090635,30,H200
2026-06-05T20:00:00.000Z,2026-06-05T20:00:00.000Z,H200,global,4.367083333333333,2.074699721713103,30,H200
2026-06-06T20:00:00.000Z,2026-06-06T20:00:00.000Z,H200,global,4.708333333333333,2.0874032634319555,30,H200
2026-06-07T20:00:00.000Z,2026-06-07T20:00:00.000Z,H200,global,4.706666666666667,2.086543054774652,30,H200
2026-06-08T20:00:00.000Z,2026-06-08T20:00:00.000Z,H200,global,4.599166666666667,2.082948937926731,30,H200
2026-06-09T20:00:00.000Z,2026-06-09T20:00:00.000Z,H200,global,4.128333333333333,2.117747807682825,30,H200
2026-06-10T20:00:00.000Z,2026-06-10T20:00:00.000Z,H200,global,3.785,2.1383211387530108,30,H200
2026-06-11T20:00:00.000Z,2026-06-11T20:00:00.000Z,H200,global,3.795,2.137673065813265,30,H200
2026-06-12T20:00:00.000Z,2026-06-12T20:00:00.000Z,H200,global,3.78125,2.1293190125487094,30,H200
2026-06-13T20:00:00.000Z,2026-06-13T20:00:00.000Z,H200,global,3.6691666666666665,2.1301086628941786,30,H200
2026-06-14T20:00:00.000Z,2026-06-14T20:00:00.000Z,H200,global,3.5745833333333334,2.0958164770083534,30,H200
2026-06-15T20:00:00.000Z,2026-06-15T20:00:00.000Z,H200,global,3.5929166666666665,1.8677581748408332,30,H200
2026-06-16T20:00:00.000Z,2026-06-16T20:00:00.000Z,H200,global,3.5966666666666667,1.8260891015186005,30,H200
2026-06-17T20:00:00.000Z,2026-06-17T20:00:00.000Z,H200,global,3.5079166666666666,1.7046992704997088,30,H200
2026-06-18T20:00:00.000Z,2026-06-18T20:00:00.000Z,H200,global,3.4691666666666667,1.5827011169467946,30,H200
2026-06-19T20:00:00.000Z,2026-06-19T20:00:00.000Z,H200,global,3.495416666666667,1.582557558697655,30,H200
2026-06-20T20:00:00.000Z,2026-06-20T20:00:00.000Z,H200,global,3.4629166666666666,1.398292750856721,30,H200
2026-06-21T20:00:00.000Z,2026-06-21T20:00:00.000Z,H200,global,3.4325,1.3345112555917396,30,H200
2026-06-22T20:00:00.000Z,2026-06-22T20:00:00.000Z,H200,global,3.439583333333333,1.30506545941704,30,H200
2026-06-23T20:00:00.000Z,2026-06-23T20:00:00.000Z,H200,global,3.379583333333333,1.0976256366603234,30,H200
2026-06-24T20:00:00.000Z,2026-06-24T20:00:00.000Z,H200,global,3.3454166666666665,1.0780418659463002,30,H200
2026-06-25T20:00:00.000Z,2026-06-25T20:00:00.000Z,H200,global,2.9920833333333334,1.1366931416327148,30,H200
2026-06-26T20:00:00.000Z,2026-06-26T20:00:00.000Z,H200,global,3.4879166666666666,1.2690026745240637,30,H200
2026-06-27T20:00:00.000Z,2026-06-27T20:00:00.000Z,H200,global,3.5745833333333334,1.2721852031261074,30,H200
2026-06-28T20:00:00.000Z,2026-06-28T20:00:00.000Z,H200,global,3.5708333333333333,1.270134815993576,30,H200
2026-06-29T20:00:00.000Z,2026-06-29T20:00:00.000Z,H200,global,3.6054166666666667,1.2385927098211422,30,H200
2026-06-30T20:00:00.000Z,2026-06-30T20:00:00.000Z,H200,global,3.64625,1.1009622591739567,30,H200
2026-07-01T20:00:00.000Z,2026-07-01T20:00:00.000Z,H200,global,3.890833333333333,1.1054419380832643,30,H200
2026-07-02T20:00:00.000Z,2026-07-02T20:00:00.000Z,H200,global,4.020833333333333,1.030275716784442,30,H200
2026-07-03T20:00:00.000Z,2026-07-03T20:00:00.000Z,H200,global,4.057083333333333,1.0142133808835772,30,H200
2026-07-04T20:00:00.000Z,2026-07-04T20:00:00.000Z,H200,global,4.0175,1.0148860202960186,30,H200
2026-07-05T20:00:00.000Z,2026-07-05T20:00:00.000Z,H200,global,4.034583333333333,0.941946054678127,30,H200
2026-07-06T20:00:00.000Z,2026-07-06T20:00:00.000Z,H200,global,4.102083333333334,0.9022963088604784,30,H200
2026-07-07T20:00:00.000Z,2026-07-07T20:00:00.000Z,H200,global,4.005416666666667,0.904624803921101,30,H200
2026-07-08T20:00:00.000Z,2026-07-08T20:00:00.000Z,H200,global,4.102083333333334,0.9078633812288204,30,H200
2026-07-09T20:00:00.000Z,2026-07-09T20:00:00.000Z,H200,global,4.206666666666667,0.8310983876751694,30,H200
2026-07-10T20:00:00.000Z,2026-07-10T20:00:00.000Z,H200,global,4.269166666666667,0.7698330458006796,30,H200
2026-07-11T20:00:00.000Z,2026-07-11T20:00:00.000Z,H200,global,4.468333333333334,0.7833324948390331,30,H200
2026-07-12T20:00:00.000Z,2026-07-12T20:00:00.000Z,H200,global,4.389583333333333,0.7869426639944813,30,H200
2026-07-13T20:00:00.000Z,2026-07-13T20:00:00.000Z,H200,global,4.392083333333333,0.7769523810562177,30,H200
2026-07-14T20:00:00.000Z,2026-07-14T20:00:00.000Z,H200,global,4.35625,0.7701141776204486,30,H200
2026-07-15T20:00:00.000Z,2026-07-15T20:00:00.000Z,H200,global,4.619583333333333,0.7912075031447906,30,H200
2026-07-16T20:00:00.000Z,2026-07-16T20:00:00.000Z,H200,global,4.767083333333333,0.7947534912035967,30,H200
2026-07-17T20:00:00.000Z,2026-07-17T20:00:00.000Z,H200,global,4.79125,0.7852500265207121,30,H200
2026-07-18T20:00:00.000Z,2026-07-18T20:00:00.000Z,H200,global,4.779166666666667,0.7828593434164525,30,H200
2026-07-19T20:00:00.000Z,2026-07-19T20:00:00.000Z,H200,global,4.90125,0.7843955400896182,30,H200
2026-07-20T20:00:00.000Z,2026-07-20T20:00:00.000Z,H200,global,4.9875,0.7810951321849586,30,H200
2026-07-21T20:00:00.000Z,2026-07-21T20:00:00.000Z,H200,global,4.9625,0.7799226658938225,30,H200
2026-07-22T20:00:00.000Z,2026-07-22T20:00:00.000Z,H200,global,4.84,0.7900319951186314,30,H200
2026-07-23T20:00:00.000Z,2026-07-23T20:00:00.000Z,H200,global,4.660416666666666,0.8024133535930379,30,H200
2026-07-24T20:00:00.000Z,2026-07-24T20:00:00.000Z,H200,global,4.546666666666667,0.8087565709796773,30,H200
2026-07-25T20:00:00.000Z,2026-07-25T20:00:00.000Z,H200,global,4.550833333333333,0.680439588078433,30,H200
2026-07-26T20:00:00.000Z,2026-07-26T20:00:00.000Z,H200,global,4.862916666666667,0.49988709246791413,30,H200
2026-07-27T20:00:00.000Z,2026-07-27T20:00:00.000Z,H200,global,5.305833333333333,0.5646510822222592,30,H200
2026-07-28T20:00:00.000Z,2026-07-28T20:00:00.000Z,H200,global,5.000416666666666,0.6171964210088667,30,H200
2026-07-29T20:00:00.000Z,2026-07-29T20:00:00.000Z,H200,global,4.98125,0.6194189527004867,30,H200
2026-07-30T20:00:00.000Z,2026-07-30T20:00:00.000Z,H200,global,5.39875,0.6654562486484088,30,H200
2026-07-31T20:00:00.000Z,2026-07-31T20:00:00.000Z,H200,global,5.618333333333333,0.6463530409649042,30,H200
2026-08-01T20:00:00.000Z,2026-08-01T20:00:00.000Z,H200,global,5.249583333333334,0.6992734010212969,30,H200
2026-08-02T20:00:00.000Z,2026-08-02T20:00:00.000Z,H200,global,4.817083333333334,0.7736131044452736,30,H200
2026-08-03T20:00:00.000Z,2026-08-03T20:00:00.000Z,H200,global,4.364583333333333,0.8539509692985426,30,H200
2026-08-04T20:00:00.000Z,2026-08-04T20:00:00.000Z,H200,global,4.53625,0.8630500211501124,30,H200
2026-08-05T20:00:00.000Z,2026-08-05T20:00:00.000Z,H200,global,4.8075,0.8826328254378417,30,H200
2026-08-06T20:00:00.000Z,2026-08-06T20:00:00.000Z,H200,global,4.917916666666667,0.8782169337068502,30,H200
2026-08-07T20:00:00.000Z,2026-08-07T20:00:00.000Z,H200,global,4.829166666666667,0.8802171115714936,30,H200
2026-08-08T20:00:00.000Z,2026-08-08T20:00:00.000Z,H200,global,4.555,0.9046093396784501,30,H200
2026-08-09T20:00:00.000Z,2026-08-09T20:00:00.000Z,H200,global,4.665,0.9066994745699607,30,H200
2026-08-10T20:00:00.000Z,2026-08-10T20:00:00.000Z,H200,global,4.66625,0.893558997758622,30,H200
2026-08-11T20:00:00.000Z,2026-08-11T20:00:00.000Z,H200,global,4.491666666666666,0.901851159565029,30,H200
2026-08-12T20:00:00.000Z,2026-08-12T20:00:00.000Z,H200,global,4.51,0.9019243434867239,30,H200
2026-08-13T20:00:00.000Z,2026-08-13T20:00:00.000Z,H200,global,4.704583333333333,0.9126287732790351,30,H200
2026-08-14T20:00:00.000Z,2026-08-14T20:00:00.000Z,H200,global,4.863333333333333,0.8970891910432593,30,H200
2026-08-15T20:00:00.000Z,2026-08-15T20:00:00.000Z,H200,global,4.9375,0.8920820912742908,30,H200
2026-08-16T20:00:00.000Z,2026-08-16T20:00:00.000Z,H200,global,4.751666666666667,0.9024973104524658,30,H200
2026-08-17T20:00:00.000Z,2026-08-17T20:00:00.000Z,H200,global,4.996666666666667,0.9194739670779568,30,H200
2026-08-18T20:00:00.000Z,2026-08-18T20:00:00.000Z,H200,global,5.110416666666667,0.9186402987179849,30,H200
2026-08-19T20:00:00.000Z,2026-08-19T20:00:00.000Z,H200,global,5.287916666666667,0.9241428338647633,30,H200
2026-08-20T20:00:00.000Z,2026-08-20T20:00:00.000Z,H200,global,5.435833333333333,0.9280382476883413,30,H200
2026-08-21T20:00:00.000Z,2026-08-21T20:00:00.000Z,H200,global,5.0929166666666665,0.953534362673686,30,H200
2026-08-22T20:00:00.000Z,2026-08-22T20:00:00.000Z,H200,global,4.853478260869565,0.9595927557809445,30,H200
2026-08-23T20:00:00.000Z,2026-08-23T20:00:00.000Z,H200,global,4.42,1.011757253111335,30,H200
2026-08-24T20:00:00.000Z,2026-08-24T20:00:00.000Z,H200,global,4.33,1.014034354843024,30,H200
2026-08-25T20:00:00.000Z,2026-08-25T20:00:00.000Z,H200,global,4.26375,0.9847184406351309,30,H200
2026-08-26T20:00:00.000Z,2026-08-26T20:00:00.000Z,H200,global,4.244166666666667,0.9277091430228682,30,H200
2026-08-27T20:00:00.000Z,2026-08-27T20:00:00.000Z,H200,global,4.290416666666666,0.9104716144730244,30,H200
2026-08-28T20:00:00.000Z,2026-08-28T20:00:00.000Z,H200,global,4.487916666666667,0.9271142081703218,30,H200
2026-08-29T20:00:00.000Z,2026-08-29T20:00:00.000Z,H200,global,4.437916666666666,0.8763761269839754,30,H200
2026-08-30T20:00:00.000Z,2026-08-30T20:00:00.000Z,H200,global,4.4991666666666665,0.8636005757383682,30,H200
2026-08-31T20:00:00.000Z,2026-08-31T20:00:00.000Z,H200,global,4.42125,0.8366444589147594,30,H200
2024-01-01T21:00:00.000Z,2024-01-01T21:00:00.000Z,A100 SXM4,global,1.654696544576687,0.36423240758379527,30,A100 SXM4
2024-01-02T21:00:00.000Z,2024-01-02T21:00:00.000Z,A100 SXM4,global,1.676731844363714,0.36040101122677903,30,A100 SXM4
2024-01-03T21:00:00.000Z,2024-01-03T21:00:00.000Z,A100 SXM4,global,1.6817262432803382,0.35207990477294404,30,A100 SXM4
2024-01-04T21:00:00.000Z,2024-01-04T21:00:00.000Z,A100 SXM4,global,1.6526019162308134,0.3503519446804202,30,A100 SXM4
2024-01-05T21:00:00.000Z,2024-01-05T21:00:00.000Z,A100 SXM4,global,1.636829137145157,0.34409853100759386,30,A100 SXM4
2024-01-06T21:00:00.000Z,2024-01-06T21:00:00.000Z,A100 SXM4,global,1.6372640327222474,0.33694979043321627,30,A100 SXM4
2024-01-07T21:00:00.000Z,2024-01-07T21:00:00.000Z,A100 SXM4,global,1.6761948521034167,0.343437549374462,30,A100 SXM4
2024-01-08T21:00:00.000Z,2024-01-08T21:00:00.000Z,A100 SXM4,global,1.6721268190665117,0.336822445109247,30,A100 SXM4
2024-01-09T21:00:00.000Z,2024-01-09T21:00:00.000Z,A100 SXM4,global,1.635622953862321,0.33929400003805077,30,A100 SXM4
2024-01-10T21:00:00.000Z,2024-01-10T21:00:00.000Z,A100 SXM4,global,1.619715257245031,0.3344379256539527,30,A100 SXM4
2024-01-11T21:00:00.000Z,2024-01-11T21:00:00.000Z,A100 SXM4,global,1.615099062359943,0.32863848917265254,30,A100 SXM4
2024-01-12T21:00:00.000Z,2024-01-12T21:00:00.000Z,A100 SXM4,global,1.6077459890632566,0.3231175852731006,30,A100 SXM4
2024-01-13T21:00:00.000Z,2024-01-13T21:00:00.000Z,A100 SXM4,global,1.6056601485160258,0.31709896401898335,30,A100 SXM4
2024-01-14T21:00:00.000Z,2024-01-14T21:00:00.000Z,A100 SXM4,global,1.6689949320285375,0.32438656032866287,30,A100 SXM4
2024-01-15T21:00:00.000Z,2024-01-15T21:00:00.000Z,A100 SXM4,global,1.670693666390849,0.3209658671538643,30,A100 SXM4
2024-01-16T21:00:00.000Z,2024-01-16T21:00:00.000Z,A100 SXM4,global,1.6542751128422772,0.31669767558798795,30,A100 SXM4
2024-01-17T21:00:00.000Z,2024-01-17T21:00:00.000Z,A100 SXM4,global,1.6753270438076104,0.31952656911974714,30,A100 SXM4
2024-01-18T21:00:00.000Z,2024-01-18T21:00:00.000Z,A100 SXM4,global,1.6623192051506768,0.3191892947338536,30,A100 SXM4
2024-01-19T21:00:00.000Z,2024-01-19T21:00:00.000Z,A100 SXM4,global,1.6739736707325499,0.3079342745575688,30,A100 SXM4
2024-01-20T21:00:00.000Z,2024-01-20T21:00:00.000Z,A100 SXM4,global,1.5966502797268347,0.3377020907296949,30,A100 SXM4
2024-01-21T21:00:00.000Z,2024-01-21T21:00:00.000Z,A100 SXM4,global,1.6771587802648389,0.3804030464185503,30,A100 SXM4
2024-01-22T21:00:00.000Z,2024-01-22T21:00:00.000Z,A100 SXM4,global,1.6305596697934357,0.39255316820112496,30,A100 SXM4
2024-01-23T21:00:00.000Z,2024-01-23T21:00:00.000Z,A100 SXM4,global,1.6565494702065349,0.3850137080686917,30,A100 SXM4
2024-01-24T21:00:00.000Z,2024-01-24T21:00:00.000Z,A100 SXM4,global,1.6307460214593705,0.38850947841109296,30,A100 SXM4
2024-01-25T21:00:00.000Z,2024-01-25T21:00:00.000Z,A100 SXM4,global,1.6331784335033805,0.38009630037209025,30,A100 SXM4
2024-01-26T21:00:00.000Z,2024-01-26T21:00:00.000Z,A100 SXM4,global,1.6221391521889121,0.3776701832936027,30,A100 SXM4
2024-01-27T21:00:00.000Z,2024-01-27T21:00:00.000Z,A100 SXM4,global,1.618085384162642,0.3612690382571105,30,A100 SXM4
2024-01-28T21:00:00.000Z,2024-01-28T21:00:00.000Z,A100 SXM4,global,1.6214514334951744,0.35296493387377753,30,A100 SXM4
2024-01-29T21:00:00.000Z,2024-01-29T21:00:00.000Z,A100 SXM4,global,1.6211707776618116,0.35168833360425267,30,A100 SXM4
2024-01-30T21:00:00.000Z,2024-01-30T21:00:00.000Z,A100 SXM4,global,1.6368068178842943,0.3532856926654199,30,A100 SXM4
2024-01-31T21:00:00.000Z,2024-01-31T21:00:00.000Z,A100 SXM4,global,1.633555617781501,0.3496564528376557,30,A100 SXM4
2024-02-01T21:00:00.000Z,2024-02-01T21:00:00.000Z,A100 SXM4,global,1.626266775581568,0.34639032690630933,30,A100 SXM4
2024-02-02T21:00:00.000Z,2024-02-02T21:00:00.000Z,A100 SXM4,global,1.574830484502965,0.3625715014560615,30,A100 SXM4
2024-02-03T21:00:00.000Z,2024-02-03T21:00:00.000Z,A100 SXM4,global,1.5689243229467698,0.3584289029582082,30,A100 SXM4
2024-02-04T21:00:00.000Z,2024-02-04T21:00:00.000Z,A100 SXM4,global,1.6250480460437784,0.37943719267997633,30,A100 SXM4
2024-02-05T21:00:00.000Z,2024-02-05T21:00:00.000Z,A100 SXM4,global,1.6143725460993181,0.3800752232034977,30,A100 SXM4
2024-02-06T21:00:00.000Z,2024-02-06T21:00:00.000Z,A100 SXM4,global,1.6190294536063856,0.3703904588421694,30,A100 SXM4
2024-02-07T21:00:00.000Z,2024-02-07T21:00:00.000Z,A100 SXM4,global,1.6256051250591372,0.3708000584980724,30,A100 SXM4
2024-02-08T21:00:00.000Z,2024-02-08T21:00:00.000Z,A100 SXM4,global,1.6058656793780817,0.36528326837431696,30,A100 SXM4
2024-02-09T21:00:00.000Z,2024-02-09T21:00:00.000Z,A100 SXM4,global,1.474673634862393,0.46914693165721727,30,A100 SXM4
2024-02-10T21:00:00.000Z,2024-02-10T21:00:00.000Z,A100 SXM4,global,1.5692771389043358,0.521537495315417,30,A100 SXM4
2024-02-11T21:00:00.000Z,2024-02-11T21:00:00.000Z,A100 SXM4,global,1.4832744992568736,0.5561890438118552,30,A100 SXM4
2024-02-12T21:00:00.000Z,2024-02-12T21:00:00.000Z,A100 SXM4,global,1.4587870753586627,0.5582797440848914,30,A100 SXM4
2024-02-13T21:00:00.000Z,2024-02-13T21:00:00.000Z,A100 SXM4,global,1.4882974224930692,0.5442787809563233,30,A100 SXM4
2024-02-14T21:00:00.000Z,2024-02-14T21:00:00.000Z,A100 SXM4,global,1.4928725427636547,0.5445553005378957,30,A100 SXM4
2024-02-15T21:00:00.000Z,2024-02-15T21:00:00.000Z,A100 SXM4,global,1.4875045374719853,0.5441066970476002,30,A100 SXM4
2024-02-16T21:00:00.000Z,2024-02-16T21:00:00.000Z,A100 SXM4,global,1.4590897545681187,0.5435498388608415,30,A100 SXM4
2024-02-17T21:00:00.000Z,2024-02-17T21:00:00.000Z,A100 SXM4,global,1.4814154397593862,0.547747325056361,30,A100 SXM4
2024-02-18T21:00:00.000Z,2024-02-18T21:00:00.000Z,A100 SXM4,global,1.4737150219984179,0.5463633900952092,30,A100 SXM4
2024-02-19T21:00:00.000Z,2024-02-19T21:00:00.000Z,A100 SXM4,global,1.5184424381474422,0.5360661596314432,30,A100 SXM4
2024-02-20T21:00:00.000Z,2024-02-20T21:00:00.000Z,A100 SXM4,global,1.559001752118619,0.5142699372720265,30,A100 SXM4
2024-02-21T21:00:00.000Z,2024-02-21T21:00:00.000Z,A100 SXM4,global,1.5774131712358208,0.5079306735685386,30,A100 SXM4
2024-02-22T21:00:00.000Z,2024-02-22T21:00:00.000Z,A100 SXM4,global,1.5653390778176561,0.504682383223393,30,A100 SXM4
2024-02-23T21:00:00.000Z,2024-02-23T21:00:00.000Z,A100 SXM4,global,1.5617310007370164,0.50222545566552,30,A100 SXM4
2024-02-24T21:00:00.000Z,2024-02-24T21:00:00.000Z,A100 SXM4,global,1.4765876359199943,0.5369181446869307,30,A100 SXM4
2024-02-25T21:00:00.000Z,2024-02-25T21:00:00.000Z,A100 SXM4,global,1.5353121720341354,0.5566312573908013,30,A100 SXM4
2024-02-26T21:00:00.000Z,2024-02-26T21:00:00.000Z,A100 SXM4,global,1.5767352635883647,0.5653925754377445,30,A100 SXM4
2024-02-27T21:00:00.000Z,2024-02-27T21:00:00.000Z,A100 SXM4,global,1.5451967685451813,0.569263002638226,30,A100 SXM4
2024-02-28T21:00:00.000Z,2024-02-28T21:00:00.000Z,A100 SXM4,global,1.5339481446670253,0.5695807333081041,30,A100 SXM4
2024-02-29T21:00:00.000Z,2024-02-29T21:00:00.000Z,A100 SXM4,global,1.5524784468939117,0.5702514320435239,30,A100 SXM4
2024-03-01T21:00:00.000Z,2024-03-01T21:00:00.000Z,A100 SXM4,global,1.5484259060813181,0.570258713796546,30,A100 SXM4
2024-03-02T21:00:00.000Z,2024-03-02T21:00:00.000Z,A100 SXM4,global,1.5408623959460221,0.5702858314135155,30,A100 SXM4
2024-03-03T21:00:00.000Z,2024-03-03T21:00:00.000Z,A100 SXM4,global,1.5623267917630013,0.5619858144091759,30,A100 SXM4
2024-03-04T21:00:00.000Z,2024-03-04T21:00:00.000Z,A100 SXM4,global,1.560641234996986,0.5618540130587205,30,A100 SXM4
2024-03-05T21:00:00.000Z,2024-03-05T21:00:00.000Z,A100 SXM4,global,1.5608847033912057,0.5472322451756604,30,A100 SXM4
2024-03-06T21:00:00.000Z,2024-03-06T21:00:00.000Z,A100 SXM4,global,1.5614292737470865,0.5469298610205348,30,A100 SXM4
2024-03-07T21:00:00.000Z,2024-03-07T21:00:00.000Z,A100 SXM4,global,1.5529247902056689,0.54693753361573,30,A100 SXM4
2024-03-08T21:00:00.000Z,2024-03-08T21:00:00.000Z,A100 SXM4,global,1.5726548776896465,0.5488251455698515,30,A100 SXM4
2024-03-09T21:00:00.000Z,2024-03-09T21:00:00.000Z,A100 SXM4,global,1.5491653948610773,0.5496351227864523,30,A100 SXM4
2024-03-10T20:00:00.000Z,2024-03-10T20:00:00.000Z,A100 SXM4,global,1.5417008486969694,0.45900486159659204,30,A100 SXM4
2024-03-11T20:00:00.000Z,2024-03-11T20:00:00.000Z,A100 SXM4,global,1.5740476524814084,0.41021563691842017,30,A100 SXM4
2024-03-12T20:00:00.000Z,2024-03-12T20:00:00.000Z,A100 SXM4,global,1.5963156449888736,0.3584937099398628,30,A100 SXM4
2024-03-13T20:00:00.000Z,2024-03-13T20:00:00.000Z,A100 SXM4,global,1.5954386979917805,0.3520411155663224,30,A100 SXM4
2024-03-14T20:00:00.000Z,2024-03-14T20:00:00.000Z,A100 SXM4,global,1.5755006290805476,0.3505406515449232,30,A100 SXM4
2024-03-15T20:00:00.000Z,2024-03-15T20:00:00.000Z,A100 SXM4,global,1.5481519874033747,0.3569666497951908,30,A100 SXM4
2024-03-16T20:00:00.000Z,2024-03-16T20:00:00.000Z,A100 SXM4,global,1.5266610569007095,0.36054507041830514,30,A100 SXM4
2024-03-17T20:00:00.000Z,2024-03-17T20:00:00.000Z,A100 SXM4,global,1.5419473012019018,0.35434932963830024,30,A100 SXM4
2024-03-18T20:00:00.000Z,2024-03-18T20:00:00.000Z,A100 SXM4,global,1.5441167459282417,0.3510626810521214,30,A100 SXM4
2024-03-19T20:00:00.000Z,2024-03-19T20:00:00.000Z,A100 SXM4,global,1.5359552999067743,0.3510836064212208,30,A100 SXM4
2024-03-20T20:00:00.000Z,2024-03-20T20:00:00.000Z,A100 SXM4,global,1.5423968707797802,0.33592271343339924,30,A100 SXM4
2024-03-21T20:00:00.000Z,2024-03-21T20:00:00.000Z,A100 SXM4,global,1.5455292329147878,0.32283297174440867,30,A100 SXM4
2024-03-22T20:00:00.000Z,2024-03-22T20:00:00.000Z,A100 SXM4,global,1.5786719840497574,0.32891291189629895,30,A100 SXM4
2024-03-23T20:00:00.000Z,2024-03-23T20:00:00.000Z,A100 SXM4,global,1.661559037626119,0.3727013245352163,30,A100 SXM4
2024-03-24T20:00:00.000Z,2024-03-24T20:00:00.000Z,A100 SXM4,global,1.6625383199720172,0.3724179132214075,30,A100 SXM4
2024-03-25T20:00:00.000Z,2024-03-25T20:00:00.000Z,A100 SXM4,global,1.5853598711198995,0.35650953138293406,30,A100 SXM4
2024-03-26T20:00:00.000Z,2024-03-26T20:00:00.000Z,A100 SXM4,global,1.4846754900232007,0.4047112661773337,30,A100 SXM4
2024-03-27T20:00:00.000Z,2024-03-27T20:00:00.000Z,A100 SXM4,global,1.4571418653167847,0.3964119084309707,30,A100 SXM4
2024-03-28T20:00:00.000Z,2024-03-28T20:00:00.000Z,A100 SXM4,global,1.4588755599298515,0.3914663115324563,30,A100 SXM4
2024-03-29T20:00:00.000Z,2024-03-29T20:00:00.000Z,A100 SXM4,global,1.3856741836347222,0.42776100269295153,30,A100 SXM4
2024-03-30T20:00:00.000Z,2024-03-30T20:00:00.000Z,A100 SXM4,global,1.426633623225985,0.4395258399896117,30,A100 SXM4
2024-03-31T20:00:00.000Z,2024-03-31T20:00:00.000Z,A100 SXM4,global,1.465433598340601,0.45153575051867856,30,A100 SXM4
2024-04-01T20:00:00.000Z,2024-04-01T20:00:00.000Z,A100 SXM4,global,1.5021463523821617,0.46074963272059444,30,A100 SXM4
2024-04-02T20:00:00.000Z,2024-04-02T20:00:00.000Z,A100 SXM4,global,1.4854292918441692,0.45897791485669914,30,A100 SXM4
2024-04-03T20:00:00.000Z,2024-04-03T20:00:00.000Z,A100 SXM4,global,1.477189273467688,0.4591701440696162,30,A100 SXM4
2024-04-04T20:00:00.000Z,2024-04-04T20:00:00.000Z,A100 SXM4,global,1.4762486376479156,0.4591352657428325,30,A100 SXM4
2024-04-05T20:00:00.000Z,2024-04-05T20:00:00.000Z,A100 SXM4,global,1.4605801323703387,0.46007641951983824,30,A100 SXM4
2024-04-06T20:00:00.000Z,2024-04-06T20:00:00.000Z,A100 SXM4,global,1.6116533998241565,0.5783774109610795,30,A100 SXM4
2024-04-07T20:00:00.000Z,2024-04-07T20:00:00.000Z,A100 SXM4,global,1.6035716764622021,0.5772793523961327,30,A100 SXM4
2024-04-08T20:00:00.000Z,2024-04-08T20:00:00.000Z,A100 SXM4,global,1.5490446037200574,0.587897527567095,30,A100 SXM4
2024-04-09T20:00:00.000Z,2024-04-09T20:00:00.000Z,A100 SXM4,global,1.6107741779076177,0.6031109478877389,30,A100 SXM4
2024-04-10T20:00:00.000Z,2024-04-10T20:00:00.000Z,A100 SXM4,global,1.62511427135592,0.5997359738782504,30,A100 SXM4
2024-04-11T20:00:00.000Z,2024-04-11T20:00:00.000Z,A100 SXM4,global,1.6243569819245847,0.5979152458970317,30,A100 SXM4
2024-04-12T20:00:00.000Z,2024-04-12T20:00:00.000Z,A100 SXM4,global,1.6267408309834306,0.5979086439813933,30,A100 SXM4
2024-04-13T20:00:00.000Z,2024-04-13T20:00:00.000Z,A100 SXM4,global,1.6275318261620237,0.5960056377119243,30,A100 SXM4
2024-04-14T20:00:00.000Z,2024-04-14T20:00:00.000Z,A100 SXM4,global,1.627309516570083,0.5922526443780018,30,A100 SXM4
2024-04-15T20:00:00.000Z,2024-04-15T20:00:00.000Z,A100 SXM4,global,1.6268256066008246,0.5896217832525866,30,A100 SXM4
2024-04-16T20:00:00.000Z,2024-04-16T20:00:00.000Z,A100 SXM4,global,1.621875810817663,0.5891893535087737,30,A100 SXM4
2024-04-17T20:00:00.000Z,2024-04-17T20:00:00.000Z,A100 SXM4,global,1.6248415174107524,0.5891886776504429,30,A100 SXM4
2024-04-18T20:00:00.000Z,2024-04-18T20:00:00.000Z,A100 SXM4,global,1.6115568768427522,0.5897109134838268,30,A100 SXM4
2024-04-19T20:00:00.000Z,2024-04-19T20:00:00.000Z,A100 SXM4,global,1.5715875495080358,0.5969071614724457,30,A100 SXM4
2024-04-20T20:00:00.000Z,2024-04-20T20:00:00.000Z,A100 SXM4,global,1.618427661921128,0.6052756395300627,30,A100 SXM4
2024-04-21T20:00:00.000Z,2024-04-21T20:00:00.000Z,A100 SXM4,global,1.5896383016960198,0.6046637161684766,30,A100 SXM4
2024-04-22T20:00:00.000Z,2024-04-22T20:00:00.000Z,A100 SXM4,global,1.61367437590154,0.5789264445030626,30,A100 SXM4
2024-04-23T20:00:00.000Z,2024-04-23T20:00:00.000Z,A100 SXM4,global,1.6531090851732426,0.5855199090617391,30,A100 SXM4
2024-04-24T20:00:00.000Z,2024-04-24T20:00:00.000Z,A100 SXM4,global,1.6404096288279006,0.5609531160450653,30,A100 SXM4
2024-04-25T20:00:00.000Z,2024-04-25T20:00:00.000Z,A100 SXM4,global,1.6291234702876747,0.5078901973462246,30,A100 SXM4
2024-04-26T20:00:00.000Z,2024-04-26T20:00:00.000Z,A100 SXM4,global,1.626722901528763,0.5020968336490443,30,A100 SXM4
2024-04-27T20:00:00.000Z,2024-04-27T20:00:00.000Z,A100 SXM4,global,1.648381324140134,0.5031028471481664,30,A100 SXM4
2024-04-28T20:00:00.000Z,2024-04-28T20:00:00.000Z,A100 SXM4,global,1.6531302432354071,0.46157573882084624,30,A100 SXM4
2024-04-29T20:00:00.000Z,2024-04-29T20:00:00.000Z,A100 SXM4,global,1.6604835300397236,0.45389446069993833,30,A100 SXM4
2024-04-30T20:00:00.000Z,2024-04-30T20:00:00.000Z,A100 SXM4,global,1.626709756276379,0.45537399654202365,30,A100 SXM4
2024-05-01T20:00:00.000Z,2024-05-01T20:00:00.000Z,A100 SXM4,global,1.602664238927353,0.4530607472889643,30,A100 SXM4
2024-05-02T20:00:00.000Z,2024-05-02T20:00:00.000Z,A100 SXM4,global,1.641081741948702,0.4564473359122449,30,A100 SXM4
2024-05-03T20:00:00.000Z,2024-05-03T20:00:00.000Z,A100 SXM4,global,1.6334843182157872,0.45623265393179724,30,A100 SXM4
2024-05-04T20:00:00.000Z,2024-05-04T20:00:00.000Z,A100 SXM4,global,1.5848586335638066,0.47092135124269635,30,A100 SXM4
2024-05-05T20:00:00.000Z,2024-05-05T20:00:00.000Z,A100 SXM4,global,1.4996929639546597,0.5104452120593789,30,A100 SXM4
2024-05-06T20:00:00.000Z,2024-05-06T20:00:00.000Z,A100 SXM4,global,1.5129364091588464,0.3717669846496935,30,A100 SXM4
2024-05-07T20:00:00.000Z,2024-05-07T20:00:00.000Z,A100 SXM4,global,1.5521478405476596,0.38387938489437223,30,A100 SXM4
2024-05-08T20:00:00.000Z,2024-05-08T20:00:00.000Z,A100 SXM4,global,1.5301128945774687,0.3677707313584453,30,A100 SXM4
2024-05-09T20:00:00.000Z,2024-05-09T20:00:00.000Z,A100 SXM4,global,1.7454831392040664,0.5759047966736088,30,A100 SXM4
2024-05-10T20:00:00.000Z,2024-05-10T20:00:00.000Z,A100 SXM4,global,1.7008877986773243,0.5839034439410218,30,A100 SXM4
2024-05-11T20:00:00.000Z,2024-05-11T20:00:00.000Z,A100 SXM4,global,1.6884136110630266,0.5846932271761637,30,A100 SXM4
2024-05-12T20:00:00.000Z,2024-05-12T20:00:00.000Z,A100 SXM4,global,1.7283764264634243,0.589757100667606,30,A100 SXM4
2024-05-13T20:00:00.000Z,2024-05-13T20:00:00.000Z,A100 SXM4,global,1.499502911829632,0.7749180313825398,30,A100 SXM4
2024-05-14T20:00:00.000Z,2024-05-14T20:00:00.000Z,A100 SXM4,global,1.4950101059965826,0.7748617363504028,30,A100 SXM4
2024-05-15T20:00:00.000Z,2024-05-15T20:00:00.000Z,A100 SXM4,global,1.5078013254495939,0.775833647789364,30,A100 SXM4
2024-05-16T20:00:00.000Z,2024-05-16T20:00:00.000Z,A100 SXM4,global,1.50929245935878,0.7759276542611383,30,A100 SXM4
2024-05-17T20:00:00.000Z,2024-05-17T20:00:00.000Z,A100 SXM4,global,1.5220766533640553,0.77672241140595,30,A100 SXM4
2024-05-18T20:00:00.000Z,2024-05-18T20:00:00.000Z,A100 SXM4,global,1.5095436736828234,0.7767281709867708,30,A100 SXM4
2024-05-19T20:00:00.000Z,2024-05-19T20:00:00.000Z,A100 SXM4,global,1.4988267291782122,0.7725660651214664,30,A100 SXM4
2024-05-20T20:00:00.000Z,2024-05-20T20:00:00.000Z,A100 SXM4,global,1.5373612889294428,0.7706800299767317,30,A100 SXM4
2024-05-21T20:00:00.000Z,2024-05-21T20:00:00.000Z,A100 SXM4,global,1.5314935442162891,0.7685066157890866,30,A100 SXM4
2024-05-22T20:00:00.000Z,2024-05-22T20:00:00.000Z,A100 SXM4,global,1.4960590142080061,0.769963969982519,30,A100 SXM4
2024-05-23T20:00:00.000Z,2024-05-23T20:00:00.000Z,A100 SXM4,global,1.5164954434527917,0.7662284043199253,30,A100 SXM4
2024-05-24T20:00:00.000Z,2024-05-24T20:00:00.000Z,A100 SXM4,global,1.4757659907453322,0.7707880668558059,30,A100 SXM4
2024-05-25T20:00:00.000Z,2024-05-25T20:00:00.000Z,A100 SXM4,global,1.481929803672531,0.7711447165701263,30,A100 SXM4
2024-05-26T20:00:00.000Z,2024-05-26T20:00:00.000Z,A100 SXM4,global,1.4657679415686313,0.7715946772234871,30,A100 SXM4
2024-05-27T20:00:00.000Z,2024-05-27T20:00:00.000Z,A100 SXM4,global,1.4373316910197727,0.7711461746641364,30,A100 SXM4
2024-05-28T20:00:00.000Z,2024-05-28T20:00:00.000Z,A100 SXM4,global,1.470341457244964,0.7766376098798367,30,A100 SXM4
2024-05-29T20:00:00.000Z,2024-05-29T20:00:00.000Z,A100 SXM4,global,1.454246467683214,0.7764175609069012,30,A100 SXM4
2024-05-30T20:00:00.000Z,2024-05-30T20:00:00.000Z,A100 SXM4,global,1.4064217916733535,0.7810754528676087,30,A100 SXM4
2024-05-31T20:00:00.000Z,2024-05-31T20:00:00.000Z,A100 SXM4,global,1.4485911466240644,0.7892207477382499,30,A100 SXM4
2024-06-01T20:00:00.000Z,2024-06-01T20:00:00.000Z,A100 SXM4,global,1.5295298746143302,0.8094557569112923,30,A100 SXM4
2024-06-02T20:00:00.000Z,2024-06-02T20:00:00.000Z,A100 SXM4,global,1.474198597016711,0.8183504495381294,30,A100 SXM4
2024-06-03T20:00:00.000Z,2024-06-03T20:00:00.000Z,A100 SXM4,global,1.501087622759312,0.8157784075503698,30,A100 SXM4
2024-06-04T20:00:00.000Z,2024-06-04T20:00:00.000Z,A100 SXM4,global,1.4628672778953054,0.7977754369255119,30,A100 SXM4
2024-06-05T20:00:00.000Z,2024-06-05T20:00:00.000Z,A100 SXM4,global,1.4902620114070348,0.7999806287059124,30,A100 SXM4
2024-06-06T20:00:00.000Z,2024-06-06T20:00:00.000Z,A100 SXM4,global,1.5618759751436289,0.8121175423152077,30,A100 SXM4
2024-06-07T20:00:00.000Z,2024-06-07T20:00:00.000Z,A100 SXM4,global,1.5979339666039316,0.8140918733255,30,A100 SXM4
2024-06-08T20:00:00.000Z,2024-06-08T20:00:00.000Z,A100 SXM4,global,1.5324456735339573,0.6783757814455903,30,A100 SXM4
2024-06-09T20:00:00.000Z,2024-06-09T20:00:00.000Z,A100 SXM4,global,1.545147039032768,0.6751740582591647,30,A100 SXM4
2024-06-10T20:00:00.000Z,2024-06-10T20:00:00.000Z,A100 SXM4,global,1.6287412804816384,0.70245573001449,30,A100 SXM4
2024-06-11T20:00:00.000Z,2024-06-11T20:00:00.000Z,A100 SXM4,global,1.5965696040810091,0.6996206636333144,30,A100 SXM4
2024-06-12T20:00:00.000Z,2024-06-12T20:00:00.000Z,A100 SXM4,global,1.5689999280490106,0.49102338021402414,30,A100 SXM4
2024-06-13T20:00:00.000Z,2024-06-13T20:00:00.000Z,A100 SXM4,global,1.5508614330181256,0.4929392620821436,30,A100 SXM4
2024-06-14T20:00:00.000Z,2024-06-14T20:00:00.000Z,A100 SXM4,global,1.5580933061333075,0.4924030170419629,30,A100 SXM4
2024-06-15T20:00:00.000Z,2024-06-15T20:00:00.000Z,A100 SXM4,global,1.616165449104411,0.507730581872839,30,A100 SXM4
2024-06-16T20:00:00.000Z,2024-06-16T20:00:00.000Z,A100 SXM4,global,1.5828580235985499,0.5134913766313397,30,A100 SXM4
2024-06-17T20:00:00.000Z,2024-06-17T20:00:00.000Z,A100 SXM4,global,1.6183553290784853,0.517314785823334,30,A100 SXM4
2024-06-18T20:00:00.000Z,2024-06-18T20:00:00.000Z,A100 SXM4,global,1.6343560280194345,0.5168002958315951,30,A100 SXM4
2024-06-19T20:00:00.000Z,2024-06-19T20:00:00.000Z,A100 SXM4,global,1.622598864698631,0.5114200078824419,30,A100 SXM4
2024-06-20T20:00:00.000Z,2024-06-20T20:00:00.000Z,A100 SXM4,global,1.5972894620018663,0.5147390965626976,30,A100 SXM4
2024-06-21T20:00:00.000Z,2024-06-21T20:00:00.000Z,A100 SXM4,global,1.6475564580493274,0.5167028546731325,30,A100 SXM4
2024-06-22T20:00:00.000Z,2024-06-22T20:00:00.000Z,A100 SXM4,global,1.6096371374044585,0.5233561787522069,30,A100 SXM4
2024-06-23T20:00:00.000Z,2024-06-23T20:00:00.000Z,A100 SXM4,global,1.6042346551012177,0.5131108385879538,30,A100 SXM4
2024-06-24T20:00:00.000Z,2024-06-24T20:00:00.000Z,A100 SXM4,global,1.5812354957336041,0.516571963093838,30,A100 SXM4
2024-06-25T20:00:00.000Z,2024-06-25T20:00:00.000Z,A100 SXM4,global,1.6075788366376387,0.5166779344300055,30,A100 SXM4
2024-06-26T20:00:00.000Z,2024-06-26T20:00:00.000Z,A100 SXM4,global,1.6110563586564712,0.510196244255331,30,A100 SXM4
2024-06-27T20:00:00.000Z,2024-06-27T20:00:00.000Z,A100 SXM4,global,1.6045988815496308,0.5062340819312818,30,A100 SXM4
2024-06-28T20:00:00.000Z,2024-06-28T20:00:00.000Z,A100 SXM4,global,1.6214980436097706,0.5043419857183211,30,A100 SXM4
2024-06-29T20:00:00.000Z,2024-06-29T20:00:00.000Z,A100 SXM4,global,1.6032944728705172,0.4895533398123401,30,A100 SXM4
2024-06-30T20:00:00.000Z,2024-06-30T20:00:00.000Z,A100 SXM4,global,1.586607599403138,0.48350966545896573,30,A100 SXM4
2024-07-01T20:00:00.000Z,2024-07-01T20:00:00.000Z,A100 SXM4,global,1.6018325940100226,0.4475540490111463,30,A100 SXM4
2024-07-02T20:00:00.000Z,2024-07-02T20:00:00.000Z,A100 SXM4,global,1.6195972657114481,0.42653410684473636,30,A100 SXM4
2024-07-03T20:00:00.000Z,2024-07-03T20:00:00.000Z,A100 SXM4,global,1.6118015774697854,0.4239099097484804,30,A100 SXM4
2024-07-04T20:00:00.000Z,2024-07-04T20:00:00.000Z,A100 SXM4,global,1.6275190353541371,0.41214610178161926,30,A100 SXM4
2024-07-05T20:00:00.000Z,2024-07-05T20:00:00.000Z,A100 SXM4,global,1.6421746880683123,0.40910007459252773,30,A100 SXM4
2024-07-06T20:00:00.000Z,2024-07-06T20:00:00.000Z,A100 SXM4,global,1.6518469890333762,0.37776602497003187,30,A100 SXM4
2024-07-07T20:00:00.000Z,2024-07-07T20:00:00.000Z,A100 SXM4,global,1.6102170222090268,0.38163112177350705,30,A100 SXM4
2024-07-08T20:00:00.000Z,2024-07-08T20:00:00.000Z,A100 SXM4,global,1.5759237580468681,0.35934824330709847,30,A100 SXM4
2024-07-09T20:00:00.000Z,2024-07-09T20:00:00.000Z,A100 SXM4,global,1.5652252939017917,0.3593272977872699,30,A100 SXM4
2024-07-10T20:00:00.000Z,2024-07-10T20:00:00.000Z,A100 SXM4,global,1.5682298401404837,0.30608949724905304,30,A100 SXM4
2024-07-11T20:00:00.000Z,2024-07-11T20:00:00.000Z,A100 SXM4,global,1.57952195405453,0.29980371454703336,30,A100 SXM4
2024-07-12T20:00:00.000Z,2024-07-12T20:00:00.000Z,A100 SXM4,global,1.5772612357141103,0.293472285141466,30,A100 SXM4
2024-07-13T20:00:00.000Z,2024-07-13T20:00:00.000Z,A100 SXM4,global,1.566497397746395,0.29151976366667864,30,A100 SXM4
2024-07-14T20:00:00.000Z,2024-07-14T20:00:00.000Z,A100 SXM4,global,1.5504172761160433,0.2933995640854704,30,A100 SXM4
2024-07-15T20:00:00.000Z,2024-07-15T20:00:00.000Z,A100 SXM4,global,1.560073775518252,0.2630613825062435,30,A100 SXM4
2024-07-16T20:00:00.000Z,2024-07-16T20:00:00.000Z,A100 SXM4,global,1.3049490615185138,0.6707933537150503,30,A100 SXM4
2024-07-17T20:00:00.000Z,2024-07-17T20:00:00.000Z,A100 SXM4,global,1.3279549953709553,0.668465296829671,30,A100 SXM4
2024-07-18T20:00:00.000Z,2024-07-18T20:00:00.000Z,A100 SXM4,global,1.5068244920367047,0.8125537223496813,30,A100 SXM4
2024-07-19T20:00:00.000Z,2024-07-19T20:00:00.000Z,A100 SXM4,global,1.4680078077816774,0.8165314988177477,30,A100 SXM4
2024-07-20T20:00:00.000Z,2024-07-20T20:00:00.000Z,A100 SXM4,global,1.6016629452989068,0.8737156646528854,30,A100 SXM4
2024-07-21T20:00:00.000Z,2024-07-21T20:00:00.000Z,A100 SXM4,global,1.559742224683057,0.8711446802687498,30,A100 SXM4
2024-07-22T20:00:00.000Z,2024-07-22T20:00:00.000Z,A100 SXM4,global,1.5632695264990488,0.8677751179629984,30,A100 SXM4
2024-07-23T20:00:00.000Z,2024-07-23T20:00:00.000Z,A100 SXM4,global,1.6649734668885412,0.8959197547692278,30,A100 SXM4
2024-07-24T20:00:00.000Z,2024-07-24T20:00:00.000Z,A100 SXM4,global,1.7164499981945427,0.899706491142658,30,A100 SXM4
2024-07-25T20:00:00.000Z,2024-07-25T20:00:00.000Z,A100 SXM4,global,1.6492107459487813,0.9103214126621207,30,A100 SXM4
2024-07-26T20:00:00.000Z,2024-07-26T20:00:00.000Z,A100 SXM4,global,1.6183309120634954,0.912901246984784,30,A100 SXM4
2024-07-27T20:00:00.000Z,2024-07-27T20:00:00.000Z,A100 SXM4,global,1.5452080807968853,0.9270947377817002,30,A100 SXM4
2024-07-28T20:00:00.000Z,2024-07-28T20:00:00.000Z,A100 SXM4,global,1.5438748401672993,0.9261316105329133,30,A100 SXM4
2024-07-29T20:00:00.000Z,2024-07-29T20:00:00.000Z,A100 SXM4,global,1.525223474477394,0.9262499507933502,30,A100 SXM4
2024-07-30T20:00:00.000Z,2024-07-30T20:00:00.000Z,A100 SXM4,global,1.5193923633011153,0.9257457896146991,30,A100 SXM4
2024-07-31T20:00:00.000Z,2024-07-31T20:00:00.000Z,A100 SXM4,global,1.51079136964218,0.9249932930930683,30,A100 SXM4
2024-08-01T20:00:00.000Z,2024-08-01T20:00:00.000Z,A100 SXM4,global,1.5336966366783702,0.9258087699732569,30,A100 SXM4
2024-08-02T20:00:00.000Z,2024-08-02T20:00:00.000Z,A100 SXM4,global,1.5011362456102482,0.9283037088190462,30,A100 SXM4
2024-08-03T20:00:00.000Z,2024-08-03T20:00:00.000Z,A100 SXM4,global,1.4880319091769634,0.9275151964090147,30,A100 SXM4
2024-08-04T20:00:00.000Z,2024-08-04T20:00:00.000Z,A100 SXM4,global,1.5131190777653878,0.9291656342576834,30,A100 SXM4
2024-08-05T20:00:00.000Z,2024-08-05T20:00:00.000Z,A100 SXM4,global,1.5251157320338742,0.9294282976987336,30,A100 SXM4
2024-08-06T20:00:00.000Z,2024-08-06T20:00:00.000Z,A100 SXM4,global,1.4845469646256266,0.9298861604699413,30,A100 SXM4
2024-08-07T20:00:00.000Z,2024-08-07T20:00:00.000Z,A100 SXM4,global,1.5178717582784103,0.931255857677474,30,A100 SXM4
2024-08-08T20:00:00.000Z,2024-08-08T20:00:00.000Z,A100 SXM4,global,1.4610605650533337,0.9399838824121501,30,A100 SXM4
2024-08-09T20:00:00.000Z,2024-08-09T20:00:00.000Z,A100 SXM4,global,1.4298251560535558,0.9422364223956932,30,A100 SXM4
2024-08-10T20:00:00.000Z,2024-08-10T20:00:00.000Z,A100 SXM4,global,1.121036013393228,1.2595454533938408,30,A100 SXM4
2024-08-11T20:00:00.000Z,2024-08-11T20:00:00.000Z,A100 SXM4,global,1.116626461548558,1.2593252113163136,30,A100 SXM4
2024-08-12T20:00:00.000Z,2024-08-12T20:00:00.000Z,A100 SXM4,global,1.1209387677772364,1.2603770240422008,30,A100 SXM4
2024-08-13T20:00:00.000Z,2024-08-13T20:00:00.000Z,A100 SXM4,global,1.1004553918872841,1.2606276101586809,30,A100 SXM4
2024-08-14T20:00:00.000Z,2024-08-14T20:00:00.000Z,A100 SXM4,global,1.0692644186051503,1.2603702162382684,30,A100 SXM4
2024-08-15T20:00:00.000Z,2024-08-15T20:00:00.000Z,A100 SXM4,global,1.0627515913641197,1.1089879831925415,30,A100 SXM4
2024-08-16T20:00:00.000Z,2024-08-16T20:00:00.000Z,A100 SXM4,global,1.0529980534657517,1.1055235987052257,30,A100 SXM4
2024-08-17T20:00:00.000Z,2024-08-17T20:00:00.000Z,A100 SXM4,global,0.9741862450599168,1.0198765700992625,30,A100 SXM4
2024-08-18T20:00:00.000Z,2024-08-18T20:00:00.000Z,A100 SXM4,global,1.0278794966771823,1.0460981029409793,30,A100 SXM4
2024-08-19T20:00:00.000Z,2024-08-19T20:00:00.000Z,A100 SXM4,global,1.0647309757499774,0.9988588051656394,30,A100 SXM4
2024-08-20T20:00:00.000Z,2024-08-20T20:00:00.000Z,A100 SXM4,global,1.0972752131553043,1.0091241383245888,30,A100 SXM4
2024-08-21T20:00:00.000Z,2024-08-21T20:00:00.000Z,A100 SXM4,global,1.1025179734503934,1.0095992478230167,30,A100 SXM4
2024-08-22T20:00:00.000Z,2024-08-22T20:00:00.000Z,A100 SXM4,global,1.0854542130313318,0.9729953739602575,30,A100 SXM4
2024-08-23T20:00:00.000Z,2024-08-23T20:00:00.000Z,A100 SXM4,global,1.0704400124596944,0.9595500121529139,30,A100 SXM4
2024-08-24T20:00:00.000Z,2024-08-24T20:00:00.000Z,A100 SXM4,global,1.1012050594664378,0.9673908226827919,30,A100 SXM4
2024-08-25T20:00:00.000Z,2024-08-25T20:00:00.000Z,A100 SXM4,global,1.101568963236245,0.9683554182973073,30,A100 SXM4
2024-08-26T20:00:00.000Z,2024-08-26T20:00:00.000Z,A100 SXM4,global,1.0842999804993998,0.9609277816064403,30,A100 SXM4
2024-08-27T20:00:00.000Z,2024-08-27T20:00:00.000Z,A100 SXM4,global,1.006351099241287,0.9844923567533671,30,A100 SXM4
2024-08-28T20:00:00.000Z,2024-08-28T20:00:00.000Z,A100 SXM4,global,1.083666887618159,1.0315782080948879,30,A100 SXM4
2024-08-29T20:00:00.000Z,2024-08-29T20:00:00.000Z,A100 SXM4,global,1.0745840120002301,1.0312790189502146,30,A100 SXM4
2024-08-30T20:00:00.000Z,2024-08-30T20:00:00.000Z,A100 SXM4,global,1.0759098483148644,1.032055325915283,30,A100 SXM4
2024-08-31T20:00:00.000Z,2024-08-31T20:00:00.000Z,A100 SXM4,global,1.0266115549783594,1.0347563320656705,30,A100 SXM4
2024-09-01T20:00:00.000Z,2024-09-01T20:00:00.000Z,A100 SXM4,global,0.9997147960031084,1.0354086088772294,30,A100 SXM4
2024-09-02T20:00:00.000Z,2024-09-02T20:00:00.000Z,A100 SXM4,global,0.9333276290824136,1.0528891077051237,30,A100 SXM4
2024-09-03T20:00:00.000Z,2024-09-03T20:00:00.000Z,A100 SXM4,global,0.8158866217421586,1.1242378744834427,30,A100 SXM4
2024-09-04T20:00:00.000Z,2024-09-04T20:00:00.000Z,A100 SXM4,global,0.836463418577431,1.1312066114358503,30,A100 SXM4
2024-09-05T20:00:00.000Z,2024-09-05T20:00:00.000Z,A100 SXM4,global,0.9897644950919527,1.3074111260316674,30,A100 SXM4
2024-09-06T20:00:00.000Z,2024-09-06T20:00:00.000Z,A100 SXM4,global,1.0084483890535434,1.3062648198311186,30,A100 SXM4
2024-09-07T20:00:00.000Z,2024-09-07T20:00:00.000Z,A100 SXM4,global,0.9255346867861872,1.3279154250586263,30,A100 SXM4
2024-09-08T20:00:00.000Z,2024-09-08T20:00:00.000Z,A100 SXM4,global,0.9912681277489884,1.359368446916346,30,A100 SXM4
2024-09-09T20:00:00.000Z,2024-09-09T20:00:00.000Z,A100 SXM4,global,0.914397050591282,1.1062287126727248,30,A100 SXM4
2024-09-10T20:00:00.000Z,2024-09-10T20:00:00.000Z,A100 SXM4,global,0.9267042405489784,1.1084357790109247,30,A100 SXM4
2024-09-11T20:00:00.000Z,2024-09-11T20:00:00.000Z,A100 SXM4,global,0.9251152036061226,1.107969090149425,30,A100 SXM4
2024-09-12T20:00:00.000Z,2024-09-12T20:00:00.000Z,A100 SXM4,global,0.8855445406940735,1.114911584266995,30,A100 SXM4
2024-09-13T20:00:00.000Z,2024-09-13T20:00:00.000Z,A100 SXM4,global,0.7290630032392259,1.2910289527064869,30,A100 SXM4
2024-09-14T20:00:00.000Z,2024-09-14T20:00:00.000Z,A100 SXM4,global,0.7400699925122288,1.2944897657432441,30,A100 SXM4
2024-09-15T20:00:00.000Z,2024-09-15T20:00:00.000Z,A100 SXM4,global,0.7246212163848226,1.2948242898892315,30,A100 SXM4
2024-09-16T20:00:00.000Z,2024-09-16T20:00:00.000Z,A100 SXM4,global,0.7278155217052747,1.2741994796108793,30,A100 SXM4
2024-09-17T20:00:00.000Z,2024-09-17T20:00:00.000Z,A100 SXM4,global,0.8041981974116897,1.3126715532213182,30,A100 SXM4
2024-09-18T20:00:00.000Z,2024-09-18T20:00:00.000Z,A100 SXM4,global,0.7362162191399414,1.3318514809666957,30,A100 SXM4
2024-09-19T20:00:00.000Z,2024-09-19T20:00:00.000Z,A100 SXM4,global,0.7369300556425532,1.3240294413337896,30,A100 SXM4
2024-09-20T20:00:00.000Z,2024-09-20T20:00:00.000Z,A100 SXM4,global,0.7391314207775054,1.3237381835395896,30,A100 SXM4
2024-09-21T20:00:00.000Z,2024-09-21T20:00:00.000Z,A100 SXM4,global,0.7500887282486962,1.3273024389742718,30,A100 SXM4
2024-09-22T20:00:00.000Z,2024-09-22T20:00:00.000Z,A100 SXM4,global,0.7417275272963844,1.3272948139260277,30,A100 SXM4
2024-09-23T20:00:00.000Z,2024-09-23T20:00:00.000Z,A100 SXM4,global,0.785139971366216,1.3419282367439873,30,A100 SXM4
2024-09-24T20:00:00.000Z,2024-09-24T20:00:00.000Z,A100 SXM4,global,1.0144506152276713,1.6347283757454834,30,A100 SXM4
2024-09-25T20:00:00.000Z,2024-09-25T20:00:00.000Z,A100 SXM4,global,1.0799744166981806,1.6496491622405942,30,A100 SXM4
2024-09-26T20:00:00.000Z,2024-09-26T20:00:00.000Z,A100 SXM4,global,1.0901696519696824,1.6277972938005383,30,A100 SXM4
2024-09-27T20:00:00.000Z,2024-09-27T20:00:00.000Z,A100 SXM4,global,1.1254013949527268,1.6110817752633515,30,A100 SXM4
2024-09-28T20:00:00.000Z,2024-09-28T20:00:00.000Z,A100 SXM4,global,1.153102908282806,1.6126523561680852,30,A100 SXM4
2024-09-29T20:00:00.000Z,2024-09-29T20:00:00.000Z,A100 SXM4,global,1.215667572553246,1.6222191617749624,30,A100 SXM4
2024-09-30T20:00:00.000Z,2024-09-30T20:00:00.000Z,A100 SXM4,global,1.3004364548908462,1.626006813048074,30,A100 SXM4
2024-10-01T20:00:00.000Z,2024-10-01T20:00:00.000Z,A100 SXM4,global,1.3246585193548046,1.6215842604685518,30,A100 SXM4
2024-10-02T20:00:00.000Z,2024-10-02T20:00:00.000Z,A100 SXM4,global,1.267636872317396,1.6088454277054263,30,A100 SXM4
2024-10-03T20:00:00.000Z,2024-10-03T20:00:00.000Z,A100 SXM4,global,1.2098257217749737,1.5370082247926504,30,A100 SXM4
2024-10-04T20:00:00.000Z,2024-10-04T20:00:00.000Z,A100 SXM4,global,1.2842754688578226,1.5451396538399196,30,A100 SXM4
2024-10-05T20:00:00.000Z,2024-10-05T20:00:00.000Z,A100 SXM4,global,1.3104506649693144,1.4422988010302484,30,A100 SXM4
2024-10-06T20:00:00.000Z,2024-10-06T20:00:00.000Z,A100 SXM4,global,1.3067423786088543,1.4424984976630972,30,A100 SXM4
2024-10-07T20:00:00.000Z,2024-10-07T20:00:00.000Z,A100 SXM4,global,1.292186048795125,1.403987265980316,30,A100 SXM4
2024-10-08T20:00:00.000Z,2024-10-08T20:00:00.000Z,A100 SXM4,global,1.2659829769203206,1.3924180758909193,30,A100 SXM4
2024-10-09T20:00:00.000Z,2024-10-09T20:00:00.000Z,A100 SXM4,global,1.2416446272743042,1.3591915545620914,30,A100 SXM4
2024-10-10T20:00:00.000Z,2024-10-10T20:00:00.000Z,A100 SXM4,global,1.290867473794429,1.3628480481754475,30,A100 SXM4
2024-10-11T20:00:00.000Z,2024-10-11T20:00:00.000Z,A100 SXM4,global,1.2207071299912404,1.3821932162662163,30,A100 SXM4
2024-10-12T20:00:00.000Z,2024-10-12T20:00:00.000Z,A100 SXM4,global,1.2034670970732286,1.371759978855677,30,A100 SXM4
2024-10-13T20:00:00.000Z,2024-10-13T20:00:00.000Z,A100 SXM4,global,1.1359337270607426,1.1852521858309772,30,A100 SXM4
2024-10-14T20:00:00.000Z,2024-10-14T20:00:00.000Z,A100 SXM4,global,1.1659308575243184,1.1859060073134617,30,A100 SXM4
2024-10-15T20:00:00.000Z,2024-10-15T20:00:00.000Z,A100 SXM4,global,1.1591726718016198,1.1812157491261526,30,A100 SXM4
2024-10-16T20:00:00.000Z,2024-10-16T20:00:00.000Z,A100 SXM4,global,1.1311504841081852,1.1889472000602148,30,A100 SXM4
2024-10-17T20:00:00.000Z,2024-10-17T20:00:00.000Z,A100 SXM4,global,1.0682848155427676,1.1735140080400088,30,A100 SXM4
2024-10-18T20:00:00.000Z,2024-10-18T20:00:00.000Z,A100 SXM4,global,1.1934304478547137,1.1701866583417089,30,A100 SXM4
2024-10-19T20:00:00.000Z,2024-10-19T20:00:00.000Z,A100 SXM4,global,1.093494272966627,1.2239877321806332,30,A100 SXM4
2024-10-20T20:00:00.000Z,2024-10-20T20:00:00.000Z,A100 SXM4,global,1.0956941585195317,1.2240942044085554,30,A100 SXM4
2024-10-21T20:00:00.000Z,2024-10-21T20:00:00.000Z,A100 SXM4,global,1.0927591792930287,1.225312809056006,30,A100 SXM4
2024-10-22T20:00:00.000Z,2024-10-22T20:00:00.000Z,A100 SXM4,global,1.1820783568348066,1.2432932923677689,30,A100 SXM4
2024-10-23T20:00:00.000Z,2024-10-23T20:00:00.000Z,A100 SXM4,global,1.102370885825176,1.2685449177106625,30,A100 SXM4
2024-10-24T20:00:00.000Z,2024-10-24T20:00:00.000Z,A100 SXM4,global,1.0348676710808926,0.9387283524647879,30,A100 SXM4
2024-10-25T20:00:00.000Z,2024-10-25T20:00:00.000Z,A100 SXM4,global,1.057935478794008,0.9154285619661261,30,A100 SXM4
2024-10-26T20:00:00.000Z,2024-10-26T20:00:00.000Z,A100 SXM4,global,1.048730511771505,0.915099870250947,30,A100 SXM4
2024-10-27T20:00:00.000Z,2024-10-27T20:00:00.000Z,A100 SXM4,global,1.012363280523472,0.9144842430187576,30,A100 SXM4
2024-10-28T20:00:00.000Z,2024-10-28T20:00:00.000Z,A100 SXM4,global,1.0562386451037498,0.9235613275900756,30,A100 SXM4
2024-10-29T20:00:00.000Z,2024-10-29T20:00:00.000Z,A100 SXM4,global,1.1403576349714497,0.9451170040329314,30,A100 SXM4
2024-10-30T20:00:00.000Z,2024-10-30T20:00:00.000Z,A100 SXM4,global,1.178340352511387,0.9204392604284888,30,A100 SXM4
2024-10-31T20:00:00.000Z,2024-10-31T20:00:00.000Z,A100 SXM4,global,1.0404817494804353,1.0086555114762707,30,A100 SXM4
2024-11-01T20:00:00.000Z,2024-11-01T20:00:00.000Z,A100 SXM4,global,0.9833012357943222,1.0151982210990829,30,A100 SXM4
2024-11-02T20:00:00.000Z,2024-11-02T20:00:00.000Z,A100 SXM4,global,1.07985004650606,1.0654875777266493,30,A100 SXM4
2024-11-03T21:00:00.000Z,2024-11-03T21:00:00.000Z,A100 SXM4,global,1.056855097512347,1.0419655218226276,30,A100 SXM4
2024-11-04T21:00:00.000Z,2024-11-04T21:00:00.000Z,A100 SXM4,global,1.0355489289144064,1.0384937326660926,30,A100 SXM4
2024-11-05T21:00:00.000Z,2024-11-05T21:00:00.000Z,A100 SXM4,global,1.0638131853982515,1.0454676782256527,30,A100 SXM4
2024-11-06T21:00:00.000Z,2024-11-06T21:00:00.000Z,A100 SXM4,global,1.0957839317835523,1.0529971635817381,30,A100 SXM4
2024-11-07T21:00:00.000Z,2024-11-07T21:00:00.000Z,A100 SXM4,global,0.9815056926789265,1.1137418079359223,30,A100 SXM4
2024-11-08T21:00:00.000Z,2024-11-08T21:00:00.000Z,A100 SXM4,global,1.1278339075597805,1.2255766043888219,30,A100 SXM4
2024-11-09T21:00:00.000Z,2024-11-09T21:00:00.000Z,A100 SXM4,global,1.1998340911238552,1.2380829041739339,30,A100 SXM4
2024-11-10T21:00:00.000Z,2024-11-10T21:00:00.000Z,A100 SXM4,global,1.1492912227714456,1.2318985458448757,30,A100 SXM4
2024-11-11T21:00:00.000Z,2024-11-11T21:00:00.000Z,A100 SXM4,global,1.0678624950624305,1.25639374162606,30,A100 SXM4
2024-11-12T21:00:00.000Z,2024-11-12T21:00:00.000Z,A100 SXM4,global,1.0519469920797946,1.2421375344015493,30,A100 SXM4
2024-11-13T21:00:00.000Z,2024-11-13T21:00:00.000Z,A100 SXM4,global,1.0705940380754362,1.2400254192101123,30,A100 SXM4
2024-11-14T21:00:00.000Z,2024-11-14T21:00:00.000Z,A100 SXM4,global,1.060279122092269,1.240215408889533,30,A100 SXM4
2024-11-15T21:00:00.000Z,2024-11-15T21:00:00.000Z,A100 SXM4,global,0.9870267929863635,1.2612083145027029,30,A100 SXM4
2024-11-16T21:00:00.000Z,2024-11-16T21:00:00.000Z,A100 SXM4,global,0.9792555864027911,1.246955053396734,30,A100 SXM4
2024-11-17T21:00:00.000Z,2024-11-17T21:00:00.000Z,A100 SXM4,global,0.9736240115127629,1.1775627505616821,30,A100 SXM4
2024-11-18T21:00:00.000Z,2024-11-18T21:00:00.000Z,A100 SXM4,global,0.9823045294679966,1.1419042225049483,30,A100 SXM4
2024-11-19T21:00:00.000Z,2024-11-19T21:00:00.000Z,A100 SXM4,global,0.9798761993483377,1.1417353226868028,30,A100 SXM4
2024-11-20T21:00:00.000Z,2024-11-20T21:00:00.000Z,A100 SXM4,global,0.9929287507127643,1.1432665844672365,30,A100 SXM4
2024-11-21T21:00:00.000Z,2024-11-21T21:00:00.000Z,A100 SXM4,global,0.9825947638661616,1.1046535199668637,30,A100 SXM4
2024-11-22T21:00:00.000Z,2024-11-22T21:00:00.000Z,A100 SXM4,global,0.9753304266091067,1.080581155686276,30,A100 SXM4
2024-11-23T21:00:00.000Z,2024-11-23T21:00:00.000Z,A100 SXM4,global,0.9839367579534093,1.0599964327405436,30,A100 SXM4
2024-11-24T21:00:00.000Z,2024-11-24T21:00:00.000Z,A100 SXM4,global,0.9856896705626857,1.056638406935469,30,A100 SXM4
2024-11-25T21:00:00.000Z,2024-11-25T21:00:00.000Z,A100 SXM4,global,0.9807508001495476,1.0564354421147266,30,A100 SXM4
2024-11-26T21:00:00.000Z,2024-11-26T21:00:00.000Z,A100 SXM4,global,0.9991025535741459,1.0519105298634002,30,A100 SXM4
2024-11-27T21:00:00.000Z,2024-11-27T21:00:00.000Z,A100 SXM4,global,0.985618031477158,1.0412724009270138,30,A100 SXM4
2024-11-28T21:00:00.000Z,2024-11-28T21:00:00.000Z,A100 SXM4,global,1.119094884857809,1.1023741731292025,30,A100 SXM4
2024-11-29T21:00:00.000Z,2024-11-29T21:00:00.000Z,A100 SXM4,global,1.0659334763857868,1.1079086571680172,30,A100 SXM4
2024-11-30T21:00:00.000Z,2024-11-30T21:00:00.000Z,A100 SXM4,global,1.04147909532859,1.021571940647006,30,A100 SXM4
2024-12-01T21:00:00.000Z,2024-12-01T21:00:00.000Z,A100 SXM4,global,0.9771886994196071,1.0268789029774283,30,A100 SXM4
2024-12-02T21:00:00.000Z,2024-12-02T21:00:00.000Z,A100 SXM4,global,1.0554391991094403,1.0092326774116513,30,A100 SXM4
2024-12-03T21:00:00.000Z,2024-12-03T21:00:00.000Z,A100 SXM4,global,1.2195503046958618,1.1257140641572667,30,A100 SXM4
2024-12-04T21:00:00.000Z,2024-12-04T21:00:00.000Z,A100 SXM4,global,1.0642155548086987,1.2263488896473627,30,A100 SXM4
2024-12-05T21:00:00.000Z,2024-12-05T21:00:00.000Z,A100 SXM4,global,1.1719439322397112,1.2681530983753708,30,A100 SXM4
2024-12-06T21:00:00.000Z,2024-12-06T21:00:00.000Z,A100 SXM4,global,1.2193365688218079,1.2712592588617397,30,A100 SXM4
2024-12-07T21:00:00.000Z,2024-12-07T21:00:00.000Z,A100 SXM4,global,1.1925497129065545,1.2076883682129782,30,A100 SXM4
2024-12-08T21:00:00.000Z,2024-12-08T21:00:00.000Z,A100 SXM4,global,1.1656543707651619,1.1124106394155204,30,A100 SXM4
2024-12-09T21:00:00.000Z,2024-12-09T21:00:00.000Z,A100 SXM4,global,1.19079070570008,1.093351590863501,30,A100 SXM4
2024-12-10T21:00:00.000Z,2024-12-10T21:00:00.000Z,A100 SXM4,global,1.1874656287481236,1.0824875412136636,30,A100 SXM4
2024-12-11T21:00:00.000Z,2024-12-11T21:00:00.000Z,A100 SXM4,global,1.1665913934087178,1.051159714257689,30,A100 SXM4
2024-12-12T21:00:00.000Z,2024-12-12T21:00:00.000Z,A100 SXM4,global,1.1564144368070401,1.050040239582003,30,A100 SXM4
2024-12-13T21:00:00.000Z,2024-12-13T21:00:00.000Z,A100 SXM4,global,1.1322658223614226,1.0520213809730121,30,A100 SXM4
2024-12-14T21:00:00.000Z,2024-12-14T21:00:00.000Z,A100 SXM4,global,1.0836617264329,1.063444534103508,30,A100 SXM4
2024-12-15T21:00:00.000Z,2024-12-15T21:00:00.000Z,A100 SXM4,global,1.1618556122919073,1.0566679205605958,30,A100 SXM4
2024-12-16T21:00:00.000Z,2024-12-16T21:00:00.000Z,A100 SXM4,global,1.1104289125738793,1.0705532197306458,30,A100 SXM4
2024-12-17T21:00:00.000Z,2024-12-17T21:00:00.000Z,A100 SXM4,global,1.1044363381083981,1.0705122360669945,30,A100 SXM4
2024-12-18T21:00:00.000Z,2024-12-18T21:00:00.000Z,A100 SXM4,global,1.1357211605616822,1.0736186088731803,30,A100 SXM4
2024-12-19T21:00:00.000Z,2024-12-19T21:00:00.000Z,A100 SXM4,global,1.092281357503245,1.0842557878470092,30,A100 SXM4
2024-12-20T21:00:00.000Z,2024-12-20T21:00:00.000Z,A100 SXM4,global,1.111339644161679,1.084801960187422,30,A100 SXM4
2024-12-21T21:00:00.000Z,2024-12-21T21:00:00.000Z,A100 SXM4,global,0.9933789116240016,1.1572228764745438,30,A100 SXM4
2024-12-22T21:00:00.000Z,2024-12-22T21:00:00.000Z,A100 SXM4,global,0.9922841627789828,1.156897764714627,30,A100 SXM4
2024-12-23T21:00:00.000Z,2024-12-23T21:00:00.000Z,A100 SXM4,global,1.0284981184188722,1.1631484880011989,30,A100 SXM4
2024-12-24T21:00:00.000Z,2024-12-24T21:00:00.000Z,A100 SXM4,global,0.9583512688650827,1.1900302054701482,30,A100 SXM4
2024-12-25T21:00:00.000Z,2024-12-25T21:00:00.000Z,A100 SXM4,global,0.9529602359040282,1.1900588634293627,30,A100 SXM4
2024-12-26T21:00:00.000Z,2024-12-26T21:00:00.000Z,A100 SXM4,global,0.9589390595322156,1.188295835517166,30,A100 SXM4
2024-12-27T21:00:00.000Z,2024-12-27T21:00:00.000Z,A100 SXM4,global,0.9555356365550801,1.1875122129923266,30,A100 SXM4
2024-12-28T21:00:00.000Z,2024-12-28T21:00:00.000Z,A100 SXM4,global,0.9868853258728096,1.1018390626138805,30,A100 SXM4
2024-12-29T21:00:00.000Z,2024-12-29T21:00:00.000Z,A100 SXM4,global,0.9734064846628288,1.0907743084845254,30,A100 SXM4
2024-12-30T21:00:00.000Z,2024-12-30T21:00:00.000Z,A100 SXM4,global,0.9653708598884535,1.0885389998271084,30,A100 SXM4
2025-01-01T21:00:00.000Z,2025-01-01T21:00:00.000Z,A100 SXM4,global,0.9596875021960827,1.0287518258913975,30,A100 SXM4
2025-01-02T21:00:00.000Z,2025-01-02T21:00:00.000Z,A100 SXM4,global,1.047065643021262,0.940768048842586,30,A100 SXM4
2025-01-03T21:00:00.000Z,2025-01-03T21:00:00.000Z,A100 SXM4,global,1.2355893473870527,0.9983939040035054,30,A100 SXM4
2025-01-04T21:00:00.000Z,2025-01-04T21:00:00.000Z,A100 SXM4,global,1.0470224860022581,1.1085728572762232,30,A100 SXM4
2025-01-05T21:00:00.000Z,2025-01-05T21:00:00.000Z,A100 SXM4,global,1.137087237792052,1.1393607272422892,30,A100 SXM4
2025-01-06T21:00:00.000Z,2025-01-06T21:00:00.000Z,A100 SXM4,global,1.1178641978946158,1.138368433025008,30,A100 SXM4
2025-01-07T21:00:00.000Z,2025-01-07T21:00:00.000Z,A100 SXM4,global,1.2096774320665744,1.1700131656949189,30,A100 SXM4
2025-01-08T21:00:00.000Z,2025-01-08T21:00:00.000Z,A100 SXM4,global,1.2212275681348004,1.1681813730227075,30,A100 SXM4
2025-01-09T21:00:00.000Z,2025-01-09T21:00:00.000Z,A100 SXM4,global,1.1473329629764661,1.1888457332225035,30,A100 SXM4
2025-01-10T21:00:00.000Z,2025-01-10T21:00:00.000Z,A100 SXM4,global,1.257031365527842,1.2298359373769567,30,A100 SXM4
2025-01-11T21:00:00.000Z,2025-01-11T21:00:00.000Z,A100 SXM4,global,1.1969005965993154,1.242422408828782,30,A100 SXM4
2025-01-12T21:00:00.000Z,2025-01-12T21:00:00.000Z,A100 SXM4,global,1.1524570399545233,1.2475555230711999,30,A100 SXM4
2025-01-13T21:00:00.000Z,2025-01-13T21:00:00.000Z,A100 SXM4,global,1.1875804530208633,1.2410170147894732,30,A100 SXM4
2025-01-14T21:00:00.000Z,2025-01-14T21:00:00.000Z,A100 SXM4,global,1.2631237790675334,1.235913377576011,30,A100 SXM4
2025-01-15T21:00:00.000Z,2025-01-15T21:00:00.000Z,A100 SXM4,global,1.3058490610302351,1.227810511073953,30,A100 SXM4
2025-01-16T21:00:00.000Z,2025-01-16T21:00:00.000Z,A100 SXM4,global,1.2813002188820393,1.2302241302072618,30,A100 SXM4
2025-01-17T21:00:00.000Z,2025-01-17T21:00:00.000Z,A100 SXM4,global,1.359674604409129,1.2424420255798438,30,A100 SXM4
2025-01-18T21:00:00.000Z,2025-01-18T21:00:00.000Z,A100 SXM4,global,1.2195260717484784,1.2969027565116524,30,A100 SXM4
2025-01-19T21:00:00.000Z,2025-01-19T21:00:00.000Z,A100 SXM4,global,1.1828618987220347,1.301299743274291,30,A100 SXM4
2025-01-20T21:00:00.000Z,2025-01-20T21:00:00.000Z,A100 SXM4,global,1.1836885783824067,1.234365385910764,30,A100 SXM4
2025-01-21T21:00:00.000Z,2025-01-21T21:00:00.000Z,A100 SXM4,global,1.1796544320264584,1.2345553776049003,30,A100 SXM4
2025-01-22T21:00:00.000Z,2025-01-22T21:00:00.000Z,A100 SXM4,global,1.177781050457236,1.229972352252969,30,A100 SXM4
2025-01-23T21:00:00.000Z,2025-01-23T21:00:00.000Z,A100 SXM4,global,1.1834082859112673,1.1997294162969143,30,A100 SXM4
2025-01-24T21:00:00.000Z,2025-01-24T21:00:00.000Z,A100 SXM4,global,1.159124175236698,1.2028868144335902,30,A100 SXM4
2025-01-25T21:00:00.000Z,2025-01-25T21:00:00.000Z,A100 SXM4,global,1.1854847022749115,1.2041722015804444,30,A100 SXM4
2025-01-26T21:00:00.000Z,2025-01-26T21:00:00.000Z,A100 SXM4,global,1.2902303298432947,1.2333429880863493,30,A100 SXM4
2025-01-27T21:00:00.000Z,2025-01-27T21:00:00.000Z,A100 SXM4,global,1.2878851396958184,1.2313266071731732,30,A100 SXM4
2025-01-28T21:00:00.000Z,2025-01-28T21:00:00.000Z,A100 SXM4,global,1.138814153371361,1.3128753221876928,30,A100 SXM4
2025-01-29T21:00:00.000Z,2025-01-29T21:00:00.000Z,A100 SXM4,global,1.1251388694111333,1.3134332886817184,30,A100 SXM4
2025-01-30T21:00:00.000Z,2025-01-30T21:00:00.000Z,A100 SXM4,global,1.1025792255768494,1.3158128082602802,30,A100 SXM4
2025-01-31T21:00:00.000Z,2025-01-31T21:00:00.000Z,A100 SXM4,global,1.1137793095513528,1.3158709142820089,30,A100 SXM4
2025-02-01T21:00:00.000Z,2025-02-01T21:00:00.000Z,A100 SXM4,global,1.1239075571721038,1.282254244876857,30,A100 SXM4
2025-02-02T21:00:00.000Z,2025-02-02T21:00:00.000Z,A100 SXM4,global,1.1389003821797539,1.1404956012123755,30,A100 SXM4
2025-02-03T21:00:00.000Z,2025-02-03T21:00:00.000Z,A100 SXM4,global,1.154407064872199,0.9780961214937566,30,A100 SXM4
2025-02-04T21:00:00.000Z,2025-02-04T21:00:00.000Z,A100 SXM4,global,1.1352298409173591,0.9372816189127628,30,A100 SXM4
2025-02-05T21:00:00.000Z,2025-02-05T21:00:00.000Z,A100 SXM4,global,1.1430138511247017,0.9355314720557723,30,A100 SXM4
2025-02-06T21:00:00.000Z,2025-02-06T21:00:00.000Z,A100 SXM4,global,1.1558267444084966,0.8931415433438874,30,A100 SXM4
2025-02-07T21:00:00.000Z,2025-02-07T21:00:00.000Z,A100 SXM4,global,1.1474924107405198,0.8924501200540379,30,A100 SXM4
2025-02-08T21:00:00.000Z,2025-02-08T21:00:00.000Z,A100 SXM4,global,1.2382715325730118,0.9053071441674669,30,A100 SXM4
2025-02-09T21:00:00.000Z,2025-02-09T21:00:00.000Z,A100 SXM4,global,1.144403648406417,0.889718756004629,30,A100 SXM4
2025-02-10T21:00:00.000Z,2025-02-10T21:00:00.000Z,A100 SXM4,global,1.1680303414670623,0.8775311877163341,30,A100 SXM4
2025-02-11T21:00:00.000Z,2025-02-11T21:00:00.000Z,A100 SXM4,global,1.2197087012548573,0.8800744042912114,30,A100 SXM4
2025-02-12T21:00:00.000Z,2025-02-12T21:00:00.000Z,A100 SXM4,global,1.206673431704723,0.8751472928214448,30,A100 SXM4
2025-02-13T21:00:00.000Z,2025-02-13T21:00:00.000Z,A100 SXM4,global,1.2205720394206105,0.8481038317358668,30,A100 SXM4
2025-02-14T21:00:00.000Z,2025-02-14T21:00:00.000Z,A100 SXM4,global,1.171133130811738,0.8499347567331194,30,A100 SXM4
2025-02-15T21:00:00.000Z,2025-02-15T21:00:00.000Z,A100 SXM4,global,1.142467519979639,0.8514933989131578,30,A100 SXM4
2025-02-16T21:00:00.000Z,2025-02-16T21:00:00.000Z,A100 SXM4,global,1.151482473778645,0.8218178916522586,30,A100 SXM4
2025-02-17T21:00:00.000Z,2025-02-17T21:00:00.000Z,A100 SXM4,global,1.1365660233956423,0.733544813825287,30,A100 SXM4
2025-02-18T21:00:00.000Z,2025-02-18T21:00:00.000Z,A100 SXM4,global,1.124406319693499,0.7272007759870249,30,A100 SXM4
2025-02-19T21:00:00.000Z,2025-02-19T21:00:00.000Z,A100 SXM4,global,1.105204210966513,0.7291448288578157,30,A100 SXM4
2025-02-20T21:00:00.000Z,2025-02-20T21:00:00.000Z,A100 SXM4,global,1.1319441439315325,0.7348185763114026,30,A100 SXM4
2025-02-21T21:00:00.000Z,2025-02-21T21:00:00.000Z,A100 SXM4,global,1.0801111072935174,0.751764670243794,30,A100 SXM4
2025-02-22T21:00:00.000Z,2025-02-22T21:00:00.000Z,A100 SXM4,global,1.0063811892989447,0.7873436705948369,30,A100 SXM4
2025-02-23T21:00:00.000Z,2025-02-23T21:00:00.000Z,A100 SXM4,global,1.0431545209000868,0.7981625628105852,30,A100 SXM4
2025-02-24T21:00:00.000Z,2025-02-24T21:00:00.000Z,A100 SXM4,global,1.0284254503892871,0.793367558057802,30,A100 SXM4
2025-02-25T21:00:00.000Z,2025-02-25T21:00:00.000Z,A100 SXM4,global,1.1108926522782936,0.7830495814867612,30,A100 SXM4
2025-02-26T21:00:00.000Z,2025-02-26T21:00:00.000Z,A100 SXM4,global,0.9949750879720968,0.8645451049222497,30,A100 SXM4
2025-02-27T21:00:00.000Z,2025-02-27T21:00:00.000Z,A100 SXM4,global,0.9712606388992455,0.7626342430462308,30,A100 SXM4
2025-02-28T21:00:00.000Z,2025-02-28T21:00:00.000Z,A100 SXM4,global,1.0390611240925527,0.8031507260662977,30,A100 SXM4
2025-03-01T21:00:00.000Z,2025-03-01T21:00:00.000Z,A100 SXM4,global,0.9931983532914673,0.8146253684437804,30,A100 SXM4
2025-03-02T21:00:00.000Z,2025-03-02T21:00:00.000Z,A100 SXM4,global,1.0440538974387454,0.8345896695168475,30,A100 SXM4
2025-03-03T21:00:00.000Z,2025-03-03T21:00:00.000Z,A100 SXM4,global,0.9282947234447451,0.9250625650372206,30,A100 SXM4
2025-03-04T21:00:00.000Z,2025-03-04T21:00:00.000Z,A100 SXM4,global,0.9025333242306562,0.9252777626716505,30,A100 SXM4
2025-03-05T21:00:00.000Z,2025-03-05T21:00:00.000Z,A100 SXM4,global,0.9244633130247522,0.9290272287226455,30,A100 SXM4
2025-03-06T21:00:00.000Z,2025-03-06T21:00:00.000Z,A100 SXM4,global,0.8747116476272411,0.9435378063169636,30,A100 SXM4
2025-03-07T21:00:00.000Z,2025-03-07T21:00:00.000Z,A100 SXM4,global,0.984945785622763,1.0422129286353343,30,A100 SXM4
2025-03-08T21:00:00.000Z,2025-03-08T21:00:00.000Z,A100 SXM4,global,1.0120376721301418,1.0468047023899572,30,A100 SXM4
2025-03-09T20:00:00.000Z,2025-03-09T20:00:00.000Z,A100 SXM4,global,0.9179049838155992,1.0961738556091984,30,A100 SXM4
2025-03-10T20:00:00.000Z,2025-03-10T20:00:00.000Z,A100 SXM4,global,0.9172745885694696,1.054407580074287,30,A100 SXM4
2025-03-11T20:00:00.000Z,2025-03-11T20:00:00.000Z,A100 SXM4,global,0.93110006637518,1.0277635854884761,30,A100 SXM4
2025-03-12T20:00:00.000Z,2025-03-12T20:00:00.000Z,A100 SXM4,global,0.937158222337382,1.0242437895908922,30,A100 SXM4
2025-03-13T20:00:00.000Z,2025-03-13T20:00:00.000Z,A100 SXM4,global,0.9540552834520936,1.012193133489019,30,A100 SXM4
2025-03-14T20:00:00.000Z,2025-03-14T20:00:00.000Z,A100 SXM4,global,1.0046021612912022,1.0333681316108025,30,A100 SXM4
2025-03-15T20:00:00.000Z,2025-03-15T20:00:00.000Z,A100 SXM4,global,1.021384643913638,1.0346155568193247,30,A100 SXM4
2025-03-16T20:00:00.000Z,2025-03-16T20:00:00.000Z,A100 SXM4,global,0.993479227784718,1.0298210968154813,30,A100 SXM4
2025-03-17T20:00:00.000Z,2025-03-17T20:00:00.000Z,A100 SXM4,global,0.9686653022464989,1.029943551153941,30,A100 SXM4
2025-03-18T20:00:00.000Z,2025-03-18T20:00:00.000Z,A100 SXM4,global,0.9450364139095783,1.0308877692919702,30,A100 SXM4
2025-03-19T20:00:00.000Z,2025-03-19T20:00:00.000Z,A100 SXM4,global,1.014919005156639,1.0656683756781602,30,A100 SXM4
2025-03-20T20:00:00.000Z,2025-03-20T20:00:00.000Z,A100 SXM4,global,1.028395054139361,1.0669661745425651,30,A100 SXM4
2025-03-21T20:00:00.000Z,2025-03-21T20:00:00.000Z,A100 SXM4,global,1.144570167739174,1.132117733189649,30,A100 SXM4
2025-03-22T20:00:00.000Z,2025-03-22T20:00:00.000Z,A100 SXM4,global,1.0421256875071525,1.1759267776524756,30,A100 SXM4
2025-03-23T20:00:00.000Z,2025-03-23T20:00:00.000Z,A100 SXM4,global,0.9837479015867571,1.1816018413970144,30,A100 SXM4
2025-03-24T20:00:00.000Z,2025-03-24T20:00:00.000Z,A100 SXM4,global,1.0812531886395869,1.2029887623019564,30,A100 SXM4
2025-03-25T20:00:00.000Z,2025-03-25T20:00:00.000Z,A100 SXM4,global,1.0266949905131035,1.2111010731598504,30,A100 SXM4
2025-03-26T20:00:00.000Z,2025-03-26T20:00:00.000Z,A100 SXM4,global,0.9860898136160533,1.218228247140849,30,A100 SXM4
2025-03-27T20:00:00.000Z,2025-03-27T20:00:00.000Z,A100 SXM4,global,0.9699533117534109,1.1855969265043835,30,A100 SXM4
2025-03-28T20:00:00.000Z,2025-03-28T20:00:00.000Z,A100 SXM4,global,1.0464017321061458,1.1540731289734119,30,A100 SXM4
2025-03-29T20:00:00.000Z,2025-03-29T20:00:00.000Z,A100 SXM4,global,1.01550123325031,1.1558990295197709,30,A100 SXM4
2025-03-30T20:00:00.000Z,2025-03-30T20:00:00.000Z,A100 SXM4,global,0.9361135761054372,1.1655284997353175,30,A100 SXM4
2025-03-31T20:00:00.000Z,2025-03-31T20:00:00.000Z,A100 SXM4,global,1.0054805139921126,1.1839032249159622,30,A100 SXM4
2025-04-01T20:00:00.000Z,2025-04-01T20:00:00.000Z,A100 SXM4,global,1.0098218666375236,1.170500991552635,30,A100 SXM4
2025-04-02T20:00:00.000Z,2025-04-02T20:00:00.000Z,A100 SXM4,global,1.0855460441109248,1.1190416790259838,30,A100 SXM4
2025-04-03T20:00:00.000Z,2025-04-03T20:00:00.000Z,A100 SXM4,global,1.1560085865790302,1.1298829595236193,30,A100 SXM4
2025-04-04T20:00:00.000Z,2025-04-04T20:00:00.000Z,A100 SXM4,global,1.1120549680139284,1.140033932472291,30,A100 SXM4
2025-04-05T20:00:00.000Z,2025-04-05T20:00:00.000Z,A100 SXM4,global,1.0647397477704308,1.1327225222675787,30,A100 SXM4
2025-04-06T20:00:00.000Z,2025-04-06T20:00:00.000Z,A100 SXM4,global,1.056397871184765,1.058623131251577,30,A100 SXM4
2025-04-07T20:00:00.000Z,2025-04-07T20:00:00.000Z,A100 SXM4,global,1.032499129377581,1.0582513629247827,30,A100 SXM4
2025-04-08T20:00:00.000Z,2025-04-08T20:00:00.000Z,A100 SXM4,global,0.9990706580674682,1.0053483598685973,30,A100 SXM4
2025-04-09T20:00:00.000Z,2025-04-09T20:00:00.000Z,A100 SXM4,global,1.0795430660241108,1.038331845684875,30,A100 SXM4
2025-04-10T20:00:00.000Z,2025-04-10T20:00:00.000Z,A100 SXM4,global,1.0395084704516508,1.0484905717693451,30,A100 SXM4
2025-04-11T20:00:00.000Z,2025-04-11T20:00:00.000Z,A100 SXM4,global,1.027799237752066,1.0497291656696803,30,A100 SXM4
2025-04-12T20:00:00.000Z,2025-04-12T20:00:00.000Z,A100 SXM4,global,1.0689944139039713,1.0561711325513494,30,A100 SXM4
2025-04-13T20:00:00.000Z,2025-04-13T20:00:00.000Z,A100 SXM4,global,0.949272740399314,1.1241008925056237,30,A100 SXM4
2025-04-14T20:00:00.000Z,2025-04-14T20:00:00.000Z,A100 SXM4,global,0.9767291042267251,1.1273369757855864,30,A100 SXM4
2025-04-15T20:00:00.000Z,2025-04-15T20:00:00.000Z,A100 SXM4,global,1.1069955827276168,1.2059989454624434,30,A100 SXM4
2025-04-16T20:00:00.000Z,2025-04-16T20:00:00.000Z,A100 SXM4,global,1.1715619693288428,1.2151399801621314,30,A100 SXM4
2025-04-17T20:00:00.000Z,2025-04-17T20:00:00.000Z,A100 SXM4,global,1.0713234683247768,1.2562454687324434,30,A100 SXM4
2025-04-18T20:00:00.000Z,2025-04-18T20:00:00.000Z,A100 SXM4,global,1.0654431486368823,1.2329179096897573,30,A100 SXM4
2025-04-19T20:00:00.000Z,2025-04-19T20:00:00.000Z,A100 SXM4,global,0.9446549529845641,1.3031074030007166,30,A100 SXM4
2025-04-20T20:00:00.000Z,2025-04-20T20:00:00.000Z,A100 SXM4,global,0.9657816699716756,1.2453875587543095,30,A100 SXM4
2025-04-21T20:00:00.000Z,2025-04-21T20:00:00.000Z,A100 SXM4,global,1.0567895382591102,1.2467635964027741,30,A100 SXM4
2025-04-22T20:00:00.000Z,2025-04-22T20:00:00.000Z,A100 SXM4,global,1.1120501094354338,1.2405910840098406,30,A100 SXM4
2025-04-23T20:00:00.000Z,2025-04-23T20:00:00.000Z,A100 SXM4,global,1.1006625754958916,1.1975637279304987,30,A100 SXM4
2025-04-24T20:00:00.000Z,2025-04-24T20:00:00.000Z,A100 SXM4,global,1.1102229316651475,1.1827620829813095,30,A100 SXM4
2025-04-25T20:00:00.000Z,2025-04-25T20:00:00.000Z,A100 SXM4,global,1.1133753074361297,1.1725680021391938,30,A100 SXM4
2025-04-26T20:00:00.000Z,2025-04-26T20:00:00.000Z,A100 SXM4,global,1.112762361528949,1.1703682162741933,30,A100 SXM4
2025-04-27T20:00:00.000Z,2025-04-27T20:00:00.000Z,A100 SXM4,global,1.0739052996024598,1.1492849417565096,30,A100 SXM4
2025-04-28T20:00:00.000Z,2025-04-28T20:00:00.000Z,A100 SXM4,global,1.0900644223472378,1.1447841229975355,30,A100 SXM4
2025-04-29T20:00:00.000Z,2025-04-29T20:00:00.000Z,A100 SXM4,global,1.110217107662908,1.1051047636647655,30,A100 SXM4
2025-04-30T20:00:00.000Z,2025-04-30T20:00:00.000Z,A100 SXM4,global,1.1698817776655834,1.0927102867603762,30,A100 SXM4
2025-05-01T20:00:00.000Z,2025-05-01T20:00:00.000Z,A100 SXM4,global,1.0990094814886724,1.117833977439655,30,A100 SXM4
2025-05-02T20:00:00.000Z,2025-05-02T20:00:00.000Z,A100 SXM4,global,1.0851072788197964,1.0903161329520623,30,A100 SXM4
2025-05-03T20:00:00.000Z,2025-05-03T20:00:00.000Z,A100 SXM4,global,1.0597728426460586,1.0690480537664024,30,A100 SXM4
2025-05-04T20:00:00.000Z,2025-05-04T20:00:00.000Z,A100 SXM4,global,1.0365007742285053,1.0636021393169566,30,A100 SXM4
2025-05-05T20:00:00.000Z,2025-05-05T20:00:00.000Z,A100 SXM4,global,0.9891826783395808,1.0652419141445069,30,A100 SXM4
2025-05-06T20:00:00.000Z,2025-05-06T20:00:00.000Z,A100 SXM4,global,1.0681037399735887,1.100156852917433,30,A100 SXM4
2025-05-07T20:00:00.000Z,2025-05-07T20:00:00.000Z,A100 SXM4,global,1.0463558011706542,1.0995714623135395,30,A100 SXM4
2025-05-08T20:00:00.000Z,2025-05-08T20:00:00.000Z,A100 SXM4,global,1.019348475562044,1.09724008755483,30,A100 SXM4
2025-05-09T20:00:00.000Z,2025-05-09T20:00:00.000Z,A100 SXM4,global,1.0408840941566382,1.0646669993198792,30,A100 SXM4
2025-05-10T20:00:00.000Z,2025-05-10T20:00:00.000Z,A100 SXM4,global,0.9716254722133205,1.0834473629148682,30,A100 SXM4
2025-05-11T20:00:00.000Z,2025-05-11T20:00:00.000Z,A100 SXM4,global,0.9326086331184346,1.0914830485700309,30,A100 SXM4
2025-05-12T20:00:00.000Z,2025-05-12T20:00:00.000Z,A100 SXM4,global,0.9691701235029303,1.0910729274388542,30,A100 SXM4
2025-05-13T20:00:00.000Z,2025-05-13T20:00:00.000Z,A100 SXM4,global,0.8823713504713712,1.0608802817972933,30,A100 SXM4
2025-05-14T20:00:00.000Z,2025-05-14T20:00:00.000Z,A100 SXM4,global,1.014988884822269,1.1677395800751997,30,A100 SXM4
2025-05-15T20:00:00.000Z,2025-05-15T20:00:00.000Z,A100 SXM4,global,1.1018055905430202,1.1188074186887398,30,A100 SXM4
2025-05-16T20:00:00.000Z,2025-05-16T20:00:00.000Z,A100 SXM4,global,1.0382118343209876,1.1178778642331089,30,A100 SXM4
2025-05-17T20:00:00.000Z,2025-05-17T20:00:00.000Z,A100 SXM4,global,1.0670906341188164,1.0791450275493042,30,A100 SXM4
2025-05-18T20:00:00.000Z,2025-05-18T20:00:00.000Z,A100 SXM4,global,1.1416802924456002,1.1043696011761557,30,A100 SXM4
2025-05-19T20:00:00.000Z,2025-05-19T20:00:00.000Z,A100 SXM4,global,1.0964846843116822,1.0249985460785893,30,A100 SXM4
2025-05-20T20:00:00.000Z,2025-05-20T20:00:00.000Z,A100 SXM4,global,1.030979376587932,1.0486913003611205,30,A100 SXM4
2025-05-21T20:00:00.000Z,2025-05-21T20:00:00.000Z,A100 SXM4,global,1.015730522010066,1.0008052802830176,30,A100 SXM4
2025-05-22T20:00:00.000Z,2025-05-22T20:00:00.000Z,A100 SXM4,global,1.0171971786907308,0.9829871360416228,30,A100 SXM4
2025-05-23T20:00:00.000Z,2025-05-23T20:00:00.000Z,A100 SXM4,global,1.004830656711327,0.9831921479060045,30,A100 SXM4
2025-05-24T20:00:00.000Z,2025-05-24T20:00:00.000Z,A100 SXM4,global,0.967631379070306,0.989540009084956,30,A100 SXM4
2025-05-25T20:00:00.000Z,2025-05-25T20:00:00.000Z,A100 SXM4,global,0.904462877825555,1.0130454329334981,30,A100 SXM4
2025-05-26T20:00:00.000Z,2025-05-26T20:00:00.000Z,A100 SXM4,global,0.9815961702981721,1.0592793239429819,30,A100 SXM4
2025-05-27T20:00:00.000Z,2025-05-27T20:00:00.000Z,A100 SXM4,global,1.0216224114492767,1.0638755802674857,30,A100 SXM4
2025-05-28T20:00:00.000Z,2025-05-28T20:00:00.000Z,A100 SXM4,global,0.9726776191898647,1.0746899937739829,30,A100 SXM4
2025-05-29T20:00:00.000Z,2025-05-29T20:00:00.000Z,A100 SXM4,global,0.9165495664624869,1.0886817839832974,30,A100 SXM4
2025-05-30T20:00:00.000Z,2025-05-30T20:00:00.000Z,A100 SXM4,global,0.9062479082451963,1.067899531156717,30,A100 SXM4
2025-05-31T20:00:00.000Z,2025-05-31T20:00:00.000Z,A100 SXM4,global,0.8631596987781727,1.0601860560886365,30,A100 SXM4
2025-06-01T20:00:00.000Z,2025-06-01T20:00:00.000Z,A100 SXM4,global,0.8444263481415536,1.0611841053438906,30,A100 SXM4
2025-06-02T20:00:00.000Z,2025-06-02T20:00:00.000Z,A100 SXM4,global,0.8930504152516504,1.082880371991655,30,A100 SXM4
2025-06-03T20:00:00.000Z,2025-06-03T20:00:00.000Z,A100 SXM4,global,0.8938731221353488,1.0814491044848127,30,A100 SXM4
2025-06-04T20:00:00.000Z,2025-06-04T20:00:00.000Z,A100 SXM4,global,1.0879635259302878,1.2780542195092923,30,A100 SXM4
2025-06-05T20:00:00.000Z,2025-06-05T20:00:00.000Z,A100 SXM4,global,1.032045039958615,1.2639658666499476,30,A100 SXM4
2025-06-06T20:00:00.000Z,2025-06-06T20:00:00.000Z,A100 SXM4,global,1.0747701224950952,1.2701131442525408,30,A100 SXM4
2025-06-07T20:00:00.000Z,2025-06-07T20:00:00.000Z,A100 SXM4,global,1.1259994240488556,1.2759379173277834,30,A100 SXM4
2025-06-08T20:00:00.000Z,2025-06-08T20:00:00.000Z,A100 SXM4,global,1.06807654342195,1.2889899661075432,30,A100 SXM4
2025-06-09T20:00:00.000Z,2025-06-09T20:00:00.000Z,A100 SXM4,global,1.127781712408381,1.2767228345747637,30,A100 SXM4
2025-06-10T20:00:00.000Z,2025-06-10T20:00:00.000Z,A100 SXM4,global,1.0300337796184598,1.3105371973800675,30,A100 SXM4
2025-06-11T20:00:00.000Z,2025-06-11T20:00:00.000Z,A100 SXM4,global,1.0429623761735685,1.3048896706764648,30,A100 SXM4
2025-06-12T20:00:00.000Z,2025-06-12T20:00:00.000Z,A100 SXM4,global,0.9775618223485817,1.2816288505421838,30,A100 SXM4
2025-06-13T20:00:00.000Z,2025-06-13T20:00:00.000Z,A100 SXM4,global,0.98743888014851,1.1837103780514746,30,A100 SXM4
2025-06-14T20:00:00.000Z,2025-06-14T20:00:00.000Z,A100 SXM4,global,0.9756455726515606,1.1455658738430121,30,A100 SXM4
2025-06-15T20:00:00.000Z,2025-06-15T20:00:00.000Z,A100 SXM4,global,0.990459084412592,1.1295880396367044,30,A100 SXM4
2025-06-16T20:00:00.000Z,2025-06-16T20:00:00.000Z,A100 SXM4,global,1.000794197171822,1.1256355471309363,30,A100 SXM4
2025-06-17T20:00:00.000Z,2025-06-17T20:00:00.000Z,A100 SXM4,global,1.0064452360485003,1.0977499831146738,30,A100 SXM4
2025-06-18T20:00:00.000Z,2025-06-18T20:00:00.000Z,A100 SXM4,global,1.0116253427162578,1.0903205581595858,30,A100 SXM4
2025-06-19T20:00:00.000Z,2025-06-19T20:00:00.000Z,A100 SXM4,global,1.0027725584840235,1.0697716139950533,30,A100 SXM4
2025-06-20T20:00:00.000Z,2025-06-20T20:00:00.000Z,A100 SXM4,global,1.0008127533576763,1.0685952454889096,30,A100 SXM4
2025-06-21T20:00:00.000Z,2025-06-21T20:00:00.000Z,A100 SXM4,global,0.9937630690915799,1.0688135707263346,30,A100 SXM4
2025-06-22T20:00:00.000Z,2025-06-22T20:00:00.000Z,A100 SXM4,global,0.9743594559534481,1.0701416438473756,30,A100 SXM4
2025-06-23T20:00:00.000Z,2025-06-23T20:00:00.000Z,A100 SXM4,global,0.982881564689189,1.0623287099028926,30,A100 SXM4
2025-06-24T20:00:00.000Z,2025-06-24T20:00:00.000Z,A100 SXM4,global,0.9723027794107749,1.0346793259504414,30,A100 SXM4
2025-06-25T20:00:00.000Z,2025-06-25T20:00:00.000Z,A100 SXM4,global,0.9728350628822106,0.9941976126175096,30,A100 SXM4
2025-06-26T20:00:00.000Z,2025-06-26T20:00:00.000Z,A100 SXM4,global,0.9869903475909539,0.9851320394526413,30,A100 SXM4
2025-06-27T20:00:00.000Z,2025-06-27T20:00:00.000Z,A100 SXM4,global,0.9609405571138527,0.9744694711284967,30,A100 SXM4
2025-06-28T20:00:00.000Z,2025-06-28T20:00:00.000Z,A100 SXM4,global,0.9657853824079679,0.9509778579807372,30,A100 SXM4
2025-06-29T20:00:00.000Z,2025-06-29T20:00:00.000Z,A100 SXM4,global,0.9827317066979665,0.951290452243526,30,A100 SXM4
2025-06-30T20:00:00.000Z,2025-06-30T20:00:00.000Z,A100 SXM4,global,0.9637114896867852,0.9367787350880822,30,A100 SXM4
2025-07-01T20:00:00.000Z,2025-07-01T20:00:00.000Z,A100 SXM4,global,1.0286778834603834,0.9559349667919497,30,A100 SXM4
2025-07-02T20:00:00.000Z,2025-07-02T20:00:00.000Z,A100 SXM4,global,0.9125682827220021,1.0349138034141634,30,A100 SXM4
2025-07-03T20:00:00.000Z,2025-07-03T20:00:00.000Z,A100 SXM4,global,0.891511137185244,1.0383103618494907,30,A100 SXM4
2025-07-04T20:00:00.000Z,2025-07-04T20:00:00.000Z,A100 SXM4,global,0.8507882568000026,0.7708822621720414,30,A100 SXM4
2025-07-05T20:00:00.000Z,2025-07-05T20:00:00.000Z,A100 SXM4,global,0.8161997185967177,0.7636546989475346,30,A100 SXM4
2025-07-06T20:00:00.000Z,2025-07-06T20:00:00.000Z,A100 SXM4,global,0.8370314335683403,0.7532124931441818,30,A100 SXM4
2025-07-07T20:00:00.000Z,2025-07-07T20:00:00.000Z,A100 SXM4,global,0.8411630845385895,0.7286165775129678,30,A100 SXM4
2025-07-08T20:00:00.000Z,2025-07-08T20:00:00.000Z,A100 SXM4,global,0.8517637283606588,0.7155065923710409,30,A100 SXM4
2025-07-09T20:00:00.000Z,2025-07-09T20:00:00.000Z,A100 SXM4,global,0.8367130143895264,0.6803013900942574,30,A100 SXM4
2025-07-10T20:00:00.000Z,2025-07-10T20:00:00.000Z,A100 SXM4,global,0.809087591349937,0.621673811930138,30,A100 SXM4
2025-07-11T20:00:00.000Z,2025-07-11T20:00:00.000Z,A100 SXM4,global,0.8301688867541205,0.628854261272631,30,A100 SXM4
2025-07-12T20:00:00.000Z,2025-07-12T20:00:00.000Z,A100 SXM4,global,0.8274697603219062,0.5941357149218426,30,A100 SXM4
2025-07-13T20:00:00.000Z,2025-07-13T20:00:00.000Z,A100 SXM4,global,0.764676991747233,0.6436999573511168,30,A100 SXM4
2025-07-14T20:00:00.000Z,2025-07-14T20:00:00.000Z,A100 SXM4,global,0.7840278603379788,0.6540316596735881,30,A100 SXM4
2025-07-15T20:00:00.000Z,2025-07-15T20:00:00.000Z,A100 SXM4,global,0.8315682613745127,0.6897451414130824,30,A100 SXM4
2025-07-16T20:00:00.000Z,2025-07-16T20:00:00.000Z,A100 SXM4,global,0.8301266984770782,0.6874524240800716,30,A100 SXM4
2025-07-17T20:00:00.000Z,2025-07-17T20:00:00.000Z,A100 SXM4,global,0.813343990651816,0.6878006394323325,30,A100 SXM4
2025-07-18T20:00:00.000Z,2025-07-18T20:00:00.000Z,A100 SXM4,global,0.7947807533527587,0.6885262760284216,30,A100 SXM4
2025-07-19T20:00:00.000Z,2025-07-19T20:00:00.000Z,A100 SXM4,global,0.7556455165463906,0.7042830309027573,30,A100 SXM4
2025-07-20T20:00:00.000Z,2025-07-20T20:00:00.000Z,A100 SXM4,global,0.7254761622097913,0.7120536712012326,30,A100 SXM4
2025-07-21T20:00:00.000Z,2025-07-21T20:00:00.000Z,A100 SXM4,global,0.7494547809912886,0.7278253851069562,30,A100 SXM4
2025-07-22T20:00:00.000Z,2025-07-22T20:00:00.000Z,A100 SXM4,global,0.7442332459385049,0.726908796938192,30,A100 SXM4
2025-07-23T20:00:00.000Z,2025-07-23T20:00:00.000Z,A100 SXM4,global,0.7456807843796662,0.7252177793060525,30,A100 SXM4
2025-07-24T20:00:00.000Z,2025-07-24T20:00:00.000Z,A100 SXM4,global,0.7584875332796838,0.730920958988462,30,A100 SXM4
2025-07-25T20:00:00.000Z,2025-07-25T20:00:00.000Z,A100 SXM4,global,0.7550738388026449,0.7303650062646324,30,A100 SXM4
2025-07-26T20:00:00.000Z,2025-07-26T20:00:00.000Z,A100 SXM4,global,0.8067249024177036,0.7718711030863364,30,A100 SXM4
2025-07-27T20:00:00.000Z,2025-07-27T20:00:00.000Z,A100 SXM4,global,0.7730200703421609,0.7790394589299752,30,A100 SXM4
2025-07-28T20:00:00.000Z,2025-07-28T20:00:00.000Z,A100 SXM4,global,0.7746208919270603,0.7785202671895227,30,A100 SXM4
2025-07-29T20:00:00.000Z,2025-07-29T20:00:00.000Z,A100 SXM4,global,0.7977176199348407,0.7844161023275974,30,A100 SXM4
2025-07-30T20:00:00.000Z,2025-07-30T20:00:00.000Z,A100 SXM4,global,0.833826761074827,0.8028880087609138,30,A100 SXM4
2025-07-31T20:00:00.000Z,2025-07-31T20:00:00.000Z,A100 SXM4,global,0.8327726649005115,0.7623315455973445,30,A100 SXM4
2025-08-01T20:00:00.000Z,2025-08-01T20:00:00.000Z,A100 SXM4,global,0.8328694296528911,0.6448521989630327,30,A100 SXM4
2025-08-02T20:00:00.000Z,2025-08-02T20:00:00.000Z,A100 SXM4,global,0.8500844764774281,0.6455982077755478,30,A100 SXM4
2025-08-03T20:00:00.000Z,2025-08-03T20:00:00.000Z,A100 SXM4,global,0.8257494643435436,0.6328321301442709,30,A100 SXM4
2025-08-04T20:00:00.000Z,2025-08-04T20:00:00.000Z,A100 SXM4,global,0.8284042108727036,0.6157979704630968,30,A100 SXM4
2025-08-05T20:00:00.000Z,2025-08-05T20:00:00.000Z,A100 SXM4,global,0.8380377834674556,0.6107267058144583,30,A100 SXM4
2025-08-06T20:00:00.000Z,2025-08-06T20:00:00.000Z,A100 SXM4,global,0.8492747969230431,0.6122718882138376,30,A100 SXM4
2025-08-07T20:00:00.000Z,2025-08-07T20:00:00.000Z,A100 SXM4,global,0.8273221853951783,0.6174285378981367,30,A100 SXM4
2025-08-08T20:00:00.000Z,2025-08-08T20:00:00.000Z,A100 SXM4,global,0.8221019107656956,0.6147742143868322,30,A100 SXM4
2025-08-09T20:00:00.000Z,2025-08-09T20:00:00.000Z,A100 SXM4,global,0.8333154134460781,0.6048430638008517,30,A100 SXM4
2025-08-10T20:00:00.000Z,2025-08-10T20:00:00.000Z,A100 SXM4,global,0.8344876089118518,0.5982362817739464,30,A100 SXM4
2025-08-11T20:00:00.000Z,2025-08-11T20:00:00.000Z,A100 SXM4,global,0.8202764291998568,0.6012036393250592,30,A100 SXM4
2025-08-12T20:00:00.000Z,2025-08-12T20:00:00.000Z,A100 SXM4,global,0.7780977614257895,0.5639460767028772,30,A100 SXM4
2025-08-13T20:00:00.000Z,2025-08-13T20:00:00.000Z,A100 SXM4,global,0.7594943089994285,0.5632477123231721,30,A100 SXM4
2025-08-14T20:00:00.000Z,2025-08-14T20:00:00.000Z,A100 SXM4,global,0.8101134086013232,0.5711076254984419,30,A100 SXM4
2025-08-15T20:00:00.000Z,2025-08-15T20:00:00.000Z,A100 SXM4,global,0.837831666466716,0.5836287795068245,30,A100 SXM4
2025-08-16T20:00:00.000Z,2025-08-16T20:00:00.000Z,A100 SXM4,global,0.8268067441666774,0.5809504141783461,30,A100 SXM4
2025-08-17T20:00:00.000Z,2025-08-17T20:00:00.000Z,A100 SXM4,global,0.8300511802345744,0.57472554344488,30,A100 SXM4
2025-08-18T20:00:00.000Z,2025-08-18T20:00:00.000Z,A100 SXM4,global,0.8318301110710703,0.5433202572611607,30,A100 SXM4
2025-08-19T20:00:00.000Z,2025-08-19T20:00:00.000Z,A100 SXM4,global,0.836959165619235,0.5196888031859239,30,A100 SXM4
2025-08-20T20:00:00.000Z,2025-08-20T20:00:00.000Z,A100 SXM4,global,0.8385878121761264,0.5099904607644855,30,A100 SXM4
2025-08-21T20:00:00.000Z,2025-08-21T20:00:00.000Z,A100 SXM4,global,0.8358408368684579,0.5091708069615166,30,A100 SXM4
2025-08-22T20:00:00.000Z,2025-08-22T20:00:00.000Z,A100 SXM4,global,0.7859240253719094,0.5580563544627456,30,A100 SXM4
2025-08-23T20:00:00.000Z,2025-08-23T20:00:00.000Z,A100 SXM4,global,0.8001858469148605,0.5583952791238994,30,A100 SXM4
2025-08-24T20:00:00.000Z,2025-08-24T20:00:00.000Z,A100 SXM4,global,0.7965460666362523,0.5584021470055602,30,A100 SXM4
2025-08-25T20:00:00.000Z,2025-08-25T20:00:00.000Z,A100 SXM4,global,0.7788536972879373,0.5135565091652406,30,A100 SXM4
2025-08-26T20:00:00.000Z,2025-08-26T20:00:00.000Z,A100 SXM4,global,0.7573162848512665,0.5010541127558897,30,A100 SXM4
2025-08-27T20:00:00.000Z,2025-08-27T20:00:00.000Z,A100 SXM4,global,0.7769820947536065,0.5093585388318773,30,A100 SXM4
2025-08-28T20:00:00.000Z,2025-08-28T20:00:00.000Z,A100 SXM4,global,0.8259645451859412,0.5432469017801174,30,A100 SXM4
2025-08-29T20:00:00.000Z,2025-08-29T20:00:00.000Z,A100 SXM4,global,0.82657657138148,0.5205114233977413,30,A100 SXM4
2025-08-30T20:00:00.000Z,2025-08-30T20:00:00.000Z,A100 SXM4,global,0.8181420863552574,0.5216667714490095,30,A100 SXM4
2025-08-31T20:00:00.000Z,2025-08-31T20:00:00.000Z,A100 SXM4,global,0.821828858157995,0.5219651113793653,30,A100 SXM4
2025-09-01T20:00:00.000Z,2025-09-01T20:00:00.000Z,A100 SXM4,global,0.8180022258860319,0.5166308040672059,30,A100 SXM4
2025-09-02T20:00:00.000Z,2025-09-02T20:00:00.000Z,A100 SXM4,global,0.8067444220206014,0.5090192789877352,30,A100 SXM4
2025-09-03T20:00:00.000Z,2025-09-03T20:00:00.000Z,A100 SXM4,global,0.7961628074514738,0.510618600109581,30,A100 SXM4
2025-09-04T20:00:00.000Z,2025-09-04T20:00:00.000Z,A100 SXM4,global,0.7838265790508497,0.5107865501935068,30,A100 SXM4
2025-09-05T20:00:00.000Z,2025-09-05T20:00:00.000Z,A100 SXM4,global,0.7870544991755658,0.5082618802644229,30,A100 SXM4
2025-09-06T20:00:00.000Z,2025-09-06T20:00:00.000Z,A100 SXM4,global,0.7781257735829518,0.5021834853975788,30,A100 SXM4
2025-09-07T20:00:00.000Z,2025-09-07T20:00:00.000Z,A100 SXM4,global,0.7741162839866584,0.5020748598512647,30,A100 SXM4
2025-09-08T20:00:00.000Z,2025-09-08T20:00:00.000Z,A100 SXM4,global,0.7758375997013411,0.4992050797484079,30,A100 SXM4
2025-09-09T20:00:00.000Z,2025-09-09T20:00:00.000Z,A100 SXM4,global,0.7752955609912315,0.4990580370951849,30,A100 SXM4
2025-09-10T20:00:00.000Z,2025-09-10T20:00:00.000Z,A100 SXM4,global,0.7735335682429069,0.49622323792089257,30,A100 SXM4
2025-09-11T20:00:00.000Z,2025-09-11T20:00:00.000Z,A100 SXM4,global,0.7789260473133632,0.46175176737428203,30,A100 SXM4
2025-09-12T20:00:00.000Z,2025-09-12T20:00:00.000Z,A100 SXM4,global,0.7843984016104516,0.45389948291951865,30,A100 SXM4
2025-09-13T20:00:00.000Z,2025-09-13T20:00:00.000Z,A100 SXM4,global,0.790365784355408,0.39310602002677064,30,A100 SXM4
2025-09-14T20:00:00.000Z,2025-09-14T20:00:00.000Z,A100 SXM4,global,0.789264110745323,0.37292166751712175,30,A100 SXM4
2025-09-15T20:00:00.000Z,2025-09-15T20:00:00.000Z,A100 SXM4,global,0.7892179945297322,0.3707425503756209,30,A100 SXM4
2025-09-16T20:00:00.000Z,2025-09-16T20:00:00.000Z,A100 SXM4,global,0.813764721521599,0.3870501937353849,30,A100 SXM4
2025-09-17T20:00:00.000Z,2025-09-17T20:00:00.000Z,A100 SXM4,global,0.8404688067064314,0.403722537282399,30,A100 SXM4
2025-09-18T20:00:00.000Z,2025-09-18T20:00:00.000Z,A100 SXM4,global,0.8392721282370362,0.40321636917552683,30,A100 SXM4
2025-09-19T20:00:00.000Z,2025-09-19T20:00:00.000Z,A100 SXM4,global,0.8324510754777142,0.404171510668406,30,A100 SXM4
2025-09-20T20:00:00.000Z,2025-09-20T20:00:00.000Z,A100 SXM4,global,0.8356146769750841,0.4042558644279009,30,A100 SXM4
2025-09-21T20:00:00.000Z,2025-09-21T20:00:00.000Z,A100 SXM4,global,0.8267521071966355,0.3406649210003479,30,A100 SXM4
2025-09-22T20:00:00.000Z,2025-09-22T20:00:00.000Z,A100 SXM4,global,0.8507177221222376,0.34894435837262106,30,A100 SXM4
2025-09-23T20:00:00.000Z,2025-09-23T20:00:00.000Z,A100 SXM4,global,0.8691173734773635,0.3544671670444324,30,A100 SXM4
2025-09-24T20:00:00.000Z,2025-09-24T20:00:00.000Z,A100 SXM4,global,0.8485226036431155,0.3558729118448539,30,A100 SXM4
2025-09-25T20:00:00.000Z,2025-09-25T20:00:00.000Z,A100 SXM4,global,0.8552090000780851,0.3382351310081601,30,A100 SXM4
2025-09-26T20:00:00.000Z,2025-09-26T20:00:00.000Z,A100 SXM4,global,0.8492616131161274,0.3310960190797441,30,A100 SXM4
2025-09-27T20:00:00.000Z,2025-09-27T20:00:00.000Z,A100 SXM4,global,0.8569646904419693,0.25760539239010505,30,A100 SXM4
2025-09-28T20:00:00.000Z,2025-09-28T20:00:00.000Z,A100 SXM4,global,0.8685842544983524,0.2611036906416359,30,A100 SXM4
2025-09-29T20:00:00.000Z,2025-09-29T20:00:00.000Z,A100 SXM4,global,0.8882651560109305,0.2671393378547151,30,A100 SXM4
2025-09-30T20:00:00.000Z,2025-09-30T20:00:00.000Z,A100 SXM4,global,0.8480307047876998,0.317137410519296,30,A100 SXM4
2025-10-01T20:00:00.000Z,2025-10-01T20:00:00.000Z,A100 SXM4,global,0.8142468926381353,0.3485790731186072,30,A100 SXM4
2025-10-02T20:00:00.000Z,2025-10-02T20:00:00.000Z,A100 SXM4,global,0.8473266845150337,0.3715485237208401,30,A100 SXM4
2025-10-03T20:00:00.000Z,2025-10-03T20:00:00.000Z,A100 SXM4,global,0.9061285231971411,0.4318586078443556,30,A100 SXM4
2025-10-04T20:00:00.000Z,2025-10-04T20:00:00.000Z,A100 SXM4,global,0.8950551559642103,0.4300819148612233,30,A100 SXM4
2025-10-05T20:00:00.000Z,2025-10-05T20:00:00.000Z,A100 SXM4,global,0.8599163146485838,0.45721466626449153,30,A100 SXM4
2025-10-06T20:00:00.000Z,2025-10-06T20:00:00.000Z,A100 SXM4,global,0.8788783908722541,0.45876316557689606,30,A100 SXM4
2025-10-07T20:00:00.000Z,2025-10-07T20:00:00.000Z,A100 SXM4,global,0.8815981526038922,0.4575760467423706,30,A100 SXM4
2025-10-08T20:00:00.000Z,2025-10-08T20:00:00.000Z,A100 SXM4,global,0.8409098036440129,0.4917172151257016,30,A100 SXM4
2025-10-09T20:00:00.000Z,2025-10-09T20:00:00.000Z,A100 SXM4,global,0.7828986339687702,0.5556718328036577,30,A100 SXM4
2025-10-10T20:00:00.000Z,2025-10-10T20:00:00.000Z,A100 SXM4,global,0.7852420465928147,0.5556651235650903,30,A100 SXM4
2025-10-11T20:00:00.000Z,2025-10-11T20:00:00.000Z,A100 SXM4,global,0.7573305633115197,0.5695662127728397,30,A100 SXM4
2025-10-12T20:00:00.000Z,2025-10-12T20:00:00.000Z,A100 SXM4,global,0.7423826542211409,0.5725825142239714,30,A100 SXM4
2025-10-13T20:00:00.000Z,2025-10-13T20:00:00.000Z,A100 SXM4,global,0.7486436638281506,0.5727592029012081,30,A100 SXM4
2025-10-14T20:00:00.000Z,2025-10-14T20:00:00.000Z,A100 SXM4,global,0.8129051434732665,0.6436252647211166,30,A100 SXM4
2025-10-15T20:00:00.000Z,2025-10-15T20:00:00.000Z,A100 SXM4,global,0.8606977960648713,0.6727132342729694,30,A100 SXM4
2025-10-16T20:00:00.000Z,2025-10-16T20:00:00.000Z,A100 SXM4,global,0.8403478141951725,0.6713135789924759,30,A100 SXM4
2025-10-17T20:00:00.000Z,2025-10-17T20:00:00.000Z,A100 SXM4,global,0.8934514714910241,0.6954595946340058,30,A100 SXM4
2025-10-18T20:00:00.000Z,2025-10-18T20:00:00.000Z,A100 SXM4,global,0.8392579364385465,0.7310866064574618,30,A100 SXM4
2025-10-19T20:00:00.000Z,2025-10-19T20:00:00.000Z,A100 SXM4,global,0.8216706392098282,0.734318341140954,30,A100 SXM4
2025-10-20T20:00:00.000Z,2025-10-20T20:00:00.000Z,A100 SXM4,global,0.8659717751451085,0.7571570995901123,30,A100 SXM4
2025-10-21T20:00:00.000Z,2025-10-21T20:00:00.000Z,A100 SXM4,global,0.916788233075215,0.7802784019464905,30,A100 SXM4
2025-10-22T20:00:00.000Z,2025-10-22T20:00:00.000Z,A100 SXM4,global,0.9126495609954525,0.7753876615105708,30,A100 SXM4
2025-10-23T20:00:00.000Z,2025-10-23T20:00:00.000Z,A100 SXM4,global,0.92296871464808,0.7730522430746221,30,A100 SXM4
2025-10-24T20:00:00.000Z,2025-10-24T20:00:00.000Z,A100 SXM4,global,0.9329340186639934,0.767831809974296,30,A100 SXM4
2025-10-25T20:00:00.000Z,2025-10-25T20:00:00.000Z,A100 SXM4,global,0.9307957949162476,0.7678675414288911,30,A100 SXM4
2025-10-26T20:00:00.000Z,2025-10-26T20:00:00.000Z,A100 SXM4,global,0.8992883324320379,0.7781824726220824,30,A100 SXM4
2025-10-27T20:00:00.000Z,2025-10-27T20:00:00.000Z,A100 SXM4,global,0.8286517794996057,0.8304622783030553,30,A100 SXM4
2025-10-28T20:00:00.000Z,2025-10-28T20:00:00.000Z,A100 SXM4,global,0.8625055590329098,0.8414376607869597,30,A100 SXM4
2025-10-29T20:00:00.000Z,2025-10-29T20:00:00.000Z,A100 SXM4,global,0.8607902836940663,0.8374695657674267,30,A100 SXM4
2025-10-30T20:00:00.000Z,2025-10-30T20:00:00.000Z,A100 SXM4,global,0.8833814627823129,0.8261194920356264,30,A100 SXM4
2025-10-31T20:00:00.000Z,2025-10-31T20:00:00.000Z,A100 SXM4,global,0.8919880749389285,0.8124448660915697,30,A100 SXM4
2025-11-01T20:00:00.000Z,2025-11-01T20:00:00.000Z,A100 SXM4,global,0.89276752756078,0.8015361572821508,30,A100 SXM4
2025-11-02T21:00:00.000Z,2025-11-02T21:00:00.000Z,A100 SXM4,global,0.90830547529416,0.7685638098745109,30,A100 SXM4
2025-11-03T21:00:00.000Z,2025-11-03T21:00:00.000Z,A100 SXM4,global,0.9017874549527939,0.767736366956142,30,A100 SXM4
2025-11-04T21:00:00.000Z,2025-11-04T21:00:00.000Z,A100 SXM4,global,0.8884463173623249,0.7560444224185279,30,A100 SXM4
2025-11-05T21:00:00.000Z,2025-11-05T21:00:00.000Z,A100 SXM4,global,0.9043448826494598,0.7547711459893204,30,A100 SXM4
2025-11-06T21:00:00.000Z,2025-11-06T21:00:00.000Z,A100 SXM4,global,0.8917311276161214,0.7565249636480506,30,A100 SXM4
2025-11-07T21:00:00.000Z,2025-11-07T21:00:00.000Z,A100 SXM4,global,0.9089331154585816,0.739147696511563,30,A100 SXM4
2025-11-08T21:00:00.000Z,2025-11-08T21:00:00.000Z,A100 SXM4,global,0.9189747317986203,0.6894292891535662,30,A100 SXM4
2025-11-09T21:00:00.000Z,2025-11-09T21:00:00.000Z,A100 SXM4,global,0.9181436498218699,0.689730245749879,30,A100 SXM4
2025-11-10T21:00:00.000Z,2025-11-10T21:00:00.000Z,A100 SXM4,global,0.9221942247009528,0.6734003595296016,30,A100 SXM4
2025-11-11T21:00:00.000Z,2025-11-11T21:00:00.000Z,A100 SXM4,global,0.9221045848236104,0.6671002942055596,30,A100 SXM4
2025-11-12T21:00:00.000Z,2025-11-12T21:00:00.000Z,A100 SXM4,global,0.8930539425789883,0.6809541337818509,30,A100 SXM4
2025-11-13T21:00:00.000Z,2025-11-13T21:00:00.000Z,A100 SXM4,global,0.9077858991249644,0.6242203673897487,30,A100 SXM4
2025-11-14T21:00:00.000Z,2025-11-14T21:00:00.000Z,A100 SXM4,global,0.8873613238725628,0.5998443807109071,30,A100 SXM4
2025-11-15T21:00:00.000Z,2025-11-15T21:00:00.000Z,A100 SXM4,global,0.8693976117651624,0.5981452259329927,30,A100 SXM4
2025-11-16T21:00:00.000Z,2025-11-16T21:00:00.000Z,A100 SXM4,global,0.8742353529952179,0.5578469496049558,30,A100 SXM4
2025-11-17T21:00:00.000Z,2025-11-17T21:00:00.000Z,A100 SXM4,global,0.8768495111019708,0.5112895515572758,30,A100 SXM4
2025-11-18T21:00:00.000Z,2025-11-18T21:00:00.000Z,A100 SXM4,global,0.8739535830355036,0.5050925497059241,30,A100 SXM4
2025-11-19T21:00:00.000Z,2025-11-19T21:00:00.000Z,A100 SXM4,global,0.8921177927684099,0.4764055886486636,30,A100 SXM4
2025-11-20T21:00:00.000Z,2025-11-20T21:00:00.000Z,A100 SXM4,global,0.8905251867892505,0.4313837671536187,30,A100 SXM4
2025-11-21T21:00:00.000Z,2025-11-21T21:00:00.000Z,A100 SXM4,global,0.9316974690874993,0.46013058951473806,30,A100 SXM4
2025-11-22T21:00:00.000Z,2025-11-22T21:00:00.000Z,A100 SXM4,global,0.9056222939809464,0.4693596555795377,30,A100 SXM4
2025-11-23T21:00:00.000Z,2025-11-23T21:00:00.000Z,A100 SXM4,global,0.9128086039865658,0.46859865723081917,30,A100 SXM4
2025-11-24T21:00:00.000Z,2025-11-24T21:00:00.000Z,A100 SXM4,global,0.9388581523820315,0.479220181352747,30,A100 SXM4
2025-11-25T21:00:00.000Z,2025-11-25T21:00:00.000Z,A100 SXM4,global,1.0122831287973773,0.5293805896539527,30,A100 SXM4
2025-11-26T21:00:00.000Z,2025-11-26T21:00:00.000Z,A100 SXM4,global,1.0112440494116306,0.43043291362256325,30,A100 SXM4
2025-11-27T21:00:00.000Z,2025-11-27T21:00:00.000Z,A100 SXM4,global,1.0435989312224294,0.4230533365765176,30,A100 SXM4
2025-11-28T21:00:00.000Z,2025-11-28T21:00:00.000Z,A100 SXM4,global,1.0023429813492486,0.45267656147632324,30,A100 SXM4
2025-11-29T21:00:00.000Z,2025-11-29T21:00:00.000Z,A100 SXM4,global,0.9562597494781073,0.4810799327834668,30,A100 SXM4
2025-11-30T21:00:00.000Z,2025-11-30T21:00:00.000Z,A100 SXM4,global,0.9228441240939159,0.4983268683550192,30,A100 SXM4
2025-12-01T21:00:00.000Z,2025-12-01T21:00:00.000Z,A100 SXM4,global,0.9062374277648052,0.5028533409697338,30,A100 SXM4
2025-12-02T21:00:00.000Z,2025-12-02T21:00:00.000Z,A100 SXM4,global,0.8950918266478277,0.5010446933675937,30,A100 SXM4
2025-12-03T21:00:00.000Z,2025-12-03T21:00:00.000Z,A100 SXM4,global,0.8961274629148507,0.5004830345850303,30,A100 SXM4
2025-12-04T21:00:00.000Z,2025-12-04T21:00:00.000Z,A100 SXM4,global,1.0005503501302695,0.6282438452935205,30,A100 SXM4
2025-12-05T21:00:00.000Z,2025-12-05T21:00:00.000Z,A100 SXM4,global,1.0064259627036747,0.6263288578450739,30,A100 SXM4
2025-12-06T21:00:00.000Z,2025-12-06T21:00:00.000Z,A100 SXM4,global,1.0181270203025239,0.6236292988137272,30,A100 SXM4
2025-12-07T21:00:00.000Z,2025-12-07T21:00:00.000Z,A100 SXM4,global,1.0136797693740285,0.6220454157585986,30,A100 SXM4
2025-12-08T21:00:00.000Z,2025-12-08T21:00:00.000Z,A100 SXM4,global,1.0049896858400416,0.6228856209991113,30,A100 SXM4
2025-12-09T21:00:00.000Z,2025-12-09T21:00:00.000Z,A100 SXM4,global,1.0016866883465114,0.6231287411937966,30,A100 SXM4
2025-12-10T21:00:00.000Z,2025-12-10T21:00:00.000Z,A100 SXM4,global,0.9685273733967928,0.6359894112666502,30,A100 SXM4
2025-12-11T21:00:00.000Z,2025-12-11T21:00:00.000Z,A100 SXM4,global,0.9393877164297879,0.6458261855681477,30,A100 SXM4
2025-12-12T21:00:00.000Z,2025-12-12T21:00:00.000Z,A100 SXM4,global,0.9221739130434783,0.6389143662897783,30,A100 SXM4
2025-12-13T21:00:00.000Z,2025-12-13T21:00:00.000Z,A100 SXM4,global,0.9225,0.6365275180520733,30,A100 SXM4
2025-12-14T21:00:00.000Z,2025-12-14T21:00:00.000Z,A100 SXM4,global,0.9008333333333334,0.6370026487789437,30,A100 SXM4
2025-12-15T21:00:00.000Z,2025-12-15T21:00:00.000Z,A100 SXM4,global,0.8883333333333333,0.6347171599416872,30,A100 SXM4
2025-12-16T21:00:00.000Z,2025-12-16T21:00:00.000Z,A100 SXM4,global,0.8865217391304347,0.6345422188654513,30,A100 SXM4
2025-12-17T21:00:00.000Z,2025-12-17T21:00:00.000Z,A100 SXM4,global,0.8770833333333333,0.635653430604151,30,A100 SXM4
2025-12-18T21:00:00.000Z,2025-12-18T21:00:00.000Z,A100 SXM4,global,0.88375,0.6360716290006982,30,A100 SXM4
2025-12-19T21:00:00.000Z,2025-12-19T21:00:00.000Z,A100 SXM4,global,0.8995833333333333,0.6350219551867227,30,A100 SXM4
2025-12-20T21:00:00.000Z,2025-12-20T21:00:00.000Z,A100 SXM4,global,0.8820833333333333,0.6387966799037589,30,A100 SXM4
2025-12-21T21:00:00.000Z,2025-12-21T21:00:00.000Z,A100 SXM4,global,0.8804166666666666,0.6173242209450382,30,A100 SXM4
2025-12-22T21:00:00.000Z,2025-12-22T21:00:00.000Z,A100 SXM4,global,0.8783333333333333,0.6098936976893345,30,A100 SXM4
2025-12-23T21:00:00.000Z,2025-12-23T21:00:00.000Z,A100 SXM4,global,0.8741666666666666,0.6091604128136442,30,A100 SXM4
2025-12-24T21:00:00.000Z,2025-12-24T21:00:00.000Z,A100 SXM4,global,0.8895833333333333,0.6037577769158592,30,A100 SXM4
2025-12-25T21:00:00.000Z,2025-12-25T21:00:00.000Z,A100 SXM4,global,0.8904166666666666,0.5361783920168441,30,A100 SXM4
2025-12-26T21:00:00.000Z,2025-12-26T21:00:00.000Z,A100 SXM4,global,0.8983333333333333,0.5380357532435476,30,A100 SXM4
2025-12-27T21:00:00.000Z,2025-12-27T21:00:00.000Z,A100 SXM4,global,0.9370833333333334,0.5481458587677899,30,A100 SXM4
2025-12-28T21:00:00.000Z,2025-12-28T21:00:00.000Z,A100 SXM4,global,0.90625,0.5428419009954119,30,A100 SXM4
2025-12-29T21:00:00.000Z,2025-12-29T21:00:00.000Z,A100 SXM4,global,0.875,0.5322099621996305,30,A100 SXM4
2025-12-30T21:00:00.000Z,2025-12-30T21:00:00.000Z,A100 SXM4,global,0.8854166666666666,0.5212255121775883,30,A100 SXM4
2026-01-01T21:00:00.000Z,2026-01-01T21:00:00.000Z,A100 SXM4,global,0.90125,0.5188511988854683,30,A100 SXM4
2026-01-02T21:00:00.000Z,2026-01-02T21:00:00.000Z,A100 SXM4,global,0.89875,0.518944113404654,30,A100 SXM4
2026-01-03T21:00:00.000Z,2026-01-03T21:00:00.000Z,A100 SXM4,global,0.8866666666666667,0.3355234789394921,30,A100 SXM4
2026-01-04T21:00:00.000Z,2026-01-04T21:00:00.000Z,A100 SXM4,global,0.88875,0.3344442397372607,30,A100 SXM4
2026-01-05T21:00:00.000Z,2026-01-05T21:00:00.000Z,A100 SXM4,global,0.8691666666666666,0.33527363848894154,30,A100 SXM4
2026-01-06T21:00:00.000Z,2026-01-06T21:00:00.000Z,A100 SXM4,global,0.8791666666666667,0.340306856811969,30,A100 SXM4
2026-01-07T21:00:00.000Z,2026-01-07T21:00:00.000Z,A100 SXM4,global,0.8633333333333333,0.343295632018752,30,A100 SXM4
2026-01-08T21:00:00.000Z,2026-01-08T21:00:00.000Z,A100 SXM4,global,0.8382608695652174,0.35358523054001173,30,A100 SXM4
2026-01-09T21:00:00.000Z,2026-01-09T21:00:00.000Z,A100 SXM4,global,0.8270833333333333,0.3404118165193001,30,A100 SXM4
2026-01-10T21:00:00.000Z,2026-01-10T21:00:00.000Z,A100 SXM4,global,0.82625,0.32816834390678284,30,A100 SXM4
2026-01-11T21:00:00.000Z,2026-01-11T21:00:00.000Z,A100 SXM4,global,0.8341666666666666,0.3274485743172766,30,A100 SXM4
2026-01-12T21:00:00.000Z,2026-01-12T21:00:00.000Z,A100 SXM4,global,0.8204347826086956,0.33036565658217637,30,A100 SXM4
2026-01-13T21:00:00.000Z,2026-01-13T21:00:00.000Z,A100 SXM4,global,0.8441666666666666,0.3409737800876702,30,A100 SXM4
2026-01-14T21:00:00.000Z,2026-01-14T21:00:00.000Z,A100 SXM4,global,0.82625,0.34520540370096886,30,A100 SXM4
2026-01-15T21:00:00.000Z,2026-01-15T21:00:00.000Z,A100 SXM4,global,0.8070833333333334,0.3529195960078377,30,A100 SXM4
2026-01-16T21:00:00.000Z,2026-01-16T21:00:00.000Z,A100 SXM4,global,0.7883333333333333,0.35914798829567274,30,A100 SXM4
2026-01-17T21:00:00.000Z,2026-01-17T21:00:00.000Z,A100 SXM4,global,0.7908333333333334,0.35775584021215473,30,A100 SXM4
2026-01-18T21:00:00.000Z,2026-01-18T21:00:00.000Z,A100 SXM4,global,0.7958333333333333,0.351279992424498,30,A100 SXM4
2026-01-19T21:00:00.000Z,2026-01-19T21:00:00.000Z,A100 SXM4,global,0.82375,0.3712644749791714,30,A100 SXM4
2026-01-20T21:00:00.000Z,2026-01-20T21:00:00.000Z,A100 SXM4,global,0.8108333333333333,0.37424077373832926,30,A100 SXM4
2026-01-21T21:00:00.000Z,2026-01-21T21:00:00.000Z,A100 SXM4,global,0.8179166666666666,0.3763653540332242,30,A100 SXM4
2026-01-22T21:00:00.000Z,2026-01-22T21:00:00.000Z,A100 SXM4,global,0.8183333333333334,0.3763943783318762,30,A100 SXM4
2026-01-23T21:00:00.000Z,2026-01-23T21:00:00.000Z,A100 SXM4,global,0.8091666666666667,0.3707890127613169,30,A100 SXM4
2026-01-24T21:00:00.000Z,2026-01-24T21:00:00.000Z,A100 SXM4,global,0.7975,0.37255714336082885,30,A100 SXM4
2026-01-25T21:00:00.000Z,2026-01-25T21:00:00.000Z,A100 SXM4,global,0.8066666666666666,0.3737541112027361,30,A100 SXM4
2026-01-26T21:00:00.000Z,2026-01-26T21:00:00.000Z,A100 SXM4,global,0.805,0.3353728851105755,30,A100 SXM4
2026-01-27T21:00:00.000Z,2026-01-27T21:00:00.000Z,A100 SXM4,global,0.82125,0.3301939946590367,30,A100 SXM4
2026-01-28T21:00:00.000Z,2026-01-28T21:00:00.000Z,A100 SXM4,global,0.8258333333333333,0.310782235944373,30,A100 SXM4
2026-01-29T21:00:00.000Z,2026-01-29T21:00:00.000Z,A100 SXM4,global,0.8179166666666666,0.3078240469234403,30,A100 SXM4
2026-01-30T21:00:00.000Z,2026-01-30T21:00:00.000Z,A100 SXM4,global,0.8029166666666666,0.3058762502044476,30,A100 SXM4
2026-01-31T21:00:00.000Z,2026-01-31T21:00:00.000Z,A100 SXM4,global,0.8008333333333333,0.3050039160436613,30,A100 SXM4
2026-02-01T21:00:00.000Z,2026-02-01T21:00:00.000Z,A100 SXM4,global,0.795,0.30519671860314884,30,A100 SXM4
2026-02-02T21:00:00.000Z,2026-02-02T21:00:00.000Z,A100 SXM4,global,0.8254166666666667,0.3357749717088699,30,A100 SXM4
2026-02-03T21:00:00.000Z,2026-02-03T21:00:00.000Z,A100 SXM4,global,0.8233333333333334,0.33534039562200413,30,A100 SXM4
2026-02-04T21:00:00.000Z,2026-02-04T21:00:00.000Z,A100 SXM4,global,0.8008333333333333,0.3398636925851869,30,A100 SXM4
2026-02-05T21:00:00.000Z,2026-02-05T21:00:00.000Z,A100 SXM4,global,0.8033333333333333,0.3367219070660573,30,A100 SXM4
2026-02-06T21:00:00.000Z,2026-02-06T21:00:00.000Z,A100 SXM4,global,0.8079166666666666,0.3334655761069745,30,A100 SXM4
2026-02-07T21:00:00.000Z,2026-02-07T21:00:00.000Z,A100 SXM4,global,0.8054166666666667,0.3186917549557308,30,A100 SXM4
2026-02-08T21:00:00.000Z,2026-02-08T21:00:00.000Z,A100 SXM4,global,0.8133333333333334,0.3178881720682681,30,A100 SXM4
2026-02-09T21:00:00.000Z,2026-02-09T21:00:00.000Z,A100 SXM4,global,0.7995833333333333,0.32305638423531513,30,A100 SXM4
2026-02-10T21:00:00.000Z,2026-02-10T21:00:00.000Z,A100 SXM4,global,0.7970833333333334,0.3208244750882725,30,A100 SXM4
2026-02-11T21:00:00.000Z,2026-02-11T21:00:00.000Z,A100 SXM4,global,0.8079166666666666,0.3201916582596989,30,A100 SXM4
2026-02-12T21:00:00.000Z,2026-02-12T21:00:00.000Z,A100 SXM4,global,0.8095833333333333,0.3028315474848927,30,A100 SXM4
2026-02-13T21:00:00.000Z,2026-02-13T21:00:00.000Z,A100 SXM4,global,0.7995833333333333,0.29688631042304764,30,A100 SXM4
2026-02-14T21:00:00.000Z,2026-02-14T21:00:00.000Z,A100 SXM4,global,0.8020833333333334,0.2859479047057239,30,A100 SXM4
2026-02-15T21:00:00.000Z,2026-02-15T21:00:00.000Z,A100 SXM4,global,0.8045833333333333,0.2734509335088402,30,A100 SXM4
2026-02-16T21:00:00.000Z,2026-02-16T21:00:00.000Z,A100 SXM4,global,0.81875,0.2795592413969743,30,A100 SXM4
2026-02-17T21:00:00.000Z,2026-02-17T21:00:00.000Z,A100 SXM4,global,0.8091666666666667,0.28246640614085855,30,A100 SXM4
2026-02-18T21:00:00.000Z,2026-02-18T21:00:00.000Z,A100 SXM4,global,0.8091666666666667,0.2545745573173764,30,A100 SXM4
2026-02-19T21:00:00.000Z,2026-02-19T21:00:00.000Z,A100 SXM4,global,0.8275,0.2606571817241263,30,A100 SXM4
2026-02-20T21:00:00.000Z,2026-02-20T21:00:00.000Z,A100 SXM4,global,0.8219047619047619,0.26025578920633086,30,A100 SXM4
2026-02-21T21:00:00.000Z,2026-02-21T21:00:00.000Z,A100 SXM4,global,0.8175,0.26096501473428196,30,A100 SXM4
2026-02-22T21:00:00.000Z,2026-02-22T21:00:00.000Z,A100 SXM4,global,0.795,0.27600460819579353,30,A100 SXM4
2026-02-23T21:00:00.000Z,2026-02-23T21:00:00.000Z,A100 SXM4,global,0.8129166666666666,0.2824046024075323,30,A100 SXM4
2026-02-24T21:00:00.000Z,2026-02-24T21:00:00.000Z,A100 SXM4,global,0.81625,0.2800258091500026,30,A100 SXM4
2026-02-25T21:00:00.000Z,2026-02-25T21:00:00.000Z,A100 SXM4,global,0.82,0.28025090100675454,30,A100 SXM4
2026-02-26T21:00:00.000Z,2026-02-26T21:00:00.000Z,A100 SXM4,global,0.8329166666666666,0.2768528214630192,30,A100 SXM4
2026-02-27T21:00:00.000Z,2026-02-27T21:00:00.000Z,A100 SXM4,global,0.84125,0.2782893967257721,30,A100 SXM4
2026-02-28T21:00:00.000Z,2026-02-28T21:00:00.000Z,A100 SXM4,global,0.8341666666666666,0.2777736787542368,30,A100 SXM4
2026-03-01T21:00:00.000Z,2026-03-01T21:00:00.000Z,A100 SXM4,global,0.835,0.2690297704150194,30,A100 SXM4
2026-03-02T21:00:00.000Z,2026-03-02T21:00:00.000Z,A100 SXM4,global,0.8425,0.2699317924755485,30,A100 SXM4
2026-03-03T21:00:00.000Z,2026-03-03T21:00:00.000Z,A100 SXM4,global,0.8429166666666666,0.26802204774827393,30,A100 SXM4
2026-03-04T21:00:00.000Z,2026-03-04T21:00:00.000Z,A100 SXM4,global,0.8795833333333334,0.27686588476701585,30,A100 SXM4
2026-03-05T21:00:00.000Z,2026-03-05T21:00:00.000Z,A100 SXM4,global,0.8758333333333334,0.277301082857984,30,A100 SXM4
2026-03-06T21:00:00.000Z,2026-03-06T21:00:00.000Z,A100 SXM4,global,0.8791304347826087,0.2556620908308325,30,A100 SXM4
2026-03-07T21:00:00.000Z,2026-03-07T21:00:00.000Z,A100 SXM4,global,0.8891666666666667,0.2572735095669551,30,A100 SXM4
2026-03-08T20:00:00.000Z,2026-03-08T20:00:00.000Z,A100 SXM4,global,0.9045833333333333,0.2616605577010288,30,A100 SXM4
2026-03-09T20:00:00.000Z,2026-03-09T20:00:00.000Z,A100 SXM4,global,0.8891666666666667,0.2707717087678123,30,A100 SXM4
2026-03-10T20:00:00.000Z,2026-03-10T20:00:00.000Z,A100 SXM4,global,0.905,0.27450864992779794,30,A100 SXM4
2026-03-11T20:00:00.000Z,2026-03-11T20:00:00.000Z,A100 SXM4,global,0.9254166666666667,0.27163079202957485,30,A100 SXM4
2026-03-12T20:00:00.000Z,2026-03-12T20:00:00.000Z,A100 SXM4,global,0.9420833333333334,0.2737010271534261,30,A100 SXM4
2026-03-13T20:00:00.000Z,2026-03-13T20:00:00.000Z,A100 SXM4,global,0.96,0.2762696262727899,30,A100 SXM4
2026-03-14T20:00:00.000Z,2026-03-14T20:00:00.000Z,A100 SXM4,global,0.9516666666666667,0.28060536906041506,30,A100 SXM4
2026-03-15T20:00:00.000Z,2026-03-15T20:00:00.000Z,A100 SXM4,global,0.9216666666666666,0.30365577434598484,30,A100 SXM4
2026-03-16T20:00:00.000Z,2026-03-16T20:00:00.000Z,A100 SXM4,global,0.9075,0.31173360359032487,30,A100 SXM4
2026-03-17T20:00:00.000Z,2026-03-17T20:00:00.000Z,A100 SXM4,global,0.9,0.3147227586411992,30,A100 SXM4
2026-03-18T20:00:00.000Z,2026-03-18T20:00:00.000Z,A100 SXM4,global,0.9004166666666666,0.31095882807121217,30,A100 SXM4
2026-03-19T20:00:00.000Z,2026-03-19T20:00:00.000Z,A100 SXM4,global,0.8995833333333333,0.3066702207767084,30,A100 SXM4
2026-03-20T20:00:00.000Z,2026-03-20T20:00:00.000Z,A100 SXM4,global,0.8983333333333333,0.3069099825944919,30,A100 SXM4
2026-03-21T20:00:00.000Z,2026-03-21T20:00:00.000Z,A100 SXM4,global,0.9141666666666667,0.30354675438644774,30,A100 SXM4
2026-03-22T20:00:00.000Z,2026-03-22T20:00:00.000Z,A100 SXM4,global,0.9183333333333333,0.3013645658330366,30,A100 SXM4
2026-03-23T20:00:00.000Z,2026-03-23T20:00:00.000Z,A100 SXM4,global,0.9125,0.3017628155858625,30,A100 SXM4
2026-03-24T20:00:00.000Z,2026-03-24T20:00:00.000Z,A100 SXM4,global,0.9033333333333333,0.28419040085524344,30,A100 SXM4
2026-03-25T20:00:00.000Z,2026-03-25T20:00:00.000Z,A100 SXM4,global,0.9133333333333333,0.27783762655901045,30,A100 SXM4
2026-03-26T20:00:00.000Z,2026-03-26T20:00:00.000Z,A100 SXM4,global,0.9252380952380952,0.27963399435167574,30,A100 SXM4
2026-03-27T20:00:00.000Z,2026-03-27T20:00:00.000Z,A100 SXM4,global,0.961,0.3034131216916577,30,A100 SXM4
2026-03-28T20:00:00.000Z,2026-03-28T20:00:00.000Z,A100 SXM4,global,0.9491666666666667,0.30711269247826634,30,A100 SXM4
2026-03-29T20:00:00.000Z,2026-03-29T20:00:00.000Z,A100 SXM4,global,0.9341666666666667,0.3143582845596596,30,A100 SXM4
2026-03-30T20:00:00.000Z,2026-03-30T20:00:00.000Z,A100 SXM4,global,0.9404166666666667,0.3115371994823007,30,A100 SXM4
2026-03-31T20:00:00.000Z,2026-03-31T20:00:00.000Z,A100 SXM4,global,0.95875,0.3158357447404526,30,A100 SXM4
2026-04-01T20:00:00.000Z,2026-04-01T20:00:00.000Z,A100 SXM4,global,0.945,0.32226500289226184,30,A100 SXM4
2026-04-02T20:00:00.000Z,2026-04-02T20:00:00.000Z,A100 SXM4,global,0.95375,0.322565702326769,30,A100 SXM4
2026-04-03T20:00:00.000Z,2026-04-03T20:00:00.000Z,A100 SXM4,global,0.96,0.2914743065427591,30,A100 SXM4
2026-04-04T20:00:00.000Z,2026-04-04T20:00:00.000Z,A100 SXM4,global,0.9708333333333333,0.29167502923014554,30,A100 SXM4
2026-04-05T20:00:00.000Z,2026-04-05T20:00:00.000Z,A100 SXM4,global,0.9604166666666667,0.2958536029242406,30,A100 SXM4
2026-04-06T20:00:00.000Z,2026-04-06T20:00:00.000Z,A100 SXM4,global,0.9754166666666667,0.2976836623064434,30,A100 SXM4
2026-04-07T20:00:00.000Z,2026-04-07T20:00:00.000Z,A100 SXM4,global,0.9891666666666666,0.29598376598591875,30,A100 SXM4
2026-04-08T20:00:00.000Z,2026-04-08T20:00:00.000Z,A100 SXM4,global,1.0016666666666667,0.2885648812238849,30,A100 SXM4
2026-04-09T20:00:00.000Z,2026-04-09T20:00:00.000Z,A100 SXM4,global,1.0766666666666667,0.37183969209931833,30,A100 SXM4
2026-04-10T20:00:00.000Z,2026-04-10T20:00:00.000Z,A100 SXM4,global,1.12625,0.39241260189877636,30,A100 SXM4
2026-04-11T20:00:00.000Z,2026-04-11T20:00:00.000Z,A100 SXM4,global,1.0783333333333334,0.42696278362783835,30,A100 SXM4
2026-04-12T20:00:00.000Z,2026-04-12T20:00:00.000Z,A100 SXM4,global,1.0908333333333333,0.4246274045757828,30,A100 SXM4
2026-04-13T20:00:00.000Z,2026-04-13T20:00:00.000Z,A100 SXM4,global,1.0716666666666668,0.4292301721908876,30,A100 SXM4
2026-04-14T20:00:00.000Z,2026-04-14T20:00:00.000Z,A100 SXM4,global,1.0729166666666667,0.40935552505727896,30,A100 SXM4
2026-04-15T20:00:00.000Z,2026-04-15T20:00:00.000Z,A100 SXM4,global,1.0866666666666667,0.40331146450778455,30,A100 SXM4
2026-04-16T20:00:00.000Z,2026-04-16T20:00:00.000Z,A100 SXM4,global,1.0533333333333332,0.4210063764886637,30,A100 SXM4
2026-04-17T20:00:00.000Z,2026-04-17T20:00:00.000Z,A100 SXM4,global,1.0283333333333333,0.43299659067010665,30,A100 SXM4
2026-04-18T20:00:00.000Z,2026-04-18T20:00:00.000Z,A100 SXM4,global,1.0166666666666666,0.43616087406621906,30,A100 SXM4
2026-04-19T20:00:00.000Z,2026-04-19T20:00:00.000Z,A100 SXM4,global,1.0258333333333334,0.4360237072893278,30,A100 SXM4
2026-04-20T20:00:00.000Z,2026-04-20T20:00:00.000Z,A100 SXM4,global,1.0708333333333333,0.4542747589652521,30,A100 SXM4
2026-04-21T20:00:00.000Z,2026-04-21T20:00:00.000Z,A100 SXM4,global,1.0891666666666666,0.4560898654500261,30,A100 SXM4
2026-04-22T20:00:00.000Z,2026-04-22T20:00:00.000Z,A100 SXM4,global,1.075,0.45891966730295847,30,A100 SXM4
2026-04-23T20:00:00.000Z,2026-04-23T20:00:00.000Z,A100 SXM4,global,1.0533333333333332,0.46466050636498435,30,A100 SXM4
2026-04-24T20:00:00.000Z,2026-04-24T20:00:00.000Z,A100 SXM4,global,1.0820833333333333,0.4704809541180591,30,A100 SXM4
2026-04-25T20:00:00.000Z,2026-04-25T20:00:00.000Z,A100 SXM4,global,1.08375,0.4699362259228656,30,A100 SXM4
2026-04-26T20:00:00.000Z,2026-04-26T20:00:00.000Z,A100 SXM4,global,1.07,0.45873615252864186,30,A100 SXM4
2026-04-27T20:00:00.000Z,2026-04-27T20:00:00.000Z,A100 SXM4,global,1.0954166666666667,0.4600764299678239,30,A100 SXM4
2026-04-28T20:00:00.000Z,2026-04-28T20:00:00.000Z,A100 SXM4,global,1.1254166666666667,0.4601373304885594,30,A100 SXM4
2026-04-29T20:00:00.000Z,2026-04-29T20:00:00.000Z,A100 SXM4,global,1.1158333333333332,0.4629995941491296,30,A100 SXM4
2026-04-30T20:00:00.000Z,2026-04-30T20:00:00.000Z,A100 SXM4,global,1.1416666666666666,0.46448989636351984,30,A100 SXM4
2026-05-01T20:00:00.000Z,2026-05-01T20:00:00.000Z,A100 SXM4,global,1.14375,0.45898986632226113,30,A100 SXM4
2026-05-02T20:00:00.000Z,2026-05-02T20:00:00.000Z,A100 SXM4,global,1.1116666666666666,0.4745831573437792,30,A100 SXM4
2026-05-03T20:00:00.000Z,2026-05-03T20:00:00.000Z,A100 SXM4,global,1.1258333333333332,0.4752961602922911,30,A100 SXM4
2026-05-04T20:00:00.000Z,2026-05-04T20:00:00.000Z,A100 SXM4,global,1.1733333333333333,0.49133568101153324,30,A100 SXM4
2026-05-05T20:00:00.000Z,2026-05-05T20:00:00.000Z,A100 SXM4,global,1.1925,0.488522600023055,30,A100 SXM4
2026-05-06T20:00:00.000Z,2026-05-06T20:00:00.000Z,A100 SXM4,global,1.1908333333333334,0.4884719317271972,30,A100 SXM4
2026-05-07T20:00:00.000Z,2026-05-07T20:00:00.000Z,A100 SXM4,global,1.1329166666666666,0.5257437141654128,30,A100 SXM4
2026-05-08T20:00:00.000Z,2026-05-08T20:00:00.000Z,A100 SXM4,global,1.1229166666666666,0.5269322437847754,30,A100 SXM4
2026-05-09T20:00:00.000Z,2026-05-09T20:00:00.000Z,A100 SXM4,global,1.1179166666666667,0.46602003021032795,30,A100 SXM4
2026-05-10T20:00:00.000Z,2026-05-10T20:00:00.000Z,A100 SXM4,global,1.1070833333333334,0.4396859157347882,30,A100 SXM4
2026-05-11T20:00:00.000Z,2026-05-11T20:00:00.000Z,A100 SXM4,global,1.1358333333333333,0.4204722247772175,30,A100 SXM4
2026-05-12T20:00:00.000Z,2026-05-12T20:00:00.000Z,A100 SXM4,global,1.1991666666666667,0.4577685437320705,30,A100 SXM4
2026-05-13T20:00:00.000Z,2026-05-13T20:00:00.000Z,A100 SXM4,global,1.19,0.45331769337486844,30,A100 SXM4
2026-05-14T20:00:00.000Z,2026-05-14T20:00:00.000Z,A100 SXM4,global,1.1520833333333333,0.47026934991418773,30,A100 SXM4
2026-05-15T20:00:00.000Z,2026-05-15T20:00:00.000Z,A100 SXM4,global,1.1816666666666666,0.47579655719142305,30,A100 SXM4
2026-05-16T20:00:00.000Z,2026-05-16T20:00:00.000Z,A100 SXM4,global,1.1908333333333334,0.4599440485106668,30,A100 SXM4
2026-05-17T20:00:00.000Z,2026-05-17T20:00:00.000Z,A100 SXM4,global,1.2070833333333333,0.44959772576025553,30,A100 SXM4
2026-05-18T20:00:00.000Z,2026-05-18T20:00:00.000Z,A100 SXM4,global,1.2391666666666667,0.45111408029921546,30,A100 SXM4
2026-05-19T20:00:00.000Z,2026-05-19T20:00:00.000Z,A100 SXM4,global,1.27,0.4554116728867206,30,A100 SXM4
2026-05-20T20:00:00.000Z,2026-05-20T20:00:00.000Z,A100 SXM4,global,1.2675,0.43754881678374774,30,A100 SXM4
2026-05-21T20:00:00.000Z,2026-05-21T20:00:00.000Z,A100 SXM4,global,1.3029166666666667,0.4425345186800418,30,A100 SXM4
2026-05-22T20:00:00.000Z,2026-05-22T20:00:00.000Z,A100 SXM4,global,1.3383333333333334,0.44279038496808043,30,A100 SXM4
2026-05-23T20:00:00.000Z,2026-05-23T20:00:00.000Z,A100 SXM4,global,1.3408333333333333,0.431967219236909,30,A100 SXM4
2026-05-24T20:00:00.000Z,2026-05-24T20:00:00.000Z,A100 SXM4,global,1.2783333333333333,0.4678967834327689,30,A100 SXM4
2026-05-25T20:00:00.000Z,2026-05-25T20:00:00.000Z,A100 SXM4,global,1.25875,0.4734454240295896,30,A100 SXM4
2026-05-26T20:00:00.000Z,2026-05-26T20:00:00.000Z,A100 SXM4,global,1.235,0.4769040218427754,30,A100 SXM4
2026-05-27T20:00:00.000Z,2026-05-27T20:00:00.000Z,A100 SXM4,global,1.2383333333333333,0.4721352738321275,30,A100 SXM4
2026-05-28T20:00:00.000Z,2026-05-28T20:00:00.000Z,A100 SXM4,global,1.24625,0.46495214112452016,30,A100 SXM4
2026-05-29T20:00:00.000Z,2026-05-29T20:00:00.000Z,A100 SXM4,global,1.2870833333333334,0.4734482619661598,30,A100 SXM4
2026-05-30T20:00:00.000Z,2026-05-30T20:00:00.000Z,A100 SXM4,global,1.3120833333333333,0.47185767543661333,30,A100 SXM4
2026-05-31T20:00:00.000Z,2026-05-31T20:00:00.000Z,A100 SXM4,global,1.3004166666666668,0.47415061598194147,30,A100 SXM4
2026-06-01T20:00:00.000Z,2026-06-01T20:00:00.000Z,A100 SXM4,global,1.2995833333333333,0.45969026285601094,30,A100 SXM4
2026-06-02T20:00:00.000Z,2026-06-02T20:00:00.000Z,A100 SXM4,global,1.2958333333333334,0.45971589580006145,30,A100 SXM4
2026-06-03T20:00:00.000Z,2026-06-03T20:00:00.000Z,A100 SXM4,global,1.27,0.4479015249591223,30,A100 SXM4
2026-06-04T20:00:00.000Z,2026-06-04T20:00:00.000Z,A100 SXM4,global,1.2233333333333334,0.46616293113118656,30,A100 SXM4
2026-06-05T20:00:00.000Z,2026-06-05T20:00:00.000Z,A100 SXM4,global,1.2333333333333334,0.4667707513118281,30,A100 SXM4
2026-06-06T20:00:00.000Z,2026-06-06T20:00:00.000Z,A100 SXM4,global,1.2054166666666666,0.43827757348943697,30,A100 SXM4
2026-06-07T20:00:00.000Z,2026-06-07T20:00:00.000Z,A100 SXM4,global,1.08125,0.5838215448220171,30,A100 SXM4
2026-06-08T20:00:00.000Z,2026-06-08T20:00:00.000Z,A100 SXM4,global,1.07375,0.5840589599802847,30,A100 SXM4
2026-06-09T20:00:00.000Z,2026-06-09T20:00:00.000Z,A100 SXM4,global,1.0870833333333334,0.5851414573654895,30,A100 SXM4
2026-06-10T20:00:00.000Z,2026-06-10T20:00:00.000Z,A100 SXM4,global,1.0820833333333333,0.5775280791310788,30,A100 SXM4
2026-06-11T20:00:00.000Z,2026-06-11T20:00:00.000Z,A100 SXM4,global,1.0945833333333332,0.5437236693612364,30,A100 SXM4
2026-06-12T20:00:00.000Z,2026-06-12T20:00:00.000Z,A100 SXM4,global,1.08875,0.5435345574546803,30,A100 SXM4
2026-06-13T20:00:00.000Z,2026-06-13T20:00:00.000Z,A100 SXM4,global,1.0666666666666667,0.536978012520266,30,A100 SXM4
2026-06-14T20:00:00.000Z,2026-06-14T20:00:00.000Z,A100 SXM4,global,1.0475,0.5298948086565416,30,A100 SXM4
2026-06-15T20:00:00.000Z,2026-06-15T20:00:00.000Z,A100 SXM4,global,1.0466666666666666,0.5283488476637545,30,A100 SXM4
2026-06-16T20:00:00.000Z,2026-06-16T20:00:00.000Z,A100 SXM4,global,1.0508333333333333,0.5253219934641816,30,A100 SXM4
2026-06-17T20:00:00.000Z,2026-06-17T20:00:00.000Z,A100 SXM4,global,1.03875,0.5137995623113768,30,A100 SXM4
2026-06-18T20:00:00.000Z,2026-06-18T20:00:00.000Z,A100 SXM4,global,1.0575,0.5093194280697795,30,A100 SXM4
2026-06-19T20:00:00.000Z,2026-06-19T20:00:00.000Z,A100 SXM4,global,1.0645833333333334,0.511092383455558,30,A100 SXM4
2026-06-20T20:00:00.000Z,2026-06-20T20:00:00.000Z,A100 SXM4,global,1.0470833333333334,0.497831533335705,30,A100 SXM4
2026-06-21T20:00:00.000Z,2026-06-21T20:00:00.000Z,A100 SXM4,global,1.0183333333333333,0.4870929733344756,30,A100 SXM4
2026-06-22T20:00:00.000Z,2026-06-22T20:00:00.000Z,A100 SXM4,global,1.0220833333333332,0.48764668687200563,30,A100 SXM4
2026-06-23T20:00:00.000Z,2026-06-23T20:00:00.000Z,A100 SXM4,global,1.0170833333333333,0.4673428666723298,30,A100 SXM4
2026-06-24T20:00:00.000Z,2026-06-24T20:00:00.000Z,A100 SXM4,global,1.0195833333333333,0.4677430885847096,30,A100 SXM4
2026-06-25T20:00:00.000Z,2026-06-25T20:00:00.000Z,A100 SXM4,global,1.0033333333333334,0.46689316563182265,30,A100 SXM4
2026-06-26T20:00:00.000Z,2026-06-26T20:00:00.000Z,A100 SXM4,global,1.025,0.4761837100538153,30,A100 SXM4
2026-06-27T20:00:00.000Z,2026-06-27T20:00:00.000Z,A100 SXM4,global,0.99375,0.4814538134940894,30,A100 SXM4
2026-06-28T20:00:00.000Z,2026-06-28T20:00:00.000Z,A100 SXM4,global,1.0104166666666667,0.46811363355096763,30,A100 SXM4
2026-06-29T20:00:00.000Z,2026-06-29T20:00:00.000Z,A100 SXM4,global,1.0225,0.46339610724682323,30,A100 SXM4
2026-06-30T20:00:00.000Z,2026-06-30T20:00:00.000Z,A100 SXM4,global,1.0154166666666666,0.46341426499851973,30,A100 SXM4
2026-07-01T20:00:00.000Z,2026-07-01T20:00:00.000Z,A100 SXM4,global,0.9933333333333333,0.4649842858575852,30,A100 SXM4
2026-07-02T20:00:00.000Z,2026-07-02T20:00:00.000Z,A100 SXM4,global,1.0095833333333333,0.47283878319035993,30,A100 SXM4
2026-07-03T20:00:00.000Z,2026-07-03T20:00:00.000Z,A100 SXM4,global,1.0216666666666667,0.4759552984788089,30,A100 SXM4
2026-07-04T20:00:00.000Z,2026-07-04T20:00:00.000Z,A100 SXM4,global,1.0229166666666667,0.4640505670279555,30,A100 SXM4
2026-07-05T20:00:00.000Z,2026-07-05T20:00:00.000Z,A100 SXM4,global,1.0058333333333334,0.4626728778460113,30,A100 SXM4
2026-07-06T20:00:00.000Z,2026-07-06T20:00:00.000Z,A100 SXM4,global,1.0095833333333333,0.4603254920019349,30,A100 SXM4
2026-07-07T20:00:00.000Z,2026-07-07T20:00:00.000Z,A100 SXM4,global,1.0416666666666667,0.2967919293429365,30,A100 SXM4
2026-07-08T20:00:00.000Z,2026-07-08T20:00:00.000Z,A100 SXM4,global,1.0308333333333333,0.2978872433996044,30,A100 SXM4
2026-07-09T20:00:00.000Z,2026-07-09T20:00:00.000Z,A100 SXM4,global,1.0166666666666666,0.296726437876031,30,A100 SXM4
2026-07-10T20:00:00.000Z,2026-07-10T20:00:00.000Z,A100 SXM4,global,1.01,0.297004361518992,30,A100 SXM4
2026-07-11T20:00:00.000Z,2026-07-11T20:00:00.000Z,A100 SXM4,global,1.0075,0.2928122311959217,30,A100 SXM4
2026-07-12T20:00:00.000Z,2026-07-12T20:00:00.000Z,A100 SXM4,global,1.0375,0.31324710807352224,30,A100 SXM4
2026-07-13T20:00:00.000Z,2026-07-13T20:00:00.000Z,A100 SXM4,global,1.0308333333333333,0.3063448653904224,30,A100 SXM4
2026-07-14T20:00:00.000Z,2026-07-14T20:00:00.000Z,A100 SXM4,global,1.0308333333333333,0.3001518004029762,30,A100 SXM4
2026-07-15T20:00:00.000Z,2026-07-15T20:00:00.000Z,A100 SXM4,global,1.0420833333333333,0.30276368835621453,30,A100 SXM4
2026-07-16T20:00:00.000Z,2026-07-16T20:00:00.000Z,A100 SXM4,global,1.0358333333333334,0.3030577715653091,30,A100 SXM4
2026-07-17T20:00:00.000Z,2026-07-17T20:00:00.000Z,A100 SXM4,global,1.0154166666666666,0.30825078337405637,30,A100 SXM4
2026-07-18T20:00:00.000Z,2026-07-18T20:00:00.000Z,A100 SXM4,global,0.9925,0.30996332566114826,30,A100 SXM4
2026-07-19T20:00:00.000Z,2026-07-19T20:00:00.000Z,A100 SXM4,global,1.0066666666666666,0.3137195765584198,30,A100 SXM4
2026-07-20T20:00:00.000Z,2026-07-20T20:00:00.000Z,A100 SXM4,global,1.015,0.31100497741248156,30,A100 SXM4
2026-07-21T20:00:00.000Z,2026-07-21T20:00:00.000Z,A100 SXM4,global,1.0395833333333333,0.3072518840279454,30,A100 SXM4
2026-07-22T20:00:00.000Z,2026-07-22T20:00:00.000Z,A100 SXM4,global,1.03125,0.3085359795074994,30,A100 SXM4
2026-07-23T20:00:00.000Z,2026-07-23T20:00:00.000Z,A100 SXM4,global,1.0633333333333332,0.3254370401884788,30,A100 SXM4
2026-07-24T20:00:00.000Z,2026-07-24T20:00:00.000Z,A100 SXM4,global,1.05875,0.3260395579715138,30,A100 SXM4
2026-07-25T20:00:00.000Z,2026-07-25T20:00:00.000Z,A100 SXM4,global,1.0566666666666666,0.3202695465271337,30,A100 SXM4
2026-07-26T20:00:00.000Z,2026-07-26T20:00:00.000Z,A100 SXM4,global,1.05375,0.31261480170769734,30,A100 SXM4
2026-07-27T20:00:00.000Z,2026-07-27T20:00:00.000Z,A100 SXM4,global,1.0466666666666666,0.2922781534719928,30,A100 SXM4
2026-07-28T20:00:00.000Z,2026-07-28T20:00:00.000Z,A100 SXM4,global,1.0379166666666666,0.28923768007647843,30,A100 SXM4
2026-07-29T20:00:00.000Z,2026-07-29T20:00:00.000Z,A100 SXM4,global,1.0570833333333334,0.2931418958916046,30,A100 SXM4
2026-07-30T20:00:00.000Z,2026-07-30T20:00:00.000Z,A100 SXM4,global,1.0304166666666668,0.30645459264630004,30,A100 SXM4
2026-07-31T20:00:00.000Z,2026-07-31T20:00:00.000Z,A100 SXM4,global,1.0308333333333333,0.295542705568757,30,A100 SXM4
2026-08-01T20:00:00.000Z,2026-08-01T20:00:00.000Z,A100 SXM4,global,1.0604166666666666,0.30605769273971994,30,A100 SXM4
2026-08-02T20:00:00.000Z,2026-08-02T20:00:00.000Z,A100 SXM4,global,1.0254166666666666,0.3272223201386374,30,A100 SXM4
2026-08-03T20:00:00.000Z,2026-08-03T20:00:00.000Z,A100 SXM4,global,1.0408333333333333,0.3312665584376365,30,A100 SXM4
2026-08-04T20:00:00.000Z,2026-08-04T20:00:00.000Z,A100 SXM4,global,1.04375,0.32529702718912035,30,A100 SXM4
2026-08-05T20:00:00.000Z,2026-08-05T20:00:00.000Z,A100 SXM4,global,1.0445833333333334,0.32517542106346214,30,A100 SXM4
2026-08-06T20:00:00.000Z,2026-08-06T20:00:00.000Z,A100 SXM4,global,1.0425,0.30652573830469565,30,A100 SXM4
2026-08-07T20:00:00.000Z,2026-08-07T20:00:00.000Z,A100 SXM4,global,1.0291666666666666,0.3076801144969726,30,A100 SXM4
2026-08-08T20:00:00.000Z,2026-08-08T20:00:00.000Z,A100 SXM4,global,1.04625,0.30874582760703206,30,A100 SXM4
2026-08-09T20:00:00.000Z,2026-08-09T20:00:00.000Z,A100 SXM4,global,1.06375,0.31218543253399683,30,A100 SXM4
2026-08-10T20:00:00.000Z,2026-08-10T20:00:00.000Z,A100 SXM4,global,1.0625,0.31199752978811135,30,A100 SXM4
2026-08-11T20:00:00.000Z,2026-08-11T20:00:00.000Z,A100 SXM4,global,1.075,0.298134998030585,30,A100 SXM4
2026-08-12T20:00:00.000Z,2026-08-12T20:00:00.000Z,A100 SXM4,global,1.0454166666666667,0.3140197470946224,30,A100 SXM4
2026-08-13T20:00:00.000Z,2026-08-13T20:00:00.000Z,A100 SXM4,global,1.04,0.3146394223373265,30,A100 SXM4
2026-08-14T20:00:00.000Z,2026-08-14T20:00:00.000Z,A100 SXM4,global,1.0404166666666668,0.3123282215828151,30,A100 SXM4
2026-08-15T20:00:00.000Z,2026-08-15T20:00:00.000Z,A100 SXM4,global,1.0279166666666666,0.3144974853396629,30,A100 SXM4
2026-08-16T20:00:00.000Z,2026-08-16T20:00:00.000Z,A100 SXM4,global,1.02,0.3077163021302767,30,A100 SXM4
2026-08-17T20:00:00.000Z,2026-08-17T20:00:00.000Z,A100 SXM4,global,1.045,0.30725288458154165,30,A100 SXM4
2026-08-18T20:00:00.000Z,2026-08-18T20:00:00.000Z,A100 SXM4,global,1.0629166666666667,0.3088492756224207,30,A100 SXM4
2026-08-19T20:00:00.000Z,2026-08-19T20:00:00.000Z,A100 SXM4,global,1.0925,0.32091500562100556,30,A100 SXM4
2026-08-20T20:00:00.000Z,2026-08-20T20:00:00.000Z,A100 SXM4,global,1.0783333333333334,0.315645067533037,30,A100 SXM4
2026-08-21T20:00:00.000Z,2026-08-21T20:00:00.000Z,A100 SXM4,global,1.07125,0.31514685210836435,30,A100 SXM4
2026-08-22T20:00:00.000Z,2026-08-22T20:00:00.000Z,A100 SXM4,global,1.0808695652173914,0.29833704225673996,30,A100 SXM4
2026-08-23T20:00:00.000Z,2026-08-23T20:00:00.000Z,A100 SXM4,global,1.0658333333333334,0.3022147789255544,30,A100 SXM4
2026-08-24T20:00:00.000Z,2026-08-24T20:00:00.000Z,A100 SXM4,global,1.0708695652173914,0.3025037159447956,30,A100 SXM4
2026-08-25T20:00:00.000Z,2026-08-25T20:00:00.000Z,A100 SXM4,global,1.07625,0.30268134599570123,30,A100 SXM4
2026-08-26T20:00:00.000Z,2026-08-26T20:00:00.000Z,A100 SXM4,global,1.0620833333333333,0.3055336394516102,30,A100 SXM4
2026-08-27T20:00:00.000Z,2026-08-27T20:00:00.000Z,A100 SXM4,global,1.0641666666666667,0.30387511656128285,30,A100 SXM4
2026-08-28T20:00:00.000Z,2026-08-28T20:00:00.000Z,A100 SXM4,global,1.2120833333333334,0.541965637587073,30,A100 SXM4
2026-08-29T20:00:00.000Z,2026-08-29T20:00:00.000Z,A100 SXM4,global,1.0316666666666667,0.7875787864691529,30,A100 SXM4
2026-08-30T20:00:00.000Z,2026-08-30T20:00:00.000Z,A100 SXM4,global,1.0325,0.787582386096531,30,A100 SXM4
2026-08-31T20:00:00.000Z,2026-08-31T20:00:00.000Z,A100 SXM4,global,1.0166666666666666,0.7826059124168333,30,A100 SXM4
2025-02-24T21:00:00.000Z,2025-02-24T21:00:00.000Z,RTX 5090,global,1.0074429111396481,,30,RTX 5090
2025-02-25T21:00:00.000Z,2025-02-25T21:00:00.000Z,RTX 5090,global,0.9712242767641909,1.8876445623307123,30,RTX 5090
2025-02-26T21:00:00.000Z,2025-02-26T21:00:00.000Z,RTX 5090,global,0.9751956844501083,1.8079720882783505,30,RTX 5090
2025-02-27T21:00:00.000Z,2025-02-27T21:00:00.000Z,RTX 5090,global,0.8927471594536205,1.4869826521804486,30,RTX 5090
2025-02-28T21:00:00.000Z,2025-02-28T21:00:00.000Z,RTX 5090,global,0.822509905654408,1.289418247139294,30,RTX 5090
2025-03-01T21:00:00.000Z,2025-03-01T21:00:00.000Z,RTX 5090,global,0.8510390206514565,1.4370805118471885,30,RTX 5090
2025-03-02T21:00:00.000Z,2025-03-02T21:00:00.000Z,RTX 5090,global,0.8931017891462122,1.517938564748023,30,RTX 5090
2025-03-03T21:00:00.000Z,2025-03-03T21:00:00.000Z,RTX 5090,global,0.8205847928421673,1.434064077457984,30,RTX 5090
2025-03-04T21:00:00.000Z,2025-03-04T21:00:00.000Z,RTX 5090,global,0.7786562115458189,1.3417866528746991,30,RTX 5090
2025-03-05T21:00:00.000Z,2025-03-05T21:00:00.000Z,RTX 5090,global,0.8110135954716969,1.3744153274637543,30,RTX 5090
2025-03-06T21:00:00.000Z,2025-03-06T21:00:00.000Z,RTX 5090,global,0.7338239232808488,1.3499425694501905,30,RTX 5090
2025-03-07T21:00:00.000Z,2025-03-07T21:00:00.000Z,RTX 5090,global,0.7217697307247445,1.2965333820085854,30,RTX 5090
2025-03-08T21:00:00.000Z,2025-03-08T21:00:00.000Z,RTX 5090,global,0.7421309847812686,1.2960278849409361,30,RTX 5090
2025-03-09T20:00:00.000Z,2025-03-09T20:00:00.000Z,RTX 5090,global,0.7250906426175258,1.2471889734180963,30,RTX 5090
2025-03-10T20:00:00.000Z,2025-03-10T20:00:00.000Z,RTX 5090,global,0.6999693973750184,1.2018282880772644,30,RTX 5090
2025-03-11T20:00:00.000Z,2025-03-11T20:00:00.000Z,RTX 5090,global,0.6710142835928413,1.1614557566265287,30,RTX 5090
2025-03-12T20:00:00.000Z,2025-03-12T20:00:00.000Z,RTX 5090,global,0.6604818642032485,1.128618190192173,30,RTX 5090
2025-03-13T20:00:00.000Z,2025-03-13T20:00:00.000Z,RTX 5090,global,0.6969358303883264,1.1658585995232535,30,RTX 5090
2025-03-14T20:00:00.000Z,2025-03-14T20:00:00.000Z,RTX 5090,global,0.6902585787362683,1.1366169756159523,30,RTX 5090
2025-03-15T20:00:00.000Z,2025-03-15T20:00:00.000Z,RTX 5090,global,0.6849622789149775,1.1101004651279496,30,RTX 5090
2025-03-16T20:00:00.000Z,2025-03-16T20:00:00.000Z,RTX 5090,global,0.7396207663666675,1.1670042285416522,30,RTX 5090
2025-03-17T20:00:00.000Z,2025-03-17T20:00:00.000Z,RTX 5090,global,0.7358483174692921,1.1412369347909859,30,RTX 5090
2025-03-18T20:00:00.000Z,2025-03-18T20:00:00.000Z,RTX 5090,global,0.7385036166352784,1.1197605667980244,30,RTX 5090
2025-03-19T20:00:00.000Z,2025-03-19T20:00:00.000Z,RTX 5090,global,0.7231440402588922,1.0951475980845802,30,RTX 5090
2025-03-20T20:00:00.000Z,2025-03-20T20:00:00.000Z,RTX 5090,global,0.7131197629752455,1.0724425632907475,30,RTX 5090
2025-03-21T20:00:00.000Z,2025-03-21T20:00:00.000Z,RTX 5090,global,0.7086699975152307,1.0522007346382645,30,RTX 5090
2025-03-22T20:00:00.000Z,2025-03-22T20:00:00.000Z,RTX 5090,global,0.714846349229636,1.0372588461878411,30,RTX 5090
2025-03-23T20:00:00.000Z,2025-03-23T20:00:00.000Z,RTX 5090,global,0.699300535346118,1.0179174850955897,30,RTX 5090
2025-03-24T20:00:00.000Z,2025-03-24T20:00:00.000Z,RTX 5090,global,0.7095447367545308,1.0067757600560596,30,RTX 5090
2025-03-25T20:00:00.000Z,2025-03-25T20:00:00.000Z,RTX 5090,global,0.7372420096975757,1.0086781572198398,30,RTX 5090
2025-03-26T20:00:00.000Z,2025-03-26T20:00:00.000Z,RTX 5090,global,0.7440115807944713,0.8298802348499931,30,RTX 5090
2025-03-27T20:00:00.000Z,2025-03-27T20:00:00.000Z,RTX 5090,global,0.7410228793427743,0.8245458048521578,30,RTX 5090
2025-03-28T20:00:00.000Z,2025-03-28T20:00:00.000Z,RTX 5090,global,0.7251981519419348,0.824274479727922,30,RTX 5090
2025-03-29T20:00:00.000Z,2025-03-29T20:00:00.000Z,RTX 5090,global,0.7183913255821,0.774167490171515,30,RTX 5090
2025-03-30T20:00:00.000Z,2025-03-30T20:00:00.000Z,RTX 5090,global,0.6823783240500542,0.7438329283677445,30,RTX 5090
2025-03-31T20:00:00.000Z,2025-03-31T20:00:00.000Z,RTX 5090,global,0.6924132588853061,0.7335675171459868,30,RTX 5090
2025-04-01T20:00:00.000Z,2025-04-01T20:00:00.000Z,RTX 5090,global,0.6855719634875831,0.7061030754362518,30,RTX 5090
2025-04-02T20:00:00.000Z,2025-04-02T20:00:00.000Z,RTX 5090,global,0.6987197144627406,0.6567801981321524,30,RTX 5090
2025-04-03T20:00:00.000Z,2025-04-03T20:00:00.000Z,RTX 5090,global,0.7037886412814681,0.6355724548895909,30,RTX 5090
2025-04-04T20:00:00.000Z,2025-04-04T20:00:00.000Z,RTX 5090,global,0.6974270539995496,0.6155172286365342,30,RTX 5090
2025-04-05T20:00:00.000Z,2025-04-05T20:00:00.000Z,RTX 5090,global,0.6823288970294543,0.5160614339171956,30,RTX 5090
2025-04-06T20:00:00.000Z,2025-04-06T20:00:00.000Z,RTX 5090,global,0.678913023658441,0.5136462637787296,30,RTX 5090
2025-04-07T20:00:00.000Z,2025-04-07T20:00:00.000Z,RTX 5090,global,0.6972794880606452,0.5128365525628159,30,RTX 5090
2025-04-08T20:00:00.000Z,2025-04-08T20:00:00.000Z,RTX 5090,global,0.7092151152095064,0.5111364090113916,30,RTX 5090
2025-04-09T20:00:00.000Z,2025-04-09T20:00:00.000Z,RTX 5090,global,0.7180204552767191,0.49745582540063954,30,RTX 5090
2025-04-10T20:00:00.000Z,2025-04-10T20:00:00.000Z,RTX 5090,global,0.7268258102726669,0.4737752042100064,30,RTX 5090
2025-04-11T20:00:00.000Z,2025-04-11T20:00:00.000Z,RTX 5090,global,0.7265691241896183,0.4692301390911363,30,RTX 5090
2025-04-12T20:00:00.000Z,2025-04-12T20:00:00.000Z,RTX 5090,global,0.6761019183136168,0.5025013207715513,30,RTX 5090
2025-04-13T20:00:00.000Z,2025-04-13T20:00:00.000Z,RTX 5090,global,0.7092779963543944,0.5294336143839289,30,RTX 5090
2025-04-14T20:00:00.000Z,2025-04-14T20:00:00.000Z,RTX 5090,global,0.7247922649114406,0.533306248410169,30,RTX 5090
2025-04-15T20:00:00.000Z,2025-04-15T20:00:00.000Z,RTX 5090,global,0.7234763514736401,0.4597904069359628,30,RTX 5090
2025-04-16T20:00:00.000Z,2025-04-16T20:00:00.000Z,RTX 5090,global,0.7187520075585265,0.4599900374382325,30,RTX 5090
2025-04-17T20:00:00.000Z,2025-04-17T20:00:00.000Z,RTX 5090,global,0.7390897171592262,0.4705936703244654,30,RTX 5090
2025-04-18T20:00:00.000Z,2025-04-18T20:00:00.000Z,RTX 5090,global,0.7446297166331441,0.46501732231350923,30,RTX 5090
2025-04-19T20:00:00.000Z,2025-04-19T20:00:00.000Z,RTX 5090,global,0.7419324119963607,0.4622291858515319,30,RTX 5090
2025-04-20T20:00:00.000Z,2025-04-20T20:00:00.000Z,RTX 5090,global,0.7276561308393784,0.46720340466707627,30,RTX 5090
2025-04-21T20:00:00.000Z,2025-04-21T20:00:00.000Z,RTX 5090,global,0.711977241938221,0.4728527037418424,30,RTX 5090
2025-04-22T20:00:00.000Z,2025-04-22T20:00:00.000Z,RTX 5090,global,0.7074667322487341,0.4668658649068543,30,RTX 5090
2025-04-23T20:00:00.000Z,2025-04-23T20:00:00.000Z,RTX 5090,global,0.696976775876517,0.46694011352249176,30,RTX 5090
2025-04-24T20:00:00.000Z,2025-04-24T20:00:00.000Z,RTX 5090,global,0.6849221088697673,0.44863063002793446,30,RTX 5090
2025-04-25T20:00:00.000Z,2025-04-25T20:00:00.000Z,RTX 5090,global,0.6796836321725769,0.4469925918932676,30,RTX 5090
2025-04-26T20:00:00.000Z,2025-04-26T20:00:00.000Z,RTX 5090,global,0.6760950397795217,0.4470506021273935,30,RTX 5090
2025-04-27T20:00:00.000Z,2025-04-27T20:00:00.000Z,RTX 5090,global,0.6934151727725655,0.45246841907900176,30,RTX 5090
2025-04-28T20:00:00.000Z,2025-04-28T20:00:00.000Z,RTX 5090,global,0.6958522662150992,0.4518623420134979,30,RTX 5090
2025-04-29T20:00:00.000Z,2025-04-29T20:00:00.000Z,RTX 5090,global,0.7039102808696164,0.4154251626918597,30,RTX 5090
2025-04-30T20:00:00.000Z,2025-04-30T20:00:00.000Z,RTX 5090,global,0.699462874693063,0.4132349672254696,30,RTX 5090
2025-05-01T20:00:00.000Z,2025-05-01T20:00:00.000Z,RTX 5090,global,0.6723261255479259,0.43487014651148614,30,RTX 5090
2025-05-02T20:00:00.000Z,2025-05-02T20:00:00.000Z,RTX 5090,global,0.6609719709722771,0.4325355709620049,30,RTX 5090
2025-05-03T20:00:00.000Z,2025-05-03T20:00:00.000Z,RTX 5090,global,0.6275714063319131,0.46481590086081964,30,RTX 5090
2025-05-04T20:00:00.000Z,2025-05-04T20:00:00.000Z,RTX 5090,global,0.6466533959119588,0.47898126056144313,30,RTX 5090
2025-05-05T20:00:00.000Z,2025-05-05T20:00:00.000Z,RTX 5090,global,0.6476595747138376,0.47400509842482863,30,RTX 5090
2025-05-06T20:00:00.000Z,2025-05-06T20:00:00.000Z,RTX 5090,global,0.6469421245790704,0.4738606948601628,30,RTX 5090
2025-05-07T20:00:00.000Z,2025-05-07T20:00:00.000Z,RTX 5090,global,0.5990088539656409,0.5305244733809075,30,RTX 5090
2025-05-08T20:00:00.000Z,2025-05-08T20:00:00.000Z,RTX 5090,global,0.61724058393003,0.5391958799922468,30,RTX 5090
2025-05-09T20:00:00.000Z,2025-05-09T20:00:00.000Z,RTX 5090,global,0.6134034074539779,0.5357197694053065,30,RTX 5090
2025-05-10T20:00:00.000Z,2025-05-10T20:00:00.000Z,RTX 5090,global,0.6172962659809403,0.5337044536243372,30,RTX 5090
2025-05-11T20:00:00.000Z,2025-05-11T20:00:00.000Z,RTX 5090,global,0.6296552159013148,0.5407210648615435,30,RTX 5090
2025-05-12T20:00:00.000Z,2025-05-12T20:00:00.000Z,RTX 5090,global,0.6423123432769287,0.48952227066512694,30,RTX 5090
2025-05-13T20:00:00.000Z,2025-05-13T20:00:00.000Z,RTX 5090,global,0.6439587072546231,0.4560908809274603,30,RTX 5090
2025-05-14T20:00:00.000Z,2025-05-14T20:00:00.000Z,RTX 5090,global,0.6313156006025424,0.45054630949154717,30,RTX 5090
2025-05-15T20:00:00.000Z,2025-05-15T20:00:00.000Z,RTX 5090,global,0.6364909374889581,0.4526632384801307,30,RTX 5090
2025-05-16T20:00:00.000Z,2025-05-16T20:00:00.000Z,RTX 5090,global,0.6316664424835199,0.4527453210570402,30,RTX 5090
2025-05-17T20:00:00.000Z,2025-05-17T20:00:00.000Z,RTX 5090,global,0.6297146938918565,0.437649642569844,30,RTX 5090
2025-05-18T20:00:00.000Z,2025-05-18T20:00:00.000Z,RTX 5090,global,0.6092707028749512,0.44544282677695785,30,RTX 5090
2025-05-19T20:00:00.000Z,2025-05-19T20:00:00.000Z,RTX 5090,global,0.6122670100746561,0.4471718356249226,30,RTX 5090
2025-05-20T20:00:00.000Z,2025-05-20T20:00:00.000Z,RTX 5090,global,0.6170921491257774,0.44729351248508226,30,RTX 5090
2025-05-21T20:00:00.000Z,2025-05-21T20:00:00.000Z,RTX 5090,global,0.6132917081884933,0.443436248366654,30,RTX 5090
2025-05-22T20:00:00.000Z,2025-05-22T20:00:00.000Z,RTX 5090,global,0.6087979604308393,0.44348911126290286,30,RTX 5090
2025-05-23T20:00:00.000Z,2025-05-23T20:00:00.000Z,RTX 5090,global,0.6147729574628439,0.4448955061850429,30,RTX 5090
2025-05-24T20:00:00.000Z,2025-05-24T20:00:00.000Z,RTX 5090,global,0.6055807387288764,0.44407858526894767,30,RTX 5090
2025-05-25T20:00:00.000Z,2025-05-25T20:00:00.000Z,RTX 5090,global,0.604644505022692,0.4439724607777099,30,RTX 5090
2025-05-26T20:00:00.000Z,2025-05-26T20:00:00.000Z,RTX 5090,global,0.6064790976600891,0.44459230185957377,30,RTX 5090
2025-05-27T20:00:00.000Z,2025-05-27T20:00:00.000Z,RTX 5090,global,0.6019175844029535,0.4322951637271119,30,RTX 5090
2025-05-28T20:00:00.000Z,2025-05-28T20:00:00.000Z,RTX 5090,global,0.6184381259489857,0.4455525160471688,30,RTX 5090
2025-05-29T20:00:00.000Z,2025-05-29T20:00:00.000Z,RTX 5090,global,0.611887087718569,0.4425795357958418,30,RTX 5090
2025-05-30T20:00:00.000Z,2025-05-30T20:00:00.000Z,RTX 5090,global,0.5940291684781778,0.45105287560677104,30,RTX 5090
2025-05-31T20:00:00.000Z,2025-05-31T20:00:00.000Z,RTX 5090,global,0.5916903894398982,0.433923347215666,30,RTX 5090
2025-06-01T20:00:00.000Z,2025-06-01T20:00:00.000Z,RTX 5090,global,0.5818889063631997,0.4338032663688938,30,RTX 5090
2025-06-02T20:00:00.000Z,2025-06-02T20:00:00.000Z,RTX 5090,global,0.5682505227129188,0.40509164069920195,30,RTX 5090
2025-06-03T20:00:00.000Z,2025-06-03T20:00:00.000Z,RTX 5090,global,0.5574279735860914,0.3903184343190384,30,RTX 5090
2025-06-04T20:00:00.000Z,2025-06-04T20:00:00.000Z,RTX 5090,global,0.5535693110392865,0.38966130940141813,30,RTX 5090
2025-06-05T20:00:00.000Z,2025-06-05T20:00:00.000Z,RTX 5090,global,0.5517731359558463,0.3894475605699934,30,RTX 5090
2025-06-06T20:00:00.000Z,2025-06-06T20:00:00.000Z,RTX 5090,global,0.5494560045704816,0.2912059122576315,30,RTX 5090
2025-06-07T20:00:00.000Z,2025-06-07T20:00:00.000Z,RTX 5090,global,0.5588245552332443,0.2757989963275054,30,RTX 5090
2025-06-08T20:00:00.000Z,2025-06-08T20:00:00.000Z,RTX 5090,global,0.5621708608900476,0.2774527759227343,30,RTX 5090
2025-06-09T20:00:00.000Z,2025-06-09T20:00:00.000Z,RTX 5090,global,0.5600702671375398,0.2754509648674526,30,RTX 5090
2025-06-10T20:00:00.000Z,2025-06-10T20:00:00.000Z,RTX 5090,global,0.5526608575373931,0.26456280341995864,30,RTX 5090
2025-06-11T20:00:00.000Z,2025-06-11T20:00:00.000Z,RTX 5090,global,0.5405325387490515,0.25662316012260994,30,RTX 5090
2025-06-12T20:00:00.000Z,2025-06-12T20:00:00.000Z,RTX 5090,global,0.5369962180110962,0.2548716774875811,30,RTX 5090
2025-06-13T20:00:00.000Z,2025-06-13T20:00:00.000Z,RTX 5090,global,0.5427719020606897,0.25634582003036455,30,RTX 5090
2025-06-14T20:00:00.000Z,2025-06-14T20:00:00.000Z,RTX 5090,global,0.5432743160933633,0.25287372493672855,30,RTX 5090
2025-06-15T20:00:00.000Z,2025-06-15T20:00:00.000Z,RTX 5090,global,0.5396247241552795,0.2527911463516503,30,RTX 5090
2025-06-16T20:00:00.000Z,2025-06-16T20:00:00.000Z,RTX 5090,global,0.5390902386782029,0.2531231315716715,30,RTX 5090
2025-06-17T20:00:00.000Z,2025-06-17T20:00:00.000Z,RTX 5090,global,0.5329844000899312,0.23370172847260504,30,RTX 5090
2025-06-18T20:00:00.000Z,2025-06-18T20:00:00.000Z,RTX 5090,global,0.5375893819624922,0.23591169467722964,30,RTX 5090
2025-06-19T20:00:00.000Z,2025-06-19T20:00:00.000Z,RTX 5090,global,0.5383868345487375,0.23279696592198562,30,RTX 5090
2025-06-20T20:00:00.000Z,2025-06-20T20:00:00.000Z,RTX 5090,global,0.5324468648381452,0.23385938325962183,30,RTX 5090
2025-06-21T20:00:00.000Z,2025-06-21T20:00:00.000Z,RTX 5090,global,0.5451595760866252,0.2535466017644506,30,RTX 5090
2025-06-22T20:00:00.000Z,2025-06-22T20:00:00.000Z,RTX 5090,global,0.5442927757438881,0.2490198388120448,30,RTX 5090
2025-06-23T20:00:00.000Z,2025-06-23T20:00:00.000Z,RTX 5090,global,0.5448792171222715,0.2463916875079447,30,RTX 5090
2025-06-24T20:00:00.000Z,2025-06-24T20:00:00.000Z,RTX 5090,global,0.5448906775154734,0.2466104134055187,30,RTX 5090
2025-06-25T20:00:00.000Z,2025-06-25T20:00:00.000Z,RTX 5090,global,0.5434515096234526,0.24552041668746336,30,RTX 5090
2025-06-26T20:00:00.000Z,2025-06-26T20:00:00.000Z,RTX 5090,global,0.5484047424449726,0.24902523534294088,30,RTX 5090
2025-06-27T20:00:00.000Z,2025-06-27T20:00:00.000Z,RTX 5090,global,0.5484528103581828,0.22443726784873155,30,RTX 5090
2025-06-28T20:00:00.000Z,2025-06-28T20:00:00.000Z,RTX 5090,global,0.5588685298762284,0.23665181100404342,30,RTX 5090
2025-06-29T20:00:00.000Z,2025-06-29T20:00:00.000Z,RTX 5090,global,0.5557061127238128,0.21667452945827273,30,RTX 5090
2025-06-30T20:00:00.000Z,2025-06-30T20:00:00.000Z,RTX 5090,global,0.5669134253239013,0.22993050541360585,30,RTX 5090
2025-07-01T20:00:00.000Z,2025-07-01T20:00:00.000Z,RTX 5090,global,0.5909881987728087,0.26794221918386485,30,RTX 5090
2025-07-02T20:00:00.000Z,2025-07-02T20:00:00.000Z,RTX 5090,global,0.5807373229648064,0.26166670206956033,30,RTX 5090
2025-07-03T20:00:00.000Z,2025-07-03T20:00:00.000Z,RTX 5090,global,0.5862670908786163,0.25313384699712216,30,RTX 5090
2025-07-04T20:00:00.000Z,2025-07-04T20:00:00.000Z,RTX 5090,global,0.5872437156211877,0.2512145512279053,30,RTX 5090
2025-07-05T20:00:00.000Z,2025-07-05T20:00:00.000Z,RTX 5090,global,0.5839718802919295,0.2519567573433815,30,RTX 5090
2025-07-06T20:00:00.000Z,2025-07-06T20:00:00.000Z,RTX 5090,global,0.5683550819218778,0.27088168529831363,30,RTX 5090
2025-07-07T20:00:00.000Z,2025-07-07T20:00:00.000Z,RTX 5090,global,0.5535704112333143,0.28100780446342083,30,RTX 5090
2025-07-08T20:00:00.000Z,2025-07-08T20:00:00.000Z,RTX 5090,global,0.5602971441947522,0.2835236682386277,30,RTX 5090
2025-07-09T20:00:00.000Z,2025-07-09T20:00:00.000Z,RTX 5090,global,0.557886426928936,0.2836222121033307,30,RTX 5090
2025-07-10T20:00:00.000Z,2025-07-10T20:00:00.000Z,RTX 5090,global,0.5567458976633147,0.27972416970633357,30,RTX 5090
2025-07-11T20:00:00.000Z,2025-07-11T20:00:00.000Z,RTX 5090,global,0.5601808355220379,0.26835133998481236,30,RTX 5090
2025-07-12T20:00:00.000Z,2025-07-12T20:00:00.000Z,RTX 5090,global,0.5611923910956556,0.2668915139987556,30,RTX 5090
2025-07-13T20:00:00.000Z,2025-07-13T20:00:00.000Z,RTX 5090,global,0.5599828133771023,0.26505710405771865,30,RTX 5090
2025-07-14T20:00:00.000Z,2025-07-14T20:00:00.000Z,RTX 5090,global,0.5581836236343644,0.26547347504991,30,RTX 5090
2025-07-15T20:00:00.000Z,2025-07-15T20:00:00.000Z,RTX 5090,global,0.553922220080941,0.26582732068134013,30,RTX 5090
2025-07-16T20:00:00.000Z,2025-07-16T20:00:00.000Z,RTX 5090,global,0.5597217224934421,0.2677915433348678,30,RTX 5090
2025-07-17T20:00:00.000Z,2025-07-17T20:00:00.000Z,RTX 5090,global,0.553500558180165,0.2676654844549304,30,RTX 5090
2025-07-18T20:00:00.000Z,2025-07-18T20:00:00.000Z,RTX 5090,global,0.5444803890648066,0.27320633595163213,30,RTX 5090
2025-07-19T20:00:00.000Z,2025-07-19T20:00:00.000Z,RTX 5090,global,0.5508149244239511,0.2759484781148534,30,RTX 5090
2025-07-20T20:00:00.000Z,2025-07-20T20:00:00.000Z,RTX 5090,global,0.5528417477456622,0.2727525587139306,30,RTX 5090
2025-07-21T20:00:00.000Z,2025-07-21T20:00:00.000Z,RTX 5090,global,0.5685799613949293,0.27776648730175973,30,RTX 5090
2025-07-22T20:00:00.000Z,2025-07-22T20:00:00.000Z,RTX 5090,global,0.567880797282388,0.2777203926632845,30,RTX 5090
2025-07-23T20:00:00.000Z,2025-07-23T20:00:00.000Z,RTX 5090,global,0.5489083200248787,0.3039390949555703,30,RTX 5090
2025-07-24T20:00:00.000Z,2025-07-24T20:00:00.000Z,RTX 5090,global,0.5609570859390507,0.31301960198007767,30,RTX 5090
2025-07-25T20:00:00.000Z,2025-07-25T20:00:00.000Z,RTX 5090,global,0.5749504457006196,0.3233523905375129,30,RTX 5090
2025-07-26T20:00:00.000Z,2025-07-26T20:00:00.000Z,RTX 5090,global,0.5697432592961885,0.32447342962095543,30,RTX 5090
2025-07-27T20:00:00.000Z,2025-07-27T20:00:00.000Z,RTX 5090,global,0.5659428302794168,0.32564485563948026,30,RTX 5090
2025-07-28T20:00:00.000Z,2025-07-28T20:00:00.000Z,RTX 5090,global,0.5637111946885721,0.31963826874851053,30,RTX 5090
2025-07-29T20:00:00.000Z,2025-07-29T20:00:00.000Z,RTX 5090,global,0.5507641728656394,0.3294785670994863,30,RTX 5090
2025-07-30T20:00:00.000Z,2025-07-30T20:00:00.000Z,RTX 5090,global,0.5306113341148623,0.3452879741673694,30,RTX 5090
2025-07-31T20:00:00.000Z,2025-07-31T20:00:00.000Z,RTX 5090,global,0.530603536991627,0.30727396160805326,30,RTX 5090
2025-08-01T20:00:00.000Z,2025-08-01T20:00:00.000Z,RTX 5090,global,0.5371488085079678,0.3078560607269919,30,RTX 5090
2025-08-02T20:00:00.000Z,2025-08-02T20:00:00.000Z,RTX 5090,global,0.540673565584081,0.30657384671962795,30,RTX 5090
2025-08-03T20:00:00.000Z,2025-08-03T20:00:00.000Z,RTX 5090,global,0.529078072471259,0.313135518387075,30,RTX 5090
2025-08-04T20:00:00.000Z,2025-08-04T20:00:00.000Z,RTX 5090,global,0.5250979874935061,0.31337695522225667,30,RTX 5090
2025-08-05T20:00:00.000Z,2025-08-05T20:00:00.000Z,RTX 5090,global,0.5251970314932638,0.3017929427380845,30,RTX 5090
2025-08-06T20:00:00.000Z,2025-08-06T20:00:00.000Z,RTX 5090,global,0.521185145763397,0.29011574758419345,30,RTX 5090
2025-08-07T20:00:00.000Z,2025-08-07T20:00:00.000Z,RTX 5090,global,0.5268254822971954,0.2893476809928592,30,RTX 5090
2025-08-08T20:00:00.000Z,2025-08-08T20:00:00.000Z,RTX 5090,global,0.5221711414647623,0.29023210720570464,30,RTX 5090
2025-08-09T20:00:00.000Z,2025-08-09T20:00:00.000Z,RTX 5090,global,0.519230993248669,0.2904788546529201,30,RTX 5090
2025-08-10T20:00:00.000Z,2025-08-10T20:00:00.000Z,RTX 5090,global,0.5207793753641294,0.28952279187533514,30,RTX 5090
2025-08-11T20:00:00.000Z,2025-08-11T20:00:00.000Z,RTX 5090,global,0.5237974122477891,0.2905844780492169,30,RTX 5090
2025-08-12T20:00:00.000Z,2025-08-12T20:00:00.000Z,RTX 5090,global,0.5234090099123526,0.2906350866697833,30,RTX 5090
2025-08-13T20:00:00.000Z,2025-08-13T20:00:00.000Z,RTX 5090,global,0.5270637451613717,0.2923715014734328,30,RTX 5090
2025-08-14T20:00:00.000Z,2025-08-14T20:00:00.000Z,RTX 5090,global,0.5273875476477881,0.29174703530389967,30,RTX 5090
2025-08-15T20:00:00.000Z,2025-08-15T20:00:00.000Z,RTX 5090,global,0.5246412665113732,0.2886995113469667,30,RTX 5090
2025-08-16T20:00:00.000Z,2025-08-16T20:00:00.000Z,RTX 5090,global,0.524104483615206,0.28687355833923384,30,RTX 5090
2025-08-17T20:00:00.000Z,2025-08-17T20:00:00.000Z,RTX 5090,global,0.5202350284004437,0.28278715482258654,30,RTX 5090
2025-08-18T20:00:00.000Z,2025-08-18T20:00:00.000Z,RTX 5090,global,0.5190676522638854,0.27881914652259365,30,RTX 5090
2025-08-19T20:00:00.000Z,2025-08-19T20:00:00.000Z,RTX 5090,global,0.5287371837161511,0.2872330171555405,30,RTX 5090
2025-08-20T20:00:00.000Z,2025-08-20T20:00:00.000Z,RTX 5090,global,0.516553973206822,0.27639800561437616,30,RTX 5090
2025-08-21T20:00:00.000Z,2025-08-21T20:00:00.000Z,RTX 5090,global,0.5059569190833958,0.282940170017622,30,RTX 5090
2025-08-22T20:00:00.000Z,2025-08-22T20:00:00.000Z,RTX 5090,global,0.5013829298336578,0.2621309152718588,30,RTX 5090
2025-08-23T20:00:00.000Z,2025-08-23T20:00:00.000Z,RTX 5090,global,0.4986017400474995,0.24654312164791292,30,RTX 5090
2025-08-24T20:00:00.000Z,2025-08-24T20:00:00.000Z,RTX 5090,global,0.5075777152867526,0.23760821660863826,30,RTX 5090
2025-08-25T20:00:00.000Z,2025-08-25T20:00:00.000Z,RTX 5090,global,0.5107635170637431,0.23961521391941507,30,RTX 5090
2025-08-26T20:00:00.000Z,2025-08-26T20:00:00.000Z,RTX 5090,global,0.5012554077846806,0.24520423736314131,30,RTX 5090
2025-08-27T20:00:00.000Z,2025-08-27T20:00:00.000Z,RTX 5090,global,0.49799860186373784,0.24535522663672105,30,RTX 5090
2025-08-28T20:00:00.000Z,2025-08-28T20:00:00.000Z,RTX 5090,global,0.4953741042782289,0.23555739774073806,30,RTX 5090
2025-08-29T20:00:00.000Z,2025-08-29T20:00:00.000Z,RTX 5090,global,0.500728206155044,0.20677552580371433,30,RTX 5090
2025-08-30T20:00:00.000Z,2025-08-30T20:00:00.000Z,RTX 5090,global,0.5029199917623445,0.20784924025519497,30,RTX 5090
2025-08-31T20:00:00.000Z,2025-08-31T20:00:00.000Z,RTX 5090,global,0.5014199055512111,0.201590492112432,30,RTX 5090
2025-09-01T20:00:00.000Z,2025-09-01T20:00:00.000Z,RTX 5090,global,0.5034746708451273,0.2004163678504116,30,RTX 5090
2025-09-02T20:00:00.000Z,2025-09-02T20:00:00.000Z,RTX 5090,global,0.5081674240480474,0.1917914380443129,30,RTX 5090
2025-09-03T20:00:00.000Z,2025-09-03T20:00:00.000Z,RTX 5090,global,0.5038108314187061,0.19225779658656966,30,RTX 5090
2025-09-04T20:00:00.000Z,2025-09-04T20:00:00.000Z,RTX 5090,global,0.5033242704068746,0.19218143156973053,30,RTX 5090
2025-09-05T20:00:00.000Z,2025-09-05T20:00:00.000Z,RTX 5090,global,0.4957337408386642,0.19699601664784935,30,RTX 5090
2025-09-06T20:00:00.000Z,2025-09-06T20:00:00.000Z,RTX 5090,global,0.493290996767406,0.19207574188795135,30,RTX 5090
2025-09-07T20:00:00.000Z,2025-09-07T20:00:00.000Z,RTX 5090,global,0.48874624921168336,0.19224747741588788,30,RTX 5090
2025-09-08T20:00:00.000Z,2025-09-08T20:00:00.000Z,RTX 5090,global,0.48789120558168464,0.19184955996449615,30,RTX 5090
2025-09-09T20:00:00.000Z,2025-09-09T20:00:00.000Z,RTX 5090,global,0.49042554604264127,0.19273188266201813,30,RTX 5090
2025-09-10T20:00:00.000Z,2025-09-10T20:00:00.000Z,RTX 5090,global,0.49040625392407566,0.19083493765224194,30,RTX 5090
2025-09-11T20:00:00.000Z,2025-09-11T20:00:00.000Z,RTX 5090,global,0.4920507024183245,0.1917579368686452,30,RTX 5090
2025-09-12T20:00:00.000Z,2025-09-12T20:00:00.000Z,RTX 5090,global,0.48681723591568843,0.1911937944120047,30,RTX 5090
2025-09-13T20:00:00.000Z,2025-09-13T20:00:00.000Z,RTX 5090,global,0.4908062573675582,0.19459601580141148,30,RTX 5090
2025-09-14T20:00:00.000Z,2025-09-14T20:00:00.000Z,RTX 5090,global,0.4932579107168749,0.19598164078962022,30,RTX 5090
2025-09-15T20:00:00.000Z,2025-09-15T20:00:00.000Z,RTX 5090,global,0.49402147708218797,0.1963568069092664,30,RTX 5090
2025-09-16T20:00:00.000Z,2025-09-16T20:00:00.000Z,RTX 5090,global,0.48948624868557267,0.19708911278439648,30,RTX 5090
2025-09-17T20:00:00.000Z,2025-09-17T20:00:00.000Z,RTX 5090,global,0.4839240905628561,0.19979912235578504,30,RTX 5090
2025-09-18T20:00:00.000Z,2025-09-18T20:00:00.000Z,RTX 5090,global,0.47661263825404615,0.1899784437759255,30,RTX 5090
2025-09-19T20:00:00.000Z,2025-09-19T20:00:00.000Z,RTX 5090,global,0.4769312486937334,0.17636525121555144,30,RTX 5090
2025-09-20T20:00:00.000Z,2025-09-20T20:00:00.000Z,RTX 5090,global,0.4748207688312587,0.1640858393354928,30,RTX 5090
2025-09-21T20:00:00.000Z,2025-09-21T20:00:00.000Z,RTX 5090,global,0.4751552565185501,0.16239991889363026,30,RTX 5090
2025-09-22T20:00:00.000Z,2025-09-22T20:00:00.000Z,RTX 5090,global,0.4748646423514515,0.1618700687933928,30,RTX 5090
2025-09-23T20:00:00.000Z,2025-09-23T20:00:00.000Z,RTX 5090,global,0.4650909953357631,0.15947092605473157,30,RTX 5090
2025-09-24T20:00:00.000Z,2025-09-24T20:00:00.000Z,RTX 5090,global,0.46945532615572,0.16204441201128644,30,RTX 5090
2025-09-25T20:00:00.000Z,2025-09-25T20:00:00.000Z,RTX 5090,global,0.4700033222117183,0.1519094717140159,30,RTX 5090
2025-09-26T20:00:00.000Z,2025-09-26T20:00:00.000Z,RTX 5090,global,0.4716155740791342,0.15226585742179544,30,RTX 5090
2025-09-27T20:00:00.000Z,2025-09-27T20:00:00.000Z,RTX 5090,global,0.4662921042224404,0.15544393740540832,30,RTX 5090
2025-09-28T20:00:00.000Z,2025-09-28T20:00:00.000Z,RTX 5090,global,0.4646374473274641,0.14851016115213345,30,RTX 5090
2025-09-29T20:00:00.000Z,2025-09-29T20:00:00.000Z,RTX 5090,global,0.4700028111673111,0.15459480350235721,30,RTX 5090
2025-09-30T20:00:00.000Z,2025-09-30T20:00:00.000Z,RTX 5090,global,0.4687721017394852,0.15457832054602136,30,RTX 5090
2025-10-01T20:00:00.000Z,2025-10-01T20:00:00.000Z,RTX 5090,global,0.46273665019524984,0.15720203553334838,30,RTX 5090
2025-10-02T20:00:00.000Z,2025-10-02T20:00:00.000Z,RTX 5090,global,0.4629659746273704,0.15158537247513423,30,RTX 5090
2025-10-03T20:00:00.000Z,2025-10-03T20:00:00.000Z,RTX 5090,global,0.46152064434021206,0.15028010862089136,30,RTX 5090
2025-10-04T20:00:00.000Z,2025-10-04T20:00:00.000Z,RTX 5090,global,0.45703741581115426,0.15196111832559292,30,RTX 5090
2025-10-05T20:00:00.000Z,2025-10-05T20:00:00.000Z,RTX 5090,global,0.4590178708205234,0.14778837769489017,30,RTX 5090
2025-10-06T20:00:00.000Z,2025-10-06T20:00:00.000Z,RTX 5090,global,0.4591059911289847,0.14783451613454468,30,RTX 5090
2025-10-07T20:00:00.000Z,2025-10-07T20:00:00.000Z,RTX 5090,global,0.4652251779709316,0.1553273653918479,30,RTX 5090
2025-10-08T20:00:00.000Z,2025-10-08T20:00:00.000Z,RTX 5090,global,0.463542222140773,0.15548092413055745,30,RTX 5090
2025-10-09T20:00:00.000Z,2025-10-09T20:00:00.000Z,RTX 5090,global,0.45842180694042706,0.1567748336137439,30,RTX 5090
2025-10-10T20:00:00.000Z,2025-10-10T20:00:00.000Z,RTX 5090,global,0.45655523122212255,0.15669140677916943,30,RTX 5090
2025-10-11T20:00:00.000Z,2025-10-11T20:00:00.000Z,RTX 5090,global,0.45577999202913766,0.1553509331301214,30,RTX 5090
2025-10-12T20:00:00.000Z,2025-10-12T20:00:00.000Z,RTX 5090,global,0.4553387743484553,0.1526162832724119,30,RTX 5090
2025-10-13T20:00:00.000Z,2025-10-13T20:00:00.000Z,RTX 5090,global,0.44640851070874094,0.15967008611563005,30,RTX 5090
2025-10-14T20:00:00.000Z,2025-10-14T20:00:00.000Z,RTX 5090,global,0.44069891452629073,0.16035382720790736,30,RTX 5090
2025-10-15T20:00:00.000Z,2025-10-15T20:00:00.000Z,RTX 5090,global,0.44090866052780625,0.15995109940733643,30,RTX 5090
2025-10-16T20:00:00.000Z,2025-10-16T20:00:00.000Z,RTX 5090,global,0.4393007258768315,0.15874604802487335,30,RTX 5090
2025-10-17T20:00:00.000Z,2025-10-17T20:00:00.000Z,RTX 5090,global,0.4355653452491261,0.15726722605462043,30,RTX 5090
2025-10-18T20:00:00.000Z,2025-10-18T20:00:00.000Z,RTX 5090,global,0.42703320892831503,0.16226601685543646,30,RTX 5090
2025-10-19T20:00:00.000Z,2025-10-19T20:00:00.000Z,RTX 5090,global,0.4381260575807578,0.19142198004567992,30,RTX 5090
2025-10-20T20:00:00.000Z,2025-10-20T20:00:00.000Z,RTX 5090,global,0.4559766919772359,0.24248913114940904,30,RTX 5090
2025-10-21T20:00:00.000Z,2025-10-21T20:00:00.000Z,RTX 5090,global,0.4769594831192136,0.2914657635416995,30,RTX 5090
2025-10-22T20:00:00.000Z,2025-10-22T20:00:00.000Z,RTX 5090,global,0.47334685528783615,0.29270613650435423,30,RTX 5090
2025-10-23T20:00:00.000Z,2025-10-23T20:00:00.000Z,RTX 5090,global,0.4726674004371563,0.28311486150135373,30,RTX 5090
2025-10-24T20:00:00.000Z,2025-10-24T20:00:00.000Z,RTX 5090,global,0.4531683228181635,0.31777427006605385,30,RTX 5090
2025-10-25T20:00:00.000Z,2025-10-25T20:00:00.000Z,RTX 5090,global,0.45233348122158884,0.31766830705162913,30,RTX 5090
2025-10-26T20:00:00.000Z,2025-10-26T20:00:00.000Z,RTX 5090,global,0.4493598415483062,0.3177243983638643,30,RTX 5090
2025-10-27T20:00:00.000Z,2025-10-27T20:00:00.000Z,RTX 5090,global,0.4477596172814258,0.31587555323341426,30,RTX 5090
2025-10-28T20:00:00.000Z,2025-10-28T20:00:00.000Z,RTX 5090,global,0.44880612384865765,0.3160265266783475,30,RTX 5090
2025-10-29T20:00:00.000Z,2025-10-29T20:00:00.000Z,RTX 5090,global,0.44606781097514986,0.3131183677855384,30,RTX 5090
2025-10-30T20:00:00.000Z,2025-10-30T20:00:00.000Z,RTX 5090,global,0.44695514230399014,0.3133680326897785,30,RTX 5090
2025-10-31T20:00:00.000Z,2025-10-31T20:00:00.000Z,RTX 5090,global,0.45017140429453545,0.31203845829935906,30,RTX 5090
2025-11-01T20:00:00.000Z,2025-11-01T20:00:00.000Z,RTX 5090,global,0.4564397481841059,0.3162357835551902,30,RTX 5090
2025-11-02T21:00:00.000Z,2025-11-02T21:00:00.000Z,RTX 5090,global,0.45729873487092404,0.31618924333253706,30,RTX 5090
2025-11-03T21:00:00.000Z,2025-11-03T21:00:00.000Z,RTX 5090,global,0.45733740361935843,0.31434323965354877,30,RTX 5090
2025-11-04T21:00:00.000Z,2025-11-04T21:00:00.000Z,RTX 5090,global,0.4554975884977861,0.314254972676422,30,RTX 5090
2025-11-05T21:00:00.000Z,2025-11-05T21:00:00.000Z,RTX 5090,global,0.4494842666946361,0.3175142001767016,30,RTX 5090
2025-11-06T21:00:00.000Z,2025-11-06T21:00:00.000Z,RTX 5090,global,0.45358562265418284,0.3155409252297415,30,RTX 5090
2025-11-07T21:00:00.000Z,2025-11-07T21:00:00.000Z,RTX 5090,global,0.45533242690831305,0.3157880443468973,30,RTX 5090
2025-11-08T21:00:00.000Z,2025-11-08T21:00:00.000Z,RTX 5090,global,0.4543536084412694,0.313573119304289,30,RTX 5090
2025-11-09T21:00:00.000Z,2025-11-09T21:00:00.000Z,RTX 5090,global,0.4518022018778314,0.3138552135107763,30,RTX 5090
2025-11-10T21:00:00.000Z,2025-11-10T21:00:00.000Z,RTX 5090,global,0.4527434421253629,0.3139274722781586,30,RTX 5090
2025-11-11T21:00:00.000Z,2025-11-11T21:00:00.000Z,RTX 5090,global,0.4561476574112404,0.31505927108363585,30,RTX 5090
2025-11-12T21:00:00.000Z,2025-11-12T21:00:00.000Z,RTX 5090,global,0.4592645697846269,0.30752439502066503,30,RTX 5090
2025-11-13T21:00:00.000Z,2025-11-13T21:00:00.000Z,RTX 5090,global,0.45609862844100224,0.30484616067932135,30,RTX 5090
2025-11-14T21:00:00.000Z,2025-11-14T21:00:00.000Z,RTX 5090,global,0.4603645122831566,0.30615652280003985,30,RTX 5090
2025-11-15T21:00:00.000Z,2025-11-15T21:00:00.000Z,RTX 5090,global,0.46497100524044077,0.3069864220051897,30,RTX 5090
2025-11-16T21:00:00.000Z,2025-11-16T21:00:00.000Z,RTX 5090,global,0.46291614627479555,0.30555984910469364,30,RTX 5090
2025-11-17T21:00:00.000Z,2025-11-17T21:00:00.000Z,RTX 5090,global,0.47606543681848557,0.3080822266305069,30,RTX 5090
2025-11-18T21:00:00.000Z,2025-11-18T21:00:00.000Z,RTX 5090,global,0.49479168165681875,0.32267960556650965,30,RTX 5090
2025-11-19T21:00:00.000Z,2025-11-19T21:00:00.000Z,RTX 5090,global,0.4875928260748777,0.3017850961109882,30,RTX 5090
2025-11-20T21:00:00.000Z,2025-11-20T21:00:00.000Z,RTX 5090,global,0.4737320767766123,0.2791638599859035,30,RTX 5090
2025-11-21T21:00:00.000Z,2025-11-21T21:00:00.000Z,RTX 5090,global,0.46585905189767024,0.2839938105736329,30,RTX 5090
2025-11-22T21:00:00.000Z,2025-11-22T21:00:00.000Z,RTX 5090,global,0.4721270302863589,0.2880638965581782,30,RTX 5090
2025-11-23T21:00:00.000Z,2025-11-23T21:00:00.000Z,RTX 5090,global,0.46877651408019466,0.24657801673862778,30,RTX 5090
2025-11-24T21:00:00.000Z,2025-11-24T21:00:00.000Z,RTX 5090,global,0.46458333333333335,0.24890875186647846,30,RTX 5090
2025-11-25T21:00:00.000Z,2025-11-25T21:00:00.000Z,RTX 5090,global,0.46291666666666664,0.24799093721523788,30,RTX 5090
2025-11-26T22:00:00.000Z,2025-11-26T22:00:00.000Z,RTX 5090,global,0.458,0.2508594907818948,30,RTX 5090
2025-11-27T21:00:00.000Z,2025-11-27T21:00:00.000Z,RTX 5090,global,0.45958333333333334,0.25097825588026446,30,RTX 5090
2025-11-28T21:00:00.000Z,2025-11-28T21:00:00.000Z,RTX 5090,global,0.45666666666666667,0.2510651575379391,30,RTX 5090
2025-11-29T21:00:00.000Z,2025-11-29T21:00:00.000Z,RTX 5090,global,0.4583333333333333,0.2512315065854017,30,RTX 5090
2025-11-30T21:00:00.000Z,2025-11-30T21:00:00.000Z,RTX 5090,global,0.455,0.2517104625827919,30,RTX 5090
2025-12-01T21:00:00.000Z,2025-12-01T21:00:00.000Z,RTX 5090,global,0.4525,0.2476887110012739,30,RTX 5090
2025-12-02T21:00:00.000Z,2025-12-02T21:00:00.000Z,RTX 5090,global,0.4608333333333333,0.25593602728337495,30,RTX 5090
2025-12-03T21:00:00.000Z,2025-12-03T21:00:00.000Z,RTX 5090,global,0.46458333333333335,0.25739281502896955,30,RTX 5090
2025-12-04T21:00:00.000Z,2025-12-04T21:00:00.000Z,RTX 5090,global,0.46708333333333335,0.2573869594608119,30,RTX 5090
2025-12-05T21:00:00.000Z,2025-12-05T21:00:00.000Z,RTX 5090,global,0.4675,0.2522933250990871,30,RTX 5090
2025-12-06T21:00:00.000Z,2025-12-06T21:00:00.000Z,RTX 5090,global,0.4658333333333333,0.251245173300169,30,RTX 5090
2025-12-07T21:00:00.000Z,2025-12-07T21:00:00.000Z,RTX 5090,global,0.4625,0.25255250279996166,30,RTX 5090
2025-12-08T21:00:00.000Z,2025-12-08T21:00:00.000Z,RTX 5090,global,0.45958333333333334,0.25352632319496576,30,RTX 5090
2025-12-09T21:00:00.000Z,2025-12-09T21:00:00.000Z,RTX 5090,global,0.46166666666666667,0.2529687117086666,30,RTX 5090
2025-12-10T21:00:00.000Z,2025-12-10T21:00:00.000Z,RTX 5090,global,0.4675,0.2562949585412036,30,RTX 5090
2025-12-11T21:00:00.000Z,2025-12-11T21:00:00.000Z,RTX 5090,global,0.46041666666666664,0.261361463769191,30,RTX 5090
2025-12-12T21:00:00.000Z,2025-12-12T21:00:00.000Z,RTX 5090,global,0.45869565217391306,0.26064998438560155,30,RTX 5090
2025-12-13T21:00:00.000Z,2025-12-13T21:00:00.000Z,RTX 5090,global,0.46375,0.2621682754745529,30,RTX 5090
2025-12-14T21:00:00.000Z,2025-12-14T21:00:00.000Z,RTX 5090,global,0.46375,0.26025946548054174,30,RTX 5090
2025-12-15T21:00:00.000Z,2025-12-15T21:00:00.000Z,RTX 5090,global,0.46,0.2594051734553304,30,RTX 5090
2025-12-16T21:00:00.000Z,2025-12-16T21:00:00.000Z,RTX 5090,global,0.4547826086956522,0.26191311999313655,30,RTX 5090
2025-12-17T21:00:00.000Z,2025-12-17T21:00:00.000Z,RTX 5090,global,0.45375,0.24073670697006047,30,RTX 5090
2025-12-18T21:00:00.000Z,2025-12-18T21:00:00.000Z,RTX 5090,global,0.46416666666666667,0.21203173500511208,30,RTX 5090
2025-12-19T21:00:00.000Z,2025-12-19T21:00:00.000Z,RTX 5090,global,0.46166666666666667,0.20756026086441487,30,RTX 5090
2025-12-20T21:00:00.000Z,2025-12-20T21:00:00.000Z,RTX 5090,global,0.4525,0.19505472304095883,30,RTX 5090
2025-12-21T21:00:00.000Z,2025-12-21T21:00:00.000Z,RTX 5090,global,0.4475,0.19044477477511362,30,RTX 5090
2025-12-22T21:00:00.000Z,2025-12-22T21:00:00.000Z,RTX 5090,global,0.4429166666666667,0.18526178730949494,30,RTX 5090
2025-12-23T21:00:00.000Z,2025-12-23T21:00:00.000Z,RTX 5090,global,0.44458333333333333,0.18545718935217012,30,RTX 5090
2025-12-24T21:00:00.000Z,2025-12-24T21:00:00.000Z,RTX 5090,global,0.44916666666666666,0.1881553647972239,30,RTX 5090
2025-12-25T21:00:00.000Z,2025-12-25T21:00:00.000Z,RTX 5090,global,0.45416666666666666,0.19263263799378003,30,RTX 5090
2025-12-26T21:00:00.000Z,2025-12-26T21:00:00.000Z,RTX 5090,global,0.46,0.19459466677718393,30,RTX 5090
2025-12-27T21:00:00.000Z,2025-12-27T21:00:00.000Z,RTX 5090,global,0.4583333333333333,0.19464804400075397,30,RTX 5090
2025-12-28T21:00:00.000Z,2025-12-28T21:00:00.000Z,RTX 5090,global,0.46,0.19371229141957988,30,RTX 5090
2025-12-29T21:00:00.000Z,2025-12-29T21:00:00.000Z,RTX 5090,global,0.46125,0.1935340057446742,30,RTX 5090
2025-12-30T21:00:00.000Z,2025-12-30T21:00:00.000Z,RTX 5090,global,0.4675,0.19690993045700617,30,RTX 5090
2026-01-01T21:00:00.000Z,2026-01-01T21:00:00.000Z,RTX 5090,global,0.46958333333333335,0.187319902265816,30,RTX 5090
2026-01-02T21:00:00.000Z,2026-01-02T21:00:00.000Z,RTX 5090,global,0.46166666666666667,0.19501892888701194,30,RTX 5090
2026-01-03T21:00:00.000Z,2026-01-03T21:00:00.000Z,RTX 5090,global,0.46,0.19430176498186982,30,RTX 5090
2026-01-04T21:00:00.000Z,2026-01-04T21:00:00.000Z,RTX 5090,global,0.46375,0.19657978157503464,30,RTX 5090
2026-01-05T21:00:00.000Z,2026-01-05T21:00:00.000Z,RTX 5090,global,0.47,0.20182329020362216,30,RTX 5090
2026-01-06T21:00:00.000Z,2026-01-06T21:00:00.000Z,RTX 5090,global,0.46958333333333335,0.20007446872300574,30,RTX 5090
2026-01-07T21:00:00.000Z,2026-01-07T21:00:00.000Z,RTX 5090,global,0.46625,0.2004362935327247,30,RTX 5090
2026-01-08T21:00:00.000Z,2026-01-08T21:00:00.000Z,RTX 5090,global,0.45956521739130435,0.2064469043035584,30,RTX 5090
2026-01-09T21:00:00.000Z,2026-01-09T21:00:00.000Z,RTX 5090,global,0.4583333333333333,0.20142217148996222,30,RTX 5090
2026-01-10T21:00:00.000Z,2026-01-10T21:00:00.000Z,RTX 5090,global,0.46,0.1948514887968357,30,RTX 5090
2026-01-11T21:00:00.000Z,2026-01-11T21:00:00.000Z,RTX 5090,global,0.46166666666666667,0.19477697570857894,30,RTX 5090
2026-01-12T21:00:00.000Z,2026-01-12T21:00:00.000Z,RTX 5090,global,0.4543478260869565,0.19870099624187385,30,RTX 5090
2026-01-13T21:00:00.000Z,2026-01-13T21:00:00.000Z,RTX 5090,global,0.4529166666666667,0.19886921146325973,30,RTX 5090
2026-01-14T21:00:00.000Z,2026-01-14T21:00:00.000Z,RTX 5090,global,0.45,0.19818262863397326,30,RTX 5090
2026-01-15T21:00:00.000Z,2026-01-15T21:00:00.000Z,RTX 5090,global,0.45,0.1944078926098864,30,RTX 5090
2026-01-16T21:00:00.000Z,2026-01-16T21:00:00.000Z,RTX 5090,global,0.45375,0.19657847768332057,30,RTX 5090
2026-01-17T21:00:00.000Z,2026-01-17T21:00:00.000Z,RTX 5090,global,0.4475,0.1844433436603909,30,RTX 5090
2026-01-18T21:00:00.000Z,2026-01-18T21:00:00.000Z,RTX 5090,global,0.4483333333333333,0.18411000009005082,30,RTX 5090
2026-01-19T21:00:00.000Z,2026-01-19T21:00:00.000Z,RTX 5090,global,0.44416666666666665,0.17362820900377102,30,RTX 5090
2026-01-20T21:00:00.000Z,2026-01-20T21:00:00.000Z,RTX 5090,global,0.45,0.17569153812636606,30,RTX 5090
2026-01-21T21:00:00.000Z,2026-01-21T21:00:00.000Z,RTX 5090,global,0.44958333333333333,0.17165008802182702,30,RTX 5090
2026-01-22T21:00:00.000Z,2026-01-22T21:00:00.000Z,RTX 5090,global,0.4508333333333333,0.1714500073594981,30,RTX 5090
2026-01-23T21:00:00.000Z,2026-01-23T21:00:00.000Z,RTX 5090,global,0.45416666666666666,0.1696597624530279,30,RTX 5090
2026-01-24T21:00:00.000Z,2026-01-24T21:00:00.000Z,RTX 5090,global,0.45125,0.16672862639678732,30,RTX 5090
2026-01-25T21:00:00.000Z,2026-01-25T21:00:00.000Z,RTX 5090,global,0.44208333333333333,0.17437025522845692,30,RTX 5090
2026-01-26T21:00:00.000Z,2026-01-26T21:00:00.000Z,RTX 5090,global,0.44208333333333333,0.17422580441609128,30,RTX 5090
2026-01-27T21:00:00.000Z,2026-01-27T21:00:00.000Z,RTX 5090,global,0.44458333333333333,0.1750662992293196,30,RTX 5090
2026-01-28T21:00:00.000Z,2026-01-28T21:00:00.000Z,RTX 5090,global,0.45,0.1806462355212833,30,RTX 5090
2026-01-29T21:00:00.000Z,2026-01-29T21:00:00.000Z,RTX 5090,global,0.4575,0.18398782088323906,30,RTX 5090
2026-01-30T21:00:00.000Z,2026-01-30T21:00:00.000Z,RTX 5090,global,0.46,0.18508058103617858,30,RTX 5090
2026-01-31T21:00:00.000Z,2026-01-31T21:00:00.000Z,RTX 5090,global,0.47,0.19878003405339556,30,RTX 5090
2026-02-01T21:00:00.000Z,2026-02-01T21:00:00.000Z,RTX 5090,global,0.46958333333333335,0.18911346113353875,30,RTX 5090
2026-02-02T21:00:00.000Z,2026-02-02T21:00:00.000Z,RTX 5090,global,0.4633333333333333,0.19482900489567492,30,RTX 5090
2026-02-03T21:00:00.000Z,2026-02-03T21:00:00.000Z,RTX 5090,global,0.46291666666666664,0.1927676272731178,30,RTX 5090
2026-02-04T21:00:00.000Z,2026-02-04T21:00:00.000Z,RTX 5090,global,0.48,0.22638066547605845,30,RTX 5090
2026-02-05T21:00:00.000Z,2026-02-05T21:00:00.000Z,RTX 5090,global,0.48,0.2263234570699568,30,RTX 5090
2026-02-06T21:00:00.000Z,2026-02-06T21:00:00.000Z,RTX 5090,global,0.48083333333333333,0.22455610036343138,30,RTX 5090
2026-02-07T21:00:00.000Z,2026-02-07T21:00:00.000Z,RTX 5090,global,0.48,0.21781278193193096,30,RTX 5090
2026-02-08T21:00:00.000Z,2026-02-08T21:00:00.000Z,RTX 5090,global,0.48,0.21737231561449824,30,RTX 5090
2026-02-09T21:00:00.000Z,2026-02-09T21:00:00.000Z,RTX 5090,global,0.48041666666666666,0.21725151739743975,30,RTX 5090
2026-02-10T21:00:00.000Z,2026-02-10T21:00:00.000Z,RTX 5090,global,0.48,0.21725109057188982,30,RTX 5090
2026-02-11T21:00:00.000Z,2026-02-11T21:00:00.000Z,RTX 5090,global,0.48,0.20821785899071793,30,RTX 5090
2026-02-12T21:00:00.000Z,2026-02-12T21:00:00.000Z,RTX 5090,global,0.48,0.20755681966545864,30,RTX 5090
2026-02-13T21:00:00.000Z,2026-02-13T21:00:00.000Z,RTX 5090,global,0.47833333333333333,0.20629518991998472,30,RTX 5090
2026-02-14T21:00:00.000Z,2026-02-14T21:00:00.000Z,RTX 5090,global,0.48,0.20622001508625162,30,RTX 5090
2026-02-15T21:00:00.000Z,2026-02-15T21:00:00.000Z,RTX 5090,global,0.48,0.20513505872745066,30,RTX 5090
2026-02-16T21:00:00.000Z,2026-02-16T21:00:00.000Z,RTX 5090,global,0.48,0.197291481426826,30,RTX 5090
2026-02-17T21:00:00.000Z,2026-02-17T21:00:00.000Z,RTX 5090,global,0.48,0.19745469884757738,30,RTX 5090
2026-02-18T21:00:00.000Z,2026-02-18T21:00:00.000Z,RTX 5090,global,0.48,0.19318329292304648,30,RTX 5090
2026-02-19T21:00:00.000Z,2026-02-19T21:00:00.000Z,RTX 5090,global,0.48,0.18961822015904914,30,RTX 5090
2026-02-20T21:00:00.000Z,2026-02-20T21:00:00.000Z,RTX 5090,global,0.47523809523809524,0.19403821223390316,30,RTX 5090
2026-02-21T21:00:00.000Z,2026-02-21T21:00:00.000Z,RTX 5090,global,0.47375,0.19477743250672822,30,RTX 5090
2026-02-22T21:00:00.000Z,2026-02-22T21:00:00.000Z,RTX 5090,global,0.4766666666666667,0.19437046350288642,30,RTX 5090
2026-02-23T21:00:00.000Z,2026-02-23T21:00:00.000Z,RTX 5090,global,0.47208333333333335,0.19636357913530955,30,RTX 5090
2026-02-24T21:00:00.000Z,2026-02-24T21:00:00.000Z,RTX 5090,global,0.47375,0.17961176393528325,30,RTX 5090
2026-02-25T21:00:00.000Z,2026-02-25T21:00:00.000Z,RTX 5090,global,0.47875,0.18163702564780032,30,RTX 5090
2026-02-26T21:00:00.000Z,2026-02-26T21:00:00.000Z,RTX 5090,global,0.47583333333333333,0.18381903659931198,30,RTX 5090
2026-02-27T21:00:00.000Z,2026-02-27T21:00:00.000Z,RTX 5090,global,0.4608333333333333,0.21576746362171947,30,RTX 5090
2026-02-28T21:00:00.000Z,2026-02-28T21:00:00.000Z,RTX 5090,global,0.46791666666666665,0.21463953139935366,30,RTX 5090
2026-03-01T21:00:00.000Z,2026-03-01T21:00:00.000Z,RTX 5090,global,0.465,0.21529524358691876,30,RTX 5090
2026-03-02T21:00:00.000Z,2026-03-02T21:00:00.000Z,RTX 5090,global,0.46541666666666665,0.20136918868885717,30,RTX 5090
2026-03-03T21:00:00.000Z,2026-03-03T21:00:00.000Z,RTX 5090,global,0.4675,0.2020463082711767,30,RTX 5090
2026-03-04T21:00:00.000Z,2026-03-04T21:00:00.000Z,RTX 5090,global,0.4708333333333333,0.19773342839156666,30,RTX 5090
2026-03-05T21:00:00.000Z,2026-03-05T21:00:00.000Z,RTX 5090,global,0.47,0.1978364110414488,30,RTX 5090
2026-03-06T21:00:00.000Z,2026-03-06T21:00:00.000Z,RTX 5090,global,0.47130434782608693,0.15054355873045017,30,RTX 5090
2026-03-07T21:00:00.000Z,2026-03-07T21:00:00.000Z,RTX 5090,global,0.47208333333333335,0.15073778324806503,30,RTX 5090
2026-03-08T20:00:00.000Z,2026-03-08T20:00:00.000Z,RTX 5090,global,0.47125,0.1505632563571427,30,RTX 5090
2026-03-09T20:00:00.000Z,2026-03-09T20:00:00.000Z,RTX 5090,global,0.4708333333333333,0.15051687027844352,30,RTX 5090
2026-03-10T20:00:00.000Z,2026-03-10T20:00:00.000Z,RTX 5090,global,0.47208333333333335,0.1509428769638165,30,RTX 5090
2026-03-11T20:00:00.000Z,2026-03-11T20:00:00.000Z,RTX 5090,global,0.4725,0.15094461005680912,30,RTX 5090
2026-03-12T20:00:00.000Z,2026-03-12T20:00:00.000Z,RTX 5090,global,0.465,0.16028084693138503,30,RTX 5090
2026-03-13T20:00:00.000Z,2026-03-13T20:00:00.000Z,RTX 5090,global,0.4658333333333333,0.1605510948343597,30,RTX 5090
2026-03-14T20:00:00.000Z,2026-03-14T20:00:00.000Z,RTX 5090,global,0.45166666666666666,0.19132369624794154,30,RTX 5090
2026-03-15T20:00:00.000Z,2026-03-15T20:00:00.000Z,RTX 5090,global,0.46958333333333335,0.23855686768245027,30,RTX 5090
2026-03-16T20:00:00.000Z,2026-03-16T20:00:00.000Z,RTX 5090,global,0.47208333333333335,0.2390374860952025,30,RTX 5090
2026-03-17T20:00:00.000Z,2026-03-17T20:00:00.000Z,RTX 5090,global,0.46416666666666667,0.24572895200754016,30,RTX 5090
2026-03-18T20:00:00.000Z,2026-03-18T20:00:00.000Z,RTX 5090,global,0.46458333333333335,0.24580025692515794,30,RTX 5090
2026-03-19T20:00:00.000Z,2026-03-19T20:00:00.000Z,RTX 5090,global,0.47208333333333335,0.2529363177452371,30,RTX 5090
2026-03-20T20:00:00.000Z,2026-03-20T20:00:00.000Z,RTX 5090,global,0.47041666666666665,0.25313951049069844,30,RTX 5090
2026-03-21T20:00:00.000Z,2026-03-21T20:00:00.000Z,RTX 5090,global,0.47291666666666665,0.2539903801958271,30,RTX 5090
2026-03-22T20:00:00.000Z,2026-03-22T20:00:00.000Z,RTX 5090,global,0.48041666666666666,0.25771980783730136,30,RTX 5090
2026-03-23T20:00:00.000Z,2026-03-23T20:00:00.000Z,RTX 5090,global,0.4766666666666667,0.2590406899104038,30,RTX 5090
2026-03-24T20:00:00.000Z,2026-03-24T20:00:00.000Z,RTX 5090,global,0.48333333333333334,0.2626609751557865,30,RTX 5090
2026-03-25T20:00:00.000Z,2026-03-25T20:00:00.000Z,RTX 5090,global,0.48833333333333334,0.26220101165424586,30,RTX 5090
2026-03-26T20:00:00.000Z,2026-03-26T20:00:00.000Z,RTX 5090,global,0.4861904761904762,0.2627453088920301,30,RTX 5090
2026-03-27T20:00:00.000Z,2026-03-27T20:00:00.000Z,RTX 5090,global,0.487,0.26046503762093065,30,RTX 5090
2026-03-28T20:00:00.000Z,2026-03-28T20:00:00.000Z,RTX 5090,global,0.48041666666666666,0.2641731129978083,30,RTX 5090
2026-03-29T20:00:00.000Z,2026-03-29T20:00:00.000Z,RTX 5090,global,0.48041666666666666,0.23703568325380955,30,RTX 5090
2026-03-30T20:00:00.000Z,2026-03-30T20:00:00.000Z,RTX 5090,global,0.48041666666666666,0.23171628257400378,30,RTX 5090
2026-03-31T20:00:00.000Z,2026-03-31T20:00:00.000Z,RTX 5090,global,0.48333333333333334,0.23092359940171658,30,RTX 5090
2026-04-01T20:00:00.000Z,2026-04-01T20:00:00.000Z,RTX 5090,global,0.4841666666666667,0.23092388788087567,30,RTX 5090
2026-04-02T20:00:00.000Z,2026-04-02T20:00:00.000Z,RTX 5090,global,0.4845833333333333,0.2306472208520823,30,RTX 5090
2026-04-03T20:00:00.000Z,2026-04-03T20:00:00.000Z,RTX 5090,global,0.4708333333333333,0.25205559266331895,30,RTX 5090
2026-04-04T20:00:00.000Z,2026-04-04T20:00:00.000Z,RTX 5090,global,0.47333333333333333,0.25263519565883263,30,RTX 5090
2026-04-05T20:00:00.000Z,2026-04-05T20:00:00.000Z,RTX 5090,global,0.47,0.25372075611233896,30,RTX 5090
2026-04-06T20:00:00.000Z,2026-04-06T20:00:00.000Z,RTX 5090,global,0.4691666666666667,0.25370581635628625,30,RTX 5090
2026-04-07T20:00:00.000Z,2026-04-07T20:00:00.000Z,RTX 5090,global,0.46291666666666664,0.2578247740843552,30,RTX 5090
2026-04-08T20:00:00.000Z,2026-04-08T20:00:00.000Z,RTX 5090,global,0.4708333333333333,0.2649837817780044,30,RTX 5090
2026-04-09T20:00:00.000Z,2026-04-09T20:00:00.000Z,RTX 5090,global,0.47625,0.2678476704261015,30,RTX 5090
2026-04-10T20:00:00.000Z,2026-04-10T20:00:00.000Z,RTX 5090,global,0.47708333333333336,0.26788868323290116,30,RTX 5090
2026-04-11T20:00:00.000Z,2026-04-11T20:00:00.000Z,RTX 5090,global,0.47,0.2671132495003605,30,RTX 5090
2026-04-12T20:00:00.000Z,2026-04-12T20:00:00.000Z,RTX 5090,global,0.4708333333333333,0.26711197182743157,30,RTX 5090
2026-04-13T20:00:00.000Z,2026-04-13T20:00:00.000Z,RTX 5090,global,0.47375,0.2427263131985648,30,RTX 5090
2026-04-14T20:00:00.000Z,2026-04-14T20:00:00.000Z,RTX 5090,global,0.47375,0.20197136818884978,30,RTX 5090
2026-04-15T20:00:00.000Z,2026-04-15T20:00:00.000Z,RTX 5090,global,0.46625,0.2088314082142201,30,RTX 5090
2026-04-16T20:00:00.000Z,2026-04-16T20:00:00.000Z,RTX 5090,global,0.46708333333333335,0.20024810235233959,30,RTX 5090
2026-04-17T20:00:00.000Z,2026-04-17T20:00:00.000Z,RTX 5090,global,0.46625,0.20035065738347688,30,RTX 5090
2026-04-18T20:00:00.000Z,2026-04-18T20:00:00.000Z,RTX 5090,global,0.46875,0.19301990652822418,30,RTX 5090
2026-04-19T20:00:00.000Z,2026-04-19T20:00:00.000Z,RTX 5090,global,0.46625,0.19351236834936333,30,RTX 5090
2026-04-20T20:00:00.000Z,2026-04-20T20:00:00.000Z,RTX 5090,global,0.4625,0.19426606459918103,30,RTX 5090
2026-04-21T20:00:00.000Z,2026-04-21T20:00:00.000Z,RTX 5090,global,0.46041666666666664,0.18528174801840042,30,RTX 5090
2026-04-22T20:00:00.000Z,2026-04-22T20:00:00.000Z,RTX 5090,global,0.4525,0.19226396711550453,30,RTX 5090
2026-04-23T20:00:00.000Z,2026-04-23T20:00:00.000Z,RTX 5090,global,0.46,0.19505700193676648,30,RTX 5090
2026-04-24T20:00:00.000Z,2026-04-24T20:00:00.000Z,RTX 5090,global,0.45666666666666667,0.19110513380560373,30,RTX 5090
2026-04-25T20:00:00.000Z,2026-04-25T20:00:00.000Z,RTX 5090,global,0.4558333333333333,0.19094924626162693,30,RTX 5090
2026-04-26T20:00:00.000Z,2026-04-26T20:00:00.000Z,RTX 5090,global,0.4608333333333333,0.19593105220187892,30,RTX 5090
2026-04-27T20:00:00.000Z,2026-04-27T20:00:00.000Z,RTX 5090,global,0.46041666666666664,0.19128212658357227,30,RTX 5090
2026-04-28T20:00:00.000Z,2026-04-28T20:00:00.000Z,RTX 5090,global,0.46,0.19122374774623338,30,RTX 5090
2026-04-29T20:00:00.000Z,2026-04-29T20:00:00.000Z,RTX 5090,global,0.4683333333333333,0.20283622009281868,30,RTX 5090
2026-04-30T20:00:00.000Z,2026-04-30T20:00:00.000Z,RTX 5090,global,0.47625,0.21071014485517378,30,RTX 5090
2026-05-01T20:00:00.000Z,2026-05-01T20:00:00.000Z,RTX 5090,global,0.4825,0.21584112645432016,30,RTX 5090
2026-05-02T20:00:00.000Z,2026-05-02T20:00:00.000Z,RTX 5090,global,0.47791666666666666,0.2182868207239752,30,RTX 5090
2026-05-03T20:00:00.000Z,2026-05-03T20:00:00.000Z,RTX 5090,global,0.47375,0.19557590054889767,30,RTX 5090
2026-05-04T20:00:00.000Z,2026-05-04T20:00:00.000Z,RTX 5090,global,0.46708333333333335,0.2009147726703386,30,RTX 5090
2026-05-05T20:00:00.000Z,2026-05-05T20:00:00.000Z,RTX 5090,global,0.46708333333333335,0.19948934137348232,30,RTX 5090
2026-05-06T20:00:00.000Z,2026-05-06T20:00:00.000Z,RTX 5090,global,0.4691666666666667,0.20005473946996988,30,RTX 5090
2026-05-07T20:00:00.000Z,2026-05-07T20:00:00.000Z,RTX 5090,global,0.47041666666666665,0.19426512452299152,30,RTX 5090
2026-05-08T20:00:00.000Z,2026-05-08T20:00:00.000Z,RTX 5090,global,0.47041666666666665,0.1850078097601067,30,RTX 5090
2026-05-09T20:00:00.000Z,2026-05-09T20:00:00.000Z,RTX 5090,global,0.4766666666666667,0.18647684287655888,30,RTX 5090
2026-05-10T20:00:00.000Z,2026-05-10T20:00:00.000Z,RTX 5090,global,0.49,0.2097983899524814,30,RTX 5090
2026-05-11T20:00:00.000Z,2026-05-11T20:00:00.000Z,RTX 5090,global,0.5125,0.25243437311692835,30,RTX 5090
2026-05-12T20:00:00.000Z,2026-05-12T20:00:00.000Z,RTX 5090,global,0.5316666666666666,0.2785678668875426,30,RTX 5090
2026-05-13T20:00:00.000Z,2026-05-13T20:00:00.000Z,RTX 5090,global,0.5325,0.2785892583584543,30,RTX 5090
2026-05-14T20:00:00.000Z,2026-05-14T20:00:00.000Z,RTX 5090,global,0.5491666666666667,0.2935046628901466,30,RTX 5090
2026-05-15T20:00:00.000Z,2026-05-15T20:00:00.000Z,RTX 5090,global,0.5941666666666666,0.3814523221187979,30,RTX 5090
2026-05-16T20:00:00.000Z,2026-05-16T20:00:00.000Z,RTX 5090,global,0.6,0.38080989262523557,30,RTX 5090
2026-05-17T20:00:00.000Z,2026-05-17T20:00:00.000Z,RTX 5090,global,0.6229166666666667,0.39212391373496064,30,RTX 5090
2026-05-18T20:00:00.000Z,2026-05-18T20:00:00.000Z,RTX 5090,global,0.6620833333333334,0.4305588486692911,30,RTX 5090
2026-05-19T20:00:00.000Z,2026-05-19T20:00:00.000Z,RTX 5090,global,0.7020833333333333,0.4561420995749819,30,RTX 5090
2026-05-20T20:00:00.000Z,2026-05-20T20:00:00.000Z,RTX 5090,global,0.7670833333333333,0.5184770768781884,30,RTX 5090
2026-05-21T20:00:00.000Z,2026-05-21T20:00:00.000Z,RTX 5090,global,0.8225,0.544019205288767,30,RTX 5090
2026-05-22T20:00:00.000Z,2026-05-22T20:00:00.000Z,RTX 5090,global,0.8670833333333333,0.5394764169138042,30,RTX 5090
2026-05-23T20:00:00.000Z,2026-05-23T20:00:00.000Z,RTX 5090,global,0.8825,0.5393473840469825,30,RTX 5090
2026-05-24T20:00:00.000Z,2026-05-24T20:00:00.000Z,RTX 5090,global,0.8508333333333333,0.5680483714308754,30,RTX 5090
2026-05-25T20:00:00.000Z,2026-05-25T20:00:00.000Z,RTX 5090,global,0.8545833333333334,0.5653443883329514,30,RTX 5090
2026-05-26T20:00:00.000Z,2026-05-26T20:00:00.000Z,RTX 5090,global,0.85875,0.567086268925502,30,RTX 5090
2026-05-27T20:00:00.000Z,2026-05-27T20:00:00.000Z,RTX 5090,global,0.8554166666666667,0.5686140733799154,30,RTX 5090
2026-05-28T20:00:00.000Z,2026-05-28T20:00:00.000Z,RTX 5090,global,0.9745833333333334,0.6796349628419139,30,RTX 5090
2026-05-29T20:00:00.000Z,2026-05-29T20:00:00.000Z,RTX 5090,global,1.1633333333333333,0.8610932063985741,30,RTX 5090
2026-05-30T20:00:00.000Z,2026-05-30T20:00:00.000Z,RTX 5090,global,1.3291666666666666,0.9310353387019047,30,RTX 5090
2026-05-31T20:00:00.000Z,2026-05-31T20:00:00.000Z,RTX 5090,global,1.3225,0.9383108790580982,30,RTX 5090
2026-06-01T20:00:00.000Z,2026-06-01T20:00:00.000Z,RTX 5090,global,1.22625,1.0025823571997867,30,RTX 5090
2026-06-02T20:00:00.000Z,2026-06-02T20:00:00.000Z,RTX 5090,global,1.1295833333333334,1.0699568999804734,30,RTX 5090
2026-06-03T20:00:00.000Z,2026-06-03T20:00:00.000Z,RTX 5090,global,1.09875,1.0778168212035997,30,RTX 5090
2026-06-04T20:00:00.000Z,2026-06-04T20:00:00.000Z,RTX 5090,global,1.12875,1.0729318389092026,30,RTX 5090
2026-06-05T20:00:00.000Z,2026-06-05T20:00:00.000Z,RTX 5090,global,1.0766666666666667,1.1028018503744934,30,RTX 5090
2026-06-06T20:00:00.000Z,2026-06-06T20:00:00.000Z,RTX 5090,global,1.0375,1.1226691314309618,30,RTX 5090
2026-06-07T20:00:00.000Z,2026-06-07T20:00:00.000Z,RTX 5090,global,0.9866666666666667,1.1508399144726882,30,RTX 5090
2026-06-08T20:00:00.000Z,2026-06-08T20:00:00.000Z,RTX 5090,global,0.8783333333333333,1.2513784868801912,30,RTX 5090
2026-06-09T20:00:00.000Z,2026-06-09T20:00:00.000Z,RTX 5090,global,0.84375,1.2686614609849196,30,RTX 5090
2026-06-10T20:00:00.000Z,2026-06-10T20:00:00.000Z,RTX 5090,global,0.8154166666666667,1.2775928858884327,30,RTX 5090
2026-06-11T20:00:00.000Z,2026-06-11T20:00:00.000Z,RTX 5090,global,0.77,1.2998240958851326,30,RTX 5090
2026-06-12T20:00:00.000Z,2026-06-12T20:00:00.000Z,RTX 5090,global,0.7354166666666667,1.3152606483648366,30,RTX 5090
2026-06-13T20:00:00.000Z,2026-06-13T20:00:00.000Z,RTX 5090,global,0.7254166666666667,1.3158806402906853,30,RTX 5090
2026-06-14T20:00:00.000Z,2026-06-14T20:00:00.000Z,RTX 5090,global,0.7008333333333333,1.2998072560093938,30,RTX 5090
2026-06-15T20:00:00.000Z,2026-06-15T20:00:00.000Z,RTX 5090,global,0.6883333333333334,1.3022662711358355,30,RTX 5090
2026-06-16T20:00:00.000Z,2026-06-16T20:00:00.000Z,RTX 5090,global,0.69,1.296847236030081,30,RTX 5090
2026-06-17T20:00:00.000Z,2026-06-17T20:00:00.000Z,RTX 5090,global,0.68375,1.2806279992572736,30,RTX 5090
2026-06-18T20:00:00.000Z,2026-06-18T20:00:00.000Z,RTX 5090,global,0.60625,1.3305056326820308,30,RTX 5090
2026-06-19T20:00:00.000Z,2026-06-19T20:00:00.000Z,RTX 5090,global,0.5845833333333333,1.290854959851358,30,RTX 5090
2026-06-20T20:00:00.000Z,2026-06-20T20:00:00.000Z,RTX 5090,global,0.5675,1.2606864029095872,30,RTX 5090
2026-06-21T20:00:00.000Z,2026-06-21T20:00:00.000Z,RTX 5090,global,0.55875,1.238573494754441,30,RTX 5090
2026-06-22T20:00:00.000Z,2026-06-22T20:00:00.000Z,RTX 5090,global,0.5425,1.23402020270453,30,RTX 5090
2026-06-23T20:00:00.000Z,2026-06-23T20:00:00.000Z,RTX 5090,global,0.5404166666666667,1.2325116863107928,30,RTX 5090
2026-06-24T20:00:00.000Z,2026-06-24T20:00:00.000Z,RTX 5090,global,0.5329166666666667,1.2305125122794611,30,RTX 5090
2026-06-25T20:00:00.000Z,2026-06-25T20:00:00.000Z,RTX 5090,global,0.5370833333333334,1.231170960980617,30,RTX 5090
2026-06-26T20:00:00.000Z,2026-06-26T20:00:00.000Z,RTX 5090,global,0.54,1.2327160032366773,30,RTX 5090
2026-06-27T20:00:00.000Z,2026-06-27T20:00:00.000Z,RTX 5090,global,0.5404166666666667,1.117323633491188,30,RTX 5090
2026-06-28T20:00:00.000Z,2026-06-28T20:00:00.000Z,RTX 5090,global,0.5429166666666667,0.8697300714500564,30,RTX 5090
2026-06-29T20:00:00.000Z,2026-06-29T20:00:00.000Z,RTX 5090,global,0.5483333333333333,0.6700029208198318,30,RTX 5090
2026-06-30T20:00:00.000Z,2026-06-30T20:00:00.000Z,RTX 5090,global,0.5341666666666667,0.6643120103384498,30,RTX 5090
2026-07-01T20:00:00.000Z,2026-07-01T20:00:00.000Z,RTX 5090,global,0.5279166666666667,0.6465360786791036,30,RTX 5090
2026-07-02T20:00:00.000Z,2026-07-02T20:00:00.000Z,RTX 5090,global,0.5225,0.6189482970394318,30,RTX 5090
2026-07-03T20:00:00.000Z,2026-07-03T20:00:00.000Z,RTX 5090,global,0.5208333333333334,0.6238354478420872,30,RTX 5090
2026-07-04T20:00:00.000Z,2026-07-04T20:00:00.000Z,RTX 5090,global,0.52375,0.6056927898070212,30,RTX 5090
2026-07-05T20:00:00.000Z,2026-07-05T20:00:00.000Z,RTX 5090,global,0.5104166666666666,0.6006445718270113,30,RTX 5090
2026-07-06T20:00:00.000Z,2026-07-06T20:00:00.000Z,RTX 5090,global,0.5125,0.607247190301585,30,RTX 5090
2026-07-07T20:00:00.000Z,2026-07-07T20:00:00.000Z,RTX 5090,global,0.51,0.6027090497862136,30,RTX 5090
2026-07-08T20:00:00.000Z,2026-07-08T20:00:00.000Z,RTX 5090,global,0.5066666666666667,0.4992614747603593,30,RTX 5090
2026-07-09T20:00:00.000Z,2026-07-09T20:00:00.000Z,RTX 5090,global,0.5033333333333333,0.49449479043379624,30,RTX 5090
2026-07-10T20:00:00.000Z,2026-07-10T20:00:00.000Z,RTX 5090,global,0.5058333333333334,0.4964491160644632,30,RTX 5090
2026-07-11T20:00:00.000Z,2026-07-11T20:00:00.000Z,RTX 5090,global,0.51,0.4800199380991265,30,RTX 5090
2026-07-12T20:00:00.000Z,2026-07-12T20:00:00.000Z,RTX 5090,global,0.51,0.4678035629345372,30,RTX 5090
2026-07-13T20:00:00.000Z,2026-07-13T20:00:00.000Z,RTX 5090,global,0.50875,0.4689935648039079,30,RTX 5090
2026-07-14T20:00:00.000Z,2026-07-14T20:00:00.000Z,RTX 5090,global,0.5075,0.46278741763126346,30,RTX 5090
2026-07-15T20:00:00.000Z,2026-07-15T20:00:00.000Z,RTX 5090,global,0.5008333333333334,0.4621468696756632,30,RTX 5090
2026-07-16T20:00:00.000Z,2026-07-16T20:00:00.000Z,RTX 5090,global,0.4979166666666667,0.460112073123402,30,RTX 5090
2026-07-17T20:00:00.000Z,2026-07-17T20:00:00.000Z,RTX 5090,global,0.5008333333333334,0.4637743533464013,30,RTX 5090
2026-07-18T20:00:00.000Z,2026-07-18T20:00:00.000Z,RTX 5090,global,0.4995833333333333,0.2407633127762401,30,RTX 5090
2026-07-19T20:00:00.000Z,2026-07-19T20:00:00.000Z,RTX 5090,global,0.49583333333333335,0.21528622270129594,30,RTX 5090
2026-07-20T20:00:00.000Z,2026-07-20T20:00:00.000Z,RTX 5090,global,0.49375,0.19683580572913362,30,RTX 5090
2026-07-21T20:00:00.000Z,2026-07-21T20:00:00.000Z,RTX 5090,global,0.4925,0.19296193757729482,30,RTX 5090
2026-07-22T20:00:00.000Z,2026-07-22T20:00:00.000Z,RTX 5090,global,0.49416666666666664,0.17159173208868786,30,RTX 5090
2026-07-23T20:00:00.000Z,2026-07-23T20:00:00.000Z,RTX 5090,global,0.4895833333333333,0.17294315811409702,30,RTX 5090
2026-07-24T20:00:00.000Z,2026-07-24T20:00:00.000Z,RTX 5090,global,0.49083333333333334,0.16967069560089365,30,RTX 5090
2026-07-25T20:00:00.000Z,2026-07-25T20:00:00.000Z,RTX 5090,global,0.4845833333333333,0.1687943609004177,30,RTX 5090
2026-07-26T20:00:00.000Z,2026-07-26T20:00:00.000Z,RTX 5090,global,0.48041666666666666,0.16662932182150614,30,RTX 5090
2026-07-27T20:00:00.000Z,2026-07-27T20:00:00.000Z,RTX 5090,global,0.48541666666666666,0.17323004152947805,30,RTX 5090
2026-07-28T20:00:00.000Z,2026-07-28T20:00:00.000Z,RTX 5090,global,0.4845833333333333,0.1708521458462236,30,RTX 5090
2026-07-29T20:00:00.000Z,2026-07-29T20:00:00.000Z,RTX 5090,global,0.48625,0.16571457637212275,30,RTX 5090
2026-07-30T20:00:00.000Z,2026-07-30T20:00:00.000Z,RTX 5090,global,0.4875,0.14653378611442588,30,RTX 5090
2026-07-31T20:00:00.000Z,2026-07-31T20:00:00.000Z,RTX 5090,global,0.4866666666666667,0.14315957096945578,30,RTX 5090
2026-08-01T20:00:00.000Z,2026-08-01T20:00:00.000Z,RTX 5090,global,0.49041666666666667,0.14487852899434317,30,RTX 5090
2026-08-02T20:00:00.000Z,2026-08-02T20:00:00.000Z,RTX 5090,global,0.48833333333333334,0.14502573498021398,30,RTX 5090
2026-08-03T20:00:00.000Z,2026-08-03T20:00:00.000Z,RTX 5090,global,0.48083333333333333,0.14943306891416389,30,RTX 5090
2026-08-04T20:00:00.000Z,2026-08-04T20:00:00.000Z,RTX 5090,global,0.4875,0.13611863184292075,30,RTX 5090
2026-08-05T20:00:00.000Z,2026-08-05T20:00:00.000Z,RTX 5090,global,0.4895833333333333,0.13621924544773323,30,RTX 5090
2026-08-06T20:00:00.000Z,2026-08-06T20:00:00.000Z,RTX 5090,global,0.4895833333333333,0.13576593854968025,30,RTX 5090
2026-08-07T20:00:00.000Z,2026-08-07T20:00:00.000Z,RTX 5090,global,0.4875,0.13489430120510418,30,RTX 5090
2026-08-08T20:00:00.000Z,2026-08-08T20:00:00.000Z,RTX 5090,global,0.48791666666666667,0.13369816385409897,30,RTX 5090
2026-08-09T20:00:00.000Z,2026-08-09T20:00:00.000Z,RTX 5090,global,0.48583333333333334,0.13236275153787658,30,RTX 5090
2026-08-10T20:00:00.000Z,2026-08-10T20:00:00.000Z,RTX 5090,global,0.4891666666666667,0.13120331428634247,30,RTX 5090
2026-08-11T20:00:00.000Z,2026-08-11T20:00:00.000Z,RTX 5090,global,0.5,0.15433315114664015,30,RTX 5090
2026-08-12T20:00:00.000Z,2026-08-12T20:00:00.000Z,RTX 5090,global,0.5058333333333334,0.15995913808786502,30,RTX 5090
2026-08-13T20:00:00.000Z,2026-08-13T20:00:00.000Z,RTX 5090,global,0.50125,0.16279737178365544,30,RTX 5090
2026-08-14T20:00:00.000Z,2026-08-14T20:00:00.000Z,RTX 5090,global,0.5016666666666667,0.15612224778400666,30,RTX 5090
2026-08-15T20:00:00.000Z,2026-08-15T20:00:00.000Z,RTX 5090,global,0.50875,0.16194395144285295,30,RTX 5090
2026-08-16T20:00:00.000Z,2026-08-16T20:00:00.000Z,RTX 5090,global,0.5133333333333333,0.16354903439122623,30,RTX 5090
2026-08-17T20:00:00.000Z,2026-08-17T20:00:00.000Z,RTX 5090,global,0.5208333333333334,0.16983706560117648,30,RTX 5090
2026-08-18T20:00:00.000Z,2026-08-18T20:00:00.000Z,RTX 5090,global,0.5258333333333334,0.16899469796048933,30,RTX 5090
2026-08-19T20:00:00.000Z,2026-08-19T20:00:00.000Z,RTX 5090,global,0.5204166666666666,0.17312575870082358,30,RTX 5090
2026-08-20T20:00:00.000Z,2026-08-20T20:00:00.000Z,RTX 5090,global,0.52375,0.1731406164099906,30,RTX 5090
2026-08-21T20:00:00.000Z,2026-08-21T20:00:00.000Z,RTX 5090,global,0.5195833333333333,0.17654879529274034,30,RTX 5090
2026-08-22T20:00:00.000Z,2026-08-22T20:00:00.000Z,RTX 5090,global,0.5278260869565218,0.17854062585496466,30,RTX 5090
2026-08-23T20:00:00.000Z,2026-08-23T20:00:00.000Z,RTX 5090,global,0.5233333333333333,0.18265635041177675,30,RTX 5090
2026-08-24T20:00:00.000Z,2026-08-24T20:00:00.000Z,RTX 5090,global,0.5308695652173913,0.1791710230629825,30,RTX 5090
2026-08-25T20:00:00.000Z,2026-08-25T20:00:00.000Z,RTX 5090,global,0.53,0.17504683953165445,30,RTX 5090
2026-08-26T20:00:00.000Z,2026-08-26T20:00:00.000Z,RTX 5090,global,0.53625,0.17580757704861621,30,RTX 5090
2026-08-27T20:00:00.000Z,2026-08-27T20:00:00.000Z,RTX 5090,global,0.5308333333333334,0.18122743495771612,30,RTX 5090
2026-08-28T20:00:00.000Z,2026-08-28T20:00:00.000Z,RTX 5090,global,0.53375,0.18142395003630074,30,RTX 5090
2026-08-29T20:00:00.000Z,2026-08-29T20:00:00.000Z,RTX 5090,global,0.5304166666666666,0.184346549958392,30,RTX 5090
2026-08-30T20:00:00.000Z,2026-08-30T20:00:00.000Z,RTX 5090,global,0.5333333333333333,0.18383208337036655,30,RTX 5090
2026-08-31T20:00:00.000Z,2026-08-31T20:00:00.000Z,RTX 5090,global,0.53625,0.18329124703136943,30,RTX 5090
2025-09-17T20:00:00.000Z,2025-09-17T20:00:00.000Z,RTX PRO 6000 WS,global,1.0434508285796547,,30,RTX PRO 6000 WS
2025-09-18T20:00:00.000Z,2025-09-18T20:00:00.000Z,RTX PRO 6000 WS,global,1.0415009241121271,0.25013944042023595,30,RTX PRO 6000 WS
2025-09-19T20:00:00.000Z,2025-09-19T20:00:00.000Z,RTX PRO 6000 WS,global,1.0434286084125002,0.2275434705973866,30,RTX PRO 6000 WS
2025-09-20T20:00:00.000Z,2025-09-20T20:00:00.000Z,RTX PRO 6000 WS,global,1.0434634773202722,0.19693047604318153,30,RTX PRO 6000 WS
2025-09-21T20:00:00.000Z,2025-09-21T20:00:00.000Z,RTX PRO 6000 WS,global,1.0354206336889689,0.17203650985169525,30,RTX PRO 6000 WS
2025-09-22T20:00:00.000Z,2025-09-22T20:00:00.000Z,RTX PRO 6000 WS,global,1.041779520537723,0.17907797053936833,30,RTX PRO 6000 WS
2025-09-23T20:00:00.000Z,2025-09-23T20:00:00.000Z,RTX PRO 6000 WS,global,1.0379744169632603,0.16347507862235497,30,RTX PRO 6000 WS
2025-09-24T20:00:00.000Z,2025-09-24T20:00:00.000Z,RTX PRO 6000 WS,global,1.0459443905218526,0.16954593092046066,30,RTX PRO 6000 WS
2025-09-25T20:00:00.000Z,2025-09-25T20:00:00.000Z,RTX PRO 6000 WS,global,1.0587304261863293,0.18320065909195246,30,RTX PRO 6000 WS
2025-09-26T20:00:00.000Z,2025-09-26T20:00:00.000Z,RTX PRO 6000 WS,global,1.035610991358073,0.2158567231165827,30,RTX PRO 6000 WS
2025-09-27T20:00:00.000Z,2025-09-27T20:00:00.000Z,RTX PRO 6000 WS,global,1.0286918820063498,0.2060150458639848,30,RTX PRO 6000 WS
2025-09-28T20:00:00.000Z,2025-09-28T20:00:00.000Z,RTX PRO 6000 WS,global,1.0346944208777575,0.20255683380709036,30,RTX PRO 6000 WS
2025-09-29T20:00:00.000Z,2025-09-29T20:00:00.000Z,RTX PRO 6000 WS,global,1.0391723098317338,0.19717480828033324,30,RTX PRO 6000 WS
2025-09-30T20:00:00.000Z,2025-09-30T20:00:00.000Z,RTX PRO 6000 WS,global,1.0248453141147353,0.1990997268844766,30,RTX PRO 6000 WS
2025-10-01T20:00:00.000Z,2025-10-01T20:00:00.000Z,RTX PRO 6000 WS,global,1.0158870573202803,0.19415564444030045,30,RTX PRO 6000 WS
2025-10-02T20:00:00.000Z,2025-10-02T20:00:00.000Z,RTX PRO 6000 WS,global,1.0263037153684647,0.19810657547161503,30,RTX PRO 6000 WS
2025-10-03T20:00:00.000Z,2025-10-03T20:00:00.000Z,RTX PRO 6000 WS,global,0.9983608042762554,0.22478981351333618,30,RTX PRO 6000 WS
2025-10-04T20:00:00.000Z,2025-10-04T20:00:00.000Z,RTX PRO 6000 WS,global,0.993798808698144,0.2181066013850865,30,RTX PRO 6000 WS
2025-10-05T20:00:00.000Z,2025-10-05T20:00:00.000Z,RTX PRO 6000 WS,global,1.014320824738449,0.23717813547449487,30,RTX PRO 6000 WS
2025-10-06T20:00:00.000Z,2025-10-06T20:00:00.000Z,RTX PRO 6000 WS,global,1.0207520035212567,0.2339508606325296,30,RTX PRO 6000 WS
2025-10-07T20:00:00.000Z,2025-10-07T20:00:00.000Z,RTX PRO 6000 WS,global,1.0086602764834638,0.2316566562205297,30,RTX PRO 6000 WS
2025-10-08T20:00:00.000Z,2025-10-08T20:00:00.000Z,RTX PRO 6000 WS,global,1.0091373321510602,0.22641671603304386,30,RTX PRO 6000 WS
2025-10-09T20:00:00.000Z,2025-10-09T20:00:00.000Z,RTX PRO 6000 WS,global,0.9768759331734408,0.2515148669481739,30,RTX PRO 6000 WS
2025-10-10T20:00:00.000Z,2025-10-10T20:00:00.000Z,RTX PRO 6000 WS,global,1.0102047899167703,0.28578009154865447,30,RTX PRO 6000 WS
2025-10-11T20:00:00.000Z,2025-10-11T20:00:00.000Z,RTX PRO 6000 WS,global,0.9860208355460012,0.2921548623914753,30,RTX PRO 6000 WS
2025-10-12T20:00:00.000Z,2025-10-12T20:00:00.000Z,RTX PRO 6000 WS,global,0.9902599503834861,0.2875809308084745,30,RTX PRO 6000 WS
2025-10-13T20:00:00.000Z,2025-10-13T20:00:00.000Z,RTX PRO 6000 WS,global,0.9807850857189203,0.2831082217983309,30,RTX PRO 6000 WS
2025-10-14T20:00:00.000Z,2025-10-14T20:00:00.000Z,RTX PRO 6000 WS,global,0.9789398876939736,0.27784789859559533,30,RTX PRO 6000 WS
2025-10-15T20:00:00.000Z,2025-10-15T20:00:00.000Z,RTX PRO 6000 WS,global,0.9689264087903758,0.2740589859953656,30,RTX PRO 6000 WS
2025-10-16T20:00:00.000Z,2025-10-16T20:00:00.000Z,RTX PRO 6000 WS,global,0.9681055798089355,0.26942362275305837,30,RTX PRO 6000 WS
2025-10-17T20:00:00.000Z,2025-10-17T20:00:00.000Z,RTX PRO 6000 WS,global,0.9677206924957346,0.2622811900551284,30,RTX PRO 6000 WS
2025-10-18T20:00:00.000Z,2025-10-18T20:00:00.000Z,RTX PRO 6000 WS,global,0.9536657504012668,0.2656433857529344,30,RTX PRO 6000 WS
2025-10-19T20:00:00.000Z,2025-10-19T20:00:00.000Z,RTX PRO 6000 WS,global,0.9703841001782152,0.2745387709591521,30,RTX PRO 6000 WS
2025-10-20T20:00:00.000Z,2025-10-20T20:00:00.000Z,RTX PRO 6000 WS,global,0.9734465596276295,0.27510408015052357,30,RTX PRO 6000 WS
2025-10-21T20:00:00.000Z,2025-10-21T20:00:00.000Z,RTX PRO 6000 WS,global,0.9711306207244671,0.27440883236272423,30,RTX PRO 6000 WS
2025-10-22T20:00:00.000Z,2025-10-22T20:00:00.000Z,RTX PRO 6000 WS,global,0.9865882073951863,0.2800856902866754,30,RTX PRO 6000 WS
2025-10-23T20:00:00.000Z,2025-10-23T20:00:00.000Z,RTX PRO 6000 WS,global,0.9500982437809977,0.30678352252614915,30,RTX PRO 6000 WS
2025-10-24T20:00:00.000Z,2025-10-24T20:00:00.000Z,RTX PRO 6000 WS,global,0.9235258558537746,0.31668581698136816,30,RTX PRO 6000 WS
2025-10-25T20:00:00.000Z,2025-10-25T20:00:00.000Z,RTX PRO 6000 WS,global,0.9295891331170782,0.31364316979002194,30,RTX PRO 6000 WS
2025-10-26T20:00:00.000Z,2025-10-26T20:00:00.000Z,RTX PRO 6000 WS,global,0.9338885563851113,0.3084139783801757,30,RTX PRO 6000 WS
2025-10-27T20:00:00.000Z,2025-10-27T20:00:00.000Z,RTX PRO 6000 WS,global,0.971889747775461,0.3430848471226197,30,RTX PRO 6000 WS
2025-10-28T20:00:00.000Z,2025-10-28T20:00:00.000Z,RTX PRO 6000 WS,global,0.9556087731474129,0.3457952868290302,30,RTX PRO 6000 WS
2025-10-29T20:00:00.000Z,2025-10-29T20:00:00.000Z,RTX PRO 6000 WS,global,0.9332414030069739,0.35242415963518064,30,RTX PRO 6000 WS
2025-10-30T20:00:00.000Z,2025-10-30T20:00:00.000Z,RTX PRO 6000 WS,global,0.943177127545444,0.3537585654161596,30,RTX PRO 6000 WS
2025-10-31T20:00:00.000Z,2025-10-31T20:00:00.000Z,RTX PRO 6000 WS,global,0.9352036441554029,0.35369803977156805,30,RTX PRO 6000 WS
2025-11-01T20:00:00.000Z,2025-11-01T20:00:00.000Z,RTX PRO 6000 WS,global,0.953659172362506,0.3594592746630496,30,RTX PRO 6000 WS
2025-11-02T21:00:00.000Z,2025-11-02T21:00:00.000Z,RTX PRO 6000 WS,global,0.9406569762506122,0.3503801301691081,30,RTX PRO 6000 WS
2025-11-03T21:00:00.000Z,2025-11-03T21:00:00.000Z,RTX PRO 6000 WS,global,0.9495390638325905,0.3524630669412878,30,RTX PRO 6000 WS
2025-11-04T21:00:00.000Z,2025-11-04T21:00:00.000Z,RTX PRO 6000 WS,global,0.9881084193734518,0.3735076010061531,30,RTX PRO 6000 WS
2025-11-05T21:00:00.000Z,2025-11-05T21:00:00.000Z,RTX PRO 6000 WS,global,0.9778208661961045,0.37402779764077443,30,RTX PRO 6000 WS
2025-11-06T21:00:00.000Z,2025-11-06T21:00:00.000Z,RTX PRO 6000 WS,global,0.9677975905778232,0.3735006419164381,30,RTX PRO 6000 WS
2025-11-07T21:00:00.000Z,2025-11-07T21:00:00.000Z,RTX PRO 6000 WS,global,0.9883333333333333,0.3815551703118944,30,RTX PRO 6000 WS
2025-11-08T21:00:00.000Z,2025-11-08T21:00:00.000Z,RTX PRO 6000 WS,global,0.9853209364584653,0.3640953208651254,30,RTX PRO 6000 WS
2025-11-09T21:00:00.000Z,2025-11-09T21:00:00.000Z,RTX PRO 6000 WS,global,0.9662421788903967,0.34987407626259015,30,RTX PRO 6000 WS
2025-11-10T21:00:00.000Z,2025-11-10T21:00:00.000Z,RTX PRO 6000 WS,global,0.9654853109229417,0.34010957443046047,30,RTX PRO 6000 WS
2025-11-11T21:00:00.000Z,2025-11-11T21:00:00.000Z,RTX PRO 6000 WS,global,0.9416666666666668,0.3498858001449111,30,RTX PRO 6000 WS
2025-11-12T21:00:00.000Z,2025-11-12T21:00:00.000Z,RTX PRO 6000 WS,global,0.9425,0.34880304572781684,30,RTX PRO 6000 WS
2025-11-13T21:00:00.000Z,2025-11-13T21:00:00.000Z,RTX PRO 6000 WS,global,0.9817484135852683,0.37845908486788665,30,RTX PRO 6000 WS
2025-11-14T21:00:00.000Z,2025-11-14T21:00:00.000Z,RTX PRO 6000 WS,global,0.9745833333333334,0.37757825215680707,30,RTX PRO 6000 WS
2025-11-15T21:00:00.000Z,2025-11-15T21:00:00.000Z,RTX PRO 6000 WS,global,0.9662499999999999,0.3788101449057792,30,RTX PRO 6000 WS
2025-11-16T21:00:00.000Z,2025-11-16T21:00:00.000Z,RTX PRO 6000 WS,global,0.9879166666666667,0.38666152642777735,30,RTX PRO 6000 WS
2025-11-17T21:00:00.000Z,2025-11-17T21:00:00.000Z,RTX PRO 6000 WS,global,0.9862500000000001,0.3828243017821341,30,RTX PRO 6000 WS
2025-11-18T21:00:00.000Z,2025-11-18T21:00:00.000Z,RTX PRO 6000 WS,global,0.9830934343373569,0.3785300695486647,30,RTX PRO 6000 WS
2025-11-19T21:00:00.000Z,2025-11-19T21:00:00.000Z,RTX PRO 6000 WS,global,0.9779166666666667,0.37891044401927826,30,RTX PRO 6000 WS
2025-11-20T21:00:00.000Z,2025-11-20T21:00:00.000Z,RTX PRO 6000 WS,global,0.9845833333333335,0.3794892460684482,30,RTX PRO 6000 WS
2025-11-21T21:00:00.000Z,2025-11-21T21:00:00.000Z,RTX PRO 6000 WS,global,0.9856928294637322,0.3754575484786359,30,RTX PRO 6000 WS
2025-11-22T21:00:00.000Z,2025-11-22T21:00:00.000Z,RTX PRO 6000 WS,global,0.9775,0.3516101685043302,30,RTX PRO 6000 WS
2025-11-23T21:00:00.000Z,2025-11-23T21:00:00.000Z,RTX PRO 6000 WS,global,0.9858996768921792,0.33611105247434925,30,RTX PRO 6000 WS
2025-11-24T21:00:00.000Z,2025-11-24T21:00:00.000Z,RTX PRO 6000 WS,global,0.9404166666666667,0.37715379827036316,30,RTX PRO 6000 WS
2025-11-25T21:00:00.000Z,2025-11-25T21:00:00.000Z,RTX PRO 6000 WS,global,0.9364377029460642,0.3771689415206141,30,RTX PRO 6000 WS
2025-11-26T21:00:00.000Z,2025-11-26T21:00:00.000Z,RTX PRO 6000 WS,global,0.9569661960535908,0.3578478315825607,30,RTX PRO 6000 WS
2025-11-27T21:00:00.000Z,2025-11-27T21:00:00.000Z,RTX PRO 6000 WS,global,0.9466666666666667,0.3549649656680711,30,RTX PRO 6000 WS
2025-11-28T21:00:00.000Z,2025-11-28T21:00:00.000Z,RTX PRO 6000 WS,global,0.9366666666666665,0.34697345042534605,30,RTX PRO 6000 WS
2025-11-29T21:00:00.000Z,2025-11-29T21:00:00.000Z,RTX PRO 6000 WS,global,0.9414296209401621,0.34540844001785187,30,RTX PRO 6000 WS
2025-11-30T21:00:00.000Z,2025-11-30T21:00:00.000Z,RTX PRO 6000 WS,global,0.9289985208380589,0.3472844880047059,30,RTX PRO 6000 WS
2025-12-01T21:00:00.000Z,2025-12-01T21:00:00.000Z,RTX PRO 6000 WS,global,0.943575766427438,0.3447059083196252,30,RTX PRO 6000 WS
2025-12-02T21:00:00.000Z,2025-12-02T21:00:00.000Z,RTX PRO 6000 WS,global,0.946353645245939,0.34145444038247563,30,RTX PRO 6000 WS
2025-12-03T21:00:00.000Z,2025-12-03T21:00:00.000Z,RTX PRO 6000 WS,global,0.939736400487182,0.3406894254558549,30,RTX PRO 6000 WS
2025-12-04T21:00:00.000Z,2025-12-04T21:00:00.000Z,RTX PRO 6000 WS,global,0.9325000000000001,0.3090406609055706,30,RTX PRO 6000 WS
2025-12-05T21:00:00.000Z,2025-12-05T21:00:00.000Z,RTX PRO 6000 WS,global,0.9466095878542778,0.3129411082996487,30,RTX PRO 6000 WS
2025-12-06T21:00:00.000Z,2025-12-06T21:00:00.000Z,RTX PRO 6000 WS,global,0.9358333333333334,0.3133913019925617,30,RTX PRO 6000 WS
2025-12-07T21:00:00.000Z,2025-12-07T21:00:00.000Z,RTX PRO 6000 WS,global,0.9326442745157134,0.30310706746366695,30,RTX PRO 6000 WS
2025-12-08T21:00:00.000Z,2025-12-08T21:00:00.000Z,RTX PRO 6000 WS,global,0.9315999603200583,0.30309218476925615,30,RTX PRO 6000 WS
2025-12-09T21:00:00.000Z,2025-12-09T21:00:00.000Z,RTX PRO 6000 WS,global,0.9179166666666667,0.30003821184469337,30,RTX PRO 6000 WS
2025-12-10T21:00:00.000Z,2025-12-10T21:00:00.000Z,RTX PRO 6000 WS,global,0.9202397774221627,0.30038902887096747,30,RTX PRO 6000 WS
2025-12-11T21:00:00.000Z,2025-12-11T21:00:00.000Z,RTX PRO 6000 WS,global,0.9225,0.28852188085646213,30,RTX PRO 6000 WS
2025-12-12T21:00:00.000Z,2025-12-12T21:00:00.000Z,RTX PRO 6000 WS,global,0.9258333333333334,0.288864380561836,30,RTX PRO 6000 WS
2025-12-13T21:00:00.000Z,2025-12-13T21:00:00.000Z,RTX PRO 6000 WS,global,0.917747739291649,0.24836943149595267,30,RTX PRO 6000 WS
2025-12-14T21:00:00.000Z,2025-12-14T21:00:00.000Z,RTX PRO 6000 WS,global,0.9145004790913532,0.24774588270824138,30,RTX PRO 6000 WS
2025-12-15T21:00:00.000Z,2025-12-15T21:00:00.000Z,RTX PRO 6000 WS,global,0.9066666666666667,0.24775104359952424,30,RTX PRO 6000 WS
2025-12-16T21:00:00.000Z,2025-12-16T21:00:00.000Z,RTX PRO 6000 WS,global,0.910434782608696,0.23304175286231046,30,RTX PRO 6000 WS
2025-12-17T21:00:00.000Z,2025-12-17T21:00:00.000Z,RTX PRO 6000 WS,global,0.9054166666666666,0.2332119449489577,30,RTX PRO 6000 WS
2025-12-18T21:00:00.000Z,2025-12-18T21:00:00.000Z,RTX PRO 6000 WS,global,0.9058333333333334,0.2334920319747118,30,RTX PRO 6000 WS
2025-12-19T21:00:00.000Z,2025-12-19T21:00:00.000Z,RTX PRO 6000 WS,global,0.915,0.23748459010884876,30,RTX PRO 6000 WS
2025-12-20T21:00:00.000Z,2025-12-20T21:00:00.000Z,RTX PRO 6000 WS,global,0.9091666666666667,0.23563493582469594,30,RTX PRO 6000 WS
2025-12-21T21:00:00.000Z,2025-12-21T21:00:00.000Z,RTX PRO 6000 WS,global,0.9108333333333334,0.23579021998886646,30,RTX PRO 6000 WS
2025-12-22T21:00:00.000Z,2025-12-22T21:00:00.000Z,RTX PRO 6000 WS,global,0.9170833333333334,0.23710428225976218,30,RTX PRO 6000 WS
2025-12-23T21:00:00.000Z,2025-12-23T21:00:00.000Z,RTX PRO 6000 WS,global,0.9041666666666667,0.2374763764758783,30,RTX PRO 6000 WS
2025-12-24T21:00:00.000Z,2025-12-24T21:00:00.000Z,RTX PRO 6000 WS,global,0.8991666666666667,0.17607520067645416,30,RTX PRO 6000 WS
2025-12-25T21:00:00.000Z,2025-12-25T21:00:00.000Z,RTX PRO 6000 WS,global,0.8916666666666667,0.17747220473964964,30,RTX PRO 6000 WS
2025-12-26T21:00:00.000Z,2025-12-26T21:00:00.000Z,RTX PRO 6000 WS,global,0.8920833333333333,0.15658698046884234,30,RTX PRO 6000 WS
2025-12-27T21:00:00.000Z,2025-12-27T21:00:00.000Z,RTX PRO 6000 WS,global,0.8945833333333333,0.15449527548421751,30,RTX PRO 6000 WS
2025-12-28T21:00:00.000Z,2025-12-28T21:00:00.000Z,RTX PRO 6000 WS,global,0.8904166666666666,0.1516291878017247,30,RTX PRO 6000 WS
2025-12-29T21:00:00.000Z,2025-12-29T21:00:00.000Z,RTX PRO 6000 WS,global,0.885,0.1503631434222915,30,RTX PRO 6000 WS
2025-12-30T21:00:00.000Z,2025-12-30T21:00:00.000Z,RTX PRO 6000 WS,global,0.8866666666666667,0.14532784651326525,30,RTX PRO 6000 WS
2026-01-01T21:00:00.000Z,2026-01-01T21:00:00.000Z,RTX PRO 6000 WS,global,0.8983333333333333,0.14217134804200865,30,RTX PRO 6000 WS
2026-01-02T21:00:00.000Z,2026-01-02T21:00:00.000Z,RTX PRO 6000 WS,global,0.8870833333333333,0.14606418891218445,30,RTX PRO 6000 WS
2026-01-03T21:00:00.000Z,2026-01-03T21:00:00.000Z,RTX PRO 6000 WS,global,0.8829166666666667,0.14492759914099002,30,RTX PRO 6000 WS
2026-01-04T21:00:00.000Z,2026-01-04T21:00:00.000Z,RTX PRO 6000 WS,global,0.8779166666666667,0.1320713066543849,30,RTX PRO 6000 WS
2026-01-05T21:00:00.000Z,2026-01-05T21:00:00.000Z,RTX PRO 6000 WS,global,0.875,0.12813284278433804,30,RTX PRO 6000 WS
2026-01-06T21:00:00.000Z,2026-01-06T21:00:00.000Z,RTX PRO 6000 WS,global,0.8675,0.12999907549409748,30,RTX PRO 6000 WS
2026-01-07T21:00:00.000Z,2026-01-07T21:00:00.000Z,RTX PRO 6000 WS,global,0.85625,0.13506931192833477,30,RTX PRO 6000 WS
2026-01-08T21:00:00.000Z,2026-01-08T21:00:00.000Z,RTX PRO 6000 WS,global,0.87,0.1430409217470156,30,RTX PRO 6000 WS
2026-01-09T21:00:00.000Z,2026-01-09T21:00:00.000Z,RTX PRO 6000 WS,global,0.8675,0.14222902949934277,30,RTX PRO 6000 WS
2026-01-10T21:00:00.000Z,2026-01-10T21:00:00.000Z,RTX PRO 6000 WS,global,0.8345833333333333,0.19036780016333463,30,RTX PRO 6000 WS
2026-01-11T21:00:00.000Z,2026-01-11T21:00:00.000Z,RTX PRO 6000 WS,global,0.84625,0.1982951089826284,30,RTX PRO 6000 WS
2026-01-12T21:00:00.000Z,2026-01-12T21:00:00.000Z,RTX PRO 6000 WS,global,0.8439130434782609,0.19719692115007711,30,RTX PRO 6000 WS
2026-01-13T21:00:00.000Z,2026-01-13T21:00:00.000Z,RTX PRO 6000 WS,global,0.8370833333333333,0.19806143508839344,30,RTX PRO 6000 WS
2026-01-14T21:00:00.000Z,2026-01-14T21:00:00.000Z,RTX PRO 6000 WS,global,0.8395833333333333,0.1980208555504894,30,RTX PRO 6000 WS
2026-01-15T21:00:00.000Z,2026-01-15T21:00:00.000Z,RTX PRO 6000 WS,global,0.83875,0.19663553899343875,30,RTX PRO 6000 WS
2026-01-16T21:00:00.000Z,2026-01-16T21:00:00.000Z,RTX PRO 6000 WS,global,0.8325,0.19710201050828413,30,RTX PRO 6000 WS
2026-01-17T21:00:00.000Z,2026-01-17T21:00:00.000Z,RTX PRO 6000 WS,global,0.83,0.1967512186671044,30,RTX PRO 6000 WS
2026-01-18T21:00:00.000Z,2026-01-18T21:00:00.000Z,RTX PRO 6000 WS,global,0.83125,0.19184511188629008,30,RTX PRO 6000 WS
2026-01-19T21:00:00.000Z,2026-01-19T21:00:00.000Z,RTX PRO 6000 WS,global,0.8429166666666666,0.20049674914039536,30,RTX PRO 6000 WS
2026-01-20T21:00:00.000Z,2026-01-20T21:00:00.000Z,RTX PRO 6000 WS,global,0.8395833333333333,0.19993105579738066,30,RTX PRO 6000 WS
2026-01-21T21:00:00.000Z,2026-01-21T21:00:00.000Z,RTX PRO 6000 WS,global,0.83625,0.19696362827024536,30,RTX PRO 6000 WS
2026-01-22T21:00:00.000Z,2026-01-22T21:00:00.000Z,RTX PRO 6000 WS,global,0.8354166666666667,0.1929322278253395,30,RTX PRO 6000 WS
2026-01-23T21:00:00.000Z,2026-01-23T21:00:00.000Z,RTX PRO 6000 WS,global,0.8329166666666666,0.1926531521046136,30,RTX PRO 6000 WS
2026-01-24T21:00:00.000Z,2026-01-24T21:00:00.000Z,RTX PRO 6000 WS,global,0.84125,0.19625452601733087,30,RTX PRO 6000 WS
2026-01-25T21:00:00.000Z,2026-01-25T21:00:00.000Z,RTX PRO 6000 WS,global,0.8458333333333333,0.19777982622395418,30,RTX PRO 6000 WS
2026-01-26T21:00:00.000Z,2026-01-26T21:00:00.000Z,RTX PRO 6000 WS,global,0.8558333333333333,0.20278886908562926,30,RTX PRO 6000 WS
2026-01-27T21:00:00.000Z,2026-01-27T21:00:00.000Z,RTX PRO 6000 WS,global,0.8566666666666667,0.2026257679783754,30,RTX PRO 6000 WS
2026-01-28T21:00:00.000Z,2026-01-28T21:00:00.000Z,RTX PRO 6000 WS,global,0.8616666666666667,0.20332670466078673,30,RTX PRO 6000 WS
2026-01-29T21:00:00.000Z,2026-01-29T21:00:00.000Z,RTX PRO 6000 WS,global,0.86,0.20310753728305106,30,RTX PRO 6000 WS
2026-01-30T21:00:00.000Z,2026-01-30T21:00:00.000Z,RTX PRO 6000 WS,global,0.8775,0.20984557656668462,30,RTX PRO 6000 WS
2026-01-31T21:00:00.000Z,2026-01-31T21:00:00.000Z,RTX PRO 6000 WS,global,0.8816666666666667,0.21073502000355981,30,RTX PRO 6000 WS
2026-02-01T21:00:00.000Z,2026-02-01T21:00:00.000Z,RTX PRO 6000 WS,global,0.8691666666666666,0.2120119570731433,30,RTX PRO 6000 WS
2026-02-02T21:00:00.000Z,2026-02-02T21:00:00.000Z,RTX PRO 6000 WS,global,0.8925,0.2315791894841483,30,RTX PRO 6000 WS
2026-02-03T21:00:00.000Z,2026-02-03T21:00:00.000Z,RTX PRO 6000 WS,global,0.8733333333333333,0.24329433182160837,30,RTX PRO 6000 WS
2026-02-04T21:00:00.000Z,2026-02-04T21:00:00.000Z,RTX PRO 6000 WS,global,0.8729166666666667,0.24303235787469343,30,RTX PRO 6000 WS
2026-02-05T21:00:00.000Z,2026-02-05T21:00:00.000Z,RTX PRO 6000 WS,global,0.87125,0.24118993683752568,30,RTX PRO 6000 WS
2026-02-06T21:00:00.000Z,2026-02-06T21:00:00.000Z,RTX PRO 6000 WS,global,0.8570833333333333,0.24375835873287832,30,RTX PRO 6000 WS
2026-02-07T21:00:00.000Z,2026-02-07T21:00:00.000Z,RTX PRO 6000 WS,global,0.8425,0.2439227146848011,30,RTX PRO 6000 WS
2026-02-08T21:00:00.000Z,2026-02-08T21:00:00.000Z,RTX PRO 6000 WS,global,0.8483333333333334,0.24539090383469994,30,RTX PRO 6000 WS
2026-02-09T21:00:00.000Z,2026-02-09T21:00:00.000Z,RTX PRO 6000 WS,global,0.8679166666666667,0.2179553438779445,30,RTX PRO 6000 WS
2026-02-10T21:00:00.000Z,2026-02-10T21:00:00.000Z,RTX PRO 6000 WS,global,0.86875,0.2131786704733993,30,RTX PRO 6000 WS
2026-02-11T21:00:00.000Z,2026-02-11T21:00:00.000Z,RTX PRO 6000 WS,global,0.85875,0.21724961413054866,30,RTX PRO 6000 WS
2026-02-12T21:00:00.000Z,2026-02-12T21:00:00.000Z,RTX PRO 6000 WS,global,0.84,0.22939606680272573,30,RTX PRO 6000 WS
2026-02-13T21:00:00.000Z,2026-02-13T21:00:00.000Z,RTX PRO 6000 WS,global,0.84625,0.2306102563917858,30,RTX PRO 6000 WS
2026-02-14T21:00:00.000Z,2026-02-14T21:00:00.000Z,RTX PRO 6000 WS,global,0.8429166666666666,0.23104257346831844,30,RTX PRO 6000 WS
2026-02-15T21:00:00.000Z,2026-02-15T21:00:00.000Z,RTX PRO 6000 WS,global,0.8566666666666667,0.23587840470270385,30,RTX PRO 6000 WS
2026-02-16T21:00:00.000Z,2026-02-16T21:00:00.000Z,RTX PRO 6000 WS,global,0.8470833333333333,0.2393471723026983,30,RTX PRO 6000 WS
2026-02-17T21:00:00.000Z,2026-02-17T21:00:00.000Z,RTX PRO 6000 WS,global,0.855,0.2412237554215796,30,RTX PRO 6000 WS
2026-02-18T21:00:00.000Z,2026-02-18T21:00:00.000Z,RTX PRO 6000 WS,global,0.8795833333333334,0.25579255301496107,30,RTX PRO 6000 WS
2026-02-19T21:00:00.000Z,2026-02-19T21:00:00.000Z,RTX PRO 6000 WS,global,0.8733333333333333,0.25686814505484507,30,RTX PRO 6000 WS
2026-02-20T21:00:00.000Z,2026-02-20T21:00:00.000Z,RTX PRO 6000 WS,global,0.8614285714285714,0.2616018440741238,30,RTX PRO 6000 WS
2026-02-21T21:00:00.000Z,2026-02-21T21:00:00.000Z,RTX PRO 6000 WS,global,0.87,0.26331685003505056,30,RTX PRO 6000 WS
2026-02-22T21:00:00.000Z,2026-02-22T21:00:00.000Z,RTX PRO 6000 WS,global,0.8666666666666667,0.2635081388639876,30,RTX PRO 6000 WS
2026-02-23T21:00:00.000Z,2026-02-23T21:00:00.000Z,RTX PRO 6000 WS,global,0.8583333333333333,0.2643037481550376,30,RTX PRO 6000 WS
2026-02-24T21:00:00.000Z,2026-02-24T21:00:00.000Z,RTX PRO 6000 WS,global,0.8716666666666667,0.26882210907310194,30,RTX PRO 6000 WS
2026-02-25T21:00:00.000Z,2026-02-25T21:00:00.000Z,RTX PRO 6000 WS,global,0.8708333333333333,0.26606624004276447,30,RTX PRO 6000 WS
2026-02-26T21:00:00.000Z,2026-02-26T21:00:00.000Z,RTX PRO 6000 WS,global,0.89,0.2761523713987465,30,RTX PRO 6000 WS
2026-02-27T21:00:00.000Z,2026-02-27T21:00:00.000Z,RTX PRO 6000 WS,global,0.8745833333333334,0.28318782284731425,30,RTX PRO 6000 WS
2026-02-28T21:00:00.000Z,2026-02-28T21:00:00.000Z,RTX PRO 6000 WS,global,0.85375,0.29586227140704563,30,RTX PRO 6000 WS
2026-03-01T21:00:00.000Z,2026-03-01T21:00:00.000Z,RTX PRO 6000 WS,global,0.8679166666666667,0.292929283125723,30,RTX PRO 6000 WS
2026-03-02T21:00:00.000Z,2026-03-02T21:00:00.000Z,RTX PRO 6000 WS,global,0.8695833333333334,0.2924758932848056,30,RTX PRO 6000 WS
2026-03-03T21:00:00.000Z,2026-03-03T21:00:00.000Z,RTX PRO 6000 WS,global,0.8841666666666667,0.2939631782814263,30,RTX PRO 6000 WS
2026-03-04T21:00:00.000Z,2026-03-04T21:00:00.000Z,RTX PRO 6000 WS,global,0.8983333333333333,0.28437029949602816,30,RTX PRO 6000 WS
2026-03-05T21:00:00.000Z,2026-03-05T21:00:00.000Z,RTX PRO 6000 WS,global,0.9041666666666667,0.27381516506030845,30,RTX PRO 6000 WS
2026-03-06T21:00:00.000Z,2026-03-06T21:00:00.000Z,RTX PRO 6000 WS,global,0.9078260869565218,0.2739291402239385,30,RTX PRO 6000 WS
2026-03-07T21:00:00.000Z,2026-03-07T21:00:00.000Z,RTX PRO 6000 WS,global,0.9208333333333333,0.27730534636994714,30,RTX PRO 6000 WS
2026-03-08T20:00:00.000Z,2026-03-08T20:00:00.000Z,RTX PRO 6000 WS,global,0.93625,0.27385402895168715,30,RTX PRO 6000 WS
2026-03-09T20:00:00.000Z,2026-03-09T20:00:00.000Z,RTX PRO 6000 WS,global,0.9329166666666666,0.2652620555603392,30,RTX PRO 6000 WS
2026-03-10T20:00:00.000Z,2026-03-10T20:00:00.000Z,RTX PRO 6000 WS,global,0.9404166666666667,0.2654740520089057,30,RTX PRO 6000 WS
2026-03-11T20:00:00.000Z,2026-03-11T20:00:00.000Z,RTX PRO 6000 WS,global,0.9466666666666667,0.25644444875448685,30,RTX PRO 6000 WS
2026-03-12T20:00:00.000Z,2026-03-12T20:00:00.000Z,RTX PRO 6000 WS,global,0.9441666666666667,0.25709408379449233,30,RTX PRO 6000 WS
2026-03-13T20:00:00.000Z,2026-03-13T20:00:00.000Z,RTX PRO 6000 WS,global,0.94625,0.2518513662597469,30,RTX PRO 6000 WS
2026-03-14T20:00:00.000Z,2026-03-14T20:00:00.000Z,RTX PRO 6000 WS,global,0.95,0.2347094544233228,30,RTX PRO 6000 WS
2026-03-15T20:00:00.000Z,2026-03-15T20:00:00.000Z,RTX PRO 6000 WS,global,0.9479166666666666,0.23539531902993205,30,RTX PRO 6000 WS
2026-03-16T20:00:00.000Z,2026-03-16T20:00:00.000Z,RTX PRO 6000 WS,global,0.935,0.2418148802368202,30,RTX PRO 6000 WS
2026-03-17T20:00:00.000Z,2026-03-17T20:00:00.000Z,RTX PRO 6000 WS,global,0.9125,0.25589875071180135,30,RTX PRO 6000 WS
2026-03-18T20:00:00.000Z,2026-03-18T20:00:00.000Z,RTX PRO 6000 WS,global,0.9295833333333333,0.2574301255987136,30,RTX PRO 6000 WS
2026-03-19T20:00:00.000Z,2026-03-19T20:00:00.000Z,RTX PRO 6000 WS,global,0.96,0.27608546328260253,30,RTX PRO 6000 WS
2026-03-20T20:00:00.000Z,2026-03-20T20:00:00.000Z,RTX PRO 6000 WS,global,0.9629166666666666,0.26156619038640333,30,RTX PRO 6000 WS
2026-03-21T20:00:00.000Z,2026-03-21T20:00:00.000Z,RTX PRO 6000 WS,global,0.9579166666666666,0.2607109891452219,30,RTX PRO 6000 WS
2026-03-22T20:00:00.000Z,2026-03-22T20:00:00.000Z,RTX PRO 6000 WS,global,0.96125,0.253560497741758,30,RTX PRO 6000 WS
2026-03-23T20:00:00.000Z,2026-03-23T20:00:00.000Z,RTX PRO 6000 WS,global,0.9645833333333333,0.25255678159064776,30,RTX PRO 6000 WS
2026-03-24T20:00:00.000Z,2026-03-24T20:00:00.000Z,RTX PRO 6000 WS,global,0.9820833333333333,0.2560843029415422,30,RTX PRO 6000 WS
2026-03-25T20:00:00.000Z,2026-03-25T20:00:00.000Z,RTX PRO 6000 WS,global,0.9675,0.26031786957931896,30,RTX PRO 6000 WS
2026-03-26T20:00:00.000Z,2026-03-26T20:00:00.000Z,RTX PRO 6000 WS,global,0.9647619047619047,0.2580104411293725,30,RTX PRO 6000 WS
2026-03-27T20:00:00.000Z,2026-03-27T20:00:00.000Z,RTX PRO 6000 WS,global,1.0,0.2811592675600466,30,RTX PRO 6000 WS
2026-03-28T20:00:00.000Z,2026-03-28T20:00:00.000Z,RTX PRO 6000 WS,global,0.9841666666666666,0.2829706513841966,30,RTX PRO 6000 WS
2026-03-29T20:00:00.000Z,2026-03-29T20:00:00.000Z,RTX PRO 6000 WS,global,0.96875,0.28146665179735186,30,RTX PRO 6000 WS
2026-03-30T20:00:00.000Z,2026-03-30T20:00:00.000Z,RTX PRO 6000 WS,global,0.9758333333333333,0.26356872108525176,30,RTX PRO 6000 WS
2026-03-31T20:00:00.000Z,2026-03-31T20:00:00.000Z,RTX PRO 6000 WS,global,0.9825,0.2601654278873986,30,RTX PRO 6000 WS
2026-04-01T20:00:00.000Z,2026-04-01T20:00:00.000Z,RTX PRO 6000 WS,global,1.0020833333333334,0.2656221242337653,30,RTX PRO 6000 WS
2026-04-02T20:00:00.000Z,2026-04-02T20:00:00.000Z,RTX PRO 6000 WS,global,1.0008333333333332,0.26284384405794303,30,RTX PRO 6000 WS
2026-04-03T20:00:00.000Z,2026-04-03T20:00:00.000Z,RTX PRO 6000 WS,global,0.9958333333333333,0.26117632116358885,30,RTX PRO 6000 WS
2026-04-04T20:00:00.000Z,2026-04-04T20:00:00.000Z,RTX PRO 6000 WS,global,1.0041666666666667,0.2615291651664854,30,RTX PRO 6000 WS
2026-04-05T20:00:00.000Z,2026-04-05T20:00:00.000Z,RTX PRO 6000 WS,global,0.9954166666666666,0.2649781588940544,30,RTX PRO 6000 WS
2026-04-06T20:00:00.000Z,2026-04-06T20:00:00.000Z,RTX PRO 6000 WS,global,1.005,0.2630048376382521,30,RTX PRO 6000 WS
2026-04-07T20:00:00.000Z,2026-04-07T20:00:00.000Z,RTX PRO 6000 WS,global,1.0245833333333334,0.26493113190655254,30,RTX PRO 6000 WS
2026-04-08T20:00:00.000Z,2026-04-08T20:00:00.000Z,RTX PRO 6000 WS,global,1.0379166666666666,0.26602695606411075,30,RTX PRO 6000 WS
2026-04-09T20:00:00.000Z,2026-04-09T20:00:00.000Z,RTX PRO 6000 WS,global,1.0316666666666667,0.267575864954015,30,RTX PRO 6000 WS
2026-04-10T20:00:00.000Z,2026-04-10T20:00:00.000Z,RTX PRO 6000 WS,global,1.0354166666666667,0.26728131736166444,30,RTX PRO 6000 WS
2026-04-11T20:00:00.000Z,2026-04-11T20:00:00.000Z,RTX PRO 6000 WS,global,1.0283333333333333,0.2688014791778599,30,RTX PRO 6000 WS
2026-04-12T20:00:00.000Z,2026-04-12T20:00:00.000Z,RTX PRO 6000 WS,global,1.0195833333333333,0.2717239280242987,30,RTX PRO 6000 WS
2026-04-13T20:00:00.000Z,2026-04-13T20:00:00.000Z,RTX PRO 6000 WS,global,1.0279166666666666,0.27239955707137664,30,RTX PRO 6000 WS
2026-04-14T20:00:00.000Z,2026-04-14T20:00:00.000Z,RTX PRO 6000 WS,global,1.03375,0.27202669011569053,30,RTX PRO 6000 WS
2026-04-15T20:00:00.000Z,2026-04-15T20:00:00.000Z,RTX PRO 6000 WS,global,1.0704166666666666,0.2870487652007521,30,RTX PRO 6000 WS
2026-04-16T20:00:00.000Z,2026-04-16T20:00:00.000Z,RTX PRO 6000 WS,global,1.0541666666666667,0.2771492174549151,30,RTX PRO 6000 WS
2026-04-17T20:00:00.000Z,2026-04-17T20:00:00.000Z,RTX PRO 6000 WS,global,1.0441666666666667,0.2769376235852014,30,RTX PRO 6000 WS
2026-04-18T20:00:00.000Z,2026-04-18T20:00:00.000Z,RTX PRO 6000 WS,global,1.0254166666666666,0.2676285293756328,30,RTX PRO 6000 WS
2026-04-19T20:00:00.000Z,2026-04-19T20:00:00.000Z,RTX PRO 6000 WS,global,1.0320833333333332,0.26803381891814637,30,RTX PRO 6000 WS
2026-04-20T20:00:00.000Z,2026-04-20T20:00:00.000Z,RTX PRO 6000 WS,global,1.0375,0.26681910976869727,30,RTX PRO 6000 WS
2026-04-21T20:00:00.000Z,2026-04-21T20:00:00.000Z,RTX PRO 6000 WS,global,1.0466666666666666,0.26766796401358883,30,RTX PRO 6000 WS
2026-04-22T20:00:00.000Z,2026-04-22T20:00:00.000Z,RTX PRO 6000 WS,global,1.04375,0.26837199966746417,30,RTX PRO 6000 WS
2026-04-23T20:00:00.000Z,2026-04-23T20:00:00.000Z,RTX PRO 6000 WS,global,1.0520833333333333,0.26338589684893543,30,RTX PRO 6000 WS
2026-04-24T20:00:00.000Z,2026-04-24T20:00:00.000Z,RTX PRO 6000 WS,global,1.0566666666666666,0.25597075408902914,30,RTX PRO 6000 WS
2026-04-25T20:00:00.000Z,2026-04-25T20:00:00.000Z,RTX PRO 6000 WS,global,1.05,0.25724992694964366,30,RTX PRO 6000 WS
2026-04-26T20:00:00.000Z,2026-04-26T20:00:00.000Z,RTX PRO 6000 WS,global,1.0566666666666666,0.2285096580156189,30,RTX PRO 6000 WS
2026-04-27T20:00:00.000Z,2026-04-27T20:00:00.000Z,RTX PRO 6000 WS,global,1.0479166666666666,0.22249233626286152,30,RTX PRO 6000 WS
2026-04-28T20:00:00.000Z,2026-04-28T20:00:00.000Z,RTX PRO 6000 WS,global,1.04625,0.2134595474225765,30,RTX PRO 6000 WS
2026-04-29T20:00:00.000Z,2026-04-29T20:00:00.000Z,RTX PRO 6000 WS,global,1.0654166666666667,0.21975760282990897,30,RTX PRO 6000 WS
2026-04-30T20:00:00.000Z,2026-04-30T20:00:00.000Z,RTX PRO 6000 WS,global,1.08,0.2225236017172164,30,RTX PRO 6000 WS
2026-05-01T20:00:00.000Z,2026-05-01T20:00:00.000Z,RTX PRO 6000 WS,global,1.06625,0.2209530685863273,30,RTX PRO 6000 WS
2026-05-02T20:00:00.000Z,2026-05-02T20:00:00.000Z,RTX PRO 6000 WS,global,1.0516666666666667,0.22753927921305483,30,RTX PRO 6000 WS
2026-05-03T20:00:00.000Z,2026-05-03T20:00:00.000Z,RTX PRO 6000 WS,global,1.0504166666666668,0.22652005992470525,30,RTX PRO 6000 WS
2026-05-04T20:00:00.000Z,2026-05-04T20:00:00.000Z,RTX PRO 6000 WS,global,1.0558333333333334,0.22562981590001346,30,RTX PRO 6000 WS
2026-05-05T20:00:00.000Z,2026-05-05T20:00:00.000Z,RTX PRO 6000 WS,global,1.0554166666666667,0.22263333615155836,30,RTX PRO 6000 WS
2026-05-06T20:00:00.000Z,2026-05-06T20:00:00.000Z,RTX PRO 6000 WS,global,1.0783333333333334,0.2314606588811792,30,RTX PRO 6000 WS
2026-05-07T20:00:00.000Z,2026-05-07T20:00:00.000Z,RTX PRO 6000 WS,global,1.1120833333333333,0.24516157634590333,30,RTX PRO 6000 WS
2026-05-08T20:00:00.000Z,2026-05-08T20:00:00.000Z,RTX PRO 6000 WS,global,1.1104166666666666,0.24276180329291905,30,RTX PRO 6000 WS
2026-05-09T20:00:00.000Z,2026-05-09T20:00:00.000Z,RTX PRO 6000 WS,global,1.0941666666666667,0.24833611498074548,30,RTX PRO 6000 WS
2026-05-10T20:00:00.000Z,2026-05-10T20:00:00.000Z,RTX PRO 6000 WS,global,1.1004166666666666,0.2486154318236164,30,RTX PRO 6000 WS
2026-05-11T20:00:00.000Z,2026-05-11T20:00:00.000Z,RTX PRO 6000 WS,global,1.15375,0.29224797790866935,30,RTX PRO 6000 WS
2026-05-12T20:00:00.000Z,2026-05-12T20:00:00.000Z,RTX PRO 6000 WS,global,1.1691666666666667,0.29051819033476634,30,RTX PRO 6000 WS
2026-05-13T20:00:00.000Z,2026-05-13T20:00:00.000Z,RTX PRO 6000 WS,global,1.1820833333333334,0.2911284757826715,30,RTX PRO 6000 WS
2026-05-14T20:00:00.000Z,2026-05-14T20:00:00.000Z,RTX PRO 6000 WS,global,1.1945833333333333,0.29183147728338826,30,RTX PRO 6000 WS
2026-05-15T20:00:00.000Z,2026-05-15T20:00:00.000Z,RTX PRO 6000 WS,global,1.1941666666666666,0.2713448471231006,30,RTX PRO 6000 WS
2026-05-16T20:00:00.000Z,2026-05-16T20:00:00.000Z,RTX PRO 6000 WS,global,1.1708333333333334,0.27564923341279984,30,RTX PRO 6000 WS
2026-05-17T20:00:00.000Z,2026-05-17T20:00:00.000Z,RTX PRO 6000 WS,global,1.175,0.2716131898627116,30,RTX PRO 6000 WS
2026-05-18T20:00:00.000Z,2026-05-18T20:00:00.000Z,RTX PRO 6000 WS,global,1.1954166666666666,0.26334558228459576,30,RTX PRO 6000 WS
2026-05-19T20:00:00.000Z,2026-05-19T20:00:00.000Z,RTX PRO 6000 WS,global,1.1920833333333334,0.26472230458415824,30,RTX PRO 6000 WS
2026-05-20T20:00:00.000Z,2026-05-20T20:00:00.000Z,RTX PRO 6000 WS,global,1.19625,0.26475658615286096,30,RTX PRO 6000 WS
2026-05-21T20:00:00.000Z,2026-05-21T20:00:00.000Z,RTX PRO 6000 WS,global,1.2545833333333334,0.3039481029562856,30,RTX PRO 6000 WS
2026-05-22T20:00:00.000Z,2026-05-22T20:00:00.000Z,RTX PRO 6000 WS,global,1.31125,0.3298240445624599,30,RTX PRO 6000 WS
2026-05-23T20:00:00.000Z,2026-05-23T20:00:00.000Z,RTX PRO 6000 WS,global,1.32,0.3298380536505939,30,RTX PRO 6000 WS
2026-05-24T20:00:00.000Z,2026-05-24T20:00:00.000Z,RTX PRO 6000 WS,global,1.36,0.3385912685232109,30,RTX PRO 6000 WS
2026-05-25T20:00:00.000Z,2026-05-25T20:00:00.000Z,RTX PRO 6000 WS,global,1.3483333333333334,0.3399353366963117,30,RTX PRO 6000 WS
2026-05-26T20:00:00.000Z,2026-05-26T20:00:00.000Z,RTX PRO 6000 WS,global,1.3145833333333334,0.35967489280209486,30,RTX PRO 6000 WS
2026-05-27T20:00:00.000Z,2026-05-27T20:00:00.000Z,RTX PRO 6000 WS,global,1.3270833333333334,0.3552918841873466,30,RTX PRO 6000 WS
2026-05-28T20:00:00.000Z,2026-05-28T20:00:00.000Z,RTX PRO 6000 WS,global,1.3916666666666666,0.37930990427284705,30,RTX PRO 6000 WS
2026-05-29T20:00:00.000Z,2026-05-29T20:00:00.000Z,RTX PRO 6000 WS,global,1.64,0.6596526623978298,30,RTX PRO 6000 WS
2026-05-30T20:00:00.000Z,2026-05-30T20:00:00.000Z,RTX PRO 6000 WS,global,1.72125,0.6701916751111909,30,RTX PRO 6000 WS
2026-05-31T20:00:00.000Z,2026-05-31T20:00:00.000Z,RTX PRO 6000 WS,global,1.5875,0.7443956021710891,30,RTX PRO 6000 WS
2026-06-01T20:00:00.000Z,2026-06-01T20:00:00.000Z,RTX PRO 6000 WS,global,1.5420833333333333,0.7532188778429638,30,RTX PRO 6000 WS
2026-06-02T20:00:00.000Z,2026-06-02T20:00:00.000Z,RTX PRO 6000 WS,global,1.4758333333333333,0.777524919088807,30,RTX PRO 6000 WS
2026-06-03T20:00:00.000Z,2026-06-03T20:00:00.000Z,RTX PRO 6000 WS,global,1.3791666666666667,0.824948023168075,30,RTX PRO 6000 WS
2026-06-04T20:00:00.000Z,2026-06-04T20:00:00.000Z,RTX PRO 6000 WS,global,1.3566666666666667,0.8291158869203605,30,RTX PRO 6000 WS
2026-06-05T20:00:00.000Z,2026-06-05T20:00:00.000Z,RTX PRO 6000 WS,global,1.3333333333333333,0.8324433984570331,30,RTX PRO 6000 WS
2026-06-06T20:00:00.000Z,2026-06-06T20:00:00.000Z,RTX PRO 6000 WS,global,1.3658333333333332,0.8303542873992078,30,RTX PRO 6000 WS
2026-06-07T20:00:00.000Z,2026-06-07T20:00:00.000Z,RTX PRO 6000 WS,global,1.3283333333333334,0.8387289602214902,30,RTX PRO 6000 WS
2026-06-08T20:00:00.000Z,2026-06-08T20:00:00.000Z,RTX PRO 6000 WS,global,1.3329166666666667,0.8354680990310425,30,RTX PRO 6000 WS
2026-06-09T20:00:00.000Z,2026-06-09T20:00:00.000Z,RTX PRO 6000 WS,global,1.3345833333333332,0.8356711893778629,30,RTX PRO 6000 WS
2026-06-10T20:00:00.000Z,2026-06-10T20:00:00.000Z,RTX PRO 6000 WS,global,1.315,0.8254331673454494,30,RTX PRO 6000 WS
2026-06-11T20:00:00.000Z,2026-06-11T20:00:00.000Z,RTX PRO 6000 WS,global,1.3233333333333333,0.8248441664630141,30,RTX PRO 6000 WS
2026-06-12T20:00:00.000Z,2026-06-12T20:00:00.000Z,RTX PRO 6000 WS,global,1.3204166666666666,0.824747225538907,30,RTX PRO 6000 WS
2026-06-13T20:00:00.000Z,2026-06-13T20:00:00.000Z,RTX PRO 6000 WS,global,1.3216666666666668,0.8244253010935739,30,RTX PRO 6000 WS
2026-06-14T20:00:00.000Z,2026-06-14T20:00:00.000Z,RTX PRO 6000 WS,global,1.3191666666666666,0.8245305804476537,30,RTX PRO 6000 WS
2026-06-15T20:00:00.000Z,2026-06-15T20:00:00.000Z,RTX PRO 6000 WS,global,1.3016666666666667,0.8225841521240469,30,RTX PRO 6000 WS
2026-06-16T20:00:00.000Z,2026-06-16T20:00:00.000Z,RTX PRO 6000 WS,global,1.2908333333333333,0.82362859088806,30,RTX PRO 6000 WS
2026-06-17T20:00:00.000Z,2026-06-17T20:00:00.000Z,RTX PRO 6000 WS,global,1.2679166666666666,0.8251797831579609,30,RTX PRO 6000 WS
2026-06-18T20:00:00.000Z,2026-06-18T20:00:00.000Z,RTX PRO 6000 WS,global,1.2695833333333333,0.8250062600666155,30,RTX PRO 6000 WS
2026-06-19T20:00:00.000Z,2026-06-19T20:00:00.000Z,RTX PRO 6000 WS,global,1.27125,0.8249950563892336,30,RTX PRO 6000 WS
2026-06-20T20:00:00.000Z,2026-06-20T20:00:00.000Z,RTX PRO 6000 WS,global,1.2716666666666667,0.8084313684727064,30,RTX PRO 6000 WS
2026-06-21T20:00:00.000Z,2026-06-21T20:00:00.000Z,RTX PRO 6000 WS,global,1.2429166666666667,0.7965263452439953,30,RTX PRO 6000 WS
2026-06-22T20:00:00.000Z,2026-06-22T20:00:00.000Z,RTX PRO 6000 WS,global,1.2629166666666667,0.7984275249093933,30,RTX PRO 6000 WS
2026-06-23T20:00:00.000Z,2026-06-23T20:00:00.000Z,RTX PRO 6000 WS,global,1.2408333333333332,0.792135324005238,30,RTX PRO 6000 WS
2026-06-24T20:00:00.000Z,2026-06-24T20:00:00.000Z,RTX PRO 6000 WS,global,1.1779166666666667,0.8102420932337719,30,RTX PRO 6000 WS
2026-06-25T20:00:00.000Z,2026-06-25T20:00:00.000Z,RTX PRO 6000 WS,global,1.18875,0.8080048605087718,30,RTX PRO 6000 WS
2026-06-26T20:00:00.000Z,2026-06-26T20:00:00.000Z,RTX PRO 6000 WS,global,1.1875,0.8067368308772728,30,RTX PRO 6000 WS
2026-06-27T20:00:00.000Z,2026-06-27T20:00:00.000Z,RTX PRO 6000 WS,global,1.1329166666666666,0.7985618417361964,30,RTX PRO 6000 WS
2026-06-28T20:00:00.000Z,2026-06-28T20:00:00.000Z,RTX PRO 6000 WS,global,1.1775,0.5374337388043176,30,RTX PRO 6000 WS
2026-06-29T20:00:00.000Z,2026-06-29T20:00:00.000Z,RTX PRO 6000 WS,global,1.21,0.5125193051981333,30,RTX PRO 6000 WS
2026-06-30T20:00:00.000Z,2026-06-30T20:00:00.000Z,RTX PRO 6000 WS,global,1.2008333333333334,0.4477363962647535,30,RTX PRO 6000 WS
2026-07-01T20:00:00.000Z,2026-07-01T20:00:00.000Z,RTX PRO 6000 WS,global,1.2195833333333332,0.4499790848628352,30,RTX PRO 6000 WS
2026-07-02T20:00:00.000Z,2026-07-02T20:00:00.000Z,RTX PRO 6000 WS,global,1.2529166666666667,0.44632895071103523,30,RTX PRO 6000 WS
2026-07-03T20:00:00.000Z,2026-07-03T20:00:00.000Z,RTX PRO 6000 WS,global,1.2466666666666666,0.38565956368107895,30,RTX PRO 6000 WS
2026-07-04T20:00:00.000Z,2026-07-04T20:00:00.000Z,RTX PRO 6000 WS,global,1.2091666666666667,0.39470333176232136,30,RTX PRO 6000 WS
2026-07-05T20:00:00.000Z,2026-07-05T20:00:00.000Z,RTX PRO 6000 WS,global,1.1825,0.39720695791792987,30,RTX PRO 6000 WS
2026-07-06T20:00:00.000Z,2026-07-06T20:00:00.000Z,RTX PRO 6000 WS,global,1.1483333333333334,0.393341144451877,30,RTX PRO 6000 WS
2026-07-07T20:00:00.000Z,2026-07-07T20:00:00.000Z,RTX PRO 6000 WS,global,1.1270833333333334,0.3881386040082176,30,RTX PRO 6000 WS
2026-07-08T20:00:00.000Z,2026-07-08T20:00:00.000Z,RTX PRO 6000 WS,global,1.14625,0.3947851141337772,30,RTX PRO 6000 WS
2026-07-09T20:00:00.000Z,2026-07-09T20:00:00.000Z,RTX PRO 6000 WS,global,1.1691666666666667,0.4036969247000896,30,RTX PRO 6000 WS
2026-07-10T20:00:00.000Z,2026-07-10T20:00:00.000Z,RTX PRO 6000 WS,global,1.1545833333333333,0.4030500641642509,30,RTX PRO 6000 WS
2026-07-11T20:00:00.000Z,2026-07-11T20:00:00.000Z,RTX PRO 6000 WS,global,1.1625,0.4032257774226615,30,RTX PRO 6000 WS
2026-07-12T20:00:00.000Z,2026-07-12T20:00:00.000Z,RTX PRO 6000 WS,global,1.1441666666666668,0.40514575162908817,30,RTX PRO 6000 WS
2026-07-13T20:00:00.000Z,2026-07-13T20:00:00.000Z,RTX PRO 6000 WS,global,1.1095833333333334,0.4144449813320921,30,RTX PRO 6000 WS
2026-07-14T20:00:00.000Z,2026-07-14T20:00:00.000Z,RTX PRO 6000 WS,global,1.1004166666666666,0.41428114108543623,30,RTX PRO 6000 WS
2026-07-15T20:00:00.000Z,2026-07-15T20:00:00.000Z,RTX PRO 6000 WS,global,1.1345833333333333,0.4324639890762892,30,RTX PRO 6000 WS
2026-07-16T20:00:00.000Z,2026-07-16T20:00:00.000Z,RTX PRO 6000 WS,global,1.1220833333333333,0.4328671261673435,30,RTX PRO 6000 WS
2026-07-17T20:00:00.000Z,2026-07-17T20:00:00.000Z,RTX PRO 6000 WS,global,1.11875,0.4302432026176941,30,RTX PRO 6000 WS
2026-07-18T20:00:00.000Z,2026-07-18T20:00:00.000Z,RTX PRO 6000 WS,global,1.1245833333333333,0.4310797884092795,30,RTX PRO 6000 WS
2026-07-19T20:00:00.000Z,2026-07-19T20:00:00.000Z,RTX PRO 6000 WS,global,1.1233333333333333,0.4307836486111685,30,RTX PRO 6000 WS
2026-07-20T20:00:00.000Z,2026-07-20T20:00:00.000Z,RTX PRO 6000 WS,global,1.14,0.4355581544421701,30,RTX PRO 6000 WS
2026-07-21T20:00:00.000Z,2026-07-21T20:00:00.000Z,RTX PRO 6000 WS,global,1.1470833333333332,0.43118802498883885,30,RTX PRO 6000 WS
2026-07-22T20:00:00.000Z,2026-07-22T20:00:00.000Z,RTX PRO 6000 WS,global,1.1379166666666667,0.42622742679712156,30,RTX PRO 6000 WS
2026-07-23T20:00:00.000Z,2026-07-23T20:00:00.000Z,RTX PRO 6000 WS,global,1.15125,0.42621900584977324,30,RTX PRO 6000 WS
2026-07-24T20:00:00.000Z,2026-07-24T20:00:00.000Z,RTX PRO 6000 WS,global,1.1808333333333334,0.39754009245971256,30,RTX PRO 6000 WS
2026-07-25T20:00:00.000Z,2026-07-25T20:00:00.000Z,RTX PRO 6000 WS,global,1.1758333333333333,0.3964370520300823,30,RTX PRO 6000 WS
2026-07-26T20:00:00.000Z,2026-07-26T20:00:00.000Z,RTX PRO 6000 WS,global,1.1395833333333334,0.4108877101022164,30,RTX PRO 6000 WS
2026-07-27T20:00:00.000Z,2026-07-27T20:00:00.000Z,RTX PRO 6000 WS,global,1.16,0.3813228827577311,30,RTX PRO 6000 WS
2026-07-28T20:00:00.000Z,2026-07-28T20:00:00.000Z,RTX PRO 6000 WS,global,1.1575,0.35612587785994976,30,RTX PRO 6000 WS
2026-07-29T20:00:00.000Z,2026-07-29T20:00:00.000Z,RTX PRO 6000 WS,global,1.165,0.3428425596379178,30,RTX PRO 6000 WS
2026-07-30T20:00:00.000Z,2026-07-30T20:00:00.000Z,RTX PRO 6000 WS,global,1.16375,0.3420781526140938,30,RTX PRO 6000 WS
2026-07-31T20:00:00.000Z,2026-07-31T20:00:00.000Z,RTX PRO 6000 WS,global,1.16625,0.33708761214538735,30,RTX PRO 6000 WS
2026-08-01T20:00:00.000Z,2026-08-01T20:00:00.000Z,RTX PRO 6000 WS,global,1.1729166666666666,0.32233199636890186,30,RTX PRO 6000 WS
2026-08-02T20:00:00.000Z,2026-08-02T20:00:00.000Z,RTX PRO 6000 WS,global,1.1733333333333333,0.3222874999789675,30,RTX PRO 6000 WS
2026-08-03T20:00:00.000Z,2026-08-03T20:00:00.000Z,RTX PRO 6000 WS,global,1.18625,0.30826245010317643,30,RTX PRO 6000 WS
2026-08-04T20:00:00.000Z,2026-08-04T20:00:00.000Z,RTX PRO 6000 WS,global,1.17625,0.2996836026605569,30,RTX PRO 6000 WS
2026-08-05T20:00:00.000Z,2026-08-05T20:00:00.000Z,RTX PRO 6000 WS,global,1.1720833333333334,0.2810434215590567,30,RTX PRO 6000 WS
2026-08-06T20:00:00.000Z,2026-08-06T20:00:00.000Z,RTX PRO 6000 WS,global,1.1866666666666668,0.27492036271299664,30,RTX PRO 6000 WS
2026-08-07T20:00:00.000Z,2026-08-07T20:00:00.000Z,RTX PRO 6000 WS,global,1.1766666666666667,0.27153151026647054,30,RTX PRO 6000 WS
2026-08-08T20:00:00.000Z,2026-08-08T20:00:00.000Z,RTX PRO 6000 WS,global,1.1695833333333334,0.2637117444009966,30,RTX PRO 6000 WS
2026-08-09T20:00:00.000Z,2026-08-09T20:00:00.000Z,RTX PRO 6000 WS,global,1.17875,0.2610519589063602,30,RTX PRO 6000 WS
2026-08-10T20:00:00.000Z,2026-08-10T20:00:00.000Z,RTX PRO 6000 WS,global,1.20375,0.2697667021954674,30,RTX PRO 6000 WS
2026-08-11T20:00:00.000Z,2026-08-11T20:00:00.000Z,RTX PRO 6000 WS,global,1.2470833333333333,0.28763420192396294,30,RTX PRO 6000 WS
2026-08-12T20:00:00.000Z,2026-08-12T20:00:00.000Z,RTX PRO 6000 WS,global,1.23625,0.2646607606278515,30,RTX PRO 6000 WS
2026-08-13T20:00:00.000Z,2026-08-13T20:00:00.000Z,RTX PRO 6000 WS,global,1.2641666666666667,0.2688566645859433,30,RTX PRO 6000 WS
2026-08-14T20:00:00.000Z,2026-08-14T20:00:00.000Z,RTX PRO 6000 WS,global,1.2504166666666667,0.25715986854927775,30,RTX PRO 6000 WS
2026-08-15T20:00:00.000Z,2026-08-15T20:00:00.000Z,RTX PRO 6000 WS,global,1.2091666666666667,0.283496904850135,30,RTX PRO 6000 WS
2026-08-16T20:00:00.000Z,2026-08-16T20:00:00.000Z,RTX PRO 6000 WS,global,1.2208333333333334,0.2838387061063838,30,RTX PRO 6000 WS
2026-08-17T20:00:00.000Z,2026-08-17T20:00:00.000Z,RTX PRO 6000 WS,global,1.225,0.28372551333605084,30,RTX PRO 6000 WS
2026-08-18T20:00:00.000Z,2026-08-18T20:00:00.000Z,RTX PRO 6000 WS,global,1.2475,0.2882906641031103,30,RTX PRO 6000 WS
2026-08-19T20:00:00.000Z,2026-08-19T20:00:00.000Z,RTX PRO 6000 WS,global,1.2533333333333334,0.2854787318994016,30,RTX PRO 6000 WS
2026-08-20T20:00:00.000Z,2026-08-20T20:00:00.000Z,RTX PRO 6000 WS,global,1.2591666666666668,0.28532243485506475,30,RTX PRO 6000 WS
2026-08-21T20:00:00.000Z,2026-08-21T20:00:00.000Z,RTX PRO 6000 WS,global,1.2541666666666667,0.2836805486928888,30,RTX PRO 6000 WS
2026-08-22T20:00:00.000Z,2026-08-22T20:00:00.000Z,RTX PRO 6000 WS,global,1.2534782608695652,0.28231832254458067,30,RTX PRO 6000 WS
2026-08-23T20:00:00.000Z,2026-08-23T20:00:00.000Z,RTX PRO 6000 WS,global,1.24875,0.2711190258134339,30,RTX PRO 6000 WS
2026-08-24T20:00:00.000Z,2026-08-24T20:00:00.000Z,RTX PRO 6000 WS,global,1.2517391304347827,0.2702241434290532,30,RTX PRO 6000 WS
2026-08-25T20:00:00.000Z,2026-08-25T20:00:00.000Z,RTX PRO 6000 WS,global,1.2716666666666667,0.24579494430147175,30,RTX PRO 6000 WS
2026-08-26T20:00:00.000Z,2026-08-26T20:00:00.000Z,RTX PRO 6000 WS,global,1.3075,0.2553434557025113,30,RTX PRO 6000 WS
2026-08-27T20:00:00.000Z,2026-08-27T20:00:00.000Z,RTX PRO 6000 WS,global,1.3104166666666666,0.2544712806514112,30,RTX PRO 6000 WS
2026-08-28T20:00:00.000Z,2026-08-28T20:00:00.000Z,RTX PRO 6000 WS,global,1.30375,0.25633075789169824,30,RTX PRO 6000 WS
2026-08-29T20:00:00.000Z,2026-08-29T20:00:00.000Z,RTX PRO 6000 WS,global,1.2975,0.2575424147241136,30,RTX PRO 6000 WS
2026-08-30T20:00:00.000Z,2026-08-30T20:00:00.000Z,RTX PRO 6000 WS,global,1.3020833333333333,0.2574875454985135,30,RTX PRO 6000 WS
2026-08-31T20:00:00.000Z,2026-08-31T20:00:00.000Z,RTX PRO 6000 WS,global,1.3279166666666666,0.2633967363538205,30,RTX PRO 6000 WS
