date,id,memoryType,category,price,weeklyHigh,weeklyLow,changePct,sourceUpdatedAt,timestamp,memory_type
2025-10-08T20:00:00.000Z,mem_ddr3_4gb,DDR3 4Gb (512Mx8) 1600/1866,dram,2.475,,,1.02,Oct.8 2025    14:40 ,2026-01-08T03:24:34.248Z,mem_ddr3_4gb
2026-01-07T21:00:00.000Z,mem_ddr3_4gb,DDR3 4Gb (512Mx8) 1600/1866,dram,4.091,4.8,3.55,0.0,Jan.8 2026    11:00 (GMT+8)<Price Notice>,2026-01-08T03:31:26.126Z,mem_ddr3_4gb
2026-01-08T21:00:00.000Z,mem_ddr3_4gb,DDR3 4Gb (512Mx8) 1600/1866,dram,4.091,4.8,3.55,0.0,Jan.8 2026    18:10 (GMT+8)<Price Notice>,2026-01-08T14:02:23.018Z,mem_ddr3_4gb
2026-01-09T21:00:00.000Z,mem_ddr3_4gb,DDR3 4Gb (512Mx8) 1600/1866,dram,4.175,4.8,3.55,2.05,Jan.9 2026    18:10 (GMT+8)<Price Notice>,2026-01-09T14:01:32.464Z,mem_ddr3_4gb
2026-01-12T21:00:00.000Z,mem_ddr3_4gb,DDR3 4Gb (512Mx8) 1600/1866,dram,4.232,4.8,3.55,1.37,Jan.12 2026    18:10 (GMT+8)<Price Notice>,2026-01-12T14:01:37.605Z,mem_ddr3_4gb
2026-01-13T21:00:00.000Z,mem_ddr3_4gb,DDR3 4Gb (512Mx8) 1600/1866,dram,4.32,5.0,3.55,2.08,Jan.13 2026    18:10 (GMT+8)<Price Notice>,2026-01-13T14:01:26.924Z,mem_ddr3_4gb
2026-01-14T21:00:00.000Z,mem_ddr3_4gb,DDR3 4Gb (512Mx8) 1600/1866,dram,4.389,5.2,3.55,1.6,Jan.14 2026    18:10 (GMT+8)<Price Notice>,2026-01-14T14:01:03.695Z,mem_ddr3_4gb
2026-01-15T21:00:00.000Z,mem_ddr3_4gb,DDR3 4Gb (512Mx8) 1600/1866,dram,4.491,5.2,3.55,2.32,Jan.15 2026    18:10 (GMT+8)<Price Notice>,2026-01-15T14:01:37.352Z,mem_ddr3_4gb
2026-01-16T21:00:00.000Z,mem_ddr3_4gb,DDR3 4Gb (512Mx8) 1600/1866,dram,4.564,5.3,3.55,1.63,Jan.16 2026    18:10 (GMT+8)<Price Notice>,2026-01-16T14:01:57.038Z,mem_ddr3_4gb
2026-01-19T21:00:00.000Z,mem_ddr3_4gb,DDR3 4Gb (512Mx8) 1600/1866,dram,4.682,5.5,3.8,2.59,Jan.19 2026    18:10 (GMT+8)<Price Notice>,2026-01-19T14:01:38.770Z,mem_ddr3_4gb
2026-01-20T21:00:00.000Z,mem_ddr3_4gb,DDR3 4Gb (512Mx8) 1600/1866,dram,4.75,5.5,3.9,1.45,Jan.20 2026    18:10 (GMT+8)<Price Notice>,2026-01-20T14:01:04.009Z,mem_ddr3_4gb
2026-01-21T21:00:00.000Z,mem_ddr3_4gb,DDR3 4Gb (512Mx8) 1600/1866,dram,4.889,5.5,4.0,2.93,Jan.21 2026    18:10 (GMT+8)<Price Notice>,2026-01-21T14:01:09.164Z,mem_ddr3_4gb
2026-01-22T21:00:00.000Z,mem_ddr3_4gb,DDR3 4Gb (512Mx8) 1600/1866,dram,4.945,5.5,4.4,1.15,Jan.22 2026    18:10 (GMT+8)<Price Notice>,2026-01-22T14:01:54.515Z,mem_ddr3_4gb
2026-01-23T21:00:00.000Z,mem_ddr3_4gb,DDR3 4Gb (512Mx8) 1600/1866,dram,5.025,5.5,4.5,1.62,Jan.23 2026    18:10 (GMT+8)<Price Notice>,2026-01-23T14:01:50.243Z,mem_ddr3_4gb
2026-01-26T21:00:00.000Z,mem_ddr3_4gb,DDR3 4Gb (512Mx8) 1600/1866,dram,5.148,5.6,4.5,2.45,Jan.26 2026    18:10 (GMT+8)<Price Notice>,2026-01-26T14:02:40.087Z,mem_ddr3_4gb
2026-01-27T21:00:00.000Z,mem_ddr3_4gb,DDR3 4Gb (512Mx8) 1600/1866,dram,5.17,5.6,4.5,0.43,Jan.27 2026    18:10 (GMT+8)<Price Notice>,2026-01-27T14:01:56.839Z,mem_ddr3_4gb
2026-01-28T21:00:00.000Z,mem_ddr3_4gb,DDR3 4Gb (512Mx8) 1600/1866,dram,5.209,5.6,4.5,0.75,Jan.28 2026    18:10 (GMT+8)<Price Notice>,2026-01-28T14:03:03.538Z,mem_ddr3_4gb
2026-01-29T21:00:00.000Z,mem_ddr3_4gb,DDR3 4Gb (512Mx8) 1600/1866,dram,5.332,5.6,4.5,2.36,Jan.29 2026    18:10 (GMT+8)<Price Notice>,2026-01-29T14:01:57.611Z,mem_ddr3_4gb
2026-01-30T21:00:00.000Z,mem_ddr3_4gb,DDR3 4Gb (512Mx8) 1600/1866,dram,5.4,5.7,4.5,1.28,Jan.30 2026    18:10 (GMT+8)<Price Notice>,2026-01-30T14:01:40.814Z,mem_ddr3_4gb
2026-02-02T21:00:00.000Z,mem_ddr3_4gb,DDR3 4Gb (512Mx8) 1600/1866,dram,5.4,5.7,4.5,0.0,Feb.2 2026    18:10 (GMT+8)<Price Notice>,2026-02-02T14:03:38.237Z,mem_ddr3_4gb
2026-02-03T21:00:00.000Z,mem_ddr3_4gb,DDR3 4Gb (512Mx8) 1600/1866,dram,5.445,5.8,4.5,0.83,Feb.3 2026    18:10 (GMT+8)<Price Notice>,2026-02-03T14:02:24.155Z,mem_ddr3_4gb
2026-02-04T21:00:00.000Z,mem_ddr3_4gb,DDR3 4Gb (512Mx8) 1600/1866,dram,5.468,5.8,4.5,0.42,Feb.4 2026    18:10 (GMT+8)<Price Notice>,2026-02-04T14:02:16.866Z,mem_ddr3_4gb
2026-02-05T21:00:00.000Z,mem_ddr3_4gb,DDR3 4Gb (512Mx8) 1600/1866,dram,5.48,5.8,4.5,0.22,Feb.5 2026    18:10 (GMT+8)<Price Notice>,2026-02-05T14:02:40.711Z,mem_ddr3_4gb
2026-02-06T21:00:00.000Z,mem_ddr3_4gb,DDR3 4Gb (512Mx8) 1600/1866,dram,5.495,5.8,4.5,0.27,Feb.6 2026    18:10 (GMT+8)<Price Notice>,2026-02-06T14:01:17.206Z,mem_ddr3_4gb
2026-02-09T21:00:00.000Z,mem_ddr3_4gb,DDR3 4Gb (512Mx8) 1600/1866,dram,5.507,5.85,4.6,0.22,Feb.9 2026    18:10 (GMT+8)<Price Notice>,2026-02-09T14:01:59.345Z,mem_ddr3_4gb
2026-02-10T21:00:00.000Z,mem_ddr3_4gb,DDR3 4Gb (512Mx8) 1600/1866,dram,5.507,5.85,4.6,0.0,Feb.10 2026    18:10 (GMT+8)<Price Notice>,2026-02-10T14:02:08.356Z,mem_ddr3_4gb
2026-02-11T21:00:00.000Z,mem_ddr3_4gb,DDR3 4Gb (512Mx8) 1600/1866,dram,5.523,5.85,4.6,0.29,Feb.11 2026    18:10 (GMT+8)<Price Notice>,2026-02-11T14:02:08.813Z,mem_ddr3_4gb
2026-02-12T21:00:00.000Z,mem_ddr3_4gb,DDR3 4Gb (512Mx8) 1600/1866,dram,5.545,5.8,4.6,0.4,Feb.12 2026    18:10 (GMT+8)<Price Notice>,2026-02-12T14:01:33.885Z,mem_ddr3_4gb
2026-02-13T21:00:00.000Z,mem_ddr3_4gb,DDR3 4Gb (512Mx8) 1600/1866,dram,5.545,5.8,4.6,0.0,Feb.13 2026    18:10 (GMT+8)<Price Notice>,2026-02-13T14:01:53.473Z,mem_ddr3_4gb
2026-02-16T21:00:00.000Z,mem_ddr3_4gb,DDR3 4Gb (512Mx8) 1600/1866,dram,5.545,5.8,4.6,0.0,Feb.13 2026    18:10 (GMT+8)<Price Notice>,2026-02-16T14:01:15.419Z,mem_ddr3_4gb
2026-02-17T21:00:00.000Z,mem_ddr3_4gb,DDR3 4Gb (512Mx8) 1600/1866,dram,5.545,5.8,4.6,0.0,Feb.13 2026    18:10 (GMT+8)<Price Notice>,2026-02-17T14:01:55.881Z,mem_ddr3_4gb
2026-02-18T21:00:00.000Z,mem_ddr3_4gb,DDR3 4Gb (512Mx8) 1600/1866,dram,5.545,5.8,4.6,0.0,Feb.13 2026    18:10 (GMT+8)<Price Notice>,2026-02-18T14:01:56.511Z,mem_ddr3_4gb
2026-02-19T21:00:00.000Z,mem_ddr3_4gb,DDR3 4Gb (512Mx8) 1600/1866,dram,5.545,5.8,4.6,0.0,Feb.13 2026    18:10 (GMT+8)<Price Notice>,2026-02-19T14:03:01.304Z,mem_ddr3_4gb
2026-02-20T21:00:00.000Z,mem_ddr3_4gb,DDR3 4Gb (512Mx8) 1600/1866,dram,5.545,5.8,4.6,0.0,Feb.13 2026    18:10 (GMT+8)<Price Notice>,2026-02-20T14:01:37.710Z,mem_ddr3_4gb
2026-02-23T21:00:00.000Z,mem_ddr3_4gb,DDR3 4Gb (512Mx8) 1600/1866,dram,5.561,5.85,4.6,0.29,Feb.23 2026    18:10 (GMT+8)<Price Notice>,2026-02-23T14:02:38.887Z,mem_ddr3_4gb
2026-02-24T21:00:00.000Z,mem_ddr3_4gb,DDR3 4Gb (512Mx8) 1600/1866,dram,5.573,5.9,4.6,0.22,Feb.24 2026    18:10 (GMT+8)<Price Notice>,2026-02-24T14:02:04.081Z,mem_ddr3_4gb
2026-02-25T21:00:00.000Z,mem_ddr3_4gb,DDR3 4Gb (512Mx8) 1600/1866,dram,5.573,5.9,4.6,0.0,Feb.25 2026    18:10 (GMT+8)<Price Notice>,2026-02-25T14:02:08.345Z,mem_ddr3_4gb
2026-02-26T21:00:00.000Z,mem_ddr3_4gb,DDR3 4Gb (512Mx8) 1600/1866,dram,5.589,5.9,4.7,0.29,Feb.26 2026    18:10 (GMT+8)<Price Notice>,2026-02-26T14:01:43.257Z,mem_ddr3_4gb
2026-02-27T21:00:00.000Z,mem_ddr3_4gb,DDR3 4Gb (512Mx8) 1600/1866,dram,5.589,5.9,4.7,0.0,Feb.27 2026    18:10 (GMT+8)<Price Notice>,2026-02-27T14:01:52.460Z,mem_ddr3_4gb
2026-03-02T21:00:00.000Z,mem_ddr3_4gb,DDR3 4Gb (512Mx8) 1600/1866,dram,5.68,6.1,4.7,1.63,Mar.2 2026    18:10 (GMT+8)<Price Notice>,2026-03-02T14:01:45.816Z,mem_ddr3_4gb
2026-03-03T21:00:00.000Z,mem_ddr3_4gb,DDR3 4Gb (512Mx8) 1600/1866,dram,5.789,6.3,4.8,1.92,Mar.3 2026    18:10 (GMT+8)<Price Notice>,2026-03-03T14:01:56.569Z,mem_ddr3_4gb
2026-03-04T21:00:00.000Z,mem_ddr3_4gb,DDR3 4Gb (512Mx8) 1600/1866,dram,5.862,6.5,4.9,1.26,Mar.4 2026    18:10 (GMT+8)<Price Notice>,2026-03-04T14:02:15.081Z,mem_ddr3_4gb
2026-03-05T21:00:00.000Z,mem_ddr3_4gb,DDR3 4Gb (512Mx8) 1600/1866,dram,5.921,6.7,5.0,1.01,Mar.5 2026    18:10 (GMT+8)<Price Notice>,2026-03-05T14:02:35.503Z,mem_ddr3_4gb
2026-03-06T21:00:00.000Z,mem_ddr3_4gb,DDR3 4Gb (512Mx8) 1600/1866,dram,6.038,6.9,5.0,1.98,Mar.6 2026    18:10 (GMT+8)<Price Notice>,2026-03-06T14:01:29.672Z,mem_ddr3_4gb
2026-03-09T20:00:00.000Z,mem_ddr3_4gb,DDR3 4Gb (512Mx8) 1600/1866,dram,6.11,7.2,5.2,1.19,Mar.9 2026    18:10 (GMT+8)<Price Notice>,2026-03-09T13:01:36.589Z,mem_ddr3_4gb
2026-03-10T20:00:00.000Z,mem_ddr3_4gb,DDR3 4Gb (512Mx8) 1600/1866,dram,6.181,7.3,5.2,1.16,Mar.10 2026    18:10 (GMT+8)<Price Notice>,2026-03-10T13:02:23.470Z,mem_ddr3_4gb
2026-03-11T20:00:00.000Z,mem_ddr3_4gb,DDR3 4Gb (512Mx8) 1600/1866,dram,6.305,7.5,5.25,2.01,Mar.11 2026    18:10 (GMT+8)<Price Notice>,2026-03-11T13:02:25.904Z,mem_ddr3_4gb
2026-03-12T20:00:00.000Z,mem_ddr3_4gb,DDR3 4Gb (512Mx8) 1600/1866,dram,6.381,7.6,5.3,1.21,Mar.12 2026    18:10 (GMT+8)<Price Notice>,2026-03-12T13:02:16.078Z,mem_ddr3_4gb
2026-03-13T20:00:00.000Z,mem_ddr3_4gb,DDR3 4Gb (512Mx8) 1600/1866,dram,6.438,7.6,5.3,0.89,Mar.13 2026    18:10 (GMT+8)<Price Notice>,2026-03-13T13:02:21.111Z,mem_ddr3_4gb
2026-03-16T20:00:00.000Z,mem_ddr3_4gb,DDR3 4Gb (512Mx8) 1600/1866,dram,6.512,7.6,5.5,1.15,Mar.16 2026    18:10 (GMT+8)<Price Notice>,2026-03-16T13:02:45.995Z,mem_ddr3_4gb
2026-03-17T20:00:00.000Z,mem_ddr3_4gb,DDR3 4Gb (512Mx8) 1600/1866,dram,6.619,7.8,5.4,1.64,Mar.17 2026    18:10 (GMT+8)<Price Notice>,2026-03-17T13:02:03.849Z,mem_ddr3_4gb
2026-03-18T20:00:00.000Z,mem_ddr3_4gb,DDR3 4Gb (512Mx8) 1600/1866,dram,6.7,7.8,5.4,1.22,Mar.18 2026    18:10 (GMT+8)<Price Notice>,2026-03-18T13:01:43.115Z,mem_ddr3_4gb
2026-03-19T20:00:00.000Z,mem_ddr3_4gb,DDR3 4Gb (512Mx8) 1600/1866,dram,6.75,8.0,5.3,0.75,Mar.19 2026    18:10 (GMT+8)<Price Notice>,2026-03-19T13:02:15.467Z,mem_ddr3_4gb
2026-03-20T20:00:00.000Z,mem_ddr3_4gb,DDR3 4Gb (512Mx8) 1600/1866,dram,6.888,8.5,5.3,2.04,Mar.20 2026    18:10 (GMT+8)<Price Notice>,2026-03-20T13:01:39.076Z,mem_ddr3_4gb
2026-03-23T20:00:00.000Z,mem_ddr3_4gb,DDR3 4Gb (512Mx8) 1600/1866,dram,6.95,8.7,5.3,0.9,Mar.23 2026    18:10 (GMT+8)<Price Notice>,2026-03-23T13:02:20.335Z,mem_ddr3_4gb
2026-03-24T20:00:00.000Z,mem_ddr3_4gb,DDR3 4Gb (512Mx8) 1600/1866,dram,7.125,8.9,5.3,2.52,Mar.24 2026    18:10 (GMT+8)<Price Notice>,2026-03-24T13:02:47.182Z,mem_ddr3_4gb
2026-03-25T20:00:00.000Z,mem_ddr3_4gb,DDR3 4Gb (512Mx8) 1600/1866,dram,7.225,9.1,5.4,1.4,Mar.25 2026    18:10 (GMT+8)<Price Notice>,2026-03-25T13:01:40.793Z,mem_ddr3_4gb
2026-03-26T20:00:00.000Z,mem_ddr3_4gb,DDR3 4Gb (512Mx8) 1600/1866,dram,7.325,9.2,5.5,1.38,Mar.26 2026    18:10 (GMT+8)<Price Notice>,2026-03-26T13:03:07.542Z,mem_ddr3_4gb
2026-03-27T20:00:00.000Z,mem_ddr3_4gb,DDR3 4Gb (512Mx8) 1600/1866,dram,7.375,9.3,5.5,0.68,Mar.27 2026    18:10 (GMT+8)<Price Notice>,2026-03-27T13:01:53.741Z,mem_ddr3_4gb
2026-03-30T20:00:00.000Z,mem_ddr3_4gb,DDR3 4Gb (512Mx8) 1600/1866,dram,7.425,9.3,5.5,0.68,Mar.30 2026    18:10 (GMT+8)<Price Notice>,2026-03-30T13:02:54.120Z,mem_ddr3_4gb
2026-03-31T20:00:00.000Z,mem_ddr3_4gb,DDR3 4Gb (512Mx8) 1600/1866,dram,7.55,9.5,5.6,1.68,Mar.31 2026    18:10 (GMT+8)<Price Notice>,2026-03-31T13:02:38.230Z,mem_ddr3_4gb
2026-04-01T20:00:00.000Z,mem_ddr3_4gb,DDR3 4Gb (512Mx8) 1600/1866,dram,7.625,9.5,5.6,0.99,Apr.1 2026    18:10 (GMT+8)<Price Notice>,2026-04-01T13:02:53.265Z,mem_ddr3_4gb
2026-04-02T20:00:00.000Z,mem_ddr3_4gb,DDR3 4Gb (512Mx8) 1600/1866,dram,7.625,9.65,5.5,0.0,Apr.2 2026    18:10 (GMT+8)<Price Notice>,2026-04-02T13:01:39.999Z,mem_ddr3_4gb
2026-04-03T20:00:00.000Z,mem_ddr3_4gb,DDR3 4Gb (512Mx8) 1600/1866,dram,7.7,9.65,5.5,0.98,Apr.3 2026    18:10 (GMT+8)<Price Notice>,2026-04-03T13:01:34.344Z,mem_ddr3_4gb
2026-04-06T20:00:00.000Z,mem_ddr3_4gb,DDR3 4Gb (512Mx8) 1600/1866,dram,7.7,9.65,5.5,0.98,Apr.3 2026    18:10 (GMT+8)<Price Notice>,2026-04-06T13:01:27.520Z,mem_ddr3_4gb
2026-04-07T20:00:00.000Z,mem_ddr3_4gb,DDR3 4Gb (512Mx8) 1600/1866,dram,7.7,9.75,5.5,0.0,Apr.7 2026    18:10 (GMT+8)<Price Notice>,2026-04-07T13:02:09.145Z,mem_ddr3_4gb
2026-04-08T20:00:00.000Z,mem_ddr3_4gb,DDR3 4Gb (512Mx8) 1600/1866,dram,7.7,9.75,5.5,0.0,Apr.8 2026    18:10 (GMT+8)<Price Notice>,2026-04-08T13:03:47.228Z,mem_ddr3_4gb
2026-04-09T20:00:00.000Z,mem_ddr3_4gb,DDR3 4Gb (512Mx8) 1600/1866,dram,7.725,9.75,5.5,0.33,Apr.9 2026    18:10 (GMT+8)<Price Notice>,2026-04-09T13:02:15.428Z,mem_ddr3_4gb
2026-04-10T20:00:00.000Z,mem_ddr3_4gb,DDR3 4Gb (512Mx8) 1600/1866,dram,7.75,9.8,5.5,0.32,Apr.10 2026    18:10 (GMT+8)<Price Notice>,2026-04-10T13:02:23.314Z,mem_ddr3_4gb
2026-04-13T20:00:00.000Z,mem_ddr3_4gb,DDR3 4Gb (512Mx8) 1600/1866,dram,7.8,10.0,5.5,0.65,Apr.13 2026    18:10 (GMT+8)<Price Notice>,2026-04-13T13:02:06.056Z,mem_ddr3_4gb
2026-04-14T20:00:00.000Z,mem_ddr3_4gb,DDR3 4Gb (512Mx8) 1600/1866,dram,7.8,10.0,5.5,0.0,Apr.14 2026    18:10 (GMT+8)<Price Notice>,2026-04-14T13:04:52.138Z,mem_ddr3_4gb
2026-04-15T20:00:00.000Z,mem_ddr3_4gb,DDR3 4Gb (512Mx8) 1600/1866,dram,7.863,10.1,5.5,0.81,Apr.15 2026    18:10 (GMT+8)<Price Notice>,2026-04-15T13:02:44.049Z,mem_ddr3_4gb
2026-04-16T20:00:00.000Z,mem_ddr3_4gb,DDR3 4Gb (512Mx8) 1600/1866,dram,7.975,10.1,5.3,1.42,Apr.16 2026    18:10 (GMT+8)<Price Notice>,2026-04-16T13:02:05.895Z,mem_ddr3_4gb
2026-04-17T20:00:00.000Z,mem_ddr3_4gb,DDR3 4Gb (512Mx8) 1600/1866,dram,8.025,10.1,5.3,0.63,Apr.17 2026    18:10 (GMT+8)<Price Notice>,2026-04-17T13:02:40.681Z,mem_ddr3_4gb
2026-04-20T20:00:00.000Z,mem_ddr3_4gb,DDR3 4Gb (512Mx8) 1600/1866,dram,8.075,10.2,5.2,0.62,Apr.20 2026    18:10 (GMT+8)<Price Notice>,2026-04-20T13:02:05.258Z,mem_ddr3_4gb
2026-04-21T20:00:00.000Z,mem_ddr3_4gb,DDR3 4Gb (512Mx8) 1600/1866,dram,8.125,10.2,5.2,0.62,Apr.21 2026    18:10 (GMT+8)<Price Notice>,2026-04-21T13:03:22.460Z,mem_ddr3_4gb
2026-04-22T20:00:00.000Z,mem_ddr3_4gb,DDR3 4Gb (512Mx8) 1600/1866,dram,8.125,10.3,5.15,0.0,Apr.22 2026    18:10 (GMT+8)<Price Notice>,2026-04-22T13:02:12.507Z,mem_ddr3_4gb
2026-04-23T20:00:00.000Z,mem_ddr3_4gb,DDR3 4Gb (512Mx8) 1600/1866,dram,8.125,10.3,5.15,0.0,Apr.23 2026    18:10 (GMT+8)<Price Notice>,2026-04-23T13:02:19.395Z,mem_ddr3_4gb
2026-04-24T20:00:00.000Z,mem_ddr3_4gb,DDR3 4Gb (512Mx8) 1600/1866,dram,8.125,10.3,5.1,0.0,Apr.24 2026    18:10 (GMT+8)<Price Notice>,2026-04-24T13:02:50.329Z,mem_ddr3_4gb
2026-04-27T20:00:00.000Z,mem_ddr3_4gb,DDR3 4Gb (512Mx8) 1600/1866,dram,8.175,10.5,5.1,0.62,Apr.27 2026    18:10 (GMT+8)<Price Notice>,2026-04-27T13:02:40.910Z,mem_ddr3_4gb
2026-04-28T20:00:00.000Z,mem_ddr3_4gb,DDR3 4Gb (512Mx8) 1600/1866,dram,8.25,10.5,5.1,0.92,Apr.28 2026    18:10 (GMT+8)<Price Notice>,2026-04-28T13:03:58.866Z,mem_ddr3_4gb
2026-04-29T20:00:00.000Z,mem_ddr3_4gb,DDR3 4Gb (512Mx8) 1600/1866,dram,8.3,10.5,5.15,0.61,Apr.29 2026    18:10 (GMT+8)<Price Notice>,2026-04-29T13:03:44.805Z,mem_ddr3_4gb
2026-04-30T20:00:00.000Z,mem_ddr3_4gb,DDR3 4Gb (512Mx8) 1600/1866,dram,8.375,10.5,5.15,0.9,Apr.30 2026    18:10 (GMT+8)<Price Notice>,2026-04-30T13:01:45.662Z,mem_ddr3_4gb
2026-05-01T20:00:00.000Z,mem_ddr3_4gb,DDR3 4Gb (512Mx8) 1600/1866,dram,8.375,10.5,5.15,0.9,Apr.30 2026    18:10 (GMT+8)<Price Notice>,2026-05-01T13:01:43.473Z,mem_ddr3_4gb
2026-05-04T20:00:00.000Z,mem_ddr3_4gb,DDR3 4Gb (512Mx8) 1600/1866,dram,8.45,10.6,5.2,0.9,May.4 2026    18:10 (GMT+8)<Price Notice>,2026-05-04T13:02:45.538Z,mem_ddr3_4gb
2026-05-05T20:00:00.000Z,mem_ddr3_4gb,DDR3 4Gb (512Mx8) 1600/1866,dram,8.475,10.6,5.2,0.3,May.5 2026    18:10 (GMT+8)<Price Notice>,2026-05-05T13:03:09.557Z,mem_ddr3_4gb
2026-05-06T20:00:00.000Z,mem_ddr3_4gb,DDR3 4Gb (512Mx8) 1600/1866,dram,8.525,10.6,5.2,0.59,May.6 2026    18:10 (GMT+8)<Price Notice>,2026-05-06T13:02:08.033Z,mem_ddr3_4gb
2026-05-07T20:00:00.000Z,mem_ddr3_4gb,DDR3 4Gb (512Mx8) 1600/1866,dram,8.625,10.8,5.25,1.17,May.7 2026    18:10 (GMT+8)<Price Notice>,2026-05-07T13:02:08.956Z,mem_ddr3_4gb
2026-05-08T20:00:00.000Z,mem_ddr3_4gb,DDR3 4Gb (512Mx8) 1600/1866,dram,8.725,10.8,5.4,1.16,May.8 2026    18:10 (GMT+8)<Price Notice>,2026-05-08T13:02:22.956Z,mem_ddr3_4gb
2026-05-11T20:00:00.000Z,mem_ddr3_4gb,DDR3 4Gb (512Mx8) 1600/1866,dram,8.775,11.0,5.45,0.57,May.11 2026    18:10 (GMT+8)<Price Notice>,2026-05-11T13:02:05.832Z,mem_ddr3_4gb
2026-05-12T20:00:00.000Z,mem_ddr3_4gb,DDR3 4Gb (512Mx8) 1600/1866,dram,8.875,11.0,5.45,1.14,May.12 2026    18:10 (GMT+8)<Price Notice>,2026-05-12T13:02:55.027Z,mem_ddr3_4gb
2026-05-13T20:00:00.000Z,mem_ddr3_4gb,DDR3 4Gb (512Mx8) 1600/1866,dram,8.95,11.0,5.5,0.85,May.13 2026    18:10 (GMT+8)<Price Notice>,2026-05-13T13:01:40.598Z,mem_ddr3_4gb
2026-05-14T20:00:00.000Z,mem_ddr3_4gb,DDR3 4Gb (512Mx8) 1600/1866,dram,8.963,11.1,5.55,0.15,May.14 2026    18:10 (GMT+8)<Price Notice>,2026-05-14T13:01:13.286Z,mem_ddr3_4gb
2026-05-15T20:00:00.000Z,mem_ddr3_4gb,DDR3 4Gb (512Mx8) 1600/1866,dram,8.988,11.1,5.55,0.28,May.15 2026    18:10 (GMT+8)<Price Notice>,2026-05-15T13:02:27.546Z,mem_ddr3_4gb
2026-05-18T20:00:00.000Z,mem_ddr3_4gb,DDR3 4Gb (512Mx8) 1600/1866,dram,8.988,11.5,5.5,0.0,May.18 2026    18:10 (GMT+8)<Price Notice>,2026-05-18T13:02:54.638Z,mem_ddr3_4gb
2026-05-19T20:00:00.000Z,mem_ddr3_4gb,DDR3 4Gb (512Mx8) 1600/1866,dram,8.988,11.5,5.5,0.0,May.19 2026    18:10 (GMT+8)<Price Notice>,2026-05-19T13:02:12.976Z,mem_ddr3_4gb
2026-05-20T20:00:00.000Z,mem_ddr3_4gb,DDR3 4Gb (512Mx8) 1600/1866,dram,9.038,11.5,5.5,0.56,May.20 2026    18:10 (GMT+8)<Price Notice>,2026-05-20T13:01:53.920Z,mem_ddr3_4gb
2026-05-21T20:00:00.000Z,mem_ddr3_4gb,DDR3 4Gb (512Mx8) 1600/1866,dram,9.088,11.5,5.5,0.55,May.21 2026    18:10 (GMT+8)<Price Notice>,2026-05-21T13:02:12.407Z,mem_ddr3_4gb
2026-05-22T20:00:00.000Z,mem_ddr3_4gb,DDR3 4Gb (512Mx8) 1600/1866,dram,9.163,11.5,5.5,0.83,May.22 2026    18:10 (GMT+8)<Price Notice>,2026-05-22T13:02:03.111Z,mem_ddr3_4gb
2026-05-25T20:00:00.000Z,mem_ddr3_4gb,DDR3 4Gb (512Mx8) 1600/1866,dram,9.163,11.5,5.5,0.0,May.25 2026    18:10 (GMT+8)<Price Notice>,2026-05-25T13:01:11.616Z,mem_ddr3_4gb
2026-05-26T20:00:00.000Z,mem_ddr3_4gb,DDR3 4Gb (512Mx8) 1600/1866,dram,9.213,11.6,5.55,0.55,May.26 2026    18:10 (GMT+8)<Price Notice>,2026-05-26T13:02:17.041Z,mem_ddr3_4gb
2026-05-27T20:00:00.000Z,mem_ddr3_4gb,DDR3 4Gb (512Mx8) 1600/1866,dram,9.213,11.6,5.55,0.0,May.27 2026    18:10 (GMT+8)<Price Notice>,2026-05-27T13:01:31.331Z,mem_ddr3_4gb
2026-05-28T20:00:00.000Z,mem_ddr3_4gb,DDR3 4Gb (512Mx8) 1600/1866,dram,9.275,11.6,5.5,0.67,May.28 2026    18:10 (GMT+8)<Price Notice>,2026-05-28T13:03:26.760Z,mem_ddr3_4gb
2026-05-29T20:00:00.000Z,mem_ddr3_4gb,DDR3 4Gb (512Mx8) 1600/1866,dram,9.4,12.0,5.5,1.35,May.29 2026    18:10 (GMT+8)<Price Notice>,2026-05-29T13:01:36.615Z,mem_ddr3_4gb
2026-06-01T20:00:00.000Z,mem_ddr3_4gb,DDR3 4Gb (512Mx8) 1600/1866,dram,9.475,12.2,5.55,0.8,Jun.1 2026    18:10 (GMT+8)<Price Notice>,2026-06-01T13:02:23.114Z,mem_ddr3_4gb
2026-06-02T20:00:00.000Z,mem_ddr3_4gb,DDR3 4Gb (512Mx8) 1600/1866,dram,9.625,12.5,5.55,1.58,Jun.2 2026    18:10 (GMT+8)<Price Notice>,2026-06-02T13:01:46.503Z,mem_ddr3_4gb
2026-06-03T20:00:00.000Z,mem_ddr3_4gb,DDR3 4Gb (512Mx8) 1600/1866,dram,9.8,13.0,5.55,1.82,Jun.3 2026    18:10 (GMT+8)<Price Notice>,2026-06-03T13:01:27.103Z,mem_ddr3_4gb
2026-06-04T20:00:00.000Z,mem_ddr3_4gb,DDR3 4Gb (512Mx8) 1600/1866,dram,9.9,13.5,5.55,1.02,Jun.4 2026    18:10 (GMT+8)<Price Notice>,2026-06-04T13:02:15.709Z,mem_ddr3_4gb
2026-06-05T20:00:00.000Z,mem_ddr3_4gb,DDR3 4Gb (512Mx8) 1600/1866,dram,10.025,14.0,5.55,1.26,Jun.5 2026    18:10 (GMT+8)<Price Notice>,2026-06-05T13:02:40.269Z,mem_ddr3_4gb
2026-06-08T20:00:00.000Z,mem_ddr3_4gb,DDR3 4Gb (512Mx8) 1600/1866,dram,10.167,14.5,5.8,1.42,Jun.8 2026    18:10 (GMT+8)<Price Notice>,2026-06-08T13:01:50.898Z,mem_ddr3_4gb
2026-06-09T20:00:00.000Z,mem_ddr3_4gb,DDR3 4Gb (512Mx8) 1600/1866,dram,10.314,14.8,5.8,1.45,Jun.9 2026    18:10 (GMT+8)<Price Notice>,2026-06-09T13:02:08.889Z,mem_ddr3_4gb
2026-06-10T20:00:00.000Z,mem_ddr3_4gb,DDR3 4Gb (512Mx8) 1600/1866,dram,10.433,15.0,5.8,1.15,Jun.10 2026    18:10 (GMT+8)<Price Notice>,2026-06-10T13:02:20.696Z,mem_ddr3_4gb
2026-06-11T20:00:00.000Z,mem_ddr3_4gb,DDR3 4Gb (512Mx8) 1600/1866,dram,10.548,15.5,6.0,1.1,Jun.11 2026    18:10 (GMT+8)<Price Notice>,2026-06-11T13:02:09.646Z,mem_ddr3_4gb
2026-06-12T20:00:00.000Z,mem_ddr3_4gb,DDR3 4Gb (512Mx8) 1600/1866,dram,10.671,15.8,6.2,1.17,Jun.12 2026    18:10 (GMT+8)<Price Notice>,2026-06-12T13:02:56.198Z,mem_ddr3_4gb
2026-06-15T20:00:00.000Z,mem_ddr3_4gb,DDR3 4Gb (512Mx8) 1600/1866,dram,10.743,16.0,6.2,0.68,Jun.15 2026    18:10 (GMT+8)<Price Notice>,2026-06-15T13:02:10.420Z,mem_ddr3_4gb
2026-06-16T20:00:00.000Z,mem_ddr3_4gb,DDR3 4Gb (512Mx8) 1600/1866,dram,10.857,16.0,6.3,1.06,Jun.16 2026    18:10 (GMT+8)<Price Notice>,2026-06-16T13:03:09.279Z,mem_ddr3_4gb
2026-06-17T20:00:00.000Z,mem_ddr3_4gb,DDR3 4Gb (512Mx8) 1600/1866,dram,10.952,16.0,6.3,0.88,Jun.17 2026    18:10 (GMT+8)<Price Notice>,2026-06-17T13:02:31.302Z,mem_ddr3_4gb
2026-06-18T20:00:00.000Z,mem_ddr3_4gb,DDR3 4Gb (512Mx8) 1600/1866,dram,10.976,16.0,6.5,0.22,Jun.18 2026    18:10 (GMT+8)<Price Notice>,2026-06-18T13:01:33.279Z,mem_ddr3_4gb
2026-06-19T20:00:00.000Z,mem_ddr3_4gb,DDR3 4Gb (512Mx8) 1600/1866,dram,10.976,16.0,6.5,0.22,Jun.18 2026    18:10 (GMT+8)<Price Notice>,2026-06-19T13:02:38.118Z,mem_ddr3_4gb
2026-06-22T20:00:00.000Z,mem_ddr3_4gb,DDR3 4Gb (512Mx8) 1600/1866,dram,11.152,16.5,6.6,1.6,Jun.22 2026    18:10 (GMT+8)<Price Notice>,2026-06-22T13:01:15.397Z,mem_ddr3_4gb
2026-06-23T20:00:00.000Z,mem_ddr3_4gb,DDR3 4Gb (512Mx8) 1600/1866,dram,11.271,16.5,6.6,1.07,Jun.23 2026    18:10 (GMT+8)<Price Notice>,2026-06-23T13:01:13.955Z,mem_ddr3_4gb
2026-06-24T20:00:00.000Z,mem_ddr3_4gb,DDR3 4Gb (512Mx8) 1600/1866,dram,11.386,16.5,7.0,1.02,Jun.24 2026    18:10 (GMT+8)<Price Notice>,2026-06-24T13:01:36.408Z,mem_ddr3_4gb
2026-06-25T20:00:00.000Z,mem_ddr3_4gb,DDR3 4Gb (512Mx8) 1600/1866,dram,11.5,16.5,7.2,1.0,Jun.25 2026    18:10 (GMT+8)<Price Notice>,2026-06-25T13:03:32.627Z,mem_ddr3_4gb
2026-06-26T20:00:00.000Z,mem_ddr3_4gb,DDR3 4Gb (512Mx8) 1600/1866,dram,11.571,16.5,7.2,0.62,Jun.26 2026    18:10 (GMT+8)<Price Notice>,2026-06-26T13:02:11.814Z,mem_ddr3_4gb
2026-06-29T20:00:00.000Z,mem_ddr3_4gb,DDR3 4Gb (512Mx8) 1600/1866,dram,11.762,16.5,7.5,1.65,Jun.29 2026    18:10 (GMT+8)<Price Notice>,2026-06-29T13:02:14.376Z,mem_ddr3_4gb
2026-06-30T20:00:00.000Z,mem_ddr3_4gb,DDR3 4Gb (512Mx8) 1600/1866,dram,12.038,16.5,7.7,2.35,Jun.30 2026    18:10 (GMT+8)<Price Notice>,2026-06-30T13:01:12.514Z,mem_ddr3_4gb
2026-07-01T20:00:00.000Z,mem_ddr3_4gb,DDR3 4Gb (512Mx8) 1600/1866,dram,12.171,16.5,8.0,1.11,Jul.1 2026    18:10 (GMT+8)<Price Notice>,2026-07-01T13:02:13.833Z,mem_ddr3_4gb
2026-07-02T20:00:00.000Z,mem_ddr3_4gb,DDR3 4Gb (512Mx8) 1600/1866,dram,12.341,16.5,8.0,1.4,Jul.2 2026    18:10 (GMT+8)<Price Notice>,2026-07-02T13:01:47.874Z,mem_ddr3_4gb
2026-07-03T20:00:00.000Z,mem_ddr3_4gb,DDR3 4Gb (512Mx8) 1600/1866,dram,12.476,16.8,8.3,1.09,Jul.3 2026    18:10 (GMT+8)<Price Notice>,2026-07-03T13:02:23.584Z,mem_ddr3_4gb
2026-07-06T20:00:00.000Z,mem_ddr3_4gb,DDR3 4Gb (512Mx8) 1600/1866,dram,12.675,17.0,8.5,1.6,Jul.6 2026    18:10 (GMT+8)<Price Notice>,2026-07-06T13:01:52.377Z,mem_ddr3_4gb
2026-07-07T20:00:00.000Z,mem_ddr3_4gb,DDR3 4Gb (512Mx8) 1600/1866,dram,12.75,17.0,8.5,0.59,Jul.7 2026    18:10 (GMT+8)<Price Notice>,2026-07-07T13:02:35.935Z,mem_ddr3_4gb
2026-07-08T20:00:00.000Z,mem_ddr3_4gb,DDR3 4Gb (512Mx8) 1600/1866,dram,12.825,17.0,8.5,0.59,Jul.8 2026    18:10 (GMT+8)<Price Notice>,2026-07-08T13:02:29.977Z,mem_ddr3_4gb
2026-07-09T20:00:00.000Z,mem_ddr3_4gb,DDR3 4Gb (512Mx8) 1600/1866,dram,12.875,17.0,8.5,0.39,Jul.9 2026    18:10 (GMT+8)<Price Notice>,2026-07-09T13:02:42.912Z,mem_ddr3_4gb
2026-07-10T20:00:00.000Z,mem_ddr3_4gb,DDR3 4Gb (512Mx8) 1600/1866,dram,12.925,17.5,8.6,0.39,Jul.10 2026    18:10 (GMT+8)<Price Notice>,2026-07-10T13:02:07.843Z,mem_ddr3_4gb
2026-07-13T20:00:00.000Z,mem_ddr3_4gb,DDR3 4Gb (512Mx8) 1600/1866,dram,12.95,17.8,8.8,0.19,Jul.13 2026    18:10 (GMT+8)<Price Notice>,2026-07-13T13:02:43.823Z,mem_ddr3_4gb
2024-01-01T21:00:00.000Z,mem_ddr3_4gb,DDR3 4Gb (512Mx8) 1600/1866,dram,1.036,,,,historical CSV backfill,2026-07-14T01:37:42.667Z,mem_ddr3_4gb
2026-07-14T20:00:00.000Z,mem_ddr3_4gb,DDR3 4Gb (512Mx8) 1600/1866,dram,13.05,17.8,8.8,0.77,Jul.14 2026    18:10 (GMT+8)<Price Notice>,2026-07-14T13:01:15.324Z,mem_ddr3_4gb
2026-07-15T20:00:00.000Z,mem_ddr3_4gb,DDR3 4Gb (512Mx8) 1600/1866,dram,13.175,17.8,8.8,0.96,Jul.15 2026    18:10 (GMT+8)<Price Notice>,2026-07-15T13:01:08.288Z,mem_ddr3_4gb
2026-07-16T20:00:00.000Z,mem_ddr3_4gb,DDR3 4Gb (512Mx8) 1600/1866,dram,13.175,18.0,8.85,0.0,Jul.16 2026    18:10 (GMT+8)<Price Notice>,2026-07-16T13:02:46.897Z,mem_ddr3_4gb
2026-07-17T20:00:00.000Z,mem_ddr3_4gb,DDR3 4Gb (512Mx8) 1600/1866,dram,13.175,18.0,8.85,0.0,Jul.17 2026    18:10 (GMT+8)<Price Notice>,2026-07-17T13:02:49.872Z,mem_ddr3_4gb
2026-07-20T20:00:00.000Z,mem_ddr3_4gb,DDR3 4Gb (512Mx8) 1600/1866,dram,13.175,18.0,8.85,0.0,Jul.20 2026    18:10 (GMT+8)<Price Notice>,2026-07-20T13:01:22.659Z,mem_ddr3_4gb
2026-07-21T20:00:00.000Z,mem_ddr3_4gb,DDR3 4Gb (512Mx8) 1600/1866,dram,13.175,18.0,8.8,0.0,Jul.21 2026    18:10 (GMT+8)<Price Notice>,2026-07-21T13:02:34.422Z,mem_ddr3_4gb
2026-07-22T20:00:00.000Z,mem_ddr3_4gb,DDR3 4Gb (512Mx8) 1600/1866,dram,13.25,18.5,8.8,0.57,Jul.22 2026    18:10 (GMT+8)<Price Notice>,2026-07-22T13:02:43.978Z,mem_ddr3_4gb
2026-07-23T20:00:00.000Z,mem_ddr3_4gb,DDR3 4Gb (512Mx8) 1600/1866,dram,13.31,18.9,9.0,0.45,Jul.23 2026    18:10 (GMT+8)<Price Notice>,2026-07-23T13:02:13.780Z,mem_ddr3_4gb
2026-07-24T20:00:00.000Z,mem_ddr3_4gb,DDR3 4Gb (512Mx8) 1600/1866,dram,13.429,19.0,9.0,0.89,Jul.24 2026    18:10 (GMT+8)<Price Notice>,2026-07-24T13:02:28.533Z,mem_ddr3_4gb
2026-07-27T20:00:00.000Z,mem_ddr3_4gb,DDR3 4Gb (512Mx8) 1600/1866,dram,13.595,20.5,9.2,1.24,Jul.27 2026    18:10 (GMT+8)<Price Notice>,2026-07-27T20:02:47.070Z,mem_ddr3_4gb
2026-07-28T20:00:00.000Z,mem_ddr3_4gb,DDR3 4Gb (512Mx8) 1600/1866,dram,13.738,20.6,9.2,1.05,Jul.28 2026    18:10 (GMT+8)<Price Notice>,2026-07-28T20:02:31.411Z,mem_ddr3_4gb
2026-07-29T20:00:00.000Z,mem_ddr3_4gb,DDR3 4Gb (512Mx8) 1600/1866,dram,13.81,20.6,9.2,0.52,Jul.29 2026    18:10 (GMT+8)<Price Notice>,2026-07-29T20:02:52.292Z,mem_ddr3_4gb
2026-07-30T20:00:00.000Z,mem_ddr3_4gb,DDR3 4Gb (512Mx8) 1600/1866,dram,13.81,20.6,9.2,0.0,Jul.30 2026    18:10 (GMT+8)<Price Notice>,2026-07-30T20:02:11.453Z,mem_ddr3_4gb
2026-07-31T20:00:00.000Z,mem_ddr3_4gb,DDR3 4Gb (512Mx8) 1600/1866,dram,13.81,20.6,9.2,0.0,Jul.31 2026    18:10 (GMT+8)<Price Notice>,2026-07-31T20:01:49.889Z,mem_ddr3_4gb
2026-08-03T20:00:00.000Z,mem_ddr3_4gb,DDR3 4Gb (512Mx8) 1600/1866,dram,13.838,20.8,9.3,0.2,Aug.3 2026    18:10 (GMT+8)<Price Notice>,2026-08-03T20:01:22.877Z,mem_ddr3_4gb
2026-08-04T20:00:00.000Z,mem_ddr3_4gb,DDR3 4Gb (512Mx8) 1600/1866,dram,13.867,20.8,9.3,0.21,Aug.4 2026    18:10 (GMT+8)<Price Notice>,2026-08-04T20:01:15.160Z,mem_ddr3_4gb
2026-08-05T20:00:00.000Z,mem_ddr3_4gb,DDR3 4Gb (512Mx8) 1600/1866,dram,13.919,20.8,9.3,0.38,Aug.5 2026    18:10 (GMT+8)<Price Notice>,2026-08-05T20:02:43.953Z,mem_ddr3_4gb
2026-08-06T20:00:00.000Z,mem_ddr3_4gb,DDR3 4Gb (512Mx8) 1600/1866,dram,13.948,20.8,9.4,0.21,Aug.6 2026    18:10 (GMT+8)<Price Notice>,2026-08-06T20:01:55.342Z,mem_ddr3_4gb
2026-08-07T20:00:00.000Z,mem_ddr3_4gb,DDR3 4Gb (512Mx8) 1600/1866,dram,13.976,20.8,9.4,0.2,Aug.7 2026    18:10 (GMT+8)<Price Notice>,2026-08-07T20:02:31.314Z,mem_ddr3_4gb
2026-08-10T20:00:00.000Z,mem_ddr3_4gb,DDR3 4Gb (512Mx8) 1600/1866,dram,14.024,20.6,9.5,0.34,Aug.10 2026    18:10 (GMT+8)<Price Notice>,2026-08-10T20:01:50.891Z,mem_ddr3_4gb
2026-08-11T20:00:00.000Z,mem_ddr3_4gb,DDR3 4Gb (512Mx8) 1600/1866,dram,14.024,20.6,9.5,0.0,Aug.11 2026    18:10 (GMT+8)<Price Notice>,2026-08-11T20:02:04.894Z,mem_ddr3_4gb
2026-08-12T20:00:00.000Z,mem_ddr3_4gb,DDR3 4Gb (512Mx8) 1600/1866,dram,13.982,20.5,9.6,-0.3,Aug.12 2026    18:10 (GMT+8)<Price Notice>,2026-08-12T20:01:26.613Z,mem_ddr3_4gb
2026-08-13T20:00:00.000Z,mem_ddr3_4gb,DDR3 4Gb (512Mx8) 1600/1866,dram,13.978,20.3,9.6,-0.03,Aug.13 2026    18:10 (GMT+8)<Price Notice>,2026-08-13T20:02:28.391Z,mem_ddr3_4gb
2026-08-14T20:00:00.000Z,mem_ddr3_4gb,DDR3 4Gb (512Mx8) 1600/1866,dram,13.978,20.3,9.6,0.0,Aug.14 2026    18:10 (GMT+8)<Price Notice>,2026-08-14T20:01:13.862Z,mem_ddr3_4gb
2026-08-17T20:00:00.000Z,mem_ddr3_4gb,DDR3 4Gb (512Mx8) 1600/1866,dram,13.982,20.2,9.6,0.03,Aug.17 2026    18:10 (GMT+8)<Price Notice>,2026-08-17T20:01:36.925Z,mem_ddr3_4gb
2026-08-18T20:00:00.000Z,mem_ddr3_4gb,DDR3 4Gb (512Mx8) 1600/1866,dram,13.991,20.2,9.6,0.06,Aug.18 2026    18:10 (GMT+8)<Price Notice>,2026-08-18T20:03:16.187Z,mem_ddr3_4gb
2026-08-19T20:00:00.000Z,mem_ddr3_4gb,DDR3 4Gb (512Mx8) 1600/1866,dram,13.961,20.2,9.6,-0.21,Aug.19 2026    18:10 (GMT+8)<Price Notice>,2026-08-19T20:02:20.844Z,mem_ddr3_4gb
2026-08-20T20:00:00.000Z,mem_ddr3_4gb,DDR3 4Gb (512Mx8) 1600/1866,dram,13.951,20.2,9.6,-0.07,Aug.20 2026    18:10 (GMT+8)<Price Notice>,2026-08-20T20:03:28.179Z,mem_ddr3_4gb
2026-08-21T20:00:00.000Z,mem_ddr3_4gb,DDR3 4Gb (512Mx8) 1600/1866,dram,13.947,20.2,9.6,-0.03,Aug.21 2026    18:10 (GMT+8)<Price Notice>,2026-08-21T20:02:16.258Z,mem_ddr3_4gb
2026-08-24T20:00:00.000Z,mem_ddr3_4gb,DDR3 4Gb (512Mx8) 1600/1866,dram,13.947,20.2,9.6,0.0,Aug.24 2026    18:10 (GMT+8)<Price Notice>,2026-08-24T20:02:25.006Z,mem_ddr3_4gb
2026-08-25T20:00:00.000Z,mem_ddr3_4gb,DDR3 4Gb (512Mx8) 1600/1866,dram,13.947,20.2,9.7,0.0,Aug.25 2026    18:10 (GMT+8)<Price Notice>,2026-08-25T20:02:53.059Z,mem_ddr3_4gb
2026-08-26T20:00:00.000Z,mem_ddr3_4gb,DDR3 4Gb (512Mx8) 1600/1866,dram,13.947,20.2,9.7,0.0,Aug.26 2026    18:10 (GMT+8)<Price Notice>,2026-08-26T20:02:53.992Z,mem_ddr3_4gb
2026-08-27T20:00:00.000Z,mem_ddr3_4gb,DDR3 4Gb (512Mx8) 1600/1866,dram,13.932,20.2,9.7,-0.11,Aug.27 2026    18:10 (GMT+8)<Price Notice>,2026-08-27T20:02:14.743Z,mem_ddr3_4gb
2026-08-28T20:00:00.000Z,mem_ddr3_4gb,DDR3 4Gb (512Mx8) 1600/1866,dram,13.883,20.2,9.7,-0.35,Aug.28 2026    18:10 (GMT+8)<Price Notice>,2026-08-28T20:02:32.935Z,mem_ddr3_4gb
2026-08-31T20:00:00.000Z,mem_ddr3_4gb,DDR3 4Gb (512Mx8) 1600/1866,dram,13.854,20.0,9.7,-0.21,Aug.31 2026    18:10 (GMT+8)<Price Notice>,2026-08-31T20:02:02.069Z,mem_ddr3_4gb
2025-10-08T20:00:00.000Z,mem_ddr4_16gb,DDR4 16Gb (2Gx8) 3200,dram,14.573,,,1.78,Oct.8 2025    14:40 ,2026-01-08T03:24:34.248Z,mem_ddr4_16gb
2026-01-07T21:00:00.000Z,mem_ddr4_16gb,DDR4 16Gb (2Gx8) 3200,dram,69.659,79.0,26.0,1.42,Jan.8 2026    11:00 (GMT+8)<Price Notice>,2026-01-08T03:31:26.126Z,mem_ddr4_16gb
2026-01-08T21:00:00.000Z,mem_ddr4_16gb,DDR4 16Gb (2Gx8) 3200,dram,70.0,82.0,26.0,1.92,Jan.8 2026    18:10 (GMT+8)<Price Notice>,2026-01-08T14:02:23.018Z,mem_ddr4_16gb
2026-01-09T21:00:00.000Z,mem_ddr4_16gb,DDR4 16Gb (2Gx8) 3200,dram,71.0,83.0,26.0,1.43,Jan.9 2026    18:10 (GMT+8)<Price Notice>,2026-01-09T14:01:32.464Z,mem_ddr4_16gb
2026-01-12T21:00:00.000Z,mem_ddr4_16gb,DDR4 16Gb (2Gx8) 3200,dram,71.5,83.0,26.0,0.7,Jan.12 2026    18:10 (GMT+8)<Price Notice>,2026-01-12T14:01:37.605Z,mem_ddr4_16gb
2026-01-13T21:00:00.000Z,mem_ddr4_16gb,DDR4 16Gb (2Gx8) 3200,dram,73.5,85.0,26.0,2.8,Jan.13 2026    18:10 (GMT+8)<Price Notice>,2026-01-13T14:01:26.924Z,mem_ddr4_16gb
2026-01-14T21:00:00.000Z,mem_ddr4_16gb,DDR4 16Gb (2Gx8) 3200,dram,74.5,90.0,26.0,1.36,Jan.14 2026    18:10 (GMT+8)<Price Notice>,2026-01-14T14:01:03.695Z,mem_ddr4_16gb
2026-01-15T21:00:00.000Z,mem_ddr4_16gb,DDR4 16Gb (2Gx8) 3200,dram,75.545,90.0,26.0,1.4,Jan.15 2026    18:10 (GMT+8)<Price Notice>,2026-01-15T14:01:37.352Z,mem_ddr4_16gb
2026-01-16T21:00:00.000Z,mem_ddr4_16gb,DDR4 16Gb (2Gx8) 3200,dram,76.909,90.0,26.0,1.81,Jan.16 2026    18:10 (GMT+8)<Price Notice>,2026-01-16T14:01:57.038Z,mem_ddr4_16gb
2026-01-19T21:00:00.000Z,mem_ddr4_16gb,DDR4 16Gb (2Gx8) 3200,dram,77.864,91.0,26.0,1.24,Jan.19 2026    18:10 (GMT+8)<Price Notice>,2026-01-19T14:01:38.770Z,mem_ddr4_16gb
2026-01-20T21:00:00.000Z,mem_ddr4_16gb,DDR4 16Gb (2Gx8) 3200,dram,78.364,92.0,26.0,0.64,Jan.20 2026    18:10 (GMT+8)<Price Notice>,2026-01-20T14:01:04.009Z,mem_ddr4_16gb
2026-01-21T21:00:00.000Z,mem_ddr4_16gb,DDR4 16Gb (2Gx8) 3200,dram,78.364,92.0,26.0,0.0,Jan.21 2026    18:10 (GMT+8)<Price Notice>,2026-01-21T14:01:09.164Z,mem_ddr4_16gb
2026-01-22T21:00:00.000Z,mem_ddr4_16gb,DDR4 16Gb (2Gx8) 3200,dram,78.636,92.0,26.0,0.35,Jan.22 2026    18:10 (GMT+8)<Price Notice>,2026-01-22T14:01:54.515Z,mem_ddr4_16gb
2026-01-23T21:00:00.000Z,mem_ddr4_16gb,DDR4 16Gb (2Gx8) 3200,dram,78.75,92.0,26.0,0.15,Jan.23 2026    18:10 (GMT+8)<Price Notice>,2026-01-23T14:01:50.243Z,mem_ddr4_16gb
2026-01-26T21:00:00.000Z,mem_ddr4_16gb,DDR4 16Gb (2Gx8) 3200,dram,78.805,93.0,26.5,0.07,Jan.26 2026    18:10 (GMT+8)<Price Notice>,2026-01-26T14:02:40.087Z,mem_ddr4_16gb
2026-01-27T21:00:00.000Z,mem_ddr4_16gb,DDR4 16Gb (2Gx8) 3200,dram,78.75,92.0,26.5,-0.07,Jan.27 2026    18:10 (GMT+8)<Price Notice>,2026-01-27T14:01:56.839Z,mem_ddr4_16gb
2026-01-28T21:00:00.000Z,mem_ddr4_16gb,DDR4 16Gb (2Gx8) 3200,dram,78.205,92.0,26.5,-0.69,Jan.28 2026    18:10 (GMT+8)<Price Notice>,2026-01-28T14:03:03.538Z,mem_ddr4_16gb
2026-01-29T21:00:00.000Z,mem_ddr4_16gb,DDR4 16Gb (2Gx8) 3200,dram,77.932,92.0,26.5,-0.35,Jan.29 2026    18:10 (GMT+8)<Price Notice>,2026-01-29T14:01:57.611Z,mem_ddr4_16gb
2026-01-30T21:00:00.000Z,mem_ddr4_16gb,DDR4 16Gb (2Gx8) 3200,dram,77.705,92.0,26.5,-0.29,Jan.30 2026    18:10 (GMT+8)<Price Notice>,2026-01-30T14:01:40.814Z,mem_ddr4_16gb
2026-02-02T21:00:00.000Z,mem_ddr4_16gb,DDR4 16Gb (2Gx8) 3200,dram,77.591,92.0,26.5,-0.15,Feb.2 2026    18:10 (GMT+8)<Price Notice>,2026-02-02T14:03:38.237Z,mem_ddr4_16gb
2026-02-03T21:00:00.000Z,mem_ddr4_16gb,DDR4 16Gb (2Gx8) 3200,dram,77.205,90.0,26.5,-0.5,Feb.3 2026    18:10 (GMT+8)<Price Notice>,2026-02-03T14:02:24.155Z,mem_ddr4_16gb
2026-02-04T21:00:00.000Z,mem_ddr4_16gb,DDR4 16Gb (2Gx8) 3200,dram,77.084,90.0,26.0,-0.16,Feb.4 2026    18:10 (GMT+8)<Price Notice>,2026-02-04T14:02:16.866Z,mem_ddr4_16gb
2026-02-05T21:00:00.000Z,mem_ddr4_16gb,DDR4 16Gb (2Gx8) 3200,dram,76.949,90.0,26.0,-0.18,Feb.5 2026    18:10 (GMT+8)<Price Notice>,2026-02-05T14:02:40.711Z,mem_ddr4_16gb
2026-02-06T21:00:00.000Z,mem_ddr4_16gb,DDR4 16Gb (2Gx8) 3200,dram,76.966,92.0,26.0,0.02,Feb.6 2026    18:10 (GMT+8)<Price Notice>,2026-02-06T14:01:17.206Z,mem_ddr4_16gb
2026-02-09T21:00:00.000Z,mem_ddr4_16gb,DDR4 16Gb (2Gx8) 3200,dram,76.848,91.5,25.0,-0.15,Feb.9 2026    18:10 (GMT+8)<Price Notice>,2026-02-09T14:01:59.345Z,mem_ddr4_16gb
2026-02-10T21:00:00.000Z,mem_ddr4_16gb,DDR4 16Gb (2Gx8) 3200,dram,76.966,91.5,25.0,0.15,Feb.10 2026    18:10 (GMT+8)<Price Notice>,2026-02-10T14:02:08.356Z,mem_ddr4_16gb
2026-02-11T21:00:00.000Z,mem_ddr4_16gb,DDR4 16Gb (2Gx8) 3200,dram,77.236,91.5,25.0,0.35,Feb.11 2026    18:10 (GMT+8)<Price Notice>,2026-02-11T14:02:08.813Z,mem_ddr4_16gb
2026-02-12T21:00:00.000Z,mem_ddr4_16gb,DDR4 16Gb (2Gx8) 3200,dram,77.775,91.5,25.0,0.7,Feb.12 2026    18:10 (GMT+8)<Price Notice>,2026-02-12T14:01:33.885Z,mem_ddr4_16gb
2026-02-13T21:00:00.000Z,mem_ddr4_16gb,DDR4 16Gb (2Gx8) 3200,dram,78.409,91.5,25.0,0.82,Feb.13 2026    18:10 (GMT+8)<Price Notice>,2026-02-13T14:01:53.473Z,mem_ddr4_16gb
2026-02-16T21:00:00.000Z,mem_ddr4_16gb,DDR4 16Gb (2Gx8) 3200,dram,78.409,91.5,25.0,0.82,Feb.13 2026    18:10 (GMT+8)<Price Notice>,2026-02-16T14:01:15.419Z,mem_ddr4_16gb
2026-02-17T21:00:00.000Z,mem_ddr4_16gb,DDR4 16Gb (2Gx8) 3200,dram,78.409,91.5,25.0,0.82,Feb.13 2026    18:10 (GMT+8)<Price Notice>,2026-02-17T14:01:55.881Z,mem_ddr4_16gb
2026-02-18T21:00:00.000Z,mem_ddr4_16gb,DDR4 16Gb (2Gx8) 3200,dram,78.409,91.5,25.0,0.82,Feb.13 2026    18:10 (GMT+8)<Price Notice>,2026-02-18T14:01:56.511Z,mem_ddr4_16gb
2026-02-19T21:00:00.000Z,mem_ddr4_16gb,DDR4 16Gb (2Gx8) 3200,dram,78.409,91.5,25.0,0.82,Feb.13 2026    18:10 (GMT+8)<Price Notice>,2026-02-19T14:03:01.304Z,mem_ddr4_16gb
2026-02-20T21:00:00.000Z,mem_ddr4_16gb,DDR4 16Gb (2Gx8) 3200,dram,78.409,91.5,25.0,0.82,Feb.13 2026    18:10 (GMT+8)<Price Notice>,2026-02-20T14:01:37.710Z,mem_ddr4_16gb
2026-02-23T21:00:00.000Z,mem_ddr4_16gb,DDR4 16Gb (2Gx8) 3200,dram,78.409,91.5,25.0,0.0,Feb.23 2026    18:10 (GMT+8)<Price Notice>,2026-02-23T14:02:38.887Z,mem_ddr4_16gb
2026-02-24T21:00:00.000Z,mem_ddr4_16gb,DDR4 16Gb (2Gx8) 3200,dram,78.636,92.0,25.2,0.29,Feb.24 2026    18:10 (GMT+8)<Price Notice>,2026-02-24T14:02:04.081Z,mem_ddr4_16gb
2026-02-25T21:00:00.000Z,mem_ddr4_16gb,DDR4 16Gb (2Gx8) 3200,dram,79.136,92.0,25.2,0.64,Feb.25 2026    18:10 (GMT+8)<Price Notice>,2026-02-25T14:02:08.345Z,mem_ddr4_16gb
2026-02-26T21:00:00.000Z,mem_ddr4_16gb,DDR4 16Gb (2Gx8) 3200,dram,79.364,92.0,25.2,0.29,Feb.26 2026    18:10 (GMT+8)<Price Notice>,2026-02-26T14:01:43.257Z,mem_ddr4_16gb
2026-02-27T21:00:00.000Z,mem_ddr4_16gb,DDR4 16Gb (2Gx8) 3200,dram,79.909,92.0,25.2,0.69,Feb.27 2026    18:10 (GMT+8)<Price Notice>,2026-02-27T14:01:52.460Z,mem_ddr4_16gb
2026-03-02T21:00:00.000Z,mem_ddr4_16gb,DDR4 16Gb (2Gx8) 3200,dram,78.091,92.0,25.2,-2.28,Mar.2 2026    18:10 (GMT+8)<Price Notice>,2026-03-02T14:01:45.816Z,mem_ddr4_16gb
2026-03-03T21:00:00.000Z,mem_ddr4_16gb,DDR4 16Gb (2Gx8) 3200,dram,77.355,85.0,25.5,-0.94,Mar.3 2026    18:10 (GMT+8)<Price Notice>,2026-03-03T14:01:56.569Z,mem_ddr4_16gb
2026-03-04T21:00:00.000Z,mem_ddr4_16gb,DDR4 16Gb (2Gx8) 3200,dram,77.159,85.0,25.8,-0.25,Mar.4 2026    18:10 (GMT+8)<Price Notice>,2026-03-04T14:02:15.081Z,mem_ddr4_16gb
2026-03-05T21:00:00.000Z,mem_ddr4_16gb,DDR4 16Gb (2Gx8) 3200,dram,77.409,85.0,25.8,0.32,Mar.5 2026    18:10 (GMT+8)<Price Notice>,2026-03-05T14:02:35.503Z,mem_ddr4_16gb
2026-03-06T21:00:00.000Z,mem_ddr4_16gb,DDR4 16Gb (2Gx8) 3200,dram,77.436,85.0,25.8,0.04,Mar.6 2026    18:10 (GMT+8)<Price Notice>,2026-03-06T14:01:29.672Z,mem_ddr4_16gb
2026-03-09T20:00:00.000Z,mem_ddr4_16gb,DDR4 16Gb (2Gx8) 3200,dram,77.273,85.0,26.2,-0.21,Mar.9 2026    18:10 (GMT+8)<Price Notice>,2026-03-09T13:01:36.589Z,mem_ddr4_16gb
2026-03-10T20:00:00.000Z,mem_ddr4_16gb,DDR4 16Gb (2Gx8) 3200,dram,77.091,85.0,26.2,-0.24,Mar.10 2026    18:10 (GMT+8)<Price Notice>,2026-03-10T13:02:23.470Z,mem_ddr4_16gb
2026-03-11T20:00:00.000Z,mem_ddr4_16gb,DDR4 16Gb (2Gx8) 3200,dram,77.318,87.0,26.2,0.29,Mar.11 2026    18:10 (GMT+8)<Price Notice>,2026-03-11T13:02:25.904Z,mem_ddr4_16gb
2026-03-12T20:00:00.000Z,mem_ddr4_16gb,DDR4 16Gb (2Gx8) 3200,dram,77.318,87.0,26.0,0.0,Mar.12 2026    18:10 (GMT+8)<Price Notice>,2026-03-12T13:02:16.078Z,mem_ddr4_16gb
2026-03-13T20:00:00.000Z,mem_ddr4_16gb,DDR4 16Gb (2Gx8) 3200,dram,77.25,88.0,26.0,-0.09,Mar.13 2026    18:10 (GMT+8)<Price Notice>,2026-03-13T13:02:21.111Z,mem_ddr4_16gb
2026-03-16T20:00:00.000Z,mem_ddr4_16gb,DDR4 16Gb (2Gx8) 3200,dram,77.227,88.0,26.0,-0.03,Mar.16 2026    18:10 (GMT+8)<Price Notice>,2026-03-16T13:02:45.995Z,mem_ddr4_16gb
2026-03-17T20:00:00.000Z,mem_ddr4_16gb,DDR4 16Gb (2Gx8) 3200,dram,77.364,88.0,26.0,0.18,Mar.17 2026    18:10 (GMT+8)<Price Notice>,2026-03-17T13:02:03.849Z,mem_ddr4_16gb
2026-03-18T20:00:00.000Z,mem_ddr4_16gb,DDR4 16Gb (2Gx8) 3200,dram,77.5,88.0,25.8,0.18,Mar.18 2026    18:10 (GMT+8)<Price Notice>,2026-03-18T13:01:43.115Z,mem_ddr4_16gb
2026-03-19T20:00:00.000Z,mem_ddr4_16gb,DDR4 16Gb (2Gx8) 3200,dram,77.5,88.0,25.8,0.0,Mar.19 2026    18:10 (GMT+8)<Price Notice>,2026-03-19T13:02:15.467Z,mem_ddr4_16gb
2026-03-20T20:00:00.000Z,mem_ddr4_16gb,DDR4 16Gb (2Gx8) 3200,dram,77.5,88.0,25.8,0.0,Mar.20 2026    18:10 (GMT+8)<Price Notice>,2026-03-20T13:01:39.076Z,mem_ddr4_16gb
2026-03-23T20:00:00.000Z,mem_ddr4_16gb,DDR4 16Gb (2Gx8) 3200,dram,76.614,88.0,25.5,-1.14,Mar.23 2026    18:10 (GMT+8)<Price Notice>,2026-03-23T13:02:20.335Z,mem_ddr4_16gb
2026-03-24T20:00:00.000Z,mem_ddr4_16gb,DDR4 16Gb (2Gx8) 3200,dram,76.068,88.0,26.0,-0.71,Mar.24 2026    18:10 (GMT+8)<Price Notice>,2026-03-24T13:02:47.182Z,mem_ddr4_16gb
2026-03-25T20:00:00.000Z,mem_ddr4_16gb,DDR4 16Gb (2Gx8) 3200,dram,75.727,88.0,26.0,-0.45,Mar.25 2026    18:10 (GMT+8)<Price Notice>,2026-03-25T13:01:40.793Z,mem_ddr4_16gb
2026-03-26T20:00:00.000Z,mem_ddr4_16gb,DDR4 16Gb (2Gx8) 3200,dram,75.364,88.0,26.0,-0.48,Mar.26 2026    18:10 (GMT+8)<Price Notice>,2026-03-26T13:03:07.542Z,mem_ddr4_16gb
2026-03-27T20:00:00.000Z,mem_ddr4_16gb,DDR4 16Gb (2Gx8) 3200,dram,74.682,90.0,26.5,-0.91,Mar.27 2026    18:10 (GMT+8)<Price Notice>,2026-03-27T13:01:53.741Z,mem_ddr4_16gb
2026-03-30T20:00:00.000Z,mem_ddr4_16gb,DDR4 16Gb (2Gx8) 3200,dram,74.341,90.0,26.2,-0.46,Mar.30 2026    18:10 (GMT+8)<Price Notice>,2026-03-30T13:02:54.120Z,mem_ddr4_16gb
2026-03-31T20:00:00.000Z,mem_ddr4_16gb,DDR4 16Gb (2Gx8) 3200,dram,74.227,90.0,26.2,-0.15,Mar.31 2026    18:10 (GMT+8)<Price Notice>,2026-03-31T13:02:38.230Z,mem_ddr4_16gb
2026-04-01T20:00:00.000Z,mem_ddr4_16gb,DDR4 16Gb (2Gx8) 3200,dram,74.0,90.0,26.2,-0.31,Apr.1 2026    18:10 (GMT+8)<Price Notice>,2026-04-01T13:02:53.265Z,mem_ddr4_16gb
2026-04-02T20:00:00.000Z,mem_ddr4_16gb,DDR4 16Gb (2Gx8) 3200,dram,73.318,90.0,26.2,-0.92,Apr.2 2026    18:10 (GMT+8)<Price Notice>,2026-04-02T13:01:39.999Z,mem_ddr4_16gb
2026-04-03T20:00:00.000Z,mem_ddr4_16gb,DDR4 16Gb (2Gx8) 3200,dram,73.091,90.0,26.2,-0.31,Apr.3 2026    18:10 (GMT+8)<Price Notice>,2026-04-03T13:01:34.344Z,mem_ddr4_16gb
2026-04-06T20:00:00.000Z,mem_ddr4_16gb,DDR4 16Gb (2Gx8) 3200,dram,73.091,90.0,26.2,-0.31,Apr.3 2026    18:10 (GMT+8)<Price Notice>,2026-04-06T13:01:27.520Z,mem_ddr4_16gb
2026-04-07T20:00:00.000Z,mem_ddr4_16gb,DDR4 16Gb (2Gx8) 3200,dram,73.036,89.0,26.5,-0.08,Apr.7 2026    18:10 (GMT+8)<Price Notice>,2026-04-07T13:02:09.145Z,mem_ddr4_16gb
2026-04-08T20:00:00.000Z,mem_ddr4_16gb,DDR4 16Gb (2Gx8) 3200,dram,72.545,89.0,26.5,-0.67,Apr.8 2026    18:10 (GMT+8)<Price Notice>,2026-04-08T13:03:47.228Z,mem_ddr4_16gb
2026-04-09T20:00:00.000Z,mem_ddr4_16gb,DDR4 16Gb (2Gx8) 3200,dram,72.0,89.0,27.0,-0.75,Apr.9 2026    18:10 (GMT+8)<Price Notice>,2026-04-09T13:02:15.428Z,mem_ddr4_16gb
2026-04-10T20:00:00.000Z,mem_ddr4_16gb,DDR4 16Gb (2Gx8) 3200,dram,71.5,88.0,27.0,-0.69,Apr.10 2026    18:10 (GMT+8)<Price Notice>,2026-04-10T13:02:23.314Z,mem_ddr4_16gb
2026-04-13T20:00:00.000Z,mem_ddr4_16gb,DDR4 16Gb (2Gx8) 3200,dram,71.182,87.5,27.5,-0.45,Apr.13 2026    18:10 (GMT+8)<Price Notice>,2026-04-13T13:02:06.056Z,mem_ddr4_16gb
2026-04-14T20:00:00.000Z,mem_ddr4_16gb,DDR4 16Gb (2Gx8) 3200,dram,70.727,87.5,28.0,-0.64,Apr.14 2026    18:10 (GMT+8)<Price Notice>,2026-04-14T13:04:52.138Z,mem_ddr4_16gb
2026-04-15T20:00:00.000Z,mem_ddr4_16gb,DDR4 16Gb (2Gx8) 3200,dram,70.5,87.5,28.5,-0.32,Apr.15 2026    18:10 (GMT+8)<Price Notice>,2026-04-15T13:02:44.049Z,mem_ddr4_16gb
2026-04-16T20:00:00.000Z,mem_ddr4_16gb,DDR4 16Gb (2Gx8) 3200,dram,69.455,87.5,29.0,-1.48,Apr.16 2026    18:10 (GMT+8)<Price Notice>,2026-04-16T13:02:05.895Z,mem_ddr4_16gb
2026-04-17T20:00:00.000Z,mem_ddr4_16gb,DDR4 16Gb (2Gx8) 3200,dram,69.182,87.5,29.0,-0.39,Apr.17 2026    18:10 (GMT+8)<Price Notice>,2026-04-17T13:02:40.681Z,mem_ddr4_16gb
2026-04-20T20:00:00.000Z,mem_ddr4_16gb,DDR4 16Gb (2Gx8) 3200,dram,68.545,85.0,29.5,-0.92,Apr.20 2026    18:10 (GMT+8)<Price Notice>,2026-04-20T13:02:05.258Z,mem_ddr4_16gb
2026-04-21T20:00:00.000Z,mem_ddr4_16gb,DDR4 16Gb (2Gx8) 3200,dram,67.5,85.0,29.5,-1.53,Apr.21 2026    18:10 (GMT+8)<Price Notice>,2026-04-21T13:03:22.460Z,mem_ddr4_16gb
2026-04-22T20:00:00.000Z,mem_ddr4_16gb,DDR4 16Gb (2Gx8) 3200,dram,66.227,83.0,29.5,-1.89,Apr.22 2026    18:10 (GMT+8)<Price Notice>,2026-04-22T13:02:12.507Z,mem_ddr4_16gb
2026-04-23T20:00:00.000Z,mem_ddr4_16gb,DDR4 16Gb (2Gx8) 3200,dram,64.727,80.0,29.5,-2.27,Apr.23 2026    18:10 (GMT+8)<Price Notice>,2026-04-23T13:02:19.395Z,mem_ddr4_16gb
2026-04-24T20:00:00.000Z,mem_ddr4_16gb,DDR4 16Gb (2Gx8) 3200,dram,63.909,80.0,30.0,-1.26,Apr.24 2026    18:10 (GMT+8)<Price Notice>,2026-04-24T13:02:50.329Z,mem_ddr4_16gb
2026-04-27T20:00:00.000Z,mem_ddr4_16gb,DDR4 16Gb (2Gx8) 3200,dram,63.174,78.0,30.3,-1.15,Apr.27 2026    18:10 (GMT+8)<Price Notice>,2026-04-27T13:02:40.910Z,mem_ddr4_16gb
2026-04-28T20:00:00.000Z,mem_ddr4_16gb,DDR4 16Gb (2Gx8) 3200,dram,62.391,78.0,30.3,-1.24,Apr.28 2026    18:10 (GMT+8)<Price Notice>,2026-04-28T13:03:58.866Z,mem_ddr4_16gb
2026-04-29T20:00:00.000Z,mem_ddr4_16gb,DDR4 16Gb (2Gx8) 3200,dram,61.783,75.0,30.3,-0.97,Apr.29 2026    18:10 (GMT+8)<Price Notice>,2026-04-29T13:03:44.805Z,mem_ddr4_16gb
2026-04-30T20:00:00.000Z,mem_ddr4_16gb,DDR4 16Gb (2Gx8) 3200,dram,61.152,75.0,30.5,-1.02,Apr.30 2026    18:10 (GMT+8)<Price Notice>,2026-04-30T13:01:45.662Z,mem_ddr4_16gb
2026-05-01T20:00:00.000Z,mem_ddr4_16gb,DDR4 16Gb (2Gx8) 3200,dram,61.152,75.0,30.5,-1.02,Apr.30 2026    18:10 (GMT+8)<Price Notice>,2026-05-01T13:01:43.473Z,mem_ddr4_16gb
2026-05-04T20:00:00.000Z,mem_ddr4_16gb,DDR4 16Gb (2Gx8) 3200,dram,60.543,74.0,30.6,-1.0,May.4 2026    18:10 (GMT+8)<Price Notice>,2026-05-04T13:02:45.538Z,mem_ddr4_16gb
2026-05-05T20:00:00.000Z,mem_ddr4_16gb,DDR4 16Gb (2Gx8) 3200,dram,60.087,74.0,30.6,-0.75,May.5 2026    18:10 (GMT+8)<Price Notice>,2026-05-05T13:03:09.557Z,mem_ddr4_16gb
2026-05-06T20:00:00.000Z,mem_ddr4_16gb,DDR4 16Gb (2Gx8) 3200,dram,59.114,74.0,30.6,-1.62,May.6 2026    18:10 (GMT+8)<Price Notice>,2026-05-06T13:02:08.033Z,mem_ddr4_16gb
2026-05-07T20:00:00.000Z,mem_ddr4_16gb,DDR4 16Gb (2Gx8) 3200,dram,58.568,74.0,30.8,-0.92,May.7 2026    18:10 (GMT+8)<Price Notice>,2026-05-07T13:02:08.956Z,mem_ddr4_16gb
2026-05-08T20:00:00.000Z,mem_ddr4_16gb,DDR4 16Gb (2Gx8) 3200,dram,58.455,72.0,32.0,-0.19,May.8 2026    18:10 (GMT+8)<Price Notice>,2026-05-08T13:02:22.956Z,mem_ddr4_16gb
2026-05-11T20:00:00.000Z,mem_ddr4_16gb,DDR4 16Gb (2Gx8) 3200,dram,58.476,70.0,32.5,0.04,May.11 2026    18:10 (GMT+8)<Price Notice>,2026-05-11T13:02:05.832Z,mem_ddr4_16gb
2026-05-12T20:00:00.000Z,mem_ddr4_16gb,DDR4 16Gb (2Gx8) 3200,dram,58.476,70.0,32.5,0.0,May.12 2026    18:10 (GMT+8)<Price Notice>,2026-05-12T13:02:55.027Z,mem_ddr4_16gb
2026-05-13T20:00:00.000Z,mem_ddr4_16gb,DDR4 16Gb (2Gx8) 3200,dram,58.476,70.0,32.5,0.0,May.13 2026    18:10 (GMT+8)<Price Notice>,2026-05-13T13:01:40.598Z,mem_ddr4_16gb
2026-05-14T20:00:00.000Z,mem_ddr4_16gb,DDR4 16Gb (2Gx8) 3200,dram,58.238,70.0,33.0,-0.41,May.14 2026    18:10 (GMT+8)<Price Notice>,2026-05-14T13:01:13.286Z,mem_ddr4_16gb
2026-05-15T20:00:00.000Z,mem_ddr4_16gb,DDR4 16Gb (2Gx8) 3200,dram,58.238,70.0,33.0,0.0,May.15 2026    18:10 (GMT+8)<Price Notice>,2026-05-15T13:02:27.546Z,mem_ddr4_16gb
2026-05-18T20:00:00.000Z,mem_ddr4_16gb,DDR4 16Gb (2Gx8) 3200,dram,58.357,70.0,33.5,0.2,May.18 2026    18:10 (GMT+8)<Price Notice>,2026-05-18T13:02:54.638Z,mem_ddr4_16gb
2026-05-19T20:00:00.000Z,mem_ddr4_16gb,DDR4 16Gb (2Gx8) 3200,dram,58.905,70.0,33.5,0.94,May.19 2026    18:10 (GMT+8)<Price Notice>,2026-05-19T13:02:12.976Z,mem_ddr4_16gb
2026-05-20T20:00:00.000Z,mem_ddr4_16gb,DDR4 16Gb (2Gx8) 3200,dram,59.429,70.0,33.5,0.89,May.20 2026    18:10 (GMT+8)<Price Notice>,2026-05-20T13:01:53.920Z,mem_ddr4_16gb
2026-05-21T20:00:00.000Z,mem_ddr4_16gb,DDR4 16Gb (2Gx8) 3200,dram,60.143,70.5,33.8,1.2,May.21 2026    18:10 (GMT+8)<Price Notice>,2026-05-21T13:02:12.407Z,mem_ddr4_16gb
2026-05-22T20:00:00.000Z,mem_ddr4_16gb,DDR4 16Gb (2Gx8) 3200,dram,60.857,70.5,33.8,1.19,May.22 2026    18:10 (GMT+8)<Price Notice>,2026-05-22T13:02:03.111Z,mem_ddr4_16gb
2026-05-25T20:00:00.000Z,mem_ddr4_16gb,DDR4 16Gb (2Gx8) 3200,dram,61.095,70.5,33.8,0.39,May.25 2026    18:10 (GMT+8)<Price Notice>,2026-05-25T13:01:11.616Z,mem_ddr4_16gb
2026-05-26T20:00:00.000Z,mem_ddr4_16gb,DDR4 16Gb (2Gx8) 3200,dram,61.143,71.0,34.0,0.08,May.26 2026    18:10 (GMT+8)<Price Notice>,2026-05-26T13:02:17.041Z,mem_ddr4_16gb
2026-05-27T20:00:00.000Z,mem_ddr4_16gb,DDR4 16Gb (2Gx8) 3200,dram,61.333,71.0,34.0,0.31,May.27 2026    18:10 (GMT+8)<Price Notice>,2026-05-27T13:01:31.331Z,mem_ddr4_16gb
2026-05-28T20:00:00.000Z,mem_ddr4_16gb,DDR4 16Gb (2Gx8) 3200,dram,61.595,71.2,34.0,0.43,May.28 2026    18:10 (GMT+8)<Price Notice>,2026-05-28T13:03:26.760Z,mem_ddr4_16gb
2026-05-29T20:00:00.000Z,mem_ddr4_16gb,DDR4 16Gb (2Gx8) 3200,dram,61.952,71.2,34.0,0.58,May.29 2026    18:10 (GMT+8)<Price Notice>,2026-05-29T13:01:36.615Z,mem_ddr4_16gb
2026-06-01T20:00:00.000Z,mem_ddr4_16gb,DDR4 16Gb (2Gx8) 3200,dram,62.625,72.5,34.5,1.09,Jun.1 2026    18:10 (GMT+8)<Price Notice>,2026-06-01T13:02:23.114Z,mem_ddr4_16gb
2026-06-02T20:00:00.000Z,mem_ddr4_16gb,DDR4 16Gb (2Gx8) 3200,dram,63.0,74.0,34.5,0.6,Jun.2 2026    18:10 (GMT+8)<Price Notice>,2026-06-02T13:01:46.503Z,mem_ddr4_16gb
2026-06-03T20:00:00.000Z,mem_ddr4_16gb,DDR4 16Gb (2Gx8) 3200,dram,63.5,75.0,34.5,0.79,Jun.3 2026    18:10 (GMT+8)<Price Notice>,2026-06-03T13:01:27.103Z,mem_ddr4_16gb
2026-06-04T20:00:00.000Z,mem_ddr4_16gb,DDR4 16Gb (2Gx8) 3200,dram,63.75,75.0,34.5,0.39,Jun.4 2026    18:10 (GMT+8)<Price Notice>,2026-06-04T13:02:15.709Z,mem_ddr4_16gb
2026-06-05T20:00:00.000Z,mem_ddr4_16gb,DDR4 16Gb (2Gx8) 3200,dram,64.125,75.0,34.5,0.59,Jun.5 2026    18:10 (GMT+8)<Price Notice>,2026-06-05T13:02:40.269Z,mem_ddr4_16gb
2026-06-08T20:00:00.000Z,mem_ddr4_16gb,DDR4 16Gb (2Gx8) 3200,dram,64.375,76.0,34.6,0.39,Jun.8 2026    18:10 (GMT+8)<Price Notice>,2026-06-08T13:01:50.898Z,mem_ddr4_16gb
2026-06-09T20:00:00.000Z,mem_ddr4_16gb,DDR4 16Gb (2Gx8) 3200,dram,64.875,76.0,34.6,0.78,Jun.9 2026    18:10 (GMT+8)<Price Notice>,2026-06-09T13:02:08.889Z,mem_ddr4_16gb
2026-06-10T20:00:00.000Z,mem_ddr4_16gb,DDR4 16Gb (2Gx8) 3200,dram,65.55,77.0,35.0,1.04,Jun.10 2026    18:10 (GMT+8)<Price Notice>,2026-06-10T13:02:20.696Z,mem_ddr4_16gb
2026-06-11T20:00:00.000Z,mem_ddr4_16gb,DDR4 16Gb (2Gx8) 3200,dram,66.25,78.0,36.0,1.07,Jun.11 2026    18:10 (GMT+8)<Price Notice>,2026-06-11T13:02:09.646Z,mem_ddr4_16gb
2026-06-12T20:00:00.000Z,mem_ddr4_16gb,DDR4 16Gb (2Gx8) 3200,dram,67.0,78.0,37.0,1.13,Jun.12 2026    18:10 (GMT+8)<Price Notice>,2026-06-12T13:02:56.198Z,mem_ddr4_16gb
2026-06-15T20:00:00.000Z,mem_ddr4_16gb,DDR4 16Gb (2Gx8) 3200,dram,67.5,80.0,37.5,0.75,Jun.15 2026    18:10 (GMT+8)<Price Notice>,2026-06-15T13:02:10.420Z,mem_ddr4_16gb
2026-06-16T20:00:00.000Z,mem_ddr4_16gb,DDR4 16Gb (2Gx8) 3200,dram,68.125,80.0,37.5,0.93,Jun.16 2026    18:10 (GMT+8)<Price Notice>,2026-06-16T13:03:09.279Z,mem_ddr4_16gb
2026-06-17T20:00:00.000Z,mem_ddr4_16gb,DDR4 16Gb (2Gx8) 3200,dram,68.5,80.0,37.5,0.55,Jun.17 2026    18:10 (GMT+8)<Price Notice>,2026-06-17T13:02:31.302Z,mem_ddr4_16gb
2026-06-18T20:00:00.000Z,mem_ddr4_16gb,DDR4 16Gb (2Gx8) 3200,dram,69.125,81.0,37.6,0.91,Jun.18 2026    18:10 (GMT+8)<Price Notice>,2026-06-18T13:01:33.279Z,mem_ddr4_16gb
2026-06-19T20:00:00.000Z,mem_ddr4_16gb,DDR4 16Gb (2Gx8) 3200,dram,69.125,81.0,37.6,0.91,Jun.18 2026    18:10 (GMT+8)<Price Notice>,2026-06-19T13:02:38.118Z,mem_ddr4_16gb
2026-06-22T20:00:00.000Z,mem_ddr4_16gb,DDR4 16Gb (2Gx8) 3200,dram,69.75,83.0,38.0,0.9,Jun.22 2026    18:10 (GMT+8)<Price Notice>,2026-06-22T13:01:15.397Z,mem_ddr4_16gb
2026-06-23T20:00:00.000Z,mem_ddr4_16gb,DDR4 16Gb (2Gx8) 3200,dram,70.634,85.0,38.0,1.27,Jun.23 2026    18:10 (GMT+8)<Price Notice>,2026-06-23T13:01:13.955Z,mem_ddr4_16gb
2026-06-24T20:00:00.000Z,mem_ddr4_16gb,DDR4 16Gb (2Gx8) 3200,dram,71.305,87.0,39.0,0.95,Jun.24 2026    18:10 (GMT+8)<Price Notice>,2026-06-24T13:01:36.408Z,mem_ddr4_16gb
2026-06-25T20:00:00.000Z,mem_ddr4_16gb,DDR4 16Gb (2Gx8) 3200,dram,71.585,90.0,39.0,0.39,Jun.25 2026    18:10 (GMT+8)<Price Notice>,2026-06-25T13:03:32.627Z,mem_ddr4_16gb
2026-06-26T20:00:00.000Z,mem_ddr4_16gb,DDR4 16Gb (2Gx8) 3200,dram,72.317,90.0,39.0,1.02,Jun.26 2026    18:10 (GMT+8)<Price Notice>,2026-06-26T13:02:11.814Z,mem_ddr4_16gb
2026-06-29T20:00:00.000Z,mem_ddr4_16gb,DDR4 16Gb (2Gx8) 3200,dram,72.988,92.0,39.1,0.93,Jun.29 2026    18:10 (GMT+8)<Price Notice>,2026-06-29T13:02:14.376Z,mem_ddr4_16gb
2026-06-30T20:00:00.000Z,mem_ddr4_16gb,DDR4 16Gb (2Gx8) 3200,dram,73.744,92.0,39.1,1.04,Jun.30 2026    18:10 (GMT+8)<Price Notice>,2026-06-30T13:01:12.514Z,mem_ddr4_16gb
2026-07-01T20:00:00.000Z,mem_ddr4_16gb,DDR4 16Gb (2Gx8) 3200,dram,74.625,93.0,39.2,1.2,Jul.1 2026    18:10 (GMT+8)<Price Notice>,2026-07-01T13:02:13.833Z,mem_ddr4_16gb
2026-07-02T20:00:00.000Z,mem_ddr4_16gb,DDR4 16Gb (2Gx8) 3200,dram,75.5,94.0,39.2,1.17,Jul.2 2026    18:10 (GMT+8)<Price Notice>,2026-07-02T13:01:47.874Z,mem_ddr4_16gb
2026-07-03T20:00:00.000Z,mem_ddr4_16gb,DDR4 16Gb (2Gx8) 3200,dram,76.375,95.0,39.2,1.16,Jul.3 2026    18:10 (GMT+8)<Price Notice>,2026-07-03T13:02:23.584Z,mem_ddr4_16gb
2026-07-06T20:00:00.000Z,mem_ddr4_16gb,DDR4 16Gb (2Gx8) 3200,dram,76.625,96.0,39.3,0.33,Jul.6 2026    18:10 (GMT+8)<Price Notice>,2026-07-06T13:01:52.377Z,mem_ddr4_16gb
2026-07-07T20:00:00.000Z,mem_ddr4_16gb,DDR4 16Gb (2Gx8) 3200,dram,77.175,96.0,39.3,0.72,Jul.7 2026    18:10 (GMT+8)<Price Notice>,2026-07-07T13:02:35.935Z,mem_ddr4_16gb
2026-07-08T20:00:00.000Z,mem_ddr4_16gb,DDR4 16Gb (2Gx8) 3200,dram,76.925,96.0,39.3,-0.32,Jul.8 2026    18:10 (GMT+8)<Price Notice>,2026-07-08T13:02:29.977Z,mem_ddr4_16gb
2026-07-09T20:00:00.000Z,mem_ddr4_16gb,DDR4 16Gb (2Gx8) 3200,dram,77.125,95.0,39.3,0.26,Jul.9 2026    18:10 (GMT+8)<Price Notice>,2026-07-09T13:02:42.912Z,mem_ddr4_16gb
2026-07-10T20:00:00.000Z,mem_ddr4_16gb,DDR4 16Gb (2Gx8) 3200,dram,77.625,96.0,39.3,0.65,Jul.10 2026    18:10 (GMT+8)<Price Notice>,2026-07-10T13:02:07.843Z,mem_ddr4_16gb
2026-07-13T20:00:00.000Z,mem_ddr4_16gb,DDR4 16Gb (2Gx8) 3200,dram,78.125,98.0,39.4,0.64,Jul.13 2026    18:10 (GMT+8)<Price Notice>,2026-07-13T13:02:43.823Z,mem_ddr4_16gb
2024-01-01T21:00:00.000Z,mem_ddr4_16gb,DDR4 16Gb (2Gx8) 3200,dram,3.361,,,,historical CSV backfill,2026-07-14T01:37:42.667Z,mem_ddr4_16gb
2026-07-14T20:00:00.000Z,mem_ddr4_16gb,DDR4 16Gb (2Gx8) 3200,dram,78.375,98.0,39.4,0.32,Jul.14 2026    18:10 (GMT+8)<Price Notice>,2026-07-14T13:01:15.324Z,mem_ddr4_16gb
2026-07-15T20:00:00.000Z,mem_ddr4_16gb,DDR4 16Gb (2Gx8) 3200,dram,79.375,98.0,39.4,1.28,Jul.15 2026    18:10 (GMT+8)<Price Notice>,2026-07-15T13:01:08.288Z,mem_ddr4_16gb
2026-07-16T20:00:00.000Z,mem_ddr4_16gb,DDR4 16Gb (2Gx8) 3200,dram,80.125,98.5,40.0,0.95,Jul.16 2026    18:10 (GMT+8)<Price Notice>,2026-07-16T13:02:46.897Z,mem_ddr4_16gb
2026-07-17T20:00:00.000Z,mem_ddr4_16gb,DDR4 16Gb (2Gx8) 3200,dram,80.2,98.5,40.0,0.09,Jul.17 2026    18:10 (GMT+8)<Price Notice>,2026-07-17T13:02:49.872Z,mem_ddr4_16gb
2026-07-20T20:00:00.000Z,mem_ddr4_16gb,DDR4 16Gb (2Gx8) 3200,dram,80.45,99.0,40.0,0.31,Jul.20 2026    18:10 (GMT+8)<Price Notice>,2026-07-20T13:01:22.659Z,mem_ddr4_16gb
2026-07-21T20:00:00.000Z,mem_ddr4_16gb,DDR4 16Gb (2Gx8) 3200,dram,81.2,100.0,40.1,0.93,Jul.21 2026    18:10 (GMT+8)<Price Notice>,2026-07-21T13:02:34.422Z,mem_ddr4_16gb
2026-07-22T20:00:00.000Z,mem_ddr4_16gb,DDR4 16Gb (2Gx8) 3200,dram,81.25,100.0,40.1,0.06,Jul.22 2026    18:10 (GMT+8)<Price Notice>,2026-07-22T13:02:43.978Z,mem_ddr4_16gb
2026-07-23T20:00:00.000Z,mem_ddr4_16gb,DDR4 16Gb (2Gx8) 3200,dram,82.125,101.0,40.1,1.08,Jul.23 2026    18:10 (GMT+8)<Price Notice>,2026-07-23T13:02:13.780Z,mem_ddr4_16gb
2026-07-24T20:00:00.000Z,mem_ddr4_16gb,DDR4 16Gb (2Gx8) 3200,dram,83.25,103.0,40.2,1.37,Jul.24 2026    18:10 (GMT+8)<Price Notice>,2026-07-24T13:02:28.533Z,mem_ddr4_16gb
2026-07-27T20:00:00.000Z,mem_ddr4_16gb,DDR4 16Gb (2Gx8) 3200,dram,84.512,105.0,40.2,1.52,Jul.27 2026    18:10 (GMT+8)<Price Notice>,2026-07-27T20:02:47.070Z,mem_ddr4_16gb
2026-07-28T20:00:00.000Z,mem_ddr4_16gb,DDR4 16Gb (2Gx8) 3200,dram,85.0,107.0,40.3,0.58,Jul.28 2026    18:10 (GMT+8)<Price Notice>,2026-07-28T20:02:31.411Z,mem_ddr4_16gb
2026-07-29T20:00:00.000Z,mem_ddr4_16gb,DDR4 16Gb (2Gx8) 3200,dram,84.976,107.0,40.3,-0.03,Jul.29 2026    18:10 (GMT+8)<Price Notice>,2026-07-29T20:02:52.292Z,mem_ddr4_16gb
2026-07-30T20:00:00.000Z,mem_ddr4_16gb,DDR4 16Gb (2Gx8) 3200,dram,84.976,107.0,40.4,0.0,Jul.30 2026    18:10 (GMT+8)<Price Notice>,2026-07-30T20:02:11.453Z,mem_ddr4_16gb
2026-07-31T20:00:00.000Z,mem_ddr4_16gb,DDR4 16Gb (2Gx8) 3200,dram,85.22,108.0,40.4,0.29,Jul.31 2026    18:10 (GMT+8)<Price Notice>,2026-07-31T20:01:49.889Z,mem_ddr4_16gb
2026-08-03T20:00:00.000Z,mem_ddr4_16gb,DDR4 16Gb (2Gx8) 3200,dram,85.707,110.0,40.5,0.57,Aug.3 2026    18:10 (GMT+8)<Price Notice>,2026-08-03T20:01:22.877Z,mem_ddr4_16gb
2026-08-04T20:00:00.000Z,mem_ddr4_16gb,DDR4 16Gb (2Gx8) 3200,dram,85.951,111.0,40.5,0.29,Aug.4 2026    18:10 (GMT+8)<Price Notice>,2026-08-04T20:01:15.160Z,mem_ddr4_16gb
2026-08-05T20:00:00.000Z,mem_ddr4_16gb,DDR4 16Gb (2Gx8) 3200,dram,86.683,112.0,40.5,0.85,Aug.5 2026    18:10 (GMT+8)<Price Notice>,2026-08-05T20:02:43.953Z,mem_ddr4_16gb
2026-08-06T20:00:00.000Z,mem_ddr4_16gb,DDR4 16Gb (2Gx8) 3200,dram,86.683,113.0,40.6,0.0,Aug.6 2026    18:10 (GMT+8)<Price Notice>,2026-08-06T20:01:55.342Z,mem_ddr4_16gb
2026-08-07T20:00:00.000Z,mem_ddr4_16gb,DDR4 16Gb (2Gx8) 3200,dram,86.268,113.0,40.6,-0.48,Aug.7 2026    18:10 (GMT+8)<Price Notice>,2026-08-07T20:02:31.314Z,mem_ddr4_16gb
2026-08-10T20:00:00.000Z,mem_ddr4_16gb,DDR4 16Gb (2Gx8) 3200,dram,86.744,114.0,40.7,0.55,Aug.10 2026    18:10 (GMT+8)<Price Notice>,2026-08-10T20:01:50.891Z,mem_ddr4_16gb
2026-08-11T20:00:00.000Z,mem_ddr4_16gb,DDR4 16Gb (2Gx8) 3200,dram,86.866,114.0,40.8,0.14,Aug.11 2026    18:10 (GMT+8)<Price Notice>,2026-08-11T20:02:04.894Z,mem_ddr4_16gb
2026-08-12T20:00:00.000Z,mem_ddr4_16gb,DDR4 16Gb (2Gx8) 3200,dram,87.354,115.0,41.0,0.56,Aug.12 2026    18:10 (GMT+8)<Price Notice>,2026-08-12T20:01:26.613Z,mem_ddr4_16gb
2026-08-13T20:00:00.000Z,mem_ddr4_16gb,DDR4 16Gb (2Gx8) 3200,dram,87.72,115.0,41.0,0.42,Aug.13 2026    18:10 (GMT+8)<Price Notice>,2026-08-13T20:02:28.391Z,mem_ddr4_16gb
2026-08-14T20:00:00.000Z,mem_ddr4_16gb,DDR4 16Gb (2Gx8) 3200,dram,88.207,115.0,41.0,0.56,Aug.14 2026    18:10 (GMT+8)<Price Notice>,2026-08-14T20:01:13.862Z,mem_ddr4_16gb
2026-08-17T20:00:00.000Z,mem_ddr4_16gb,DDR4 16Gb (2Gx8) 3200,dram,88.939,116.0,40.5,0.83,Aug.17 2026    18:10 (GMT+8)<Price Notice>,2026-08-17T20:01:36.925Z,mem_ddr4_16gb
2026-08-18T20:00:00.000Z,mem_ddr4_16gb,DDR4 16Gb (2Gx8) 3200,dram,89.427,116.0,40.5,0.55,Aug.18 2026    18:10 (GMT+8)<Price Notice>,2026-08-18T20:03:16.187Z,mem_ddr4_16gb
2026-08-19T20:00:00.000Z,mem_ddr4_16gb,DDR4 16Gb (2Gx8) 3200,dram,90.098,116.0,41.5,0.75,Aug.19 2026    18:10 (GMT+8)<Price Notice>,2026-08-19T20:02:20.844Z,mem_ddr4_16gb
2026-08-20T20:00:00.000Z,mem_ddr4_16gb,DDR4 16Gb (2Gx8) 3200,dram,90.585,116.0,42.0,0.54,Aug.20 2026    18:10 (GMT+8)<Price Notice>,2026-08-20T20:03:28.179Z,mem_ddr4_16gb
2026-08-21T20:00:00.000Z,mem_ddr4_16gb,DDR4 16Gb (2Gx8) 3200,dram,91.073,116.0,42.0,0.54,Aug.21 2026    18:10 (GMT+8)<Price Notice>,2026-08-21T20:02:16.258Z,mem_ddr4_16gb
2026-08-24T20:00:00.000Z,mem_ddr4_16gb,DDR4 16Gb (2Gx8) 3200,dram,91.317,116.0,42.0,0.27,Aug.24 2026    18:10 (GMT+8)<Price Notice>,2026-08-24T20:02:25.006Z,mem_ddr4_16gb
2026-08-25T20:00:00.000Z,mem_ddr4_16gb,DDR4 16Gb (2Gx8) 3200,dram,90.561,116.0,42.0,-0.83,Aug.25 2026    18:10 (GMT+8)<Price Notice>,2026-08-25T20:02:53.059Z,mem_ddr4_16gb
2026-08-26T20:00:00.000Z,mem_ddr4_16gb,DDR4 16Gb (2Gx8) 3200,dram,91.049,116.0,42.0,0.54,Aug.26 2026    18:10 (GMT+8)<Price Notice>,2026-08-26T20:02:53.992Z,mem_ddr4_16gb
2026-08-27T20:00:00.000Z,mem_ddr4_16gb,DDR4 16Gb (2Gx8) 3200,dram,91.049,116.0,42.0,0.0,Aug.27 2026    18:10 (GMT+8)<Price Notice>,2026-08-27T20:02:14.743Z,mem_ddr4_16gb
2026-08-28T20:00:00.000Z,mem_ddr4_16gb,DDR4 16Gb (2Gx8) 3200,dram,91.293,116.0,42.3,0.27,Aug.28 2026    18:10 (GMT+8)<Price Notice>,2026-08-28T20:02:32.935Z,mem_ddr4_16gb
2026-08-31T20:00:00.000Z,mem_ddr4_16gb,DDR4 16Gb (2Gx8) 3200,dram,91.78,116.0,42.2,0.53,Aug.31 2026    18:10 (GMT+8)<Price Notice>,2026-08-31T20:02:02.069Z,mem_ddr4_16gb
2025-11-13T21:00:00.000Z,mem_ddr4_16gb_ett,DDR4 16Gb (2Gx8) eTT,dram,7.825,,,0.32,Nov.13 2025    14:40,2026-01-08T03:24:34.248Z,mem_ddr4_16gb_ett
2026-01-07T21:00:00.000Z,mem_ddr4_16gb_ett,DDR4 16Gb (2Gx8) eTT,dram,12.4,13.5,11.0,0.0,Jan.8 2026    11:00 (GMT+8)<Price Notice>,2026-01-08T03:31:26.126Z,mem_ddr4_16gb_ett
2026-01-08T21:00:00.000Z,mem_ddr4_16gb_ett,DDR4 16Gb (2Gx8) eTT,dram,12.4,13.5,11.0,0.0,Jan.8 2026    18:10 (GMT+8)<Price Notice>,2026-01-08T14:02:23.018Z,mem_ddr4_16gb_ett
2026-01-09T21:00:00.000Z,mem_ddr4_16gb_ett,DDR4 16Gb (2Gx8) eTT,dram,12.5,13.5,11.0,0.81,Jan.9 2026    18:10 (GMT+8)<Price Notice>,2026-01-09T14:01:32.464Z,mem_ddr4_16gb_ett
2026-01-12T21:00:00.000Z,mem_ddr4_16gb_ett,DDR4 16Gb (2Gx8) eTT,dram,12.5,13.5,11.0,0.0,Jan.12 2026    18:10 (GMT+8)<Price Notice>,2026-01-12T14:01:37.605Z,mem_ddr4_16gb_ett
2026-01-13T21:00:00.000Z,mem_ddr4_16gb_ett,DDR4 16Gb (2Gx8) eTT,dram,12.5,13.6,11.2,0.0,Jan.13 2026    18:10 (GMT+8)<Price Notice>,2026-01-13T14:01:26.924Z,mem_ddr4_16gb_ett
2026-01-14T21:00:00.000Z,mem_ddr4_16gb_ett,DDR4 16Gb (2Gx8) eTT,dram,12.5,13.6,11.2,0.0,Jan.14 2026    18:10 (GMT+8)<Price Notice>,2026-01-14T14:01:03.695Z,mem_ddr4_16gb_ett
2026-01-15T21:00:00.000Z,mem_ddr4_16gb_ett,DDR4 16Gb (2Gx8) eTT,dram,12.575,13.7,11.3,0.6,Jan.15 2026    18:10 (GMT+8)<Price Notice>,2026-01-15T14:01:37.352Z,mem_ddr4_16gb_ett
2026-01-16T21:00:00.000Z,mem_ddr4_16gb_ett,DDR4 16Gb (2Gx8) eTT,dram,12.575,13.7,11.3,0.0,Jan.16 2026    18:10 (GMT+8)<Price Notice>,2026-01-16T14:01:57.038Z,mem_ddr4_16gb_ett
2026-01-19T21:00:00.000Z,mem_ddr4_16gb_ett,DDR4 16Gb (2Gx8) eTT,dram,12.575,13.7,11.3,0.0,Jan.19 2026    18:10 (GMT+8)<Price Notice>,2026-01-19T14:01:38.770Z,mem_ddr4_16gb_ett
2026-01-20T21:00:00.000Z,mem_ddr4_16gb_ett,DDR4 16Gb (2Gx8) eTT,dram,12.575,13.7,11.3,0.0,Jan.20 2026    18:10 (GMT+8)<Price Notice>,2026-01-20T14:01:04.009Z,mem_ddr4_16gb_ett
2026-01-21T21:00:00.000Z,mem_ddr4_16gb_ett,DDR4 16Gb (2Gx8) eTT,dram,12.7,13.7,11.5,0.99,Jan.21 2026    18:10 (GMT+8)<Price Notice>,2026-01-21T14:01:09.164Z,mem_ddr4_16gb_ett
2026-01-22T21:00:00.000Z,mem_ddr4_16gb_ett,DDR4 16Gb (2Gx8) eTT,dram,12.7,13.7,11.5,0.0,Jan.22 2026    18:10 (GMT+8)<Price Notice>,2026-01-22T14:01:54.515Z,mem_ddr4_16gb_ett
2026-01-23T21:00:00.000Z,mem_ddr4_16gb_ett,DDR4 16Gb (2Gx8) eTT,dram,12.775,13.7,11.5,0.59,Jan.23 2026    18:10 (GMT+8)<Price Notice>,2026-01-23T14:01:50.243Z,mem_ddr4_16gb_ett
2026-01-26T21:00:00.000Z,mem_ddr4_16gb_ett,DDR4 16Gb (2Gx8) eTT,dram,12.8,13.8,11.7,0.2,Jan.26 2026    18:10 (GMT+8)<Price Notice>,2026-01-26T14:02:40.087Z,mem_ddr4_16gb_ett
2026-01-27T21:00:00.000Z,mem_ddr4_16gb_ett,DDR4 16Gb (2Gx8) eTT,dram,12.8,13.8,11.7,0.0,Jan.27 2026    18:10 (GMT+8)<Price Notice>,2026-01-27T14:01:56.839Z,mem_ddr4_16gb_ett
2026-01-28T21:00:00.000Z,mem_ddr4_16gb_ett,DDR4 16Gb (2Gx8) eTT,dram,12.8,13.8,11.7,0.0,Jan.28 2026    18:10 (GMT+8)<Price Notice>,2026-01-28T14:03:03.538Z,mem_ddr4_16gb_ett
2026-01-29T21:00:00.000Z,mem_ddr4_16gb_ett,DDR4 16Gb (2Gx8) eTT,dram,12.8,13.8,11.7,0.0,Jan.29 2026    18:10 (GMT+8)<Price Notice>,2026-01-29T14:01:57.611Z,mem_ddr4_16gb_ett
2026-01-30T21:00:00.000Z,mem_ddr4_16gb_ett,DDR4 16Gb (2Gx8) eTT,dram,12.9,13.8,11.7,0.78,Jan.30 2026    18:10 (GMT+8)<Price Notice>,2026-01-30T14:01:40.814Z,mem_ddr4_16gb_ett
2026-02-02T21:00:00.000Z,mem_ddr4_16gb_ett,DDR4 16Gb (2Gx8) eTT,dram,13.0,14.0,11.7,0.78,Feb.2 2026    18:10 (GMT+8)<Price Notice>,2026-02-02T14:03:38.237Z,mem_ddr4_16gb_ett
2026-02-03T21:00:00.000Z,mem_ddr4_16gb_ett,DDR4 16Gb (2Gx8) eTT,dram,13.05,14.0,12.0,0.39,Feb.3 2026    18:10 (GMT+8)<Price Notice>,2026-02-03T14:02:24.155Z,mem_ddr4_16gb_ett
2026-02-04T21:00:00.000Z,mem_ddr4_16gb_ett,DDR4 16Gb (2Gx8) eTT,dram,13.125,14.0,12.0,0.58,Feb.4 2026    18:10 (GMT+8)<Price Notice>,2026-02-04T14:02:16.866Z,mem_ddr4_16gb_ett
2026-02-05T21:00:00.000Z,mem_ddr4_16gb_ett,DDR4 16Gb (2Gx8) eTT,dram,13.125,14.0,12.0,0.0,Feb.5 2026    18:10 (GMT+8)<Price Notice>,2026-02-05T14:02:40.711Z,mem_ddr4_16gb_ett
2026-02-06T21:00:00.000Z,mem_ddr4_16gb_ett,DDR4 16Gb (2Gx8) eTT,dram,13.125,14.0,12.0,0.0,Feb.6 2026    18:10 (GMT+8)<Price Notice>,2026-02-06T14:01:17.206Z,mem_ddr4_16gb_ett
2026-02-09T21:00:00.000Z,mem_ddr4_16gb_ett,DDR4 16Gb (2Gx8) eTT,dram,13.175,14.0,12.5,0.38,Feb.9 2026    18:10 (GMT+8)<Price Notice>,2026-02-09T14:01:59.345Z,mem_ddr4_16gb_ett
2026-02-10T21:00:00.000Z,mem_ddr4_16gb_ett,DDR4 16Gb (2Gx8) eTT,dram,13.175,14.0,12.5,0.0,Feb.10 2026    18:10 (GMT+8)<Price Notice>,2026-02-10T14:02:08.356Z,mem_ddr4_16gb_ett
2026-02-11T21:00:00.000Z,mem_ddr4_16gb_ett,DDR4 16Gb (2Gx8) eTT,dram,13.25,14.0,12.5,0.57,Feb.11 2026    18:10 (GMT+8)<Price Notice>,2026-02-11T14:02:08.813Z,mem_ddr4_16gb_ett
2026-02-12T21:00:00.000Z,mem_ddr4_16gb_ett,DDR4 16Gb (2Gx8) eTT,dram,13.313,14.0,12.5,0.48,Feb.12 2026    18:10 (GMT+8)<Price Notice>,2026-02-12T14:01:33.885Z,mem_ddr4_16gb_ett
2026-02-13T21:00:00.000Z,mem_ddr4_16gb_ett,DDR4 16Gb (2Gx8) eTT,dram,13.325,14.0,12.5,0.09,Feb.13 2026    18:10 (GMT+8)<Price Notice>,2026-02-13T14:01:53.473Z,mem_ddr4_16gb_ett
2026-02-16T21:00:00.000Z,mem_ddr4_16gb_ett,DDR4 16Gb (2Gx8) eTT,dram,13.325,14.0,12.5,0.09,Feb.13 2026    18:10 (GMT+8)<Price Notice>,2026-02-16T14:01:15.419Z,mem_ddr4_16gb_ett
2026-02-17T21:00:00.000Z,mem_ddr4_16gb_ett,DDR4 16Gb (2Gx8) eTT,dram,13.325,14.0,12.5,0.09,Feb.13 2026    18:10 (GMT+8)<Price Notice>,2026-02-17T14:01:55.881Z,mem_ddr4_16gb_ett
2026-02-18T21:00:00.000Z,mem_ddr4_16gb_ett,DDR4 16Gb (2Gx8) eTT,dram,13.325,14.0,12.5,0.09,Feb.13 2026    18:10 (GMT+8)<Price Notice>,2026-02-18T14:01:56.511Z,mem_ddr4_16gb_ett
2026-02-19T21:00:00.000Z,mem_ddr4_16gb_ett,DDR4 16Gb (2Gx8) eTT,dram,13.325,14.0,12.5,0.09,Feb.13 2026    18:10 (GMT+8)<Price Notice>,2026-02-19T14:03:01.304Z,mem_ddr4_16gb_ett
2026-02-20T21:00:00.000Z,mem_ddr4_16gb_ett,DDR4 16Gb (2Gx8) eTT,dram,13.325,14.0,12.5,0.09,Feb.13 2026    18:10 (GMT+8)<Price Notice>,2026-02-20T14:01:37.710Z,mem_ddr4_16gb_ett
2026-02-23T21:00:00.000Z,mem_ddr4_16gb_ett,DDR4 16Gb (2Gx8) eTT,dram,13.4,14.0,12.5,0.56,Feb.23 2026    18:10 (GMT+8)<Price Notice>,2026-02-23T14:02:38.887Z,mem_ddr4_16gb_ett
2026-02-24T21:00:00.000Z,mem_ddr4_16gb_ett,DDR4 16Gb (2Gx8) eTT,dram,13.4,14.5,12.4,0.0,Feb.24 2026    18:10 (GMT+8)<Price Notice>,2026-02-24T14:02:04.081Z,mem_ddr4_16gb_ett
2026-02-25T21:00:00.000Z,mem_ddr4_16gb_ett,DDR4 16Gb (2Gx8) eTT,dram,13.525,14.5,12.4,0.93,Feb.25 2026    18:10 (GMT+8)<Price Notice>,2026-02-25T14:02:08.345Z,mem_ddr4_16gb_ett
2026-02-26T21:00:00.000Z,mem_ddr4_16gb_ett,DDR4 16Gb (2Gx8) eTT,dram,13.675,14.5,12.5,1.11,Feb.26 2026    18:10 (GMT+8)<Price Notice>,2026-02-26T14:01:43.257Z,mem_ddr4_16gb_ett
2026-02-27T21:00:00.000Z,mem_ddr4_16gb_ett,DDR4 16Gb (2Gx8) eTT,dram,13.675,14.5,12.5,0.0,Feb.27 2026    18:10 (GMT+8)<Price Notice>,2026-02-27T14:01:52.460Z,mem_ddr4_16gb_ett
2026-03-02T21:00:00.000Z,mem_ddr4_16gb_ett,DDR4 16Gb (2Gx8) eTT,dram,13.675,14.5,12.5,0.0,Mar.2 2026    18:10 (GMT+8)<Price Notice>,2026-03-02T14:01:45.816Z,mem_ddr4_16gb_ett
2026-03-03T21:00:00.000Z,mem_ddr4_16gb_ett,DDR4 16Gb (2Gx8) eTT,dram,13.663,14.5,12.5,-0.09,Mar.3 2026    18:10 (GMT+8)<Price Notice>,2026-03-03T14:01:56.569Z,mem_ddr4_16gb_ett
2026-03-04T21:00:00.000Z,mem_ddr4_16gb_ett,DDR4 16Gb (2Gx8) eTT,dram,13.65,14.5,12.5,-0.1,Mar.4 2026    18:10 (GMT+8)<Price Notice>,2026-03-04T14:02:15.081Z,mem_ddr4_16gb_ett
2026-03-05T21:00:00.000Z,mem_ddr4_16gb_ett,DDR4 16Gb (2Gx8) eTT,dram,13.65,14.5,12.5,0.0,Mar.5 2026    18:10 (GMT+8)<Price Notice>,2026-03-05T14:02:35.503Z,mem_ddr4_16gb_ett
2026-03-06T21:00:00.000Z,mem_ddr4_16gb_ett,DDR4 16Gb (2Gx8) eTT,dram,13.65,14.5,12.5,0.0,Mar.6 2026    18:10 (GMT+8)<Price Notice>,2026-03-06T14:01:29.672Z,mem_ddr4_16gb_ett
2026-03-09T20:00:00.000Z,mem_ddr4_16gb_ett,DDR4 16Gb (2Gx8) eTT,dram,13.675,14.6,13.0,0.18,Mar.9 2026    18:10 (GMT+8)<Price Notice>,2026-03-09T13:01:36.589Z,mem_ddr4_16gb_ett
2026-03-10T20:00:00.000Z,mem_ddr4_16gb_ett,DDR4 16Gb (2Gx8) eTT,dram,13.675,14.6,13.0,0.0,Mar.10 2026    18:10 (GMT+8)<Price Notice>,2026-03-10T13:02:23.470Z,mem_ddr4_16gb_ett
2026-03-11T20:00:00.000Z,mem_ddr4_16gb_ett,DDR4 16Gb (2Gx8) eTT,dram,13.75,14.7,13.0,0.55,Mar.11 2026    18:10 (GMT+8)<Price Notice>,2026-03-11T13:02:25.904Z,mem_ddr4_16gb_ett
2026-03-12T20:00:00.000Z,mem_ddr4_16gb_ett,DDR4 16Gb (2Gx8) eTT,dram,13.75,14.7,13.0,0.0,Mar.12 2026    18:10 (GMT+8)<Price Notice>,2026-03-12T13:02:16.078Z,mem_ddr4_16gb_ett
2026-03-13T20:00:00.000Z,mem_ddr4_16gb_ett,DDR4 16Gb (2Gx8) eTT,dram,13.75,14.8,13.0,0.0,Mar.13 2026    18:10 (GMT+8)<Price Notice>,2026-03-13T13:02:21.111Z,mem_ddr4_16gb_ett
2026-03-16T20:00:00.000Z,mem_ddr4_16gb_ett,DDR4 16Gb (2Gx8) eTT,dram,13.75,14.8,13.0,0.0,Mar.16 2026    18:10 (GMT+8)<Price Notice>,2026-03-16T13:02:45.995Z,mem_ddr4_16gb_ett
2026-03-17T20:00:00.000Z,mem_ddr4_16gb_ett,DDR4 16Gb (2Gx8) eTT,dram,13.75,14.8,13.0,0.0,Mar.17 2026    18:10 (GMT+8)<Price Notice>,2026-03-17T13:02:03.849Z,mem_ddr4_16gb_ett
2026-03-18T20:00:00.000Z,mem_ddr4_16gb_ett,DDR4 16Gb (2Gx8) eTT,dram,13.75,14.8,13.0,0.0,Mar.18 2026    18:10 (GMT+8)<Price Notice>,2026-03-18T13:01:43.115Z,mem_ddr4_16gb_ett
2026-03-19T20:00:00.000Z,mem_ddr4_16gb_ett,DDR4 16Gb (2Gx8) eTT,dram,13.75,14.8,13.0,0.0,Mar.19 2026    18:10 (GMT+8)<Price Notice>,2026-03-19T13:02:15.467Z,mem_ddr4_16gb_ett
2026-03-20T20:00:00.000Z,mem_ddr4_16gb_ett,DDR4 16Gb (2Gx8) eTT,dram,13.75,14.8,13.0,0.0,Mar.20 2026    18:10 (GMT+8)<Price Notice>,2026-03-20T13:01:39.076Z,mem_ddr4_16gb_ett
2026-03-23T20:00:00.000Z,mem_ddr4_16gb_ett,DDR4 16Gb (2Gx8) eTT,dram,13.675,15.0,12.9,-0.55,Mar.23 2026    18:10 (GMT+8)<Price Notice>,2026-03-23T13:02:20.335Z,mem_ddr4_16gb_ett
2026-03-24T20:00:00.000Z,mem_ddr4_16gb_ett,DDR4 16Gb (2Gx8) eTT,dram,13.625,15.0,12.9,-0.37,Mar.24 2026    18:10 (GMT+8)<Price Notice>,2026-03-24T13:02:47.182Z,mem_ddr4_16gb_ett
2026-03-25T20:00:00.000Z,mem_ddr4_16gb_ett,DDR4 16Gb (2Gx8) eTT,dram,13.625,15.0,12.9,0.0,Mar.25 2026    18:10 (GMT+8)<Price Notice>,2026-03-25T13:01:40.793Z,mem_ddr4_16gb_ett
2026-03-26T20:00:00.000Z,mem_ddr4_16gb_ett,DDR4 16Gb (2Gx8) eTT,dram,13.625,15.0,12.9,0.0,Mar.26 2026    18:10 (GMT+8)<Price Notice>,2026-03-26T13:03:07.542Z,mem_ddr4_16gb_ett
2026-03-27T20:00:00.000Z,mem_ddr4_16gb_ett,DDR4 16Gb (2Gx8) eTT,dram,13.625,15.0,12.85,0.0,Mar.27 2026    18:10 (GMT+8)<Price Notice>,2026-03-27T13:01:53.741Z,mem_ddr4_16gb_ett
2026-03-30T20:00:00.000Z,mem_ddr4_16gb_ett,DDR4 16Gb (2Gx8) eTT,dram,13.625,15.0,13.0,0.0,Mar.30 2026    18:10 (GMT+8)<Price Notice>,2026-03-30T13:02:54.120Z,mem_ddr4_16gb_ett
2026-03-31T20:00:00.000Z,mem_ddr4_16gb_ett,DDR4 16Gb (2Gx8) eTT,dram,13.625,15.0,13.0,0.0,Mar.31 2026    18:10 (GMT+8)<Price Notice>,2026-03-31T13:02:38.230Z,mem_ddr4_16gb_ett
2026-04-01T20:00:00.000Z,mem_ddr4_16gb_ett,DDR4 16Gb (2Gx8) eTT,dram,13.575,15.0,13.0,-0.37,Apr.1 2026    18:10 (GMT+8)<Price Notice>,2026-04-01T13:02:53.265Z,mem_ddr4_16gb_ett
2026-04-02T20:00:00.000Z,mem_ddr4_16gb_ett,DDR4 16Gb (2Gx8) eTT,dram,13.55,15.0,13.0,-0.18,Apr.2 2026    18:10 (GMT+8)<Price Notice>,2026-04-02T13:01:39.999Z,mem_ddr4_16gb_ett
2026-04-03T20:00:00.000Z,mem_ddr4_16gb_ett,DDR4 16Gb (2Gx8) eTT,dram,13.55,15.0,13.0,0.0,Apr.3 2026    18:10 (GMT+8)<Price Notice>,2026-04-03T13:01:34.344Z,mem_ddr4_16gb_ett
2026-04-06T20:00:00.000Z,mem_ddr4_16gb_ett,DDR4 16Gb (2Gx8) eTT,dram,13.55,15.0,13.0,0.0,Apr.3 2026    18:10 (GMT+8)<Price Notice>,2026-04-06T13:01:27.520Z,mem_ddr4_16gb_ett
2026-04-07T20:00:00.000Z,mem_ddr4_16gb_ett,DDR4 16Gb (2Gx8) eTT,dram,13.55,14.9,12.95,0.0,Apr.7 2026    18:10 (GMT+8)<Price Notice>,2026-04-07T13:02:09.145Z,mem_ddr4_16gb_ett
2026-04-08T20:00:00.000Z,mem_ddr4_16gb_ett,DDR4 16Gb (2Gx8) eTT,dram,13.55,14.9,12.95,0.0,Apr.8 2026    18:10 (GMT+8)<Price Notice>,2026-04-08T13:03:47.228Z,mem_ddr4_16gb_ett
2026-04-09T20:00:00.000Z,mem_ddr4_16gb_ett,DDR4 16Gb (2Gx8) eTT,dram,13.5,14.8,12.9,-0.37,Apr.9 2026    18:10 (GMT+8)<Price Notice>,2026-04-09T13:02:15.428Z,mem_ddr4_16gb_ett
2026-04-10T20:00:00.000Z,mem_ddr4_16gb_ett,DDR4 16Gb (2Gx8) eTT,dram,13.5,14.8,12.9,0.0,Apr.10 2026    18:10 (GMT+8)<Price Notice>,2026-04-10T13:02:23.314Z,mem_ddr4_16gb_ett
2026-04-13T20:00:00.000Z,mem_ddr4_16gb_ett,DDR4 16Gb (2Gx8) eTT,dram,13.475,14.7,12.9,-0.19,Apr.13 2026    18:10 (GMT+8)<Price Notice>,2026-04-13T13:02:06.056Z,mem_ddr4_16gb_ett
2026-04-14T20:00:00.000Z,mem_ddr4_16gb_ett,DDR4 16Gb (2Gx8) eTT,dram,13.475,14.7,12.9,0.0,Apr.14 2026    18:10 (GMT+8)<Price Notice>,2026-04-14T13:04:52.138Z,mem_ddr4_16gb_ett
2026-04-15T20:00:00.000Z,mem_ddr4_16gb_ett,DDR4 16Gb (2Gx8) eTT,dram,13.475,14.7,13.0,0.0,Apr.15 2026    18:10 (GMT+8)<Price Notice>,2026-04-15T13:02:44.049Z,mem_ddr4_16gb_ett
2026-04-16T20:00:00.000Z,mem_ddr4_16gb_ett,DDR4 16Gb (2Gx8) eTT,dram,13.475,14.7,13.0,0.0,Apr.16 2026    18:10 (GMT+8)<Price Notice>,2026-04-16T13:02:05.895Z,mem_ddr4_16gb_ett
2026-04-17T20:00:00.000Z,mem_ddr4_16gb_ett,DDR4 16Gb (2Gx8) eTT,dram,13.475,14.7,13.0,0.0,Apr.17 2026    18:10 (GMT+8)<Price Notice>,2026-04-17T13:02:40.681Z,mem_ddr4_16gb_ett
2026-04-20T20:00:00.000Z,mem_ddr4_16gb_ett,DDR4 16Gb (2Gx8) eTT,dram,13.375,14.5,12.8,-0.74,Apr.20 2026    18:10 (GMT+8)<Price Notice>,2026-04-20T13:02:05.258Z,mem_ddr4_16gb_ett
2026-04-21T20:00:00.000Z,mem_ddr4_16gb_ett,DDR4 16Gb (2Gx8) eTT,dram,13.375,14.5,12.8,0.0,Apr.21 2026    18:10 (GMT+8)<Price Notice>,2026-04-21T13:03:22.460Z,mem_ddr4_16gb_ett
2026-04-22T20:00:00.000Z,mem_ddr4_16gb_ett,DDR4 16Gb (2Gx8) eTT,dram,13.25,14.5,12.8,-0.94,Apr.22 2026    18:10 (GMT+8)<Price Notice>,2026-04-22T13:02:12.507Z,mem_ddr4_16gb_ett
2026-04-23T20:00:00.000Z,mem_ddr4_16gb_ett,DDR4 16Gb (2Gx8) eTT,dram,13.2,14.5,12.0,-0.38,Apr.23 2026    18:10 (GMT+8)<Price Notice>,2026-04-23T13:02:19.395Z,mem_ddr4_16gb_ett
2026-04-24T20:00:00.000Z,mem_ddr4_16gb_ett,DDR4 16Gb (2Gx8) eTT,dram,13.15,14.4,12.0,-0.38,Apr.24 2026    18:10 (GMT+8)<Price Notice>,2026-04-24T13:02:50.329Z,mem_ddr4_16gb_ett
2026-04-27T20:00:00.000Z,mem_ddr4_16gb_ett,DDR4 16Gb (2Gx8) eTT,dram,13.075,14.3,11.8,-0.57,Apr.27 2026    18:10 (GMT+8)<Price Notice>,2026-04-27T13:02:40.910Z,mem_ddr4_16gb_ett
2026-04-28T20:00:00.000Z,mem_ddr4_16gb_ett,DDR4 16Gb (2Gx8) eTT,dram,13.075,14.3,11.8,0.0,Apr.28 2026    18:10 (GMT+8)<Price Notice>,2026-04-28T13:03:58.866Z,mem_ddr4_16gb_ett
2026-04-29T20:00:00.000Z,mem_ddr4_16gb_ett,DDR4 16Gb (2Gx8) eTT,dram,13.075,14.3,11.8,0.0,Apr.29 2026    18:10 (GMT+8)<Price Notice>,2026-04-29T13:03:44.805Z,mem_ddr4_16gb_ett
2026-04-30T20:00:00.000Z,mem_ddr4_16gb_ett,DDR4 16Gb (2Gx8) eTT,dram,13.075,14.3,11.8,0.0,Apr.30 2026    18:10 (GMT+8)<Price Notice>,2026-04-30T13:01:45.662Z,mem_ddr4_16gb_ett
2026-05-01T20:00:00.000Z,mem_ddr4_16gb_ett,DDR4 16Gb (2Gx8) eTT,dram,13.075,14.3,11.8,0.0,Apr.30 2026    18:10 (GMT+8)<Price Notice>,2026-05-01T13:01:43.473Z,mem_ddr4_16gb_ett
2026-05-04T20:00:00.000Z,mem_ddr4_16gb_ett,DDR4 16Gb (2Gx8) eTT,dram,13.0,14.0,11.7,-0.57,May.4 2026    18:10 (GMT+8)<Price Notice>,2026-05-04T13:02:45.538Z,mem_ddr4_16gb_ett
2026-05-05T20:00:00.000Z,mem_ddr4_16gb_ett,DDR4 16Gb (2Gx8) eTT,dram,13.0,14.0,11.7,0.0,May.5 2026    18:10 (GMT+8)<Price Notice>,2026-05-05T13:03:09.557Z,mem_ddr4_16gb_ett
2026-05-06T20:00:00.000Z,mem_ddr4_16gb_ett,DDR4 16Gb (2Gx8) eTT,dram,12.875,14.0,11.5,-0.96,May.6 2026    18:10 (GMT+8)<Price Notice>,2026-05-06T13:02:08.033Z,mem_ddr4_16gb_ett
2026-05-07T20:00:00.000Z,mem_ddr4_16gb_ett,DDR4 16Gb (2Gx8) eTT,dram,12.75,14.0,11.5,-0.97,May.7 2026    18:10 (GMT+8)<Price Notice>,2026-05-07T13:02:08.956Z,mem_ddr4_16gb_ett
2026-05-08T20:00:00.000Z,mem_ddr4_16gb_ett,DDR4 16Gb (2Gx8) eTT,dram,12.6,13.5,11.0,-1.18,May.8 2026    18:10 (GMT+8)<Price Notice>,2026-05-08T13:02:22.956Z,mem_ddr4_16gb_ett
2026-05-11T20:00:00.000Z,mem_ddr4_16gb_ett,DDR4 16Gb (2Gx8) eTT,dram,12.525,13.2,10.8,-0.6,May.11 2026    18:10 (GMT+8)<Price Notice>,2026-05-11T13:02:05.832Z,mem_ddr4_16gb_ett
2026-05-12T20:00:00.000Z,mem_ddr4_16gb_ett,DDR4 16Gb (2Gx8) eTT,dram,12.525,13.2,10.8,0.0,May.12 2026    18:10 (GMT+8)<Price Notice>,2026-05-12T13:02:55.027Z,mem_ddr4_16gb_ett
2026-05-13T20:00:00.000Z,mem_ddr4_16gb_ett,DDR4 16Gb (2Gx8) eTT,dram,12.525,13.2,10.8,0.0,May.13 2026    18:10 (GMT+8)<Price Notice>,2026-05-13T13:01:40.598Z,mem_ddr4_16gb_ett
2026-05-14T20:00:00.000Z,mem_ddr4_16gb_ett,DDR4 16Gb (2Gx8) eTT,dram,12.45,13.2,10.7,-0.6,May.14 2026    18:10 (GMT+8)<Price Notice>,2026-05-14T13:01:13.286Z,mem_ddr4_16gb_ett
2026-05-15T20:00:00.000Z,mem_ddr4_16gb_ett,DDR4 16Gb (2Gx8) eTT,dram,12.45,13.2,10.7,0.0,May.15 2026    18:10 (GMT+8)<Price Notice>,2026-05-15T13:02:27.546Z,mem_ddr4_16gb_ett
2026-05-18T20:00:00.000Z,mem_ddr4_16gb_ett,DDR4 16Gb (2Gx8) eTT,dram,12.375,13.2,10.6,-0.6,May.18 2026    18:10 (GMT+8)<Price Notice>,2026-05-18T13:02:54.638Z,mem_ddr4_16gb_ett
2026-05-19T20:00:00.000Z,mem_ddr4_16gb_ett,DDR4 16Gb (2Gx8) eTT,dram,12.375,13.2,10.6,0.0,May.19 2026    18:10 (GMT+8)<Price Notice>,2026-05-19T13:02:12.976Z,mem_ddr4_16gb_ett
2026-05-20T20:00:00.000Z,mem_ddr4_16gb_ett,DDR4 16Gb (2Gx8) eTT,dram,12.375,13.2,10.6,0.0,May.20 2026    18:10 (GMT+8)<Price Notice>,2026-05-20T13:01:53.920Z,mem_ddr4_16gb_ett
2026-05-21T20:00:00.000Z,mem_ddr4_16gb_ett,DDR4 16Gb (2Gx8) eTT,dram,12.35,13.0,10.5,-0.2,May.21 2026    18:10 (GMT+8)<Price Notice>,2026-05-21T13:02:12.407Z,mem_ddr4_16gb_ett
2026-05-22T20:00:00.000Z,mem_ddr4_16gb_ett,DDR4 16Gb (2Gx8) eTT,dram,12.35,13.0,10.5,0.0,May.22 2026    18:10 (GMT+8)<Price Notice>,2026-05-22T13:02:03.111Z,mem_ddr4_16gb_ett
2026-05-25T20:00:00.000Z,mem_ddr4_16gb_ett,DDR4 16Gb (2Gx8) eTT,dram,12.35,13.0,10.5,0.0,May.25 2026    18:10 (GMT+8)<Price Notice>,2026-05-25T13:01:11.616Z,mem_ddr4_16gb_ett
2026-05-26T20:00:00.000Z,mem_ddr4_16gb_ett,DDR4 16Gb (2Gx8) eTT,dram,12.35,12.8,10.3,0.0,May.26 2026    18:10 (GMT+8)<Price Notice>,2026-05-26T13:02:17.041Z,mem_ddr4_16gb_ett
2026-05-27T20:00:00.000Z,mem_ddr4_16gb_ett,DDR4 16Gb (2Gx8) eTT,dram,12.35,12.8,10.3,0.0,May.27 2026    18:10 (GMT+8)<Price Notice>,2026-05-27T13:01:31.331Z,mem_ddr4_16gb_ett
2026-05-28T20:00:00.000Z,mem_ddr4_16gb_ett,DDR4 16Gb (2Gx8) eTT,dram,12.325,12.7,10.2,-0.2,May.28 2026    18:10 (GMT+8)<Price Notice>,2026-05-28T13:03:26.760Z,mem_ddr4_16gb_ett
2026-05-29T20:00:00.000Z,mem_ddr4_16gb_ett,DDR4 16Gb (2Gx8) eTT,dram,12.275,12.7,10.2,-0.41,May.29 2026    18:10 (GMT+8)<Price Notice>,2026-05-29T13:01:36.615Z,mem_ddr4_16gb_ett
2026-06-01T20:00:00.000Z,mem_ddr4_16gb_ett,DDR4 16Gb (2Gx8) eTT,dram,12.275,12.5,10.5,0.0,Jun.1 2026    18:10 (GMT+8)<Price Notice>,2026-06-01T13:02:23.114Z,mem_ddr4_16gb_ett
2026-06-02T20:00:00.000Z,mem_ddr4_16gb_ett,DDR4 16Gb (2Gx8) eTT,dram,12.3,12.5,10.6,0.2,Jun.2 2026    18:10 (GMT+8)<Price Notice>,2026-06-02T13:01:46.503Z,mem_ddr4_16gb_ett
2026-06-03T20:00:00.000Z,mem_ddr4_16gb_ett,DDR4 16Gb (2Gx8) eTT,dram,12.3,12.5,10.6,0.0,Jun.3 2026    18:10 (GMT+8)<Price Notice>,2026-06-03T13:01:27.103Z,mem_ddr4_16gb_ett
2026-06-04T20:00:00.000Z,mem_ddr4_16gb_ett,DDR4 16Gb (2Gx8) eTT,dram,12.3,12.5,10.6,0.0,Jun.4 2026    18:10 (GMT+8)<Price Notice>,2026-06-04T13:02:15.709Z,mem_ddr4_16gb_ett
2026-06-05T20:00:00.000Z,mem_ddr4_16gb_ett,DDR4 16Gb (2Gx8) eTT,dram,12.25,12.5,10.6,-0.41,Jun.5 2026    18:10 (GMT+8)<Price Notice>,2026-06-05T13:02:40.269Z,mem_ddr4_16gb_ett
2026-06-08T20:00:00.000Z,mem_ddr4_16gb_ett,DDR4 16Gb (2Gx8) eTT,dram,12.15,12.4,10.5,-0.82,Jun.8 2026    18:10 (GMT+8)<Price Notice>,2026-06-08T13:01:50.898Z,mem_ddr4_16gb_ett
2026-06-09T20:00:00.000Z,mem_ddr4_16gb_ett,DDR4 16Gb (2Gx8) eTT,dram,12.1,12.4,10.5,-0.41,Jun.9 2026    18:10 (GMT+8)<Price Notice>,2026-06-09T13:02:08.889Z,mem_ddr4_16gb_ett
2026-06-10T20:00:00.000Z,mem_ddr4_16gb_ett,DDR4 16Gb (2Gx8) eTT,dram,12.1,12.4,10.5,0.0,Jun.10 2026    18:10 (GMT+8)<Price Notice>,2026-06-10T13:02:20.696Z,mem_ddr4_16gb_ett
2026-06-11T20:00:00.000Z,mem_ddr4_16gb_ett,DDR4 16Gb (2Gx8) eTT,dram,11.988,12.3,10.5,-0.93,Jun.11 2026    18:10 (GMT+8)<Price Notice>,2026-06-11T13:02:09.646Z,mem_ddr4_16gb_ett
2026-06-12T20:00:00.000Z,mem_ddr4_16gb_ett,DDR4 16Gb (2Gx8) eTT,dram,11.975,12.3,10.5,-0.11,Jun.12 2026    18:10 (GMT+8)<Price Notice>,2026-06-12T13:02:56.198Z,mem_ddr4_16gb_ett
2026-06-15T20:00:00.000Z,mem_ddr4_16gb_ett,DDR4 16Gb (2Gx8) eTT,dram,11.975,12.3,10.5,0.0,Jun.15 2026    18:10 (GMT+8)<Price Notice>,2026-06-15T13:02:10.420Z,mem_ddr4_16gb_ett
2026-06-16T20:00:00.000Z,mem_ddr4_16gb_ett,DDR4 16Gb (2Gx8) eTT,dram,11.975,12.3,10.5,0.0,Jun.16 2026    18:10 (GMT+8)<Price Notice>,2026-06-16T13:03:09.279Z,mem_ddr4_16gb_ett
2026-06-17T20:00:00.000Z,mem_ddr4_16gb_ett,DDR4 16Gb (2Gx8) eTT,dram,11.875,12.3,10.5,-0.84,Jun.17 2026    18:10 (GMT+8)<Price Notice>,2026-06-17T13:02:31.302Z,mem_ddr4_16gb_ett
2026-06-18T20:00:00.000Z,mem_ddr4_16gb_ett,DDR4 16Gb (2Gx8) eTT,dram,11.8,12.3,10.4,-0.63,Jun.18 2026    18:10 (GMT+8)<Price Notice>,2026-06-18T13:01:33.279Z,mem_ddr4_16gb_ett
2026-06-19T20:00:00.000Z,mem_ddr4_16gb_ett,DDR4 16Gb (2Gx8) eTT,dram,11.8,12.3,10.4,-0.63,Jun.18 2026    18:10 (GMT+8)<Price Notice>,2026-06-19T13:02:38.118Z,mem_ddr4_16gb_ett
2026-06-22T20:00:00.000Z,mem_ddr4_16gb_ett,DDR4 16Gb (2Gx8) eTT,dram,11.75,12.2,10.3,-0.42,Jun.22 2026    18:10 (GMT+8)<Price Notice>,2026-06-22T13:01:15.397Z,mem_ddr4_16gb_ett
2026-06-23T20:00:00.000Z,mem_ddr4_16gb_ett,DDR4 16Gb (2Gx8) eTT,dram,11.75,12.2,10.3,0.0,Jun.23 2026    18:10 (GMT+8)<Price Notice>,2026-06-23T13:01:13.955Z,mem_ddr4_16gb_ett
2026-06-24T20:00:00.000Z,mem_ddr4_16gb_ett,DDR4 16Gb (2Gx8) eTT,dram,11.675,12.2,10.3,-0.64,Jun.24 2026    18:10 (GMT+8)<Price Notice>,2026-06-24T13:01:36.408Z,mem_ddr4_16gb_ett
2026-06-25T20:00:00.000Z,mem_ddr4_16gb_ett,DDR4 16Gb (2Gx8) eTT,dram,11.675,12.2,10.3,0.0,Jun.25 2026    18:10 (GMT+8)<Price Notice>,2026-06-25T13:03:32.627Z,mem_ddr4_16gb_ett
2026-06-26T20:00:00.000Z,mem_ddr4_16gb_ett,DDR4 16Gb (2Gx8) eTT,dram,11.675,12.2,10.3,0.0,Jun.26 2026    18:10 (GMT+8)<Price Notice>,2026-06-26T13:02:11.814Z,mem_ddr4_16gb_ett
2026-06-29T20:00:00.000Z,mem_ddr4_16gb_ett,DDR4 16Gb (2Gx8) eTT,dram,11.65,12.0,10.5,-0.21,Jun.29 2026    18:10 (GMT+8)<Price Notice>,2026-06-29T13:02:14.376Z,mem_ddr4_16gb_ett
2026-06-30T20:00:00.000Z,mem_ddr4_16gb_ett,DDR4 16Gb (2Gx8) eTT,dram,11.65,12.0,10.5,0.0,Jun.30 2026    18:10 (GMT+8)<Price Notice>,2026-06-30T13:01:12.514Z,mem_ddr4_16gb_ett
2026-07-01T20:00:00.000Z,mem_ddr4_16gb_ett,DDR4 16Gb (2Gx8) eTT,dram,11.625,12.0,10.5,-0.22,Jul.1 2026    18:10 (GMT+8)<Price Notice>,2026-07-01T13:02:13.833Z,mem_ddr4_16gb_ett
2026-07-02T20:00:00.000Z,mem_ddr4_16gb_ett,DDR4 16Gb (2Gx8) eTT,dram,11.6,12.0,10.5,-0.22,Jul.2 2026    18:10 (GMT+8)<Price Notice>,2026-07-02T13:01:47.874Z,mem_ddr4_16gb_ett
2026-07-03T20:00:00.000Z,mem_ddr4_16gb_ett,DDR4 16Gb (2Gx8) eTT,dram,11.525,12.0,10.5,-0.65,Jul.3 2026    18:10 (GMT+8)<Price Notice>,2026-07-03T13:02:23.584Z,mem_ddr4_16gb_ett
2026-07-06T20:00:00.000Z,mem_ddr4_16gb_ett,DDR4 16Gb (2Gx8) eTT,dram,11.45,11.9,10.0,-0.65,Jul.6 2026    18:10 (GMT+8)<Price Notice>,2026-07-06T13:01:52.377Z,mem_ddr4_16gb_ett
2026-07-07T20:00:00.000Z,mem_ddr4_16gb_ett,DDR4 16Gb (2Gx8) eTT,dram,11.45,11.9,10.0,0.0,Jul.7 2026    18:10 (GMT+8)<Price Notice>,2026-07-07T13:02:35.935Z,mem_ddr4_16gb_ett
2026-07-08T20:00:00.000Z,mem_ddr4_16gb_ett,DDR4 16Gb (2Gx8) eTT,dram,11.45,11.9,10.0,0.0,Jul.8 2026    18:10 (GMT+8)<Price Notice>,2026-07-08T13:02:29.977Z,mem_ddr4_16gb_ett
2026-07-09T20:00:00.000Z,mem_ddr4_16gb_ett,DDR4 16Gb (2Gx8) eTT,dram,11.45,11.9,10.0,0.0,Jul.9 2026    18:10 (GMT+8)<Price Notice>,2026-07-09T13:02:42.912Z,mem_ddr4_16gb_ett
2026-07-10T20:00:00.000Z,mem_ddr4_16gb_ett,DDR4 16Gb (2Gx8) eTT,dram,11.5,12.0,10.2,0.44,Jul.10 2026    18:10 (GMT+8)<Price Notice>,2026-07-10T13:02:07.843Z,mem_ddr4_16gb_ett
2026-07-13T20:00:00.000Z,mem_ddr4_16gb_ett,DDR4 16Gb (2Gx8) eTT,dram,11.5,12.0,10.3,0.0,Jul.13 2026    18:10 (GMT+8)<Price Notice>,2026-07-13T13:02:43.823Z,mem_ddr4_16gb_ett
2026-07-14T20:00:00.000Z,mem_ddr4_16gb_ett,DDR4 16Gb (2Gx8) eTT,dram,11.5,12.0,10.3,0.0,Jul.14 2026    18:10 (GMT+8)<Price Notice>,2026-07-14T13:01:15.324Z,mem_ddr4_16gb_ett
2026-07-15T20:00:00.000Z,mem_ddr4_16gb_ett,DDR4 16Gb (2Gx8) eTT,dram,11.525,12.0,10.3,0.22,Jul.15 2026    18:10 (GMT+8)<Price Notice>,2026-07-15T13:01:08.288Z,mem_ddr4_16gb_ett
2026-07-16T20:00:00.000Z,mem_ddr4_16gb_ett,DDR4 16Gb (2Gx8) eTT,dram,11.5,12.0,10.25,-0.22,Jul.16 2026    18:10 (GMT+8)<Price Notice>,2026-07-16T13:02:46.897Z,mem_ddr4_16gb_ett
2026-07-17T20:00:00.000Z,mem_ddr4_16gb_ett,DDR4 16Gb (2Gx8) eTT,dram,11.5,12.0,10.25,0.0,Jul.17 2026    18:10 (GMT+8)<Price Notice>,2026-07-17T13:02:49.872Z,mem_ddr4_16gb_ett
2026-07-20T20:00:00.000Z,mem_ddr4_16gb_ett,DDR4 16Gb (2Gx8) eTT,dram,11.5,12.0,10.25,0.0,Jul.20 2026    18:10 (GMT+8)<Price Notice>,2026-07-20T13:01:22.659Z,mem_ddr4_16gb_ett
2026-07-21T20:00:00.000Z,mem_ddr4_16gb_ett,DDR4 16Gb (2Gx8) eTT,dram,11.5,11.95,10.3,0.0,Jul.21 2026    18:10 (GMT+8)<Price Notice>,2026-07-21T13:02:34.422Z,mem_ddr4_16gb_ett
2026-07-22T20:00:00.000Z,mem_ddr4_16gb_ett,DDR4 16Gb (2Gx8) eTT,dram,11.5,11.95,10.3,0.0,Jul.22 2026    18:10 (GMT+8)<Price Notice>,2026-07-22T13:02:43.978Z,mem_ddr4_16gb_ett
2026-07-23T20:00:00.000Z,mem_ddr4_16gb_ett,DDR4 16Gb (2Gx8) eTT,dram,11.525,11.95,10.3,0.22,Jul.23 2026    18:10 (GMT+8)<Price Notice>,2026-07-23T13:02:13.780Z,mem_ddr4_16gb_ett
2026-07-24T20:00:00.000Z,mem_ddr4_16gb_ett,DDR4 16Gb (2Gx8) eTT,dram,11.525,11.95,10.3,0.0,Jul.24 2026    18:10 (GMT+8)<Price Notice>,2026-07-24T13:02:28.533Z,mem_ddr4_16gb_ett
2026-07-27T20:00:00.000Z,mem_ddr4_16gb_ett,DDR4 16Gb (2Gx8) eTT,dram,11.525,11.95,10.3,0.0,Jul.27 2026    18:10 (GMT+8)<Price Notice>,2026-07-27T20:02:47.070Z,mem_ddr4_16gb_ett
2026-07-28T20:00:00.000Z,mem_ddr4_16gb_ett,DDR4 16Gb (2Gx8) eTT,dram,11.525,11.9,10.2,0.0,Jul.28 2026    18:10 (GMT+8)<Price Notice>,2026-07-28T20:02:31.411Z,mem_ddr4_16gb_ett
2026-07-29T20:00:00.000Z,mem_ddr4_16gb_ett,DDR4 16Gb (2Gx8) eTT,dram,11.525,11.9,10.2,0.0,Jul.29 2026    18:10 (GMT+8)<Price Notice>,2026-07-29T20:02:52.292Z,mem_ddr4_16gb_ett
2026-07-30T20:00:00.000Z,mem_ddr4_16gb_ett,DDR4 16Gb (2Gx8) eTT,dram,11.45,11.9,10.1,-0.65,Jul.30 2026    18:10 (GMT+8)<Price Notice>,2026-07-30T20:02:11.453Z,mem_ddr4_16gb_ett
2026-07-31T20:00:00.000Z,mem_ddr4_16gb_ett,DDR4 16Gb (2Gx8) eTT,dram,11.45,11.9,10.1,0.0,Jul.31 2026    18:10 (GMT+8)<Price Notice>,2026-07-31T20:01:49.889Z,mem_ddr4_16gb_ett
2026-08-03T20:00:00.000Z,mem_ddr4_16gb_ett,DDR4 16Gb (2Gx8) eTT,dram,11.45,11.85,10.0,0.0,Aug.3 2026    18:10 (GMT+8)<Price Notice>,2026-08-03T20:01:22.877Z,mem_ddr4_16gb_ett
2026-08-04T20:00:00.000Z,mem_ddr4_16gb_ett,DDR4 16Gb (2Gx8) eTT,dram,11.4,11.8,9.9,-0.44,Aug.4 2026    18:10 (GMT+8)<Price Notice>,2026-08-04T20:01:15.160Z,mem_ddr4_16gb_ett
2026-08-05T20:00:00.000Z,mem_ddr4_16gb_ett,DDR4 16Gb (2Gx8) eTT,dram,11.4,11.8,9.9,0.0,Aug.5 2026    18:10 (GMT+8)<Price Notice>,2026-08-05T20:02:43.953Z,mem_ddr4_16gb_ett
2026-08-06T20:00:00.000Z,mem_ddr4_16gb_ett,DDR4 16Gb (2Gx8) eTT,dram,11.4,11.8,9.9,0.0,Aug.6 2026    18:10 (GMT+8)<Price Notice>,2026-08-06T20:01:55.342Z,mem_ddr4_16gb_ett
2026-08-07T20:00:00.000Z,mem_ddr4_16gb_ett,DDR4 16Gb (2Gx8) eTT,dram,11.4,11.8,9.9,0.0,Aug.7 2026    18:10 (GMT+8)<Price Notice>,2026-08-07T20:02:31.314Z,mem_ddr4_16gb_ett
2026-08-10T20:00:00.000Z,mem_ddr4_16gb_ett,DDR4 16Gb (2Gx8) eTT,dram,11.4,11.8,9.8,0.0,Aug.10 2026    18:10 (GMT+8)<Price Notice>,2026-08-10T20:01:50.891Z,mem_ddr4_16gb_ett
2026-08-11T20:00:00.000Z,mem_ddr4_16gb_ett,DDR4 16Gb (2Gx8) eTT,dram,11.375,11.7,9.8,-0.22,Aug.11 2026    18:10 (GMT+8)<Price Notice>,2026-08-11T20:02:04.894Z,mem_ddr4_16gb_ett
2026-08-12T20:00:00.000Z,mem_ddr4_16gb_ett,DDR4 16Gb (2Gx8) eTT,dram,11.325,11.65,9.8,-0.44,Aug.12 2026    18:10 (GMT+8)<Price Notice>,2026-08-12T20:01:26.613Z,mem_ddr4_16gb_ett
2026-08-13T20:00:00.000Z,mem_ddr4_16gb_ett,DDR4 16Gb (2Gx8) eTT,dram,11.325,11.65,9.8,0.0,Aug.13 2026    18:10 (GMT+8)<Price Notice>,2026-08-13T20:02:28.391Z,mem_ddr4_16gb_ett
2026-08-14T20:00:00.000Z,mem_ddr4_16gb_ett,DDR4 16Gb (2Gx8) eTT,dram,11.325,11.65,9.8,0.0,Aug.14 2026    18:10 (GMT+8)<Price Notice>,2026-08-14T20:01:13.862Z,mem_ddr4_16gb_ett
2026-08-17T20:00:00.000Z,mem_ddr4_16gb_ett,DDR4 16Gb (2Gx8) eTT,dram,11.325,11.65,9.8,0.0,Aug.17 2026    18:10 (GMT+8)<Price Notice>,2026-08-17T20:01:36.925Z,mem_ddr4_16gb_ett
2026-08-18T20:00:00.000Z,mem_ddr4_16gb_ett,DDR4 16Gb (2Gx8) eTT,dram,11.325,11.65,9.8,0.0,Aug.18 2026    18:10 (GMT+8)<Price Notice>,2026-08-18T20:03:16.187Z,mem_ddr4_16gb_ett
2026-08-19T20:00:00.000Z,mem_ddr4_16gb_ett,DDR4 16Gb (2Gx8) eTT,dram,11.275,11.6,9.8,-0.44,Aug.19 2026    18:10 (GMT+8)<Price Notice>,2026-08-19T20:02:20.844Z,mem_ddr4_16gb_ett
2026-08-20T20:00:00.000Z,mem_ddr4_16gb_ett,DDR4 16Gb (2Gx8) eTT,dram,11.288,11.6,9.8,0.12,Aug.20 2026    18:10 (GMT+8)<Price Notice>,2026-08-20T20:03:28.179Z,mem_ddr4_16gb_ett
2026-08-21T20:00:00.000Z,mem_ddr4_16gb_ett,DDR4 16Gb (2Gx8) eTT,dram,11.325,11.8,9.8,0.33,Aug.21 2026    18:10 (GMT+8)<Price Notice>,2026-08-21T20:02:16.258Z,mem_ddr4_16gb_ett
2026-08-24T20:00:00.000Z,mem_ddr4_16gb_ett,DDR4 16Gb (2Gx8) eTT,dram,11.3,11.8,9.7,-0.22,Aug.24 2026    18:10 (GMT+8)<Price Notice>,2026-08-24T20:02:25.006Z,mem_ddr4_16gb_ett
2026-08-25T20:00:00.000Z,mem_ddr4_16gb_ett,DDR4 16Gb (2Gx8) eTT,dram,11.325,12.0,9.7,0.22,Aug.25 2026    18:10 (GMT+8)<Price Notice>,2026-08-25T20:02:53.059Z,mem_ddr4_16gb_ett
2026-08-26T20:00:00.000Z,mem_ddr4_16gb_ett,DDR4 16Gb (2Gx8) eTT,dram,11.375,12.0,9.8,0.44,Aug.26 2026    18:10 (GMT+8)<Price Notice>,2026-08-26T20:02:53.992Z,mem_ddr4_16gb_ett
2026-08-27T20:00:00.000Z,mem_ddr4_16gb_ett,DDR4 16Gb (2Gx8) eTT,dram,11.425,12.0,9.8,0.44,Aug.27 2026    18:10 (GMT+8)<Price Notice>,2026-08-27T20:02:14.743Z,mem_ddr4_16gb_ett
2026-08-28T20:00:00.000Z,mem_ddr4_16gb_ett,DDR4 16Gb (2Gx8) eTT,dram,11.475,12.0,9.8,0.44,Aug.28 2026    18:10 (GMT+8)<Price Notice>,2026-08-28T20:02:32.935Z,mem_ddr4_16gb_ett
2026-08-31T20:00:00.000Z,mem_ddr4_16gb_ett,DDR4 16Gb (2Gx8) eTT,dram,11.525,12.2,10.0,0.44,Aug.31 2026    18:10 (GMT+8)<Price Notice>,2026-08-31T20:02:02.069Z,mem_ddr4_16gb_ett
2025-10-08T20:00:00.000Z,mem_ddr4_8gb,DDR4 8Gb (1Gx8) 3200,dram,6.584,,,0.61,Oct.8 2025    14:40 ,2026-01-08T03:24:34.248Z,mem_ddr4_8gb
2026-01-07T21:00:00.000Z,mem_ddr4_8gb,DDR4 8Gb (1Gx8) 3200,dram,25.893,40.0,9.3,1.91,Jan.8 2026    11:00 (GMT+8)<Price Notice>,2026-01-08T03:31:26.126Z,mem_ddr4_8gb
2026-01-08T21:00:00.000Z,mem_ddr4_8gb,DDR4 8Gb (1Gx8) 3200,dram,26.214,40.0,9.3,3.18,Jan.8 2026    18:10 (GMT+8)<Price Notice>,2026-01-08T14:02:23.018Z,mem_ddr4_8gb
2026-01-09T21:00:00.000Z,mem_ddr4_8gb,DDR4 8Gb (1Gx8) 3200,dram,26.821,40.0,9.3,2.32,Jan.9 2026    18:10 (GMT+8)<Price Notice>,2026-01-09T14:01:32.464Z,mem_ddr4_8gb
2026-01-12T21:00:00.000Z,mem_ddr4_8gb,DDR4 8Gb (1Gx8) 3200,dram,27.214,40.0,9.3,1.47,Jan.12 2026    18:10 (GMT+8)<Price Notice>,2026-01-12T14:01:37.605Z,mem_ddr4_8gb
2026-01-13T21:00:00.000Z,mem_ddr4_8gb,DDR4 8Gb (1Gx8) 3200,dram,27.857,43.0,9.5,2.36,Jan.13 2026    18:10 (GMT+8)<Price Notice>,2026-01-13T14:01:26.924Z,mem_ddr4_8gb
2026-01-14T21:00:00.000Z,mem_ddr4_8gb,DDR4 8Gb (1Gx8) 3200,dram,28.357,45.0,9.5,1.8,Jan.14 2026    18:10 (GMT+8)<Price Notice>,2026-01-14T14:01:03.695Z,mem_ddr4_8gb
2026-01-15T21:00:00.000Z,mem_ddr4_8gb,DDR4 8Gb (1Gx8) 3200,dram,28.5,45.0,9.5,0.5,Jan.15 2026    18:10 (GMT+8)<Price Notice>,2026-01-15T14:01:37.352Z,mem_ddr4_8gb
2026-01-16T21:00:00.000Z,mem_ddr4_8gb,DDR4 8Gb (1Gx8) 3200,dram,28.885,46.0,9.5,1.35,Jan.16 2026    18:10 (GMT+8)<Price Notice>,2026-01-16T14:01:57.038Z,mem_ddr4_8gb
2026-01-19T21:00:00.000Z,mem_ddr4_8gb,DDR4 8Gb (1Gx8) 3200,dram,29.5,46.5,10.0,2.13,Jan.19 2026    18:10 (GMT+8)<Price Notice>,2026-01-19T14:01:38.770Z,mem_ddr4_8gb
2026-01-20T21:00:00.000Z,mem_ddr4_8gb,DDR4 8Gb (1Gx8) 3200,dram,30.077,46.0,10.0,1.96,Jan.20 2026    18:10 (GMT+8)<Price Notice>,2026-01-20T14:01:04.009Z,mem_ddr4_8gb
2026-01-21T21:00:00.000Z,mem_ddr4_8gb,DDR4 8Gb (1Gx8) 3200,dram,30.3,46.0,10.3,0.74,Jan.21 2026    18:10 (GMT+8)<Price Notice>,2026-01-21T14:01:09.164Z,mem_ddr4_8gb
2026-01-22T21:00:00.000Z,mem_ddr4_8gb,DDR4 8Gb (1Gx8) 3200,dram,30.3,46.0,10.3,0.0,Jan.22 2026    18:10 (GMT+8)<Price Notice>,2026-01-22T14:01:54.515Z,mem_ddr4_8gb
2026-01-23T21:00:00.000Z,mem_ddr4_8gb,DDR4 8Gb (1Gx8) 3200,dram,30.7,46.0,10.3,1.32,Jan.23 2026    18:10 (GMT+8)<Price Notice>,2026-01-23T14:01:50.243Z,mem_ddr4_8gb
2026-01-26T21:00:00.000Z,mem_ddr4_8gb,DDR4 8Gb (1Gx8) 3200,dram,30.9,45.0,10.3,0.65,Jan.26 2026    18:10 (GMT+8)<Price Notice>,2026-01-26T14:02:40.087Z,mem_ddr4_8gb
2026-01-27T21:00:00.000Z,mem_ddr4_8gb,DDR4 8Gb (1Gx8) 3200,dram,30.9,45.0,10.3,0.0,Jan.27 2026    18:10 (GMT+8)<Price Notice>,2026-01-27T14:01:56.839Z,mem_ddr4_8gb
2026-01-28T21:00:00.000Z,mem_ddr4_8gb,DDR4 8Gb (1Gx8) 3200,dram,30.86,45.0,10.3,-0.13,Jan.28 2026    18:10 (GMT+8)<Price Notice>,2026-01-28T14:03:03.538Z,mem_ddr4_8gb
2026-01-29T21:00:00.000Z,mem_ddr4_8gb,DDR4 8Gb (1Gx8) 3200,dram,30.86,45.0,10.3,0.0,Jan.29 2026    18:10 (GMT+8)<Price Notice>,2026-01-29T14:01:57.611Z,mem_ddr4_8gb
2026-01-30T21:00:00.000Z,mem_ddr4_8gb,DDR4 8Gb (1Gx8) 3200,dram,30.76,45.0,10.3,-0.32,Jan.30 2026    18:10 (GMT+8)<Price Notice>,2026-01-30T14:01:40.814Z,mem_ddr4_8gb
2026-02-02T21:00:00.000Z,mem_ddr4_8gb,DDR4 8Gb (1Gx8) 3200,dram,30.9,45.0,10.3,0.46,Feb.2 2026    18:10 (GMT+8)<Price Notice>,2026-02-02T14:03:38.237Z,mem_ddr4_8gb
2026-02-03T21:00:00.000Z,mem_ddr4_8gb,DDR4 8Gb (1Gx8) 3200,dram,30.88,45.0,10.5,-0.07,Feb.3 2026    18:10 (GMT+8)<Price Notice>,2026-02-03T14:02:24.155Z,mem_ddr4_8gb
2026-02-04T21:00:00.000Z,mem_ddr4_8gb,DDR4 8Gb (1Gx8) 3200,dram,30.86,45.0,10.7,-0.07,Feb.4 2026    18:10 (GMT+8)<Price Notice>,2026-02-04T14:02:16.866Z,mem_ddr4_8gb
2026-02-05T21:00:00.000Z,mem_ddr4_8gb,DDR4 8Gb (1Gx8) 3200,dram,30.84,45.0,10.7,-0.07,Feb.5 2026    18:10 (GMT+8)<Price Notice>,2026-02-05T14:02:40.711Z,mem_ddr4_8gb
2026-02-06T21:00:00.000Z,mem_ddr4_8gb,DDR4 8Gb (1Gx8) 3200,dram,31.0,47.0,10.7,0.52,Feb.6 2026    18:10 (GMT+8)<Price Notice>,2026-02-06T14:01:17.206Z,mem_ddr4_8gb
2026-02-09T21:00:00.000Z,mem_ddr4_8gb,DDR4 8Gb (1Gx8) 3200,dram,30.9,46.5,10.5,-0.32,Feb.9 2026    18:10 (GMT+8)<Price Notice>,2026-02-09T14:01:59.345Z,mem_ddr4_8gb
2026-02-10T21:00:00.000Z,mem_ddr4_8gb,DDR4 8Gb (1Gx8) 3200,dram,31.1,46.5,10.5,0.65,Feb.10 2026    18:10 (GMT+8)<Price Notice>,2026-02-10T14:02:08.356Z,mem_ddr4_8gb
2026-02-11T21:00:00.000Z,mem_ddr4_8gb,DDR4 8Gb (1Gx8) 3200,dram,31.34,46.0,10.5,0.77,Feb.11 2026    18:10 (GMT+8)<Price Notice>,2026-02-11T14:02:08.813Z,mem_ddr4_8gb
2026-02-12T21:00:00.000Z,mem_ddr4_8gb,DDR4 8Gb (1Gx8) 3200,dram,31.34,46.0,10.5,0.0,Feb.12 2026    18:10 (GMT+8)<Price Notice>,2026-02-12T14:01:33.885Z,mem_ddr4_8gb
2026-02-13T21:00:00.000Z,mem_ddr4_8gb,DDR4 8Gb (1Gx8) 3200,dram,31.4,46.0,10.5,0.19,Feb.13 2026    18:10 (GMT+8)<Price Notice>,2026-02-13T14:01:53.473Z,mem_ddr4_8gb
2026-02-16T21:00:00.000Z,mem_ddr4_8gb,DDR4 8Gb (1Gx8) 3200,dram,31.4,46.0,10.5,0.19,Feb.13 2026    18:10 (GMT+8)<Price Notice>,2026-02-16T14:01:15.419Z,mem_ddr4_8gb
2026-02-17T21:00:00.000Z,mem_ddr4_8gb,DDR4 8Gb (1Gx8) 3200,dram,31.4,46.0,10.5,0.19,Feb.13 2026    18:10 (GMT+8)<Price Notice>,2026-02-17T14:01:55.881Z,mem_ddr4_8gb
2026-02-18T21:00:00.000Z,mem_ddr4_8gb,DDR4 8Gb (1Gx8) 3200,dram,31.4,46.0,10.5,0.19,Feb.13 2026    18:10 (GMT+8)<Price Notice>,2026-02-18T14:01:56.511Z,mem_ddr4_8gb
2026-02-19T21:00:00.000Z,mem_ddr4_8gb,DDR4 8Gb (1Gx8) 3200,dram,31.4,46.0,10.5,0.19,Feb.13 2026    18:10 (GMT+8)<Price Notice>,2026-02-19T14:03:01.304Z,mem_ddr4_8gb
2026-02-20T21:00:00.000Z,mem_ddr4_8gb,DDR4 8Gb (1Gx8) 3200,dram,31.4,46.0,10.5,0.19,Feb.13 2026    18:10 (GMT+8)<Price Notice>,2026-02-20T14:01:37.710Z,mem_ddr4_8gb
2026-02-23T21:00:00.000Z,mem_ddr4_8gb,DDR4 8Gb (1Gx8) 3200,dram,31.5,46.0,10.5,0.32,Feb.23 2026    18:10 (GMT+8)<Price Notice>,2026-02-23T14:02:38.887Z,mem_ddr4_8gb
2026-02-24T21:00:00.000Z,mem_ddr4_8gb,DDR4 8Gb (1Gx8) 3200,dram,31.9,48.0,10.8,1.27,Feb.24 2026    18:10 (GMT+8)<Price Notice>,2026-02-24T14:02:04.081Z,mem_ddr4_8gb
2026-02-25T21:00:00.000Z,mem_ddr4_8gb,DDR4 8Gb (1Gx8) 3200,dram,32.34,48.0,10.8,1.38,Feb.25 2026    18:10 (GMT+8)<Price Notice>,2026-02-25T14:02:08.345Z,mem_ddr4_8gb
2026-02-26T21:00:00.000Z,mem_ddr4_8gb,DDR4 8Gb (1Gx8) 3200,dram,32.8,48.0,10.8,1.42,Feb.26 2026    18:10 (GMT+8)<Price Notice>,2026-02-26T14:01:43.257Z,mem_ddr4_8gb
2026-02-27T21:00:00.000Z,mem_ddr4_8gb,DDR4 8Gb (1Gx8) 3200,dram,32.9,48.0,10.8,0.31,Feb.27 2026    18:10 (GMT+8)<Price Notice>,2026-02-27T14:01:52.460Z,mem_ddr4_8gb
2026-03-02T21:00:00.000Z,mem_ddr4_8gb,DDR4 8Gb (1Gx8) 3200,dram,33.02,48.0,10.8,0.37,Mar.2 2026    18:10 (GMT+8)<Price Notice>,2026-03-02T14:01:45.816Z,mem_ddr4_8gb
2026-03-03T21:00:00.000Z,mem_ddr4_8gb,DDR4 8Gb (1Gx8) 3200,dram,33.02,48.5,11.0,0.0,Mar.3 2026    18:10 (GMT+8)<Price Notice>,2026-03-03T14:01:56.569Z,mem_ddr4_8gb
2026-03-04T21:00:00.000Z,mem_ddr4_8gb,DDR4 8Gb (1Gx8) 3200,dram,32.98,48.5,11.0,-0.12,Mar.4 2026    18:10 (GMT+8)<Price Notice>,2026-03-04T14:02:15.081Z,mem_ddr4_8gb
2026-03-05T21:00:00.000Z,mem_ddr4_8gb,DDR4 8Gb (1Gx8) 3200,dram,33.12,48.5,11.0,0.42,Mar.5 2026    18:10 (GMT+8)<Price Notice>,2026-03-05T14:02:35.503Z,mem_ddr4_8gb
2026-03-06T21:00:00.000Z,mem_ddr4_8gb,DDR4 8Gb (1Gx8) 3200,dram,33.32,48.5,11.0,0.6,Mar.6 2026    18:10 (GMT+8)<Price Notice>,2026-03-06T14:01:29.672Z,mem_ddr4_8gb
2026-03-09T20:00:00.000Z,mem_ddr4_8gb,DDR4 8Gb (1Gx8) 3200,dram,33.3,48.0,11.7,-0.06,Mar.9 2026    18:10 (GMT+8)<Price Notice>,2026-03-09T13:01:36.589Z,mem_ddr4_8gb
2026-03-10T20:00:00.000Z,mem_ddr4_8gb,DDR4 8Gb (1Gx8) 3200,dram,33.28,48.0,11.7,-0.06,Mar.10 2026    18:10 (GMT+8)<Price Notice>,2026-03-10T13:02:23.470Z,mem_ddr4_8gb
2026-03-11T20:00:00.000Z,mem_ddr4_8gb,DDR4 8Gb (1Gx8) 3200,dram,33.4,48.0,11.7,0.36,Mar.11 2026    18:10 (GMT+8)<Price Notice>,2026-03-11T13:02:25.904Z,mem_ddr4_8gb
2026-03-12T20:00:00.000Z,mem_ddr4_8gb,DDR4 8Gb (1Gx8) 3200,dram,33.6,48.0,11.75,0.6,Mar.12 2026    18:10 (GMT+8)<Price Notice>,2026-03-12T13:02:16.078Z,mem_ddr4_8gb
2026-03-13T20:00:00.000Z,mem_ddr4_8gb,DDR4 8Gb (1Gx8) 3200,dram,33.6,48.0,11.75,0.0,Mar.13 2026    18:10 (GMT+8)<Price Notice>,2026-03-13T13:02:21.111Z,mem_ddr4_8gb
2026-03-16T20:00:00.000Z,mem_ddr4_8gb,DDR4 8Gb (1Gx8) 3200,dram,33.58,48.0,11.7,-0.06,Mar.16 2026    18:10 (GMT+8)<Price Notice>,2026-03-16T13:02:45.995Z,mem_ddr4_8gb
2026-03-17T20:00:00.000Z,mem_ddr4_8gb,DDR4 8Gb (1Gx8) 3200,dram,33.88,48.0,11.7,0.89,Mar.17 2026    18:10 (GMT+8)<Price Notice>,2026-03-17T13:02:03.849Z,mem_ddr4_8gb
2026-03-18T20:00:00.000Z,mem_ddr4_8gb,DDR4 8Gb (1Gx8) 3200,dram,34.1,48.0,11.7,0.65,Mar.18 2026    18:10 (GMT+8)<Price Notice>,2026-03-18T13:01:43.115Z,mem_ddr4_8gb
2026-03-19T20:00:00.000Z,mem_ddr4_8gb,DDR4 8Gb (1Gx8) 3200,dram,34.1,48.0,11.7,0.0,Mar.19 2026    18:10 (GMT+8)<Price Notice>,2026-03-19T13:02:15.467Z,mem_ddr4_8gb
2026-03-20T20:00:00.000Z,mem_ddr4_8gb,DDR4 8Gb (1Gx8) 3200,dram,34.1,48.0,11.7,0.0,Mar.20 2026    18:10 (GMT+8)<Price Notice>,2026-03-20T13:01:39.076Z,mem_ddr4_8gb
2026-03-23T20:00:00.000Z,mem_ddr4_8gb,DDR4 8Gb (1Gx8) 3200,dram,34.0,47.5,11.6,-0.29,Mar.23 2026    18:10 (GMT+8)<Price Notice>,2026-03-23T13:02:20.335Z,mem_ddr4_8gb
2026-03-24T20:00:00.000Z,mem_ddr4_8gb,DDR4 8Gb (1Gx8) 3200,dram,34.0,47.5,12.0,0.0,Mar.24 2026    18:10 (GMT+8)<Price Notice>,2026-03-24T13:02:47.182Z,mem_ddr4_8gb
2026-03-25T20:00:00.000Z,mem_ddr4_8gb,DDR4 8Gb (1Gx8) 3200,dram,34.0,47.5,12.0,0.0,Mar.25 2026    18:10 (GMT+8)<Price Notice>,2026-03-25T13:01:40.793Z,mem_ddr4_8gb
2026-03-26T20:00:00.000Z,mem_ddr4_8gb,DDR4 8Gb (1Gx8) 3200,dram,34.0,47.5,12.0,0.0,Mar.26 2026    18:10 (GMT+8)<Price Notice>,2026-03-26T13:03:07.542Z,mem_ddr4_8gb
2026-03-27T20:00:00.000Z,mem_ddr4_8gb,DDR4 8Gb (1Gx8) 3200,dram,34.0,48.5,12.2,0.0,Mar.27 2026    18:10 (GMT+8)<Price Notice>,2026-03-27T13:01:53.741Z,mem_ddr4_8gb
2026-03-30T20:00:00.000Z,mem_ddr4_8gb,DDR4 8Gb (1Gx8) 3200,dram,34.0,48.5,12.0,0.0,Mar.30 2026    18:10 (GMT+8)<Price Notice>,2026-03-30T13:02:54.120Z,mem_ddr4_8gb
2026-03-31T20:00:00.000Z,mem_ddr4_8gb,DDR4 8Gb (1Gx8) 3200,dram,33.96,48.5,12.0,-0.12,Mar.31 2026    18:10 (GMT+8)<Price Notice>,2026-03-31T13:02:38.230Z,mem_ddr4_8gb
2026-04-01T20:00:00.000Z,mem_ddr4_8gb,DDR4 8Gb (1Gx8) 3200,dram,33.96,48.5,12.0,0.0,Apr.1 2026    18:10 (GMT+8)<Price Notice>,2026-04-01T13:02:53.265Z,mem_ddr4_8gb
2026-04-02T20:00:00.000Z,mem_ddr4_8gb,DDR4 8Gb (1Gx8) 3200,dram,33.66,48.5,12.0,-0.88,Apr.2 2026    18:10 (GMT+8)<Price Notice>,2026-04-02T13:01:39.999Z,mem_ddr4_8gb
2026-04-03T20:00:00.000Z,mem_ddr4_8gb,DDR4 8Gb (1Gx8) 3200,dram,33.6,48.5,12.0,-0.18,Apr.3 2026    18:10 (GMT+8)<Price Notice>,2026-04-03T13:01:34.344Z,mem_ddr4_8gb
2026-04-06T20:00:00.000Z,mem_ddr4_8gb,DDR4 8Gb (1Gx8) 3200,dram,33.6,48.5,12.0,-0.18,Apr.3 2026    18:10 (GMT+8)<Price Notice>,2026-04-06T13:01:27.520Z,mem_ddr4_8gb
2026-04-07T20:00:00.000Z,mem_ddr4_8gb,DDR4 8Gb (1Gx8) 3200,dram,33.56,49.0,12.5,-0.12,Apr.7 2026    18:10 (GMT+8)<Price Notice>,2026-04-07T13:02:09.145Z,mem_ddr4_8gb
2026-04-08T20:00:00.000Z,mem_ddr4_8gb,DDR4 8Gb (1Gx8) 3200,dram,33.56,49.0,12.5,0.0,Apr.8 2026    18:10 (GMT+8)<Price Notice>,2026-04-08T13:03:47.228Z,mem_ddr4_8gb
2026-04-09T20:00:00.000Z,mem_ddr4_8gb,DDR4 8Gb (1Gx8) 3200,dram,33.5,49.0,13.0,-0.18,Apr.9 2026    18:10 (GMT+8)<Price Notice>,2026-04-09T13:02:15.428Z,mem_ddr4_8gb
2026-04-10T20:00:00.000Z,mem_ddr4_8gb,DDR4 8Gb (1Gx8) 3200,dram,33.4,49.0,13.0,-0.3,Apr.10 2026    18:10 (GMT+8)<Price Notice>,2026-04-10T13:02:23.314Z,mem_ddr4_8gb
2026-04-13T20:00:00.000Z,mem_ddr4_8gb,DDR4 8Gb (1Gx8) 3200,dram,33.4,49.3,13.2,0.0,Apr.13 2026    18:10 (GMT+8)<Price Notice>,2026-04-13T13:02:06.056Z,mem_ddr4_8gb
2026-04-14T20:00:00.000Z,mem_ddr4_8gb,DDR4 8Gb (1Gx8) 3200,dram,33.4,49.3,13.5,0.0,Apr.14 2026    18:10 (GMT+8)<Price Notice>,2026-04-14T13:04:52.138Z,mem_ddr4_8gb
2026-04-15T20:00:00.000Z,mem_ddr4_8gb,DDR4 8Gb (1Gx8) 3200,dram,33.2,49.3,14.0,-0.6,Apr.15 2026    18:10 (GMT+8)<Price Notice>,2026-04-15T13:02:44.049Z,mem_ddr4_8gb
2026-04-16T20:00:00.000Z,mem_ddr4_8gb,DDR4 8Gb (1Gx8) 3200,dram,33.1,49.3,14.5,-0.3,Apr.16 2026    18:10 (GMT+8)<Price Notice>,2026-04-16T13:02:05.895Z,mem_ddr4_8gb
2026-04-17T20:00:00.000Z,mem_ddr4_8gb,DDR4 8Gb (1Gx8) 3200,dram,33.0,50.0,14.5,-0.3,Apr.17 2026    18:10 (GMT+8)<Price Notice>,2026-04-17T13:02:40.681Z,mem_ddr4_8gb
2026-04-20T20:00:00.000Z,mem_ddr4_8gb,DDR4 8Gb (1Gx8) 3200,dram,33.0,51.0,15.0,0.0,Apr.20 2026    18:10 (GMT+8)<Price Notice>,2026-04-20T13:02:05.258Z,mem_ddr4_8gb
2026-04-21T20:00:00.000Z,mem_ddr4_8gb,DDR4 8Gb (1Gx8) 3200,dram,33.0,51.0,15.0,0.0,Apr.21 2026    18:10 (GMT+8)<Price Notice>,2026-04-21T13:03:22.460Z,mem_ddr4_8gb
2026-04-22T20:00:00.000Z,mem_ddr4_8gb,DDR4 8Gb (1Gx8) 3200,dram,32.8,51.0,15.0,-0.61,Apr.22 2026    18:10 (GMT+8)<Price Notice>,2026-04-22T13:02:12.507Z,mem_ddr4_8gb
2026-04-23T20:00:00.000Z,mem_ddr4_8gb,DDR4 8Gb (1Gx8) 3200,dram,32.6,51.0,15.0,-0.61,Apr.23 2026    18:10 (GMT+8)<Price Notice>,2026-04-23T13:02:19.395Z,mem_ddr4_8gb
2026-04-24T20:00:00.000Z,mem_ddr4_8gb,DDR4 8Gb (1Gx8) 3200,dram,32.5,51.0,15.2,-0.31,Apr.24 2026    18:10 (GMT+8)<Price Notice>,2026-04-24T13:02:50.329Z,mem_ddr4_8gb
2026-04-27T20:00:00.000Z,mem_ddr4_8gb,DDR4 8Gb (1Gx8) 3200,dram,32.5,51.0,15.2,0.0,Apr.27 2026    18:10 (GMT+8)<Price Notice>,2026-04-27T13:02:40.910Z,mem_ddr4_8gb
2026-04-28T20:00:00.000Z,mem_ddr4_8gb,DDR4 8Gb (1Gx8) 3200,dram,32.5,51.0,15.2,0.0,Apr.28 2026    18:10 (GMT+8)<Price Notice>,2026-04-28T13:03:58.866Z,mem_ddr4_8gb
2026-04-29T20:00:00.000Z,mem_ddr4_8gb,DDR4 8Gb (1Gx8) 3200,dram,32.48,51.0,15.2,-0.06,Apr.29 2026    18:10 (GMT+8)<Price Notice>,2026-04-29T13:03:44.805Z,mem_ddr4_8gb
2026-04-30T20:00:00.000Z,mem_ddr4_8gb,DDR4 8Gb (1Gx8) 3200,dram,32.48,51.0,15.3,0.0,Apr.30 2026    18:10 (GMT+8)<Price Notice>,2026-04-30T13:01:45.662Z,mem_ddr4_8gb
2026-05-01T20:00:00.000Z,mem_ddr4_8gb,DDR4 8Gb (1Gx8) 3200,dram,32.48,51.0,15.3,0.0,Apr.30 2026    18:10 (GMT+8)<Price Notice>,2026-05-01T13:01:43.473Z,mem_ddr4_8gb
2026-05-04T20:00:00.000Z,mem_ddr4_8gb,DDR4 8Gb (1Gx8) 3200,dram,32.4,51.5,15.4,-0.25,May.4 2026    18:10 (GMT+8)<Price Notice>,2026-05-04T13:02:45.538Z,mem_ddr4_8gb
2026-05-05T20:00:00.000Z,mem_ddr4_8gb,DDR4 8Gb (1Gx8) 3200,dram,32.4,51.5,15.4,0.0,May.5 2026    18:10 (GMT+8)<Price Notice>,2026-05-05T13:03:09.557Z,mem_ddr4_8gb
2026-05-06T20:00:00.000Z,mem_ddr4_8gb,DDR4 8Gb (1Gx8) 3200,dram,32.0,51.5,15.4,-1.24,May.6 2026    18:10 (GMT+8)<Price Notice>,2026-05-06T13:02:08.033Z,mem_ddr4_8gb
2026-05-07T20:00:00.000Z,mem_ddr4_8gb,DDR4 8Gb (1Gx8) 3200,dram,32.0,51.5,15.4,0.0,May.7 2026    18:10 (GMT+8)<Price Notice>,2026-05-07T13:02:08.956Z,mem_ddr4_8gb
2026-05-08T20:00:00.000Z,mem_ddr4_8gb,DDR4 8Gb (1Gx8) 3200,dram,32.1,52.0,16.0,0.31,May.8 2026    18:10 (GMT+8)<Price Notice>,2026-05-08T13:02:22.956Z,mem_ddr4_8gb
2026-05-11T20:00:00.000Z,mem_ddr4_8gb,DDR4 8Gb (1Gx8) 3200,dram,32.3,52.8,16.2,0.62,May.11 2026    18:10 (GMT+8)<Price Notice>,2026-05-11T13:02:05.832Z,mem_ddr4_8gb
2026-05-12T20:00:00.000Z,mem_ddr4_8gb,DDR4 8Gb (1Gx8) 3200,dram,32.3,52.8,16.2,0.0,May.12 2026    18:10 (GMT+8)<Price Notice>,2026-05-12T13:02:55.027Z,mem_ddr4_8gb
2026-05-13T20:00:00.000Z,mem_ddr4_8gb,DDR4 8Gb (1Gx8) 3200,dram,32.2,52.8,16.2,-0.31,May.13 2026    18:10 (GMT+8)<Price Notice>,2026-05-13T13:01:40.598Z,mem_ddr4_8gb
2026-05-14T20:00:00.000Z,mem_ddr4_8gb,DDR4 8Gb (1Gx8) 3200,dram,32.0,52.8,16.4,-0.62,May.14 2026    18:10 (GMT+8)<Price Notice>,2026-05-14T13:01:13.286Z,mem_ddr4_8gb
2026-05-15T20:00:00.000Z,mem_ddr4_8gb,DDR4 8Gb (1Gx8) 3200,dram,32.0,52.8,16.4,0.0,May.15 2026    18:10 (GMT+8)<Price Notice>,2026-05-15T13:02:27.546Z,mem_ddr4_8gb
2026-05-18T20:00:00.000Z,mem_ddr4_8gb,DDR4 8Gb (1Gx8) 3200,dram,32.0,53.0,16.4,0.0,May.18 2026    18:10 (GMT+8)<Price Notice>,2026-05-18T13:02:54.638Z,mem_ddr4_8gb
2026-05-19T20:00:00.000Z,mem_ddr4_8gb,DDR4 8Gb (1Gx8) 3200,dram,32.0,53.0,16.4,0.0,May.19 2026    18:10 (GMT+8)<Price Notice>,2026-05-19T13:02:12.976Z,mem_ddr4_8gb
2026-05-20T20:00:00.000Z,mem_ddr4_8gb,DDR4 8Gb (1Gx8) 3200,dram,32.4,53.0,16.4,1.25,May.20 2026    18:10 (GMT+8)<Price Notice>,2026-05-20T13:01:53.920Z,mem_ddr4_8gb
2026-05-21T20:00:00.000Z,mem_ddr4_8gb,DDR4 8Gb (1Gx8) 3200,dram,32.9,53.5,16.5,1.54,May.21 2026    18:10 (GMT+8)<Price Notice>,2026-05-21T13:02:12.407Z,mem_ddr4_8gb
2026-05-22T20:00:00.000Z,mem_ddr4_8gb,DDR4 8Gb (1Gx8) 3200,dram,33.3,53.5,16.5,1.22,May.22 2026    18:10 (GMT+8)<Price Notice>,2026-05-22T13:02:03.111Z,mem_ddr4_8gb
2026-05-25T20:00:00.000Z,mem_ddr4_8gb,DDR4 8Gb (1Gx8) 3200,dram,33.5,53.5,16.5,0.6,May.25 2026    18:10 (GMT+8)<Price Notice>,2026-05-25T13:01:11.616Z,mem_ddr4_8gb
2026-05-26T20:00:00.000Z,mem_ddr4_8gb,DDR4 8Gb (1Gx8) 3200,dram,33.6,53.0,16.7,0.3,May.26 2026    18:10 (GMT+8)<Price Notice>,2026-05-26T13:02:17.041Z,mem_ddr4_8gb
2026-05-27T20:00:00.000Z,mem_ddr4_8gb,DDR4 8Gb (1Gx8) 3200,dram,33.6,53.0,16.7,0.0,May.27 2026    18:10 (GMT+8)<Price Notice>,2026-05-27T13:01:31.331Z,mem_ddr4_8gb
2026-05-28T20:00:00.000Z,mem_ddr4_8gb,DDR4 8Gb (1Gx8) 3200,dram,33.8,53.0,16.8,0.6,May.28 2026    18:10 (GMT+8)<Price Notice>,2026-05-28T13:03:26.760Z,mem_ddr4_8gb
2026-05-29T20:00:00.000Z,mem_ddr4_8gb,DDR4 8Gb (1Gx8) 3200,dram,34.1,53.0,16.8,0.89,May.29 2026    18:10 (GMT+8)<Price Notice>,2026-05-29T13:01:36.615Z,mem_ddr4_8gb
2026-06-01T20:00:00.000Z,mem_ddr4_8gb,DDR4 8Gb (1Gx8) 3200,dram,34.5,53.5,17.0,1.17,Jun.1 2026    18:10 (GMT+8)<Price Notice>,2026-06-01T13:02:23.114Z,mem_ddr4_8gb
2026-06-02T20:00:00.000Z,mem_ddr4_8gb,DDR4 8Gb (1Gx8) 3200,dram,34.8,53.5,17.0,0.87,Jun.2 2026    18:10 (GMT+8)<Price Notice>,2026-06-02T13:01:46.503Z,mem_ddr4_8gb
2026-06-03T20:00:00.000Z,mem_ddr4_8gb,DDR4 8Gb (1Gx8) 3200,dram,35.12,54.0,17.0,0.92,Jun.3 2026    18:10 (GMT+8)<Price Notice>,2026-06-03T13:01:27.103Z,mem_ddr4_8gb
2026-06-04T20:00:00.000Z,mem_ddr4_8gb,DDR4 8Gb (1Gx8) 3200,dram,35.42,54.0,17.0,0.85,Jun.4 2026    18:10 (GMT+8)<Price Notice>,2026-06-04T13:02:15.709Z,mem_ddr4_8gb
2026-06-05T20:00:00.000Z,mem_ddr4_8gb,DDR4 8Gb (1Gx8) 3200,dram,35.5,54.0,17.0,0.23,Jun.5 2026    18:10 (GMT+8)<Price Notice>,2026-06-05T13:02:40.269Z,mem_ddr4_8gb
2026-06-08T20:00:00.000Z,mem_ddr4_8gb,DDR4 8Gb (1Gx8) 3200,dram,35.7,55.0,17.2,0.56,Jun.8 2026    18:10 (GMT+8)<Price Notice>,2026-06-08T13:01:50.898Z,mem_ddr4_8gb
2026-06-09T20:00:00.000Z,mem_ddr4_8gb,DDR4 8Gb (1Gx8) 3200,dram,35.9,55.0,17.2,0.56,Jun.9 2026    18:10 (GMT+8)<Price Notice>,2026-06-09T13:02:08.889Z,mem_ddr4_8gb
2026-06-10T20:00:00.000Z,mem_ddr4_8gb,DDR4 8Gb (1Gx8) 3200,dram,35.9,55.0,17.5,0.0,Jun.10 2026    18:10 (GMT+8)<Price Notice>,2026-06-10T13:02:20.696Z,mem_ddr4_8gb
2026-06-11T20:00:00.000Z,mem_ddr4_8gb,DDR4 8Gb (1Gx8) 3200,dram,36.1,55.0,18.0,0.56,Jun.11 2026    18:10 (GMT+8)<Price Notice>,2026-06-11T13:02:09.646Z,mem_ddr4_8gb
2026-06-12T20:00:00.000Z,mem_ddr4_8gb,DDR4 8Gb (1Gx8) 3200,dram,35.9,56.0,18.5,-0.55,Jun.12 2026    18:10 (GMT+8)<Price Notice>,2026-06-12T13:02:56.198Z,mem_ddr4_8gb
2026-06-15T20:00:00.000Z,mem_ddr4_8gb,DDR4 8Gb (1Gx8) 3200,dram,35.8,56.0,18.8,-0.28,Jun.15 2026    18:10 (GMT+8)<Price Notice>,2026-06-15T13:02:10.420Z,mem_ddr4_8gb
2026-06-16T20:00:00.000Z,mem_ddr4_8gb,DDR4 8Gb (1Gx8) 3200,dram,35.8,56.0,18.8,0.0,Jun.16 2026    18:10 (GMT+8)<Price Notice>,2026-06-16T13:03:09.279Z,mem_ddr4_8gb
2026-06-17T20:00:00.000Z,mem_ddr4_8gb,DDR4 8Gb (1Gx8) 3200,dram,35.8,56.0,18.8,0.0,Jun.17 2026    18:10 (GMT+8)<Price Notice>,2026-06-17T13:02:31.302Z,mem_ddr4_8gb
2026-06-18T20:00:00.000Z,mem_ddr4_8gb,DDR4 8Gb (1Gx8) 3200,dram,35.9,56.0,18.9,0.28,Jun.18 2026    18:10 (GMT+8)<Price Notice>,2026-06-18T13:01:33.279Z,mem_ddr4_8gb
2026-06-19T20:00:00.000Z,mem_ddr4_8gb,DDR4 8Gb (1Gx8) 3200,dram,35.9,56.0,18.9,0.28,Jun.18 2026    18:10 (GMT+8)<Price Notice>,2026-06-19T13:02:38.118Z,mem_ddr4_8gb
2026-06-22T20:00:00.000Z,mem_ddr4_8gb,DDR4 8Gb (1Gx8) 3200,dram,35.9,55.5,19.0,0.0,Jun.22 2026    18:10 (GMT+8)<Price Notice>,2026-06-22T13:01:15.397Z,mem_ddr4_8gb
2026-06-23T20:00:00.000Z,mem_ddr4_8gb,DDR4 8Gb (1Gx8) 3200,dram,35.9,55.5,19.0,0.0,Jun.23 2026    18:10 (GMT+8)<Price Notice>,2026-06-23T13:01:13.955Z,mem_ddr4_8gb
2026-06-24T20:00:00.000Z,mem_ddr4_8gb,DDR4 8Gb (1Gx8) 3200,dram,35.9,55.5,19.5,0.0,Jun.24 2026    18:10 (GMT+8)<Price Notice>,2026-06-24T13:01:36.408Z,mem_ddr4_8gb
2026-06-25T20:00:00.000Z,mem_ddr4_8gb,DDR4 8Gb (1Gx8) 3200,dram,36.0,55.5,19.5,0.28,Jun.25 2026    18:10 (GMT+8)<Price Notice>,2026-06-25T13:03:32.627Z,mem_ddr4_8gb
2026-06-26T20:00:00.000Z,mem_ddr4_8gb,DDR4 8Gb (1Gx8) 3200,dram,36.0,55.5,19.5,0.0,Jun.26 2026    18:10 (GMT+8)<Price Notice>,2026-06-26T13:02:11.814Z,mem_ddr4_8gb
2026-06-29T20:00:00.000Z,mem_ddr4_8gb,DDR4 8Gb (1Gx8) 3200,dram,36.0,56.0,19.6,0.0,Jun.29 2026    18:10 (GMT+8)<Price Notice>,2026-06-29T13:02:14.376Z,mem_ddr4_8gb
2026-06-30T20:00:00.000Z,mem_ddr4_8gb,DDR4 8Gb (1Gx8) 3200,dram,36.0,56.0,19.6,0.0,Jun.30 2026    18:10 (GMT+8)<Price Notice>,2026-06-30T13:01:12.514Z,mem_ddr4_8gb
2026-07-01T20:00:00.000Z,mem_ddr4_8gb,DDR4 8Gb (1Gx8) 3200,dram,36.1,57.0,19.6,0.28,Jul.1 2026    18:10 (GMT+8)<Price Notice>,2026-07-01T13:02:13.833Z,mem_ddr4_8gb
2026-07-02T20:00:00.000Z,mem_ddr4_8gb,DDR4 8Gb (1Gx8) 3200,dram,36.34,59.0,19.6,0.67,Jul.2 2026    18:10 (GMT+8)<Price Notice>,2026-07-02T13:01:47.874Z,mem_ddr4_8gb
2026-07-03T20:00:00.000Z,mem_ddr4_8gb,DDR4 8Gb (1Gx8) 3200,dram,36.54,60.0,19.6,0.55,Jul.3 2026    18:10 (GMT+8)<Price Notice>,2026-07-03T13:02:23.584Z,mem_ddr4_8gb
2026-07-06T20:00:00.000Z,mem_ddr4_8gb,DDR4 8Gb (1Gx8) 3200,dram,36.74,61.0,19.7,0.55,Jul.6 2026    18:10 (GMT+8)<Price Notice>,2026-07-06T13:01:52.377Z,mem_ddr4_8gb
2026-07-07T20:00:00.000Z,mem_ddr4_8gb,DDR4 8Gb (1Gx8) 3200,dram,37.14,62.0,19.7,1.09,Jul.7 2026    18:10 (GMT+8)<Price Notice>,2026-07-07T13:02:35.935Z,mem_ddr4_8gb
2026-07-08T20:00:00.000Z,mem_ddr4_8gb,DDR4 8Gb (1Gx8) 3200,dram,37.34,62.0,19.7,0.54,Jul.8 2026    18:10 (GMT+8)<Price Notice>,2026-07-08T13:02:29.977Z,mem_ddr4_8gb
2026-07-09T20:00:00.000Z,mem_ddr4_8gb,DDR4 8Gb (1Gx8) 3200,dram,37.4,63.0,19.7,0.16,Jul.9 2026    18:10 (GMT+8)<Price Notice>,2026-07-09T13:02:42.912Z,mem_ddr4_8gb
2026-07-10T20:00:00.000Z,mem_ddr4_8gb,DDR4 8Gb (1Gx8) 3200,dram,37.8,64.0,19.7,1.07,Jul.10 2026    18:10 (GMT+8)<Price Notice>,2026-07-10T13:02:07.843Z,mem_ddr4_8gb
2026-07-13T20:00:00.000Z,mem_ddr4_8gb,DDR4 8Gb (1Gx8) 3200,dram,38.5,65.0,19.8,1.85,Jul.13 2026    18:10 (GMT+8)<Price Notice>,2026-07-13T13:02:43.823Z,mem_ddr4_8gb
2024-01-01T21:00:00.000Z,mem_ddr4_8gb,DDR4 8Gb (1Gx8) 3200,dram,1.613,,,,historical CSV backfill,2026-07-14T01:37:42.667Z,mem_ddr4_8gb
2026-07-14T20:00:00.000Z,mem_ddr4_8gb,DDR4 8Gb (1Gx8) 3200,dram,39.2,66.0,19.8,1.82,Jul.14 2026    18:10 (GMT+8)<Price Notice>,2026-07-14T13:01:15.324Z,mem_ddr4_8gb
2026-07-15T20:00:00.000Z,mem_ddr4_8gb,DDR4 8Gb (1Gx8) 3200,dram,39.8,67.0,19.8,1.53,Jul.15 2026    18:10 (GMT+8)<Price Notice>,2026-07-15T13:01:08.288Z,mem_ddr4_8gb
2026-07-16T20:00:00.000Z,mem_ddr4_8gb,DDR4 8Gb (1Gx8) 3200,dram,39.9,68.0,20.0,0.25,Jul.16 2026    18:10 (GMT+8)<Price Notice>,2026-07-16T13:02:46.897Z,mem_ddr4_8gb
2026-07-17T20:00:00.000Z,mem_ddr4_8gb,DDR4 8Gb (1Gx8) 3200,dram,40.5,70.0,20.0,1.5,Jul.17 2026    18:10 (GMT+8)<Price Notice>,2026-07-17T13:02:49.872Z,mem_ddr4_8gb
2026-07-20T20:00:00.000Z,mem_ddr4_8gb,DDR4 8Gb (1Gx8) 3200,dram,40.8,71.0,20.0,0.74,Jul.20 2026    18:10 (GMT+8)<Price Notice>,2026-07-20T13:01:22.659Z,mem_ddr4_8gb
2026-07-21T20:00:00.000Z,mem_ddr4_8gb,DDR4 8Gb (1Gx8) 3200,dram,41.1,72.0,20.05,0.74,Jul.21 2026    18:10 (GMT+8)<Price Notice>,2026-07-21T13:02:34.422Z,mem_ddr4_8gb
2026-07-22T20:00:00.000Z,mem_ddr4_8gb,DDR4 8Gb (1Gx8) 3200,dram,41.5,73.0,20.05,0.97,Jul.22 2026    18:10 (GMT+8)<Price Notice>,2026-07-22T13:02:43.978Z,mem_ddr4_8gb
2026-07-23T20:00:00.000Z,mem_ddr4_8gb,DDR4 8Gb (1Gx8) 3200,dram,41.6,73.0,20.05,0.24,Jul.23 2026    18:10 (GMT+8)<Price Notice>,2026-07-23T13:02:13.780Z,mem_ddr4_8gb
2026-07-24T20:00:00.000Z,mem_ddr4_8gb,DDR4 8Gb (1Gx8) 3200,dram,42.143,75.0,20.1,1.31,Jul.24 2026    18:10 (GMT+8)<Price Notice>,2026-07-24T13:02:28.533Z,mem_ddr4_8gb
2026-07-27T20:00:00.000Z,mem_ddr4_8gb,DDR4 8Gb (1Gx8) 3200,dram,42.077,75.0,20.1,-0.16,Jul.27 2026    18:10 (GMT+8)<Price Notice>,2026-07-27T20:02:47.070Z,mem_ddr4_8gb
2026-07-28T20:00:00.000Z,mem_ddr4_8gb,DDR4 8Gb (1Gx8) 3200,dram,42.077,74.0,20.2,0.0,Jul.28 2026    18:10 (GMT+8)<Price Notice>,2026-07-28T20:02:31.411Z,mem_ddr4_8gb
2026-07-29T20:00:00.000Z,mem_ddr4_8gb,DDR4 8Gb (1Gx8) 3200,dram,42.041,74.0,20.2,-0.09,Jul.29 2026    18:10 (GMT+8)<Price Notice>,2026-07-29T20:02:52.292Z,mem_ddr4_8gb
2026-07-30T20:00:00.000Z,mem_ddr4_8gb,DDR4 8Gb (1Gx8) 3200,dram,42.13,74.0,20.3,0.21,Jul.30 2026    18:10 (GMT+8)<Price Notice>,2026-07-30T20:02:11.453Z,mem_ddr4_8gb
2026-07-31T20:00:00.000Z,mem_ddr4_8gb,DDR4 8Gb (1Gx8) 3200,dram,42.112,74.0,20.3,-0.04,Jul.31 2026    18:10 (GMT+8)<Price Notice>,2026-07-31T20:01:49.889Z,mem_ddr4_8gb
2026-08-03T20:00:00.000Z,mem_ddr4_8gb,DDR4 8Gb (1Gx8) 3200,dram,42.112,74.5,20.4,0.0,Aug.3 2026    18:10 (GMT+8)<Price Notice>,2026-08-03T20:01:22.877Z,mem_ddr4_8gb
2026-08-04T20:00:00.000Z,mem_ddr4_8gb,DDR4 8Gb (1Gx8) 3200,dram,42.112,74.0,20.4,0.0,Aug.4 2026    18:10 (GMT+8)<Price Notice>,2026-08-04T20:01:15.160Z,mem_ddr4_8gb
2026-08-05T20:00:00.000Z,mem_ddr4_8gb,DDR4 8Gb (1Gx8) 3200,dram,42.112,74.0,20.4,0.0,Aug.5 2026    18:10 (GMT+8)<Price Notice>,2026-08-05T20:02:43.953Z,mem_ddr4_8gb
2026-08-06T20:00:00.000Z,mem_ddr4_8gb,DDR4 8Gb (1Gx8) 3200,dram,42.237,74.0,20.5,0.3,Aug.6 2026    18:10 (GMT+8)<Price Notice>,2026-08-06T20:01:55.342Z,mem_ddr4_8gb
2026-08-07T20:00:00.000Z,mem_ddr4_8gb,DDR4 8Gb (1Gx8) 3200,dram,42.45,74.0,20.5,0.5,Aug.7 2026    18:10 (GMT+8)<Price Notice>,2026-08-07T20:02:31.314Z,mem_ddr4_8gb
2026-08-10T20:00:00.000Z,mem_ddr4_8gb,DDR4 8Gb (1Gx8) 3200,dram,42.45,74.0,20.6,0.0,Aug.10 2026    18:10 (GMT+8)<Price Notice>,2026-08-10T20:01:50.891Z,mem_ddr4_8gb
2026-08-11T20:00:00.000Z,mem_ddr4_8gb,DDR4 8Gb (1Gx8) 3200,dram,42.504,74.0,20.8,0.13,Aug.11 2026    18:10 (GMT+8)<Price Notice>,2026-08-11T20:02:04.894Z,mem_ddr4_8gb
2026-08-12T20:00:00.000Z,mem_ddr4_8gb,DDR4 8Gb (1Gx8) 3200,dram,42.61,74.5,21.0,0.25,Aug.12 2026    18:10 (GMT+8)<Price Notice>,2026-08-12T20:01:26.613Z,mem_ddr4_8gb
2026-08-13T20:00:00.000Z,mem_ddr4_8gb,DDR4 8Gb (1Gx8) 3200,dram,42.61,74.5,21.0,0.0,Aug.13 2026    18:10 (GMT+8)<Price Notice>,2026-08-13T20:02:28.391Z,mem_ddr4_8gb
2026-08-14T20:00:00.000Z,mem_ddr4_8gb,DDR4 8Gb (1Gx8) 3200,dram,42.717,74.5,21.2,0.25,Aug.14 2026    18:10 (GMT+8)<Price Notice>,2026-08-14T20:01:13.862Z,mem_ddr4_8gb
2026-08-17T20:00:00.000Z,mem_ddr4_8gb,DDR4 8Gb (1Gx8) 3200,dram,42.895,74.5,21.4,0.42,Aug.17 2026    18:10 (GMT+8)<Price Notice>,2026-08-17T20:01:36.925Z,mem_ddr4_8gb
2026-08-18T20:00:00.000Z,mem_ddr4_8gb,DDR4 8Gb (1Gx8) 3200,dram,42.895,74.0,21.4,0.0,Aug.18 2026    18:10 (GMT+8)<Price Notice>,2026-08-18T20:03:16.187Z,mem_ddr4_8gb
2026-08-19T20:00:00.000Z,mem_ddr4_8gb,DDR4 8Gb (1Gx8) 3200,dram,43.073,74.0,22.0,0.42,Aug.19 2026    18:10 (GMT+8)<Price Notice>,2026-08-19T20:02:20.844Z,mem_ddr4_8gb
2026-08-20T20:00:00.000Z,mem_ddr4_8gb,DDR4 8Gb (1Gx8) 3200,dram,43.138,74.0,22.5,0.15,Aug.20 2026    18:10 (GMT+8)<Price Notice>,2026-08-20T20:03:28.179Z,mem_ddr4_8gb
2026-08-21T20:00:00.000Z,mem_ddr4_8gb,DDR4 8Gb (1Gx8) 3200,dram,43.288,74.0,23.0,0.35,Aug.21 2026    18:10 (GMT+8)<Price Notice>,2026-08-21T20:02:16.258Z,mem_ddr4_8gb
2026-08-24T20:00:00.000Z,mem_ddr4_8gb,DDR4 8Gb (1Gx8) 3200,dram,43.288,74.0,23.5,0.0,Aug.24 2026    18:10 (GMT+8)<Price Notice>,2026-08-24T20:02:25.006Z,mem_ddr4_8gb
2026-08-25T20:00:00.000Z,mem_ddr4_8gb,DDR4 8Gb (1Gx8) 3200,dram,43.377,74.0,23.5,0.21,Aug.25 2026    18:10 (GMT+8)<Price Notice>,2026-08-25T20:02:53.059Z,mem_ddr4_8gb
2026-08-26T20:00:00.000Z,mem_ddr4_8gb,DDR4 8Gb (1Gx8) 3200,dram,43.637,74.0,23.6,0.6,Aug.26 2026    18:10 (GMT+8)<Price Notice>,2026-08-26T20:02:53.992Z,mem_ddr4_8gb
2026-08-27T20:00:00.000Z,mem_ddr4_8gb,DDR4 8Gb (1Gx8) 3200,dram,44.011,75.0,23.6,0.86,Aug.27 2026    18:10 (GMT+8)<Price Notice>,2026-08-27T20:02:14.743Z,mem_ddr4_8gb
2026-08-28T20:00:00.000Z,mem_ddr4_8gb,DDR4 8Gb (1Gx8) 3200,dram,44.189,75.0,23.6,0.4,Aug.28 2026    18:10 (GMT+8)<Price Notice>,2026-08-28T20:02:32.935Z,mem_ddr4_8gb
2026-08-31T20:00:00.000Z,mem_ddr4_8gb,DDR4 8Gb (1Gx8) 3200,dram,44.367,76.0,23.8,0.4,Aug.31 2026    18:10 (GMT+8)<Price Notice>,2026-08-31T20:02:02.069Z,mem_ddr4_8gb
2025-11-13T21:00:00.000Z,mem_ddr4_8gb_ett,DDR4 8Gb (1Gx8) eTT,dram,4.048,,,0.9,Nov.13 2025    14:40,2026-01-08T03:24:34.248Z,mem_ddr4_8gb_ett
2026-01-07T21:00:00.000Z,mem_ddr4_8gb_ett,DDR4 8Gb (1Gx8) eTT,dram,5.929,6.2,5.0,0.0,Jan.8 2026    11:00 (GMT+8)<Price Notice>,2026-01-08T03:31:26.126Z,mem_ddr4_8gb_ett
2026-01-08T21:00:00.000Z,mem_ddr4_8gb_ett,DDR4 8Gb (1Gx8) eTT,dram,5.929,6.2,5.0,0.0,Jan.8 2026    18:10 (GMT+8)<Price Notice>,2026-01-08T14:02:23.018Z,mem_ddr4_8gb_ett
2026-01-09T21:00:00.000Z,mem_ddr4_8gb_ett,DDR4 8Gb (1Gx8) eTT,dram,5.929,6.2,5.0,0.0,Jan.9 2026    18:10 (GMT+8)<Price Notice>,2026-01-09T14:01:32.464Z,mem_ddr4_8gb_ett
2026-01-12T21:00:00.000Z,mem_ddr4_8gb_ett,DDR4 8Gb (1Gx8) eTT,dram,5.929,6.2,5.0,0.0,Jan.12 2026    18:10 (GMT+8)<Price Notice>,2026-01-12T14:01:37.605Z,mem_ddr4_8gb_ett
2026-01-13T21:00:00.000Z,mem_ddr4_8gb_ett,DDR4 8Gb (1Gx8) eTT,dram,5.943,6.25,5.2,0.24,Jan.13 2026    18:10 (GMT+8)<Price Notice>,2026-01-13T14:01:26.924Z,mem_ddr4_8gb_ett
2026-01-14T21:00:00.000Z,mem_ddr4_8gb_ett,DDR4 8Gb (1Gx8) eTT,dram,5.943,6.25,5.2,0.0,Jan.14 2026    18:10 (GMT+8)<Price Notice>,2026-01-14T14:01:03.695Z,mem_ddr4_8gb_ett
2026-01-15T21:00:00.000Z,mem_ddr4_8gb_ett,DDR4 8Gb (1Gx8) eTT,dram,5.943,6.25,5.3,0.0,Jan.15 2026    18:10 (GMT+8)<Price Notice>,2026-01-15T14:01:37.352Z,mem_ddr4_8gb_ett
2026-01-16T21:00:00.000Z,mem_ddr4_8gb_ett,DDR4 8Gb (1Gx8) eTT,dram,5.943,6.25,5.3,0.0,Jan.16 2026    18:10 (GMT+8)<Price Notice>,2026-01-16T14:01:57.038Z,mem_ddr4_8gb_ett
2026-01-19T21:00:00.000Z,mem_ddr4_8gb_ett,DDR4 8Gb (1Gx8) eTT,dram,5.943,6.5,5.3,0.0,Jan.19 2026    18:10 (GMT+8)<Price Notice>,2026-01-19T14:01:38.770Z,mem_ddr4_8gb_ett
2026-01-20T21:00:00.000Z,mem_ddr4_8gb_ett,DDR4 8Gb (1Gx8) eTT,dram,5.943,6.5,5.3,0.0,Jan.20 2026    18:10 (GMT+8)<Price Notice>,2026-01-20T14:01:04.009Z,mem_ddr4_8gb_ett
2026-01-21T21:00:00.000Z,mem_ddr4_8gb_ett,DDR4 8Gb (1Gx8) eTT,dram,5.986,6.7,5.32,0.72,Jan.21 2026    18:10 (GMT+8)<Price Notice>,2026-01-21T14:01:09.164Z,mem_ddr4_8gb_ett
2026-01-22T21:00:00.000Z,mem_ddr4_8gb_ett,DDR4 8Gb (1Gx8) eTT,dram,6.029,6.7,5.32,0.72,Jan.22 2026    18:10 (GMT+8)<Price Notice>,2026-01-22T14:01:54.515Z,mem_ddr4_8gb_ett
2026-01-23T21:00:00.000Z,mem_ddr4_8gb_ett,DDR4 8Gb (1Gx8) eTT,dram,6.029,6.7,5.32,0.0,Jan.23 2026    18:10 (GMT+8)<Price Notice>,2026-01-23T14:01:50.243Z,mem_ddr4_8gb_ett
2026-01-26T21:00:00.000Z,mem_ddr4_8gb_ett,DDR4 8Gb (1Gx8) eTT,dram,6.029,6.7,5.32,0.0,Jan.26 2026    18:10 (GMT+8)<Price Notice>,2026-01-26T14:02:40.087Z,mem_ddr4_8gb_ett
2026-01-27T21:00:00.000Z,mem_ddr4_8gb_ett,DDR4 8Gb (1Gx8) eTT,dram,6.029,6.7,5.32,0.0,Jan.27 2026    18:10 (GMT+8)<Price Notice>,2026-01-27T14:01:56.839Z,mem_ddr4_8gb_ett
2026-01-28T21:00:00.000Z,mem_ddr4_8gb_ett,DDR4 8Gb (1Gx8) eTT,dram,6.189,7.0,5.32,2.65,Jan.28 2026    18:10 (GMT+8)<Price Notice>,2026-01-28T14:03:03.538Z,mem_ddr4_8gb_ett
2026-01-29T21:00:00.000Z,mem_ddr4_8gb_ett,DDR4 8Gb (1Gx8) eTT,dram,6.314,7.2,5.5,2.02,Jan.29 2026    18:10 (GMT+8)<Price Notice>,2026-01-29T14:01:57.611Z,mem_ddr4_8gb_ett
2026-01-30T21:00:00.000Z,mem_ddr4_8gb_ett,DDR4 8Gb (1Gx8) eTT,dram,6.464,7.5,5.5,2.38,Jan.30 2026    18:10 (GMT+8)<Price Notice>,2026-01-30T14:01:40.814Z,mem_ddr4_8gb_ett
2026-02-02T21:00:00.000Z,mem_ddr4_8gb_ett,DDR4 8Gb (1Gx8) eTT,dram,6.571,7.6,5.5,1.66,Feb.2 2026    18:10 (GMT+8)<Price Notice>,2026-02-02T14:03:38.237Z,mem_ddr4_8gb_ett
2026-02-03T21:00:00.000Z,mem_ddr4_8gb_ett,DDR4 8Gb (1Gx8) eTT,dram,6.636,7.7,5.6,0.99,Feb.3 2026    18:10 (GMT+8)<Price Notice>,2026-02-03T14:02:24.155Z,mem_ddr4_8gb_ett
2026-02-04T21:00:00.000Z,mem_ddr4_8gb_ett,DDR4 8Gb (1Gx8) eTT,dram,6.636,7.8,5.7,0.0,Feb.4 2026    18:10 (GMT+8)<Price Notice>,2026-02-04T14:02:16.866Z,mem_ddr4_8gb_ett
2026-02-05T21:00:00.000Z,mem_ddr4_8gb_ett,DDR4 8Gb (1Gx8) eTT,dram,6.655,7.8,5.7,0.29,Feb.5 2026    18:10 (GMT+8)<Price Notice>,2026-02-05T14:02:40.711Z,mem_ddr4_8gb_ett
2026-02-06T21:00:00.000Z,mem_ddr4_8gb_ett,DDR4 8Gb (1Gx8) eTT,dram,6.655,7.8,5.75,0.0,Feb.6 2026    18:10 (GMT+8)<Price Notice>,2026-02-06T14:01:17.206Z,mem_ddr4_8gb_ett
2026-02-09T21:00:00.000Z,mem_ddr4_8gb_ett,DDR4 8Gb (1Gx8) eTT,dram,6.655,7.85,5.7,0.0,Feb.9 2026    18:10 (GMT+8)<Price Notice>,2026-02-09T14:01:59.345Z,mem_ddr4_8gb_ett
2026-02-10T21:00:00.000Z,mem_ddr4_8gb_ett,DDR4 8Gb (1Gx8) eTT,dram,6.655,7.85,5.7,0.0,Feb.10 2026    18:10 (GMT+8)<Price Notice>,2026-02-10T14:02:08.356Z,mem_ddr4_8gb_ett
2026-02-11T21:00:00.000Z,mem_ddr4_8gb_ett,DDR4 8Gb (1Gx8) eTT,dram,6.655,7.85,5.7,0.0,Feb.11 2026    18:10 (GMT+8)<Price Notice>,2026-02-11T14:02:08.813Z,mem_ddr4_8gb_ett
2026-02-12T21:00:00.000Z,mem_ddr4_8gb_ett,DDR4 8Gb (1Gx8) eTT,dram,6.655,7.85,5.75,0.0,Feb.12 2026    18:10 (GMT+8)<Price Notice>,2026-02-12T14:01:33.885Z,mem_ddr4_8gb_ett
2026-02-13T21:00:00.000Z,mem_ddr4_8gb_ett,DDR4 8Gb (1Gx8) eTT,dram,6.655,7.85,5.75,0.0,Feb.13 2026    18:10 (GMT+8)<Price Notice>,2026-02-13T14:01:53.473Z,mem_ddr4_8gb_ett
2026-02-16T21:00:00.000Z,mem_ddr4_8gb_ett,DDR4 8Gb (1Gx8) eTT,dram,6.655,7.85,5.75,0.0,Feb.13 2026    18:10 (GMT+8)<Price Notice>,2026-02-16T14:01:15.419Z,mem_ddr4_8gb_ett
2026-02-17T21:00:00.000Z,mem_ddr4_8gb_ett,DDR4 8Gb (1Gx8) eTT,dram,6.655,7.85,5.75,0.0,Feb.13 2026    18:10 (GMT+8)<Price Notice>,2026-02-17T14:01:55.881Z,mem_ddr4_8gb_ett
2026-02-18T21:00:00.000Z,mem_ddr4_8gb_ett,DDR4 8Gb (1Gx8) eTT,dram,6.655,7.85,5.75,0.0,Feb.13 2026    18:10 (GMT+8)<Price Notice>,2026-02-18T14:01:56.511Z,mem_ddr4_8gb_ett
2026-02-19T21:00:00.000Z,mem_ddr4_8gb_ett,DDR4 8Gb (1Gx8) eTT,dram,6.655,7.85,5.75,0.0,Feb.13 2026    18:10 (GMT+8)<Price Notice>,2026-02-19T14:03:01.304Z,mem_ddr4_8gb_ett
2026-02-20T21:00:00.000Z,mem_ddr4_8gb_ett,DDR4 8Gb (1Gx8) eTT,dram,6.655,7.85,5.75,0.0,Feb.13 2026    18:10 (GMT+8)<Price Notice>,2026-02-20T14:01:37.710Z,mem_ddr4_8gb_ett
2026-02-23T21:00:00.000Z,mem_ddr4_8gb_ett,DDR4 8Gb (1Gx8) eTT,dram,6.655,7.85,5.75,0.0,Feb.23 2026    18:10 (GMT+8)<Price Notice>,2026-02-23T14:02:38.887Z,mem_ddr4_8gb_ett
2026-02-24T21:00:00.000Z,mem_ddr4_8gb_ett,DDR4 8Gb (1Gx8) eTT,dram,6.711,8.0,5.7,0.84,Feb.24 2026    18:10 (GMT+8)<Price Notice>,2026-02-24T14:02:04.081Z,mem_ddr4_8gb_ett
2026-02-25T21:00:00.000Z,mem_ddr4_8gb_ett,DDR4 8Gb (1Gx8) eTT,dram,6.786,8.1,5.7,1.12,Feb.25 2026    18:10 (GMT+8)<Price Notice>,2026-02-25T14:02:08.345Z,mem_ddr4_8gb_ett
2026-02-26T21:00:00.000Z,mem_ddr4_8gb_ett,DDR4 8Gb (1Gx8) eTT,dram,6.897,8.1,5.7,1.64,Feb.26 2026    18:10 (GMT+8)<Price Notice>,2026-02-26T14:01:43.257Z,mem_ddr4_8gb_ett
2026-02-27T21:00:00.000Z,mem_ddr4_8gb_ett,DDR4 8Gb (1Gx8) eTT,dram,6.897,8.1,5.7,0.0,Feb.27 2026    18:10 (GMT+8)<Price Notice>,2026-02-27T14:01:52.460Z,mem_ddr4_8gb_ett
2026-03-02T21:00:00.000Z,mem_ddr4_8gb_ett,DDR4 8Gb (1Gx8) eTT,dram,6.914,8.1,5.7,0.25,Mar.2 2026    18:10 (GMT+8)<Price Notice>,2026-03-02T14:01:45.816Z,mem_ddr4_8gb_ett
2026-03-03T21:00:00.000Z,mem_ddr4_8gb_ett,DDR4 8Gb (1Gx8) eTT,dram,6.911,8.1,5.75,-0.04,Mar.3 2026    18:10 (GMT+8)<Price Notice>,2026-03-03T14:01:56.569Z,mem_ddr4_8gb_ett
2026-03-04T21:00:00.000Z,mem_ddr4_8gb_ett,DDR4 8Gb (1Gx8) eTT,dram,6.911,8.1,5.75,0.0,Mar.4 2026    18:10 (GMT+8)<Price Notice>,2026-03-04T14:02:15.081Z,mem_ddr4_8gb_ett
2026-03-05T21:00:00.000Z,mem_ddr4_8gb_ett,DDR4 8Gb (1Gx8) eTT,dram,6.914,8.1,5.75,0.04,Mar.5 2026    18:10 (GMT+8)<Price Notice>,2026-03-05T14:02:35.503Z,mem_ddr4_8gb_ett
2026-03-06T21:00:00.000Z,mem_ddr4_8gb_ett,DDR4 8Gb (1Gx8) eTT,dram,6.914,8.1,5.75,0.0,Mar.6 2026    18:10 (GMT+8)<Price Notice>,2026-03-06T14:01:29.672Z,mem_ddr4_8gb_ett
2026-03-09T20:00:00.000Z,mem_ddr4_8gb_ett,DDR4 8Gb (1Gx8) eTT,dram,6.917,8.1,5.8,0.04,Mar.9 2026    18:10 (GMT+8)<Price Notice>,2026-03-09T13:01:36.589Z,mem_ddr4_8gb_ett
2026-03-10T20:00:00.000Z,mem_ddr4_8gb_ett,DDR4 8Gb (1Gx8) eTT,dram,6.906,8.1,5.8,-0.16,Mar.10 2026    18:10 (GMT+8)<Price Notice>,2026-03-10T13:02:23.470Z,mem_ddr4_8gb_ett
2026-03-11T20:00:00.000Z,mem_ddr4_8gb_ett,DDR4 8Gb (1Gx8) eTT,dram,6.906,8.1,5.8,0.0,Mar.11 2026    18:10 (GMT+8)<Price Notice>,2026-03-11T13:02:25.904Z,mem_ddr4_8gb_ett
2026-03-12T20:00:00.000Z,mem_ddr4_8gb_ett,DDR4 8Gb (1Gx8) eTT,dram,6.906,8.1,5.8,0.0,Mar.12 2026    18:10 (GMT+8)<Price Notice>,2026-03-12T13:02:16.078Z,mem_ddr4_8gb_ett
2026-03-13T20:00:00.000Z,mem_ddr4_8gb_ett,DDR4 8Gb (1Gx8) eTT,dram,6.899,8.05,5.75,-0.1,Mar.13 2026    18:10 (GMT+8)<Price Notice>,2026-03-13T13:02:21.111Z,mem_ddr4_8gb_ett
2026-03-16T20:00:00.000Z,mem_ddr4_8gb_ett,DDR4 8Gb (1Gx8) eTT,dram,6.894,8.05,5.75,-0.07,Mar.16 2026    18:10 (GMT+8)<Price Notice>,2026-03-16T13:02:45.995Z,mem_ddr4_8gb_ett
2026-03-17T20:00:00.000Z,mem_ddr4_8gb_ett,DDR4 8Gb (1Gx8) eTT,dram,6.894,8.05,5.75,0.0,Mar.17 2026    18:10 (GMT+8)<Price Notice>,2026-03-17T13:02:03.849Z,mem_ddr4_8gb_ett
2026-03-18T20:00:00.000Z,mem_ddr4_8gb_ett,DDR4 8Gb (1Gx8) eTT,dram,6.888,8.05,5.75,-0.09,Mar.18 2026    18:10 (GMT+8)<Price Notice>,2026-03-18T13:01:43.115Z,mem_ddr4_8gb_ett
2026-03-19T20:00:00.000Z,mem_ddr4_8gb_ett,DDR4 8Gb (1Gx8) eTT,dram,6.888,8.05,5.75,0.0,Mar.19 2026    18:10 (GMT+8)<Price Notice>,2026-03-19T13:02:15.467Z,mem_ddr4_8gb_ett
2026-03-20T20:00:00.000Z,mem_ddr4_8gb_ett,DDR4 8Gb (1Gx8) eTT,dram,6.877,8.05,5.75,-0.16,Mar.20 2026    18:10 (GMT+8)<Price Notice>,2026-03-20T13:01:39.076Z,mem_ddr4_8gb_ett
2026-03-23T20:00:00.000Z,mem_ddr4_8gb_ett,DDR4 8Gb (1Gx8) eTT,dram,6.873,8.0,5.7,-0.06,Mar.23 2026    18:10 (GMT+8)<Price Notice>,2026-03-23T13:02:20.335Z,mem_ddr4_8gb_ett
2026-03-24T20:00:00.000Z,mem_ddr4_8gb_ett,DDR4 8Gb (1Gx8) eTT,dram,6.873,8.0,5.7,0.0,Mar.24 2026    18:10 (GMT+8)<Price Notice>,2026-03-24T13:02:47.182Z,mem_ddr4_8gb_ett
2026-03-25T20:00:00.000Z,mem_ddr4_8gb_ett,DDR4 8Gb (1Gx8) eTT,dram,6.863,8.0,5.7,-0.15,Mar.25 2026    18:10 (GMT+8)<Price Notice>,2026-03-25T13:01:40.793Z,mem_ddr4_8gb_ett
2026-03-26T20:00:00.000Z,mem_ddr4_8gb_ett,DDR4 8Gb (1Gx8) eTT,dram,6.852,8.0,5.7,-0.16,Mar.26 2026    18:10 (GMT+8)<Price Notice>,2026-03-26T13:03:07.542Z,mem_ddr4_8gb_ett
2026-03-27T20:00:00.000Z,mem_ddr4_8gb_ett,DDR4 8Gb (1Gx8) eTT,dram,6.852,8.0,5.7,0.0,Mar.27 2026    18:10 (GMT+8)<Price Notice>,2026-03-27T13:01:53.741Z,mem_ddr4_8gb_ett
2026-03-30T20:00:00.000Z,mem_ddr4_8gb_ett,DDR4 8Gb (1Gx8) eTT,dram,6.852,8.0,5.8,0.0,Mar.30 2026    18:10 (GMT+8)<Price Notice>,2026-03-30T13:02:54.120Z,mem_ddr4_8gb_ett
2026-03-31T20:00:00.000Z,mem_ddr4_8gb_ett,DDR4 8Gb (1Gx8) eTT,dram,6.834,7.95,5.8,-0.26,Mar.31 2026    18:10 (GMT+8)<Price Notice>,2026-03-31T13:02:38.230Z,mem_ddr4_8gb_ett
2026-04-01T20:00:00.000Z,mem_ddr4_8gb_ett,DDR4 8Gb (1Gx8) eTT,dram,6.797,7.95,5.6,-0.54,Apr.1 2026    18:10 (GMT+8)<Price Notice>,2026-04-01T13:02:53.265Z,mem_ddr4_8gb_ett
2026-04-02T20:00:00.000Z,mem_ddr4_8gb_ett,DDR4 8Gb (1Gx8) eTT,dram,6.766,7.95,5.6,-0.46,Apr.2 2026    18:10 (GMT+8)<Price Notice>,2026-04-02T13:01:39.999Z,mem_ddr4_8gb_ett
2026-04-03T20:00:00.000Z,mem_ddr4_8gb_ett,DDR4 8Gb (1Gx8) eTT,dram,6.73,7.95,5.6,-0.53,Apr.3 2026    18:10 (GMT+8)<Price Notice>,2026-04-03T13:01:34.344Z,mem_ddr4_8gb_ett
2026-04-06T20:00:00.000Z,mem_ddr4_8gb_ett,DDR4 8Gb (1Gx8) eTT,dram,6.73,7.95,5.6,-0.53,Apr.3 2026    18:10 (GMT+8)<Price Notice>,2026-04-06T13:01:27.520Z,mem_ddr4_8gb_ett
2026-04-07T20:00:00.000Z,mem_ddr4_8gb_ett,DDR4 8Gb (1Gx8) eTT,dram,6.72,7.8,5.5,-0.15,Apr.7 2026    18:10 (GMT+8)<Price Notice>,2026-04-07T13:02:09.145Z,mem_ddr4_8gb_ett
2026-04-08T20:00:00.000Z,mem_ddr4_8gb_ett,DDR4 8Gb (1Gx8) eTT,dram,6.68,7.8,5.5,-0.6,Apr.8 2026    18:10 (GMT+8)<Price Notice>,2026-04-08T13:03:47.228Z,mem_ddr4_8gb_ett
2026-04-09T20:00:00.000Z,mem_ddr4_8gb_ett,DDR4 8Gb (1Gx8) eTT,dram,6.65,7.5,5.45,-0.45,Apr.9 2026    18:10 (GMT+8)<Price Notice>,2026-04-09T13:02:15.428Z,mem_ddr4_8gb_ett
2026-04-10T20:00:00.000Z,mem_ddr4_8gb_ett,DDR4 8Gb (1Gx8) eTT,dram,6.63,7.5,5.45,-0.3,Apr.10 2026    18:10 (GMT+8)<Price Notice>,2026-04-10T13:02:23.314Z,mem_ddr4_8gb_ett
2026-04-13T20:00:00.000Z,mem_ddr4_8gb_ett,DDR4 8Gb (1Gx8) eTT,dram,6.61,7.5,5.4,-0.3,Apr.13 2026    18:10 (GMT+8)<Price Notice>,2026-04-13T13:02:06.056Z,mem_ddr4_8gb_ett
2026-04-14T20:00:00.000Z,mem_ddr4_8gb_ett,DDR4 8Gb (1Gx8) eTT,dram,6.57,7.4,5.4,-0.61,Apr.14 2026    18:10 (GMT+8)<Price Notice>,2026-04-14T13:04:52.138Z,mem_ddr4_8gb_ett
2026-04-15T20:00:00.000Z,mem_ddr4_8gb_ett,DDR4 8Gb (1Gx8) eTT,dram,6.53,7.4,5.4,-0.61,Apr.15 2026    18:10 (GMT+8)<Price Notice>,2026-04-15T13:02:44.049Z,mem_ddr4_8gb_ett
2026-04-16T20:00:00.000Z,mem_ddr4_8gb_ett,DDR4 8Gb (1Gx8) eTT,dram,6.49,7.3,5.3,-0.61,Apr.16 2026    18:10 (GMT+8)<Price Notice>,2026-04-16T13:02:05.895Z,mem_ddr4_8gb_ett
2026-04-17T20:00:00.000Z,mem_ddr4_8gb_ett,DDR4 8Gb (1Gx8) eTT,dram,6.43,7.3,5.2,-0.92,Apr.17 2026    18:10 (GMT+8)<Price Notice>,2026-04-17T13:02:40.681Z,mem_ddr4_8gb_ett
2026-04-20T20:00:00.000Z,mem_ddr4_8gb_ett,DDR4 8Gb (1Gx8) eTT,dram,6.39,7.0,5.1,-0.62,Apr.20 2026    18:10 (GMT+8)<Price Notice>,2026-04-20T13:02:05.258Z,mem_ddr4_8gb_ett
2026-04-21T20:00:00.000Z,mem_ddr4_8gb_ett,DDR4 8Gb (1Gx8) eTT,dram,6.29,7.0,5.0,-1.57,Apr.21 2026    18:10 (GMT+8)<Price Notice>,2026-04-21T13:03:22.460Z,mem_ddr4_8gb_ett
2026-04-22T20:00:00.000Z,mem_ddr4_8gb_ett,DDR4 8Gb (1Gx8) eTT,dram,6.18,6.5,5.0,-1.75,Apr.22 2026    18:10 (GMT+8)<Price Notice>,2026-04-22T13:02:12.507Z,mem_ddr4_8gb_ett
2026-04-23T20:00:00.000Z,mem_ddr4_8gb_ett,DDR4 8Gb (1Gx8) eTT,dram,6.12,6.5,4.9,-0.97,Apr.23 2026    18:10 (GMT+8)<Price Notice>,2026-04-23T13:02:19.395Z,mem_ddr4_8gb_ett
2026-04-24T20:00:00.000Z,mem_ddr4_8gb_ett,DDR4 8Gb (1Gx8) eTT,dram,6.05,6.5,4.9,-1.14,Apr.24 2026    18:10 (GMT+8)<Price Notice>,2026-04-24T13:02:50.329Z,mem_ddr4_8gb_ett
2026-04-27T20:00:00.000Z,mem_ddr4_8gb_ett,DDR4 8Gb (1Gx8) eTT,dram,6.0,6.5,4.9,-0.83,Apr.27 2026    18:10 (GMT+8)<Price Notice>,2026-04-27T13:02:40.910Z,mem_ddr4_8gb_ett
2026-04-28T20:00:00.000Z,mem_ddr4_8gb_ett,DDR4 8Gb (1Gx8) eTT,dram,5.94,6.5,4.9,-1.0,Apr.28 2026    18:10 (GMT+8)<Price Notice>,2026-04-28T13:03:58.866Z,mem_ddr4_8gb_ett
2026-04-29T20:00:00.000Z,mem_ddr4_8gb_ett,DDR4 8Gb (1Gx8) eTT,dram,5.9,6.5,4.7,-0.67,Apr.29 2026    18:10 (GMT+8)<Price Notice>,2026-04-29T13:03:44.805Z,mem_ddr4_8gb_ett
2026-04-30T20:00:00.000Z,mem_ddr4_8gb_ett,DDR4 8Gb (1Gx8) eTT,dram,5.82,6.5,4.6,-1.36,Apr.30 2026    18:10 (GMT+8)<Price Notice>,2026-04-30T13:01:45.662Z,mem_ddr4_8gb_ett
2026-05-01T20:00:00.000Z,mem_ddr4_8gb_ett,DDR4 8Gb (1Gx8) eTT,dram,5.82,6.5,4.6,-1.36,Apr.30 2026    18:10 (GMT+8)<Price Notice>,2026-05-01T13:01:43.473Z,mem_ddr4_8gb_ett
2026-05-04T20:00:00.000Z,mem_ddr4_8gb_ett,DDR4 8Gb (1Gx8) eTT,dram,5.76,6.3,4.5,-1.03,May.4 2026    18:10 (GMT+8)<Price Notice>,2026-05-04T13:02:45.538Z,mem_ddr4_8gb_ett
2026-05-05T20:00:00.000Z,mem_ddr4_8gb_ett,DDR4 8Gb (1Gx8) eTT,dram,5.7,6.3,4.4,-1.04,May.5 2026    18:10 (GMT+8)<Price Notice>,2026-05-05T13:03:09.557Z,mem_ddr4_8gb_ett
2026-05-06T20:00:00.000Z,mem_ddr4_8gb_ett,DDR4 8Gb (1Gx8) eTT,dram,5.58,6.3,4.2,-2.11,May.6 2026    18:10 (GMT+8)<Price Notice>,2026-05-06T13:02:08.033Z,mem_ddr4_8gb_ett
2026-05-07T20:00:00.000Z,mem_ddr4_8gb_ett,DDR4 8Gb (1Gx8) eTT,dram,5.48,6.0,4.0,-1.79,May.7 2026    18:10 (GMT+8)<Price Notice>,2026-05-07T13:02:08.956Z,mem_ddr4_8gb_ett
2026-05-08T20:00:00.000Z,mem_ddr4_8gb_ett,DDR4 8Gb (1Gx8) eTT,dram,5.368,5.8,3.8,-2.04,May.8 2026    18:10 (GMT+8)<Price Notice>,2026-05-08T13:02:22.956Z,mem_ddr4_8gb_ett
2026-05-11T20:00:00.000Z,mem_ddr4_8gb_ett,DDR4 8Gb (1Gx8) eTT,dram,5.271,5.6,3.75,-1.81,May.11 2026    18:10 (GMT+8)<Price Notice>,2026-05-11T13:02:05.832Z,mem_ddr4_8gb_ett
2026-05-12T20:00:00.000Z,mem_ddr4_8gb_ett,DDR4 8Gb (1Gx8) eTT,dram,5.157,5.6,3.7,-2.16,May.12 2026    18:10 (GMT+8)<Price Notice>,2026-05-12T13:02:55.027Z,mem_ddr4_8gb_ett
2026-05-13T20:00:00.000Z,mem_ddr4_8gb_ett,DDR4 8Gb (1Gx8) eTT,dram,5.093,5.5,3.8,-1.24,May.13 2026    18:10 (GMT+8)<Price Notice>,2026-05-13T13:01:40.598Z,mem_ddr4_8gb_ett
2026-05-14T20:00:00.000Z,mem_ddr4_8gb_ett,DDR4 8Gb (1Gx8) eTT,dram,5.05,5.5,4.0,-0.84,May.14 2026    18:10 (GMT+8)<Price Notice>,2026-05-14T13:01:13.286Z,mem_ddr4_8gb_ett
2026-05-15T20:00:00.000Z,mem_ddr4_8gb_ett,DDR4 8Gb (1Gx8) eTT,dram,5.007,5.5,4.0,-0.85,May.15 2026    18:10 (GMT+8)<Price Notice>,2026-05-15T13:02:27.546Z,mem_ddr4_8gb_ett
2026-05-18T20:00:00.000Z,mem_ddr4_8gb_ett,DDR4 8Gb (1Gx8) eTT,dram,4.95,5.5,4.15,-1.14,May.18 2026    18:10 (GMT+8)<Price Notice>,2026-05-18T13:02:54.638Z,mem_ddr4_8gb_ett
2026-05-19T20:00:00.000Z,mem_ddr4_8gb_ett,DDR4 8Gb (1Gx8) eTT,dram,4.907,5.5,4.15,-0.87,May.19 2026    18:10 (GMT+8)<Price Notice>,2026-05-19T13:02:12.976Z,mem_ddr4_8gb_ett
2026-05-20T20:00:00.000Z,mem_ddr4_8gb_ett,DDR4 8Gb (1Gx8) eTT,dram,4.864,5.5,4.15,-0.88,May.20 2026    18:10 (GMT+8)<Price Notice>,2026-05-20T13:01:53.920Z,mem_ddr4_8gb_ett
2026-05-21T20:00:00.000Z,mem_ddr4_8gb_ett,DDR4 8Gb (1Gx8) eTT,dram,4.864,5.4,4.25,0.0,May.21 2026    18:10 (GMT+8)<Price Notice>,2026-05-21T13:02:12.407Z,mem_ddr4_8gb_ett
2026-05-22T20:00:00.000Z,mem_ddr4_8gb_ett,DDR4 8Gb (1Gx8) eTT,dram,4.864,5.4,4.25,0.0,May.22 2026    18:10 (GMT+8)<Price Notice>,2026-05-22T13:02:03.111Z,mem_ddr4_8gb_ett
2026-05-25T20:00:00.000Z,mem_ddr4_8gb_ett,DDR4 8Gb (1Gx8) eTT,dram,4.864,5.4,4.25,0.0,May.25 2026    18:10 (GMT+8)<Price Notice>,2026-05-25T13:01:11.616Z,mem_ddr4_8gb_ett
2026-05-26T20:00:00.000Z,mem_ddr4_8gb_ett,DDR4 8Gb (1Gx8) eTT,dram,4.864,5.4,4.25,0.0,May.26 2026    18:10 (GMT+8)<Price Notice>,2026-05-26T13:02:17.041Z,mem_ddr4_8gb_ett
2026-05-27T20:00:00.000Z,mem_ddr4_8gb_ett,DDR4 8Gb (1Gx8) eTT,dram,4.854,5.4,4.25,-0.21,May.27 2026    18:10 (GMT+8)<Price Notice>,2026-05-27T13:01:31.331Z,mem_ddr4_8gb_ett
2026-05-28T20:00:00.000Z,mem_ddr4_8gb_ett,DDR4 8Gb (1Gx8) eTT,dram,4.854,5.5,4.3,0.0,May.28 2026    18:10 (GMT+8)<Price Notice>,2026-05-28T13:03:26.760Z,mem_ddr4_8gb_ett
2026-05-29T20:00:00.000Z,mem_ddr4_8gb_ett,DDR4 8Gb (1Gx8) eTT,dram,4.861,5.5,4.35,0.14,May.29 2026    18:10 (GMT+8)<Price Notice>,2026-05-29T13:01:36.615Z,mem_ddr4_8gb_ett
2026-06-01T20:00:00.000Z,mem_ddr4_8gb_ett,DDR4 8Gb (1Gx8) eTT,dram,4.882,5.5,4.5,0.43,Jun.1 2026    18:10 (GMT+8)<Price Notice>,2026-06-01T13:02:23.114Z,mem_ddr4_8gb_ett
2026-06-02T20:00:00.000Z,mem_ddr4_8gb_ett,DDR4 8Gb (1Gx8) eTT,dram,4.882,5.5,4.5,0.0,Jun.2 2026    18:10 (GMT+8)<Price Notice>,2026-06-02T13:01:46.503Z,mem_ddr4_8gb_ett
2026-06-03T20:00:00.000Z,mem_ddr4_8gb_ett,DDR4 8Gb (1Gx8) eTT,dram,4.871,5.5,4.4,-0.23,Jun.3 2026    18:10 (GMT+8)<Price Notice>,2026-06-03T13:01:27.103Z,mem_ddr4_8gb_ett
2026-06-04T20:00:00.000Z,mem_ddr4_8gb_ett,DDR4 8Gb (1Gx8) eTT,dram,4.825,5.5,4.2,-0.94,Jun.4 2026    18:10 (GMT+8)<Price Notice>,2026-06-04T13:02:15.709Z,mem_ddr4_8gb_ett
2026-06-05T20:00:00.000Z,mem_ddr4_8gb_ett,DDR4 8Gb (1Gx8) eTT,dram,4.793,5.3,4.2,-0.66,Jun.5 2026    18:10 (GMT+8)<Price Notice>,2026-06-05T13:02:40.269Z,mem_ddr4_8gb_ett
2026-06-08T20:00:00.000Z,mem_ddr4_8gb_ett,DDR4 8Gb (1Gx8) eTT,dram,4.75,5.2,4.1,-0.9,Jun.8 2026    18:10 (GMT+8)<Price Notice>,2026-06-08T13:01:50.898Z,mem_ddr4_8gb_ett
2026-06-09T20:00:00.000Z,mem_ddr4_8gb_ett,DDR4 8Gb (1Gx8) eTT,dram,4.729,5.2,4.1,-0.44,Jun.9 2026    18:10 (GMT+8)<Price Notice>,2026-06-09T13:02:08.889Z,mem_ddr4_8gb_ett
2026-06-10T20:00:00.000Z,mem_ddr4_8gb_ett,DDR4 8Gb (1Gx8) eTT,dram,4.707,5.2,4.0,-0.47,Jun.10 2026    18:10 (GMT+8)<Price Notice>,2026-06-10T13:02:20.696Z,mem_ddr4_8gb_ett
2026-06-11T20:00:00.000Z,mem_ddr4_8gb_ett,DDR4 8Gb (1Gx8) eTT,dram,4.664,5.1,4.0,-0.91,Jun.11 2026    18:10 (GMT+8)<Price Notice>,2026-06-11T13:02:09.646Z,mem_ddr4_8gb_ett
2026-06-12T20:00:00.000Z,mem_ddr4_8gb_ett,DDR4 8Gb (1Gx8) eTT,dram,4.643,5.1,4.0,-0.45,Jun.12 2026    18:10 (GMT+8)<Price Notice>,2026-06-12T13:02:56.198Z,mem_ddr4_8gb_ett
2026-06-15T20:00:00.000Z,mem_ddr4_8gb_ett,DDR4 8Gb (1Gx8) eTT,dram,4.6,5.1,3.9,-0.93,Jun.15 2026    18:10 (GMT+8)<Price Notice>,2026-06-15T13:02:10.420Z,mem_ddr4_8gb_ett
2026-06-16T20:00:00.000Z,mem_ddr4_8gb_ett,DDR4 8Gb (1Gx8) eTT,dram,4.519,5.1,3.9,-1.76,Jun.16 2026    18:10 (GMT+8)<Price Notice>,2026-06-16T13:03:09.279Z,mem_ddr4_8gb_ett
2026-06-17T20:00:00.000Z,mem_ddr4_8gb_ett,DDR4 8Gb (1Gx8) eTT,dram,4.476,5.1,3.9,-0.95,Jun.17 2026    18:10 (GMT+8)<Price Notice>,2026-06-17T13:02:31.302Z,mem_ddr4_8gb_ett
2026-06-18T20:00:00.000Z,mem_ddr4_8gb_ett,DDR4 8Gb (1Gx8) eTT,dram,4.45,4.9,3.85,-0.58,Jun.18 2026    18:10 (GMT+8)<Price Notice>,2026-06-18T13:01:33.279Z,mem_ddr4_8gb_ett
2026-06-19T20:00:00.000Z,mem_ddr4_8gb_ett,DDR4 8Gb (1Gx8) eTT,dram,4.45,4.9,3.85,-0.58,Jun.18 2026    18:10 (GMT+8)<Price Notice>,2026-06-19T13:02:38.118Z,mem_ddr4_8gb_ett
2026-06-22T20:00:00.000Z,mem_ddr4_8gb_ett,DDR4 8Gb (1Gx8) eTT,dram,4.407,4.85,3.8,-0.97,Jun.22 2026    18:10 (GMT+8)<Price Notice>,2026-06-22T13:01:15.397Z,mem_ddr4_8gb_ett
2026-06-23T20:00:00.000Z,mem_ddr4_8gb_ett,DDR4 8Gb (1Gx8) eTT,dram,4.407,4.85,3.8,0.0,Jun.23 2026    18:10 (GMT+8)<Price Notice>,2026-06-23T13:01:13.955Z,mem_ddr4_8gb_ett
2026-06-24T20:00:00.000Z,mem_ddr4_8gb_ett,DDR4 8Gb (1Gx8) eTT,dram,4.364,4.8,3.8,-0.98,Jun.24 2026    18:10 (GMT+8)<Price Notice>,2026-06-24T13:01:36.408Z,mem_ddr4_8gb_ett
2026-06-25T20:00:00.000Z,mem_ddr4_8gb_ett,DDR4 8Gb (1Gx8) eTT,dram,4.321,4.8,3.8,-0.99,Jun.25 2026    18:10 (GMT+8)<Price Notice>,2026-06-25T13:03:32.627Z,mem_ddr4_8gb_ett
2026-06-26T20:00:00.000Z,mem_ddr4_8gb_ett,DDR4 8Gb (1Gx8) eTT,dram,4.3,4.8,3.8,-0.49,Jun.26 2026    18:10 (GMT+8)<Price Notice>,2026-06-26T13:02:11.814Z,mem_ddr4_8gb_ett
2026-06-29T20:00:00.000Z,mem_ddr4_8gb_ett,DDR4 8Gb (1Gx8) eTT,dram,4.279,4.8,3.85,-0.49,Jun.29 2026    18:10 (GMT+8)<Price Notice>,2026-06-29T13:02:14.376Z,mem_ddr4_8gb_ett
2026-06-30T20:00:00.000Z,mem_ddr4_8gb_ett,DDR4 8Gb (1Gx8) eTT,dram,4.257,4.6,3.8,-0.51,Jun.30 2026    18:10 (GMT+8)<Price Notice>,2026-06-30T13:01:12.514Z,mem_ddr4_8gb_ett
2026-07-01T20:00:00.000Z,mem_ddr4_8gb_ett,DDR4 8Gb (1Gx8) eTT,dram,4.236,4.6,3.8,-0.49,Jul.1 2026    18:10 (GMT+8)<Price Notice>,2026-07-01T13:02:13.833Z,mem_ddr4_8gb_ett
2026-07-02T20:00:00.000Z,mem_ddr4_8gb_ett,DDR4 8Gb (1Gx8) eTT,dram,4.204,4.6,3.8,-0.76,Jul.2 2026    18:10 (GMT+8)<Price Notice>,2026-07-02T13:01:47.874Z,mem_ddr4_8gb_ett
2026-07-03T20:00:00.000Z,mem_ddr4_8gb_ett,DDR4 8Gb (1Gx8) eTT,dram,4.171,4.6,3.8,-0.79,Jul.3 2026    18:10 (GMT+8)<Price Notice>,2026-07-03T13:02:23.584Z,mem_ddr4_8gb_ett
2026-07-06T20:00:00.000Z,mem_ddr4_8gb_ett,DDR4 8Gb (1Gx8) eTT,dram,4.114,4.5,3.75,-1.37,Jul.6 2026    18:10 (GMT+8)<Price Notice>,2026-07-06T13:01:52.377Z,mem_ddr4_8gb_ett
2026-07-07T20:00:00.000Z,mem_ddr4_8gb_ett,DDR4 8Gb (1Gx8) eTT,dram,4.16,4.5,3.9,1.12,Jul.7 2026    18:10 (GMT+8)<Price Notice>,2026-07-07T13:02:35.935Z,mem_ddr4_8gb_ett
2026-07-08T20:00:00.000Z,mem_ddr4_8gb_ett,DDR4 8Gb (1Gx8) eTT,dram,4.18,4.5,3.9,0.48,Jul.8 2026    18:10 (GMT+8)<Price Notice>,2026-07-08T13:02:29.977Z,mem_ddr4_8gb_ett
2026-07-09T20:00:00.000Z,mem_ddr4_8gb_ett,DDR4 8Gb (1Gx8) eTT,dram,4.2,4.4,3.9,0.48,Jul.9 2026    18:10 (GMT+8)<Price Notice>,2026-07-09T13:02:42.912Z,mem_ddr4_8gb_ett
2026-07-10T20:00:00.000Z,mem_ddr4_8gb_ett,DDR4 8Gb (1Gx8) eTT,dram,4.214,4.4,3.9,0.33,Jul.10 2026    18:10 (GMT+8)<Price Notice>,2026-07-10T13:02:07.843Z,mem_ddr4_8gb_ett
2026-07-13T20:00:00.000Z,mem_ddr4_8gb_ett,DDR4 8Gb (1Gx8) eTT,dram,4.214,4.45,3.95,0.0,Jul.13 2026    18:10 (GMT+8)<Price Notice>,2026-07-13T13:02:43.823Z,mem_ddr4_8gb_ett
2024-01-01T21:00:00.000Z,mem_ddr4_8gb_ett,DDR4 8Gb (1Gx8) eTT,dram,1.195,,,,historical CSV backfill,2026-07-14T01:37:42.667Z,mem_ddr4_8gb_ett
2026-07-14T20:00:00.000Z,mem_ddr4_8gb_ett,DDR4 8Gb (1Gx8) eTT,dram,4.214,4.45,3.95,0.0,Jul.14 2026    18:10 (GMT+8)<Price Notice>,2026-07-14T13:01:15.324Z,mem_ddr4_8gb_ett
2026-07-15T20:00:00.000Z,mem_ddr4_8gb_ett,DDR4 8Gb (1Gx8) eTT,dram,4.214,4.45,3.95,0.0,Jul.15 2026    18:10 (GMT+8)<Price Notice>,2026-07-15T13:01:08.288Z,mem_ddr4_8gb_ett
2026-07-16T20:00:00.000Z,mem_ddr4_8gb_ett,DDR4 8Gb (1Gx8) eTT,dram,4.214,4.45,3.9,0.0,Jul.16 2026    18:10 (GMT+8)<Price Notice>,2026-07-16T13:02:46.897Z,mem_ddr4_8gb_ett
2026-07-17T20:00:00.000Z,mem_ddr4_8gb_ett,DDR4 8Gb (1Gx8) eTT,dram,4.214,4.45,3.9,0.0,Jul.17 2026    18:10 (GMT+8)<Price Notice>,2026-07-17T13:02:49.872Z,mem_ddr4_8gb_ett
2026-07-20T20:00:00.000Z,mem_ddr4_8gb_ett,DDR4 8Gb (1Gx8) eTT,dram,4.216,4.45,3.9,0.05,Jul.20 2026    18:10 (GMT+8)<Price Notice>,2026-07-20T13:01:22.659Z,mem_ddr4_8gb_ett
2026-07-21T20:00:00.000Z,mem_ddr4_8gb_ett,DDR4 8Gb (1Gx8) eTT,dram,4.216,4.45,3.88,0.0,Jul.21 2026    18:10 (GMT+8)<Price Notice>,2026-07-21T13:02:34.422Z,mem_ddr4_8gb_ett
2026-07-22T20:00:00.000Z,mem_ddr4_8gb_ett,DDR4 8Gb (1Gx8) eTT,dram,4.216,4.45,3.88,0.0,Jul.22 2026    18:10 (GMT+8)<Price Notice>,2026-07-22T13:02:43.978Z,mem_ddr4_8gb_ett
2026-07-23T20:00:00.000Z,mem_ddr4_8gb_ett,DDR4 8Gb (1Gx8) eTT,dram,4.216,4.45,3.88,0.0,Jul.23 2026    18:10 (GMT+8)<Price Notice>,2026-07-23T13:02:13.780Z,mem_ddr4_8gb_ett
2026-07-24T20:00:00.000Z,mem_ddr4_8gb_ett,DDR4 8Gb (1Gx8) eTT,dram,4.216,4.45,3.88,0.0,Jul.24 2026    18:10 (GMT+8)<Price Notice>,2026-07-24T13:02:28.533Z,mem_ddr4_8gb_ett
2026-07-27T20:00:00.000Z,mem_ddr4_8gb_ett,DDR4 8Gb (1Gx8) eTT,dram,4.214,4.45,3.88,-0.05,Jul.27 2026    18:10 (GMT+8)<Price Notice>,2026-07-27T20:02:47.070Z,mem_ddr4_8gb_ett
2026-07-28T20:00:00.000Z,mem_ddr4_8gb_ett,DDR4 8Gb (1Gx8) eTT,dram,4.212,4.45,3.87,-0.05,Jul.28 2026    18:10 (GMT+8)<Price Notice>,2026-07-28T20:02:31.411Z,mem_ddr4_8gb_ett
2026-07-29T20:00:00.000Z,mem_ddr4_8gb_ett,DDR4 8Gb (1Gx8) eTT,dram,4.212,4.45,3.87,0.0,Jul.29 2026    18:10 (GMT+8)<Price Notice>,2026-07-29T20:02:52.292Z,mem_ddr4_8gb_ett
2026-07-30T20:00:00.000Z,mem_ddr4_8gb_ett,DDR4 8Gb (1Gx8) eTT,dram,4.21,4.45,3.85,-0.05,Jul.30 2026    18:10 (GMT+8)<Price Notice>,2026-07-30T20:02:11.453Z,mem_ddr4_8gb_ett
2026-07-31T20:00:00.000Z,mem_ddr4_8gb_ett,DDR4 8Gb (1Gx8) eTT,dram,4.21,4.45,3.85,0.0,Jul.31 2026    18:10 (GMT+8)<Price Notice>,2026-07-31T20:01:49.889Z,mem_ddr4_8gb_ett
2026-08-03T20:00:00.000Z,mem_ddr4_8gb_ett,DDR4 8Gb (1Gx8) eTT,dram,4.21,4.4,3.9,0.0,Aug.3 2026    18:10 (GMT+8)<Price Notice>,2026-08-03T20:01:22.877Z,mem_ddr4_8gb_ett
2026-08-04T20:00:00.000Z,mem_ddr4_8gb_ett,DDR4 8Gb (1Gx8) eTT,dram,4.208,4.4,3.9,-0.05,Aug.4 2026    18:10 (GMT+8)<Price Notice>,2026-08-04T20:01:15.160Z,mem_ddr4_8gb_ett
2026-08-05T20:00:00.000Z,mem_ddr4_8gb_ett,DDR4 8Gb (1Gx8) eTT,dram,4.208,4.4,3.9,0.0,Aug.5 2026    18:10 (GMT+8)<Price Notice>,2026-08-05T20:02:43.953Z,mem_ddr4_8gb_ett
2026-08-06T20:00:00.000Z,mem_ddr4_8gb_ett,DDR4 8Gb (1Gx8) eTT,dram,4.208,4.4,3.9,0.0,Aug.6 2026    18:10 (GMT+8)<Price Notice>,2026-08-06T20:01:55.342Z,mem_ddr4_8gb_ett
2026-08-07T20:00:00.000Z,mem_ddr4_8gb_ett,DDR4 8Gb (1Gx8) eTT,dram,4.208,4.4,3.9,0.0,Aug.7 2026    18:10 (GMT+8)<Price Notice>,2026-08-07T20:02:31.314Z,mem_ddr4_8gb_ett
2026-08-10T20:00:00.000Z,mem_ddr4_8gb_ett,DDR4 8Gb (1Gx8) eTT,dram,4.208,4.4,3.85,0.0,Aug.10 2026    18:10 (GMT+8)<Price Notice>,2026-08-10T20:01:50.891Z,mem_ddr4_8gb_ett
2026-08-11T20:00:00.000Z,mem_ddr4_8gb_ett,DDR4 8Gb (1Gx8) eTT,dram,4.206,4.4,3.85,-0.05,Aug.11 2026    18:10 (GMT+8)<Price Notice>,2026-08-11T20:02:04.894Z,mem_ddr4_8gb_ett
2026-08-12T20:00:00.000Z,mem_ddr4_8gb_ett,DDR4 8Gb (1Gx8) eTT,dram,4.208,4.4,3.85,0.05,Aug.12 2026    18:10 (GMT+8)<Price Notice>,2026-08-12T20:01:26.613Z,mem_ddr4_8gb_ett
2026-08-13T20:00:00.000Z,mem_ddr4_8gb_ett,DDR4 8Gb (1Gx8) eTT,dram,4.208,4.4,3.85,0.0,Aug.13 2026    18:10 (GMT+8)<Price Notice>,2026-08-13T20:02:28.391Z,mem_ddr4_8gb_ett
2026-08-14T20:00:00.000Z,mem_ddr4_8gb_ett,DDR4 8Gb (1Gx8) eTT,dram,4.219,4.4,3.85,0.26,Aug.14 2026    18:10 (GMT+8)<Price Notice>,2026-08-14T20:01:13.862Z,mem_ddr4_8gb_ett
2026-08-17T20:00:00.000Z,mem_ddr4_8gb_ett,DDR4 8Gb (1Gx8) eTT,dram,4.229,4.42,3.88,0.24,Aug.17 2026    18:10 (GMT+8)<Price Notice>,2026-08-17T20:01:36.925Z,mem_ddr4_8gb_ett
2026-08-18T20:00:00.000Z,mem_ddr4_8gb_ett,DDR4 8Gb (1Gx8) eTT,dram,4.236,4.42,3.88,0.17,Aug.18 2026    18:10 (GMT+8)<Price Notice>,2026-08-18T20:03:16.187Z,mem_ddr4_8gb_ett
2026-08-19T20:00:00.000Z,mem_ddr4_8gb_ett,DDR4 8Gb (1Gx8) eTT,dram,4.236,4.42,3.88,0.0,Aug.19 2026    18:10 (GMT+8)<Price Notice>,2026-08-19T20:02:20.844Z,mem_ddr4_8gb_ett
2026-08-20T20:00:00.000Z,mem_ddr4_8gb_ett,DDR4 8Gb (1Gx8) eTT,dram,4.239,4.43,3.88,0.07,Aug.20 2026    18:10 (GMT+8)<Price Notice>,2026-08-20T20:03:28.179Z,mem_ddr4_8gb_ett
2026-08-21T20:00:00.000Z,mem_ddr4_8gb_ett,DDR4 8Gb (1Gx8) eTT,dram,4.246,4.45,3.88,0.17,Aug.21 2026    18:10 (GMT+8)<Price Notice>,2026-08-21T20:02:16.258Z,mem_ddr4_8gb_ett
2026-08-24T20:00:00.000Z,mem_ddr4_8gb_ett,DDR4 8Gb (1Gx8) eTT,dram,4.262,4.5,3.88,0.38,Aug.24 2026    18:10 (GMT+8)<Price Notice>,2026-08-24T20:02:25.006Z,mem_ddr4_8gb_ett
2026-08-25T20:00:00.000Z,mem_ddr4_8gb_ett,DDR4 8Gb (1Gx8) eTT,dram,4.262,4.5,3.88,0.0,Aug.25 2026    18:10 (GMT+8)<Price Notice>,2026-08-25T20:02:53.059Z,mem_ddr4_8gb_ett
2026-08-26T20:00:00.000Z,mem_ddr4_8gb_ett,DDR4 8Gb (1Gx8) eTT,dram,4.305,4.6,3.9,1.01,Aug.26 2026    18:10 (GMT+8)<Price Notice>,2026-08-26T20:02:53.992Z,mem_ddr4_8gb_ett
2026-08-27T20:00:00.000Z,mem_ddr4_8gb_ett,DDR4 8Gb (1Gx8) eTT,dram,4.362,4.8,4.0,1.32,Aug.27 2026    18:10 (GMT+8)<Price Notice>,2026-08-27T20:02:14.743Z,mem_ddr4_8gb_ett
2026-08-28T20:00:00.000Z,mem_ddr4_8gb_ett,DDR4 8Gb (1Gx8) eTT,dram,4.443,5.0,4.0,1.86,Aug.28 2026    18:10 (GMT+8)<Price Notice>,2026-08-28T20:02:32.935Z,mem_ddr4_8gb_ett
2026-08-31T20:00:00.000Z,mem_ddr4_8gb_ett,DDR4 8Gb (1Gx8) eTT,dram,4.507,5.2,4.2,1.44,Aug.31 2026    18:10 (GMT+8)<Price Notice>,2026-08-31T20:02:02.069Z,mem_ddr4_8gb_ett
2025-08-19T20:00:00.000Z,mem_ddr5_16gb,DDR5 16Gb (2Gx8) 4800/5600,dram,6.167,,,0.0,Aug.19 2025    14:36,2026-01-08T03:24:34.248Z,mem_ddr5_16gb
2026-01-07T21:00:00.000Z,mem_ddr5_16gb,DDR5 16Gb (2Gx8) 4800/5600,dram,31.875,42.0,23.0,1.27,Jan.8 2026    11:00 (GMT+8)<Price Notice>,2026-01-08T03:31:26.126Z,mem_ddr5_16gb
2026-01-08T21:00:00.000Z,mem_ddr5_16gb,DDR5 16Gb (2Gx8) 4800/5600,dram,31.656,42.0,23.0,0.58,Jan.8 2026    18:10 (GMT+8)<Price Notice>,2026-01-08T14:02:23.018Z,mem_ddr5_16gb
2026-01-09T21:00:00.000Z,mem_ddr5_16gb,DDR5 16Gb (2Gx8) 4800/5600,dram,31.781,42.0,23.5,0.4,Jan.9 2026    18:10 (GMT+8)<Price Notice>,2026-01-09T14:01:32.464Z,mem_ddr5_16gb
2026-01-12T21:00:00.000Z,mem_ddr5_16gb,DDR5 16Gb (2Gx8) 4800/5600,dram,32.5,45.0,23.5,2.26,Jan.12 2026    18:10 (GMT+8)<Price Notice>,2026-01-12T14:01:37.605Z,mem_ddr5_16gb
2026-01-13T21:00:00.000Z,mem_ddr5_16gb,DDR5 16Gb (2Gx8) 4800/5600,dram,33.406,48.5,24.5,2.79,Jan.13 2026    18:10 (GMT+8)<Price Notice>,2026-01-13T14:01:26.924Z,mem_ddr5_16gb
2026-01-14T21:00:00.000Z,mem_ddr5_16gb,DDR5 16Gb (2Gx8) 4800/5600,dram,34.075,50.0,24.5,2.0,Jan.14 2026    18:10 (GMT+8)<Price Notice>,2026-01-14T14:01:03.695Z,mem_ddr5_16gb
2026-01-15T21:00:00.000Z,mem_ddr5_16gb,DDR5 16Gb (2Gx8) 4800/5600,dram,34.5,50.0,24.5,1.25,Jan.15 2026    18:10 (GMT+8)<Price Notice>,2026-01-15T14:01:37.352Z,mem_ddr5_16gb
2026-01-16T21:00:00.000Z,mem_ddr5_16gb,DDR5 16Gb (2Gx8) 4800/5600,dram,35.0,50.0,24.5,1.45,Jan.16 2026    18:10 (GMT+8)<Price Notice>,2026-01-16T14:01:57.038Z,mem_ddr5_16gb
2026-01-19T21:00:00.000Z,mem_ddr5_16gb,DDR5 16Gb (2Gx8) 4800/5600,dram,35.333,53.0,25.0,0.95,Jan.19 2026    18:10 (GMT+8)<Price Notice>,2026-01-19T14:01:38.770Z,mem_ddr5_16gb
2026-01-20T21:00:00.000Z,mem_ddr5_16gb,DDR5 16Gb (2Gx8) 4800/5600,dram,36.333,54.0,25.0,2.83,Jan.20 2026    18:10 (GMT+8)<Price Notice>,2026-01-20T14:01:04.009Z,mem_ddr5_16gb
2026-01-21T21:00:00.000Z,mem_ddr5_16gb,DDR5 16Gb (2Gx8) 4800/5600,dram,36.667,55.0,25.5,0.92,Jan.21 2026    18:10 (GMT+8)<Price Notice>,2026-01-21T14:01:09.164Z,mem_ddr5_16gb
2026-01-22T21:00:00.000Z,mem_ddr5_16gb,DDR5 16Gb (2Gx8) 4800/5600,dram,36.667,55.0,25.5,0.0,Jan.22 2026    18:10 (GMT+8)<Price Notice>,2026-01-22T14:01:54.515Z,mem_ddr5_16gb
2026-01-23T21:00:00.000Z,mem_ddr5_16gb,DDR5 16Gb (2Gx8) 4800/5600,dram,36.667,55.0,25.5,0.0,Jan.23 2026    18:10 (GMT+8)<Price Notice>,2026-01-23T14:01:50.243Z,mem_ddr5_16gb
2026-01-26T21:00:00.000Z,mem_ddr5_16gb,DDR5 16Gb (2Gx8) 4800/5600,dram,36.667,55.0,26.0,0.0,Jan.26 2026    18:10 (GMT+8)<Price Notice>,2026-01-26T14:02:40.087Z,mem_ddr5_16gb
2026-01-27T21:00:00.000Z,mem_ddr5_16gb,DDR5 16Gb (2Gx8) 4800/5600,dram,36.6,55.0,26.0,-0.18,Jan.27 2026    18:10 (GMT+8)<Price Notice>,2026-01-27T14:01:56.839Z,mem_ddr5_16gb
2026-01-28T21:00:00.000Z,mem_ddr5_16gb,DDR5 16Gb (2Gx8) 4800/5600,dram,36.6,55.0,26.0,0.0,Jan.28 2026    18:10 (GMT+8)<Price Notice>,2026-01-28T14:03:03.538Z,mem_ddr5_16gb
2026-01-29T21:00:00.000Z,mem_ddr5_16gb,DDR5 16Gb (2Gx8) 4800/5600,dram,36.533,55.0,26.0,-0.18,Jan.29 2026    18:10 (GMT+8)<Price Notice>,2026-01-29T14:01:57.611Z,mem_ddr5_16gb
2026-01-30T21:00:00.000Z,mem_ddr5_16gb,DDR5 16Gb (2Gx8) 4800/5600,dram,37.167,55.0,26.0,1.74,Jan.30 2026    18:10 (GMT+8)<Price Notice>,2026-01-30T14:01:40.814Z,mem_ddr5_16gb
2026-02-02T21:00:00.000Z,mem_ddr5_16gb,DDR5 16Gb (2Gx8) 4800/5600,dram,38.167,55.0,25.8,2.69,Feb.2 2026    18:10 (GMT+8)<Price Notice>,2026-02-02T14:03:38.237Z,mem_ddr5_16gb
2026-02-03T21:00:00.000Z,mem_ddr5_16gb,DDR5 16Gb (2Gx8) 4800/5600,dram,38.0,54.8,25.8,-0.44,Feb.3 2026    18:10 (GMT+8)<Price Notice>,2026-02-03T14:02:24.155Z,mem_ddr5_16gb
2026-02-04T21:00:00.000Z,mem_ddr5_16gb,DDR5 16Gb (2Gx8) 4800/5600,dram,37.967,52.0,25.8,-0.09,Feb.4 2026    18:10 (GMT+8)<Price Notice>,2026-02-04T14:02:16.866Z,mem_ddr5_16gb
2026-02-05T21:00:00.000Z,mem_ddr5_16gb,DDR5 16Gb (2Gx8) 4800/5600,dram,37.933,52.0,25.5,-0.09,Feb.5 2026    18:10 (GMT+8)<Price Notice>,2026-02-05T14:02:40.711Z,mem_ddr5_16gb
2026-02-06T21:00:00.000Z,mem_ddr5_16gb,DDR5 16Gb (2Gx8) 4800/5600,dram,38.0,53.0,25.5,0.18,Feb.6 2026    18:10 (GMT+8)<Price Notice>,2026-02-06T14:01:17.206Z,mem_ddr5_16gb
2026-02-09T21:00:00.000Z,mem_ddr5_16gb,DDR5 16Gb (2Gx8) 4800/5600,dram,37.833,53.0,25.0,-0.44,Feb.9 2026    18:10 (GMT+8)<Price Notice>,2026-02-09T14:01:59.345Z,mem_ddr5_16gb
2026-02-10T21:00:00.000Z,mem_ddr5_16gb,DDR5 16Gb (2Gx8) 4800/5600,dram,38.0,53.0,25.0,0.44,Feb.10 2026    18:10 (GMT+8)<Price Notice>,2026-02-10T14:02:08.356Z,mem_ddr5_16gb
2026-02-11T21:00:00.000Z,mem_ddr5_16gb,DDR5 16Gb (2Gx8) 4800/5600,dram,38.033,53.0,25.0,0.09,Feb.11 2026    18:10 (GMT+8)<Price Notice>,2026-02-11T14:02:08.813Z,mem_ddr5_16gb
2026-02-12T21:00:00.000Z,mem_ddr5_16gb,DDR5 16Gb (2Gx8) 4800/5600,dram,38.033,53.0,25.0,0.0,Feb.12 2026    18:10 (GMT+8)<Price Notice>,2026-02-12T14:01:33.885Z,mem_ddr5_16gb
2026-02-13T21:00:00.000Z,mem_ddr5_16gb,DDR5 16Gb (2Gx8) 4800/5600,dram,38.067,53.0,25.0,0.09,Feb.13 2026    18:10 (GMT+8)<Price Notice>,2026-02-13T14:01:53.473Z,mem_ddr5_16gb
2026-02-16T21:00:00.000Z,mem_ddr5_16gb,DDR5 16Gb (2Gx8) 4800/5600,dram,38.067,53.0,25.0,0.09,Feb.13 2026    18:10 (GMT+8)<Price Notice>,2026-02-16T14:01:15.419Z,mem_ddr5_16gb
2026-02-17T21:00:00.000Z,mem_ddr5_16gb,DDR5 16Gb (2Gx8) 4800/5600,dram,38.067,53.0,25.0,0.09,Feb.13 2026    18:10 (GMT+8)<Price Notice>,2026-02-17T14:01:55.881Z,mem_ddr5_16gb
2026-02-18T21:00:00.000Z,mem_ddr5_16gb,DDR5 16Gb (2Gx8) 4800/5600,dram,38.067,53.0,25.0,0.09,Feb.13 2026    18:10 (GMT+8)<Price Notice>,2026-02-18T14:01:56.511Z,mem_ddr5_16gb
2026-02-19T21:00:00.000Z,mem_ddr5_16gb,DDR5 16Gb (2Gx8) 4800/5600,dram,38.067,53.0,25.0,0.09,Feb.13 2026    18:10 (GMT+8)<Price Notice>,2026-02-19T14:03:01.304Z,mem_ddr5_16gb
2026-02-20T21:00:00.000Z,mem_ddr5_16gb,DDR5 16Gb (2Gx8) 4800/5600,dram,38.067,53.0,25.0,0.09,Feb.13 2026    18:10 (GMT+8)<Price Notice>,2026-02-20T14:01:37.710Z,mem_ddr5_16gb
2026-02-23T21:00:00.000Z,mem_ddr5_16gb,DDR5 16Gb (2Gx8) 4800/5600,dram,38.1,53.0,25.0,0.09,Feb.23 2026    18:10 (GMT+8)<Price Notice>,2026-02-23T14:02:38.887Z,mem_ddr5_16gb
2026-02-24T21:00:00.000Z,mem_ddr5_16gb,DDR5 16Gb (2Gx8) 4800/5600,dram,38.167,53.5,25.0,0.18,Feb.24 2026    18:10 (GMT+8)<Price Notice>,2026-02-24T14:02:04.081Z,mem_ddr5_16gb
2026-02-25T21:00:00.000Z,mem_ddr5_16gb,DDR5 16Gb (2Gx8) 4800/5600,dram,38.667,54.0,25.0,1.31,Feb.25 2026    18:10 (GMT+8)<Price Notice>,2026-02-25T14:02:08.345Z,mem_ddr5_16gb
2026-02-26T21:00:00.000Z,mem_ddr5_16gb,DDR5 16Gb (2Gx8) 4800/5600,dram,39.333,55.0,25.0,1.72,Feb.26 2026    18:10 (GMT+8)<Price Notice>,2026-02-26T14:01:43.257Z,mem_ddr5_16gb
2026-02-27T21:00:00.000Z,mem_ddr5_16gb,DDR5 16Gb (2Gx8) 4800/5600,dram,39.5,55.0,25.0,0.43,Feb.27 2026    18:10 (GMT+8)<Price Notice>,2026-02-27T14:01:52.460Z,mem_ddr5_16gb
2026-03-02T21:00:00.000Z,mem_ddr5_16gb,DDR5 16Gb (2Gx8) 4800/5600,dram,39.333,55.0,25.0,-0.42,Mar.2 2026    18:10 (GMT+8)<Price Notice>,2026-03-02T14:01:45.816Z,mem_ddr5_16gb
2026-03-03T21:00:00.000Z,mem_ddr5_16gb,DDR5 16Gb (2Gx8) 4800/5600,dram,39.167,51.0,25.0,-0.42,Mar.3 2026    18:10 (GMT+8)<Price Notice>,2026-03-03T14:01:56.569Z,mem_ddr5_16gb
2026-03-04T21:00:00.000Z,mem_ddr5_16gb,DDR5 16Gb (2Gx8) 4800/5600,dram,39.2,51.0,25.5,0.08,Mar.4 2026    18:10 (GMT+8)<Price Notice>,2026-03-04T14:02:15.081Z,mem_ddr5_16gb
2026-03-05T21:00:00.000Z,mem_ddr5_16gb,DDR5 16Gb (2Gx8) 4800/5600,dram,39.5,52.0,25.5,0.77,Mar.5 2026    18:10 (GMT+8)<Price Notice>,2026-03-05T14:02:35.503Z,mem_ddr5_16gb
2026-03-06T21:00:00.000Z,mem_ddr5_16gb,DDR5 16Gb (2Gx8) 4800/5600,dram,39.667,52.0,25.5,0.42,Mar.6 2026    18:10 (GMT+8)<Price Notice>,2026-03-06T14:01:29.672Z,mem_ddr5_16gb
2026-03-09T20:00:00.000Z,mem_ddr5_16gb,DDR5 16Gb (2Gx8) 4800/5600,dram,39.683,52.0,26.5,0.04,Mar.9 2026    18:10 (GMT+8)<Price Notice>,2026-03-09T13:01:36.589Z,mem_ddr5_16gb
2026-03-10T20:00:00.000Z,mem_ddr5_16gb,DDR5 16Gb (2Gx8) 4800/5600,dram,39.683,52.0,26.5,0.0,Mar.10 2026    18:10 (GMT+8)<Price Notice>,2026-03-10T13:02:23.470Z,mem_ddr5_16gb
2026-03-11T20:00:00.000Z,mem_ddr5_16gb,DDR5 16Gb (2Gx8) 4800/5600,dram,39.567,52.0,26.0,-0.29,Mar.11 2026    18:10 (GMT+8)<Price Notice>,2026-03-11T13:02:25.904Z,mem_ddr5_16gb
2026-03-12T20:00:00.000Z,mem_ddr5_16gb,DDR5 16Gb (2Gx8) 4800/5600,dram,39.167,52.0,25.5,-1.01,Mar.12 2026    18:10 (GMT+8)<Price Notice>,2026-03-12T13:02:16.078Z,mem_ddr5_16gb
2026-03-13T20:00:00.000Z,mem_ddr5_16gb,DDR5 16Gb (2Gx8) 4800/5600,dram,39.333,51.0,25.3,0.42,Mar.13 2026    18:10 (GMT+8)<Price Notice>,2026-03-13T13:02:21.111Z,mem_ddr5_16gb
2026-03-16T20:00:00.000Z,mem_ddr5_16gb,DDR5 16Gb (2Gx8) 4800/5600,dram,39.5,51.0,25.3,0.43,Mar.16 2026    18:10 (GMT+8)<Price Notice>,2026-03-16T13:02:45.995Z,mem_ddr5_16gb
2026-03-17T20:00:00.000Z,mem_ddr5_16gb,DDR5 16Gb (2Gx8) 4800/5600,dram,39.667,53.5,25.5,0.42,Mar.17 2026    18:10 (GMT+8)<Price Notice>,2026-03-17T13:02:03.849Z,mem_ddr5_16gb
2026-03-18T20:00:00.000Z,mem_ddr5_16gb,DDR5 16Gb (2Gx8) 4800/5600,dram,39.833,53.5,25.5,0.42,Mar.18 2026    18:10 (GMT+8)<Price Notice>,2026-03-18T13:01:43.115Z,mem_ddr5_16gb
2026-03-19T20:00:00.000Z,mem_ddr5_16gb,DDR5 16Gb (2Gx8) 4800/5600,dram,39.833,53.5,25.5,0.0,Mar.19 2026    18:10 (GMT+8)<Price Notice>,2026-03-19T13:02:15.467Z,mem_ddr5_16gb
2026-03-20T20:00:00.000Z,mem_ddr5_16gb,DDR5 16Gb (2Gx8) 4800/5600,dram,39.167,53.5,25.5,-1.67,Mar.20 2026    18:10 (GMT+8)<Price Notice>,2026-03-20T13:01:39.076Z,mem_ddr5_16gb
2026-03-23T20:00:00.000Z,mem_ddr5_16gb,DDR5 16Gb (2Gx8) 4800/5600,dram,38.667,52.5,25.0,-1.28,Mar.23 2026    18:10 (GMT+8)<Price Notice>,2026-03-23T13:02:20.335Z,mem_ddr5_16gb
2026-03-24T20:00:00.000Z,mem_ddr5_16gb,DDR5 16Gb (2Gx8) 4800/5600,dram,38.167,52.0,25.0,-1.29,Mar.24 2026    18:10 (GMT+8)<Price Notice>,2026-03-24T13:02:47.182Z,mem_ddr5_16gb
2026-03-25T20:00:00.000Z,mem_ddr5_16gb,DDR5 16Gb (2Gx8) 4800/5600,dram,38.167,50.0,25.0,0.0,Mar.25 2026    18:10 (GMT+8)<Price Notice>,2026-03-25T13:01:40.793Z,mem_ddr5_16gb
2026-03-26T20:00:00.000Z,mem_ddr5_16gb,DDR5 16Gb (2Gx8) 4800/5600,dram,37.82,50.0,25.0,-0.91,Mar.26 2026    18:10 (GMT+8)<Price Notice>,2026-03-26T13:03:07.542Z,mem_ddr5_16gb
2026-03-27T20:00:00.000Z,mem_ddr5_16gb,DDR5 16Gb (2Gx8) 4800/5600,dram,37.458,48.0,26.0,-0.96,Mar.27 2026    18:10 (GMT+8)<Price Notice>,2026-03-27T13:01:53.741Z,mem_ddr5_16gb
2026-03-30T20:00:00.000Z,mem_ddr5_16gb,DDR5 16Gb (2Gx8) 4800/5600,dram,37.458,48.0,25.8,0.0,Mar.30 2026    18:10 (GMT+8)<Price Notice>,2026-03-30T13:02:54.120Z,mem_ddr5_16gb
2026-03-31T20:00:00.000Z,mem_ddr5_16gb,DDR5 16Gb (2Gx8) 4800/5600,dram,37.426,48.0,25.8,-0.09,Mar.31 2026    18:10 (GMT+8)<Price Notice>,2026-03-31T13:02:38.230Z,mem_ddr5_16gb
2026-04-01T20:00:00.000Z,mem_ddr5_16gb,DDR5 16Gb (2Gx8) 4800/5600,dram,37.067,48.0,25.8,-0.96,Apr.1 2026    18:10 (GMT+8)<Price Notice>,2026-04-01T13:02:53.265Z,mem_ddr5_16gb
2026-04-02T20:00:00.000Z,mem_ddr5_16gb,DDR5 16Gb (2Gx8) 4800/5600,dram,37.0,48.0,25.8,-0.18,Apr.2 2026    18:10 (GMT+8)<Price Notice>,2026-04-02T13:01:39.999Z,mem_ddr5_16gb
2026-04-03T20:00:00.000Z,mem_ddr5_16gb,DDR5 16Gb (2Gx8) 4800/5600,dram,37.0,48.0,25.8,0.0,Apr.3 2026    18:10 (GMT+8)<Price Notice>,2026-04-03T13:01:34.344Z,mem_ddr5_16gb
2026-04-06T20:00:00.000Z,mem_ddr5_16gb,DDR5 16Gb (2Gx8) 4800/5600,dram,37.0,48.0,25.8,0.0,Apr.3 2026    18:10 (GMT+8)<Price Notice>,2026-04-06T13:01:27.520Z,mem_ddr5_16gb
2026-04-07T20:00:00.000Z,mem_ddr5_16gb,DDR5 16Gb (2Gx8) 4800/5600,dram,37.0,48.5,26.2,0.0,Apr.7 2026    18:10 (GMT+8)<Price Notice>,2026-04-07T13:02:09.145Z,mem_ddr5_16gb
2026-04-08T20:00:00.000Z,mem_ddr5_16gb,DDR5 16Gb (2Gx8) 4800/5600,dram,37.0,48.5,26.2,0.0,Apr.8 2026    18:10 (GMT+8)<Price Notice>,2026-04-08T13:03:47.228Z,mem_ddr5_16gb
2026-04-09T20:00:00.000Z,mem_ddr5_16gb,DDR5 16Gb (2Gx8) 4800/5600,dram,37.027,48.5,26.5,0.07,Apr.9 2026    18:10 (GMT+8)<Price Notice>,2026-04-09T13:02:15.428Z,mem_ddr5_16gb
2026-04-10T20:00:00.000Z,mem_ddr5_16gb,DDR5 16Gb (2Gx8) 4800/5600,dram,37.033,48.5,26.5,0.02,Apr.10 2026    18:10 (GMT+8)<Price Notice>,2026-04-10T13:02:23.314Z,mem_ddr5_16gb
2026-04-13T20:00:00.000Z,mem_ddr5_16gb,DDR5 16Gb (2Gx8) 4800/5600,dram,37.1,49.0,26.5,0.18,Apr.13 2026    18:10 (GMT+8)<Price Notice>,2026-04-13T13:02:06.056Z,mem_ddr5_16gb
2026-04-14T20:00:00.000Z,mem_ddr5_16gb,DDR5 16Gb (2Gx8) 4800/5600,dram,37.2,49.0,26.5,0.27,Apr.14 2026    18:10 (GMT+8)<Price Notice>,2026-04-14T13:04:52.138Z,mem_ddr5_16gb
2026-04-15T20:00:00.000Z,mem_ddr5_16gb,DDR5 16Gb (2Gx8) 4800/5600,dram,37.433,49.5,27.0,0.63,Apr.15 2026    18:10 (GMT+8)<Price Notice>,2026-04-15T13:02:44.049Z,mem_ddr5_16gb
2026-04-16T20:00:00.000Z,mem_ddr5_16gb,DDR5 16Gb (2Gx8) 4800/5600,dram,37.7,49.5,28.0,0.71,Apr.16 2026    18:10 (GMT+8)<Price Notice>,2026-04-16T13:02:05.895Z,mem_ddr5_16gb
2026-04-17T20:00:00.000Z,mem_ddr5_16gb,DDR5 16Gb (2Gx8) 4800/5600,dram,38.5,49.5,28.0,2.12,Apr.17 2026    18:10 (GMT+8)<Price Notice>,2026-04-17T13:02:40.681Z,mem_ddr5_16gb
2026-04-20T20:00:00.000Z,mem_ddr5_16gb,DDR5 16Gb (2Gx8) 4800/5600,dram,38.667,50.0,28.5,0.43,Apr.20 2026    18:10 (GMT+8)<Price Notice>,2026-04-20T13:02:05.258Z,mem_ddr5_16gb
2026-04-21T20:00:00.000Z,mem_ddr5_16gb,DDR5 16Gb (2Gx8) 4800/5600,dram,38.833,50.0,28.5,0.43,Apr.21 2026    18:10 (GMT+8)<Price Notice>,2026-04-21T13:03:22.460Z,mem_ddr5_16gb
2026-04-22T20:00:00.000Z,mem_ddr5_16gb,DDR5 16Gb (2Gx8) 4800/5600,dram,38.833,50.5,28.5,0.0,Apr.22 2026    18:10 (GMT+8)<Price Notice>,2026-04-22T13:02:12.507Z,mem_ddr5_16gb
2026-04-23T20:00:00.000Z,mem_ddr5_16gb,DDR5 16Gb (2Gx8) 4800/5600,dram,38.667,50.5,28.5,-0.43,Apr.23 2026    18:10 (GMT+8)<Price Notice>,2026-04-23T13:02:19.395Z,mem_ddr5_16gb
2026-04-24T20:00:00.000Z,mem_ddr5_16gb,DDR5 16Gb (2Gx8) 4800/5600,dram,38.5,50.6,28.5,-0.43,Apr.24 2026    18:10 (GMT+8)<Price Notice>,2026-04-24T13:02:50.329Z,mem_ddr5_16gb
2026-04-27T20:00:00.000Z,mem_ddr5_16gb,DDR5 16Gb (2Gx8) 4800/5600,dram,38.433,50.8,28.55,-0.17,Apr.27 2026    18:10 (GMT+8)<Price Notice>,2026-04-27T13:02:40.910Z,mem_ddr5_16gb
2026-04-28T20:00:00.000Z,mem_ddr5_16gb,DDR5 16Gb (2Gx8) 4800/5600,dram,38.5,50.8,28.55,0.17,Apr.28 2026    18:10 (GMT+8)<Price Notice>,2026-04-28T13:03:58.866Z,mem_ddr5_16gb
2026-04-29T20:00:00.000Z,mem_ddr5_16gb,DDR5 16Gb (2Gx8) 4800/5600,dram,38.867,51.0,28.5,0.95,Apr.29 2026    18:10 (GMT+8)<Price Notice>,2026-04-29T13:03:44.805Z,mem_ddr5_16gb
2026-04-30T20:00:00.000Z,mem_ddr5_16gb,DDR5 16Gb (2Gx8) 4800/5600,dram,39.0,51.0,28.5,0.34,Apr.30 2026    18:10 (GMT+8)<Price Notice>,2026-04-30T13:01:45.662Z,mem_ddr5_16gb
2026-05-01T20:00:00.000Z,mem_ddr5_16gb,DDR5 16Gb (2Gx8) 4800/5600,dram,39.0,51.0,28.5,0.34,Apr.30 2026    18:10 (GMT+8)<Price Notice>,2026-05-01T13:01:43.473Z,mem_ddr5_16gb
2026-05-04T20:00:00.000Z,mem_ddr5_16gb,DDR5 16Gb (2Gx8) 4800/5600,dram,38.833,51.0,28.0,-0.43,May.4 2026    18:10 (GMT+8)<Price Notice>,2026-05-04T13:02:45.538Z,mem_ddr5_16gb
2026-05-05T20:00:00.000Z,mem_ddr5_16gb,DDR5 16Gb (2Gx8) 4800/5600,dram,38.833,51.0,28.0,0.0,May.5 2026    18:10 (GMT+8)<Price Notice>,2026-05-05T13:03:09.557Z,mem_ddr5_16gb
2026-05-06T20:00:00.000Z,mem_ddr5_16gb,DDR5 16Gb (2Gx8) 4800/5600,dram,38.833,51.0,28.0,0.0,May.6 2026    18:10 (GMT+8)<Price Notice>,2026-05-06T13:02:08.033Z,mem_ddr5_16gb
2026-05-07T20:00:00.000Z,mem_ddr5_16gb,DDR5 16Gb (2Gx8) 4800/5600,dram,39.0,51.0,28.0,0.43,May.7 2026    18:10 (GMT+8)<Price Notice>,2026-05-07T13:02:08.956Z,mem_ddr5_16gb
2026-05-08T20:00:00.000Z,mem_ddr5_16gb,DDR5 16Gb (2Gx8) 4800/5600,dram,39.833,52.0,28.0,2.14,May.8 2026    18:10 (GMT+8)<Price Notice>,2026-05-08T13:02:22.956Z,mem_ddr5_16gb
2026-05-11T20:00:00.000Z,mem_ddr5_16gb,DDR5 16Gb (2Gx8) 4800/5600,dram,40.2,52.0,29.2,0.92,May.11 2026    18:10 (GMT+8)<Price Notice>,2026-05-11T13:02:05.832Z,mem_ddr5_16gb
2026-05-12T20:00:00.000Z,mem_ddr5_16gb,DDR5 16Gb (2Gx8) 4800/5600,dram,40.267,52.0,29.5,0.17,May.12 2026    18:10 (GMT+8)<Price Notice>,2026-05-12T13:02:55.027Z,mem_ddr5_16gb
2026-05-13T20:00:00.000Z,mem_ddr5_16gb,DDR5 16Gb (2Gx8) 4800/5600,dram,40.367,52.0,29.5,0.25,May.13 2026    18:10 (GMT+8)<Price Notice>,2026-05-13T13:01:40.598Z,mem_ddr5_16gb
2026-05-14T20:00:00.000Z,mem_ddr5_16gb,DDR5 16Gb (2Gx8) 4800/5600,dram,40.7,52.5,29.6,0.83,May.14 2026    18:10 (GMT+8)<Price Notice>,2026-05-14T13:01:13.286Z,mem_ddr5_16gb
2026-05-15T20:00:00.000Z,mem_ddr5_16gb,DDR5 16Gb (2Gx8) 4800/5600,dram,41.167,52.5,30.0,1.15,May.15 2026    18:10 (GMT+8)<Price Notice>,2026-05-15T13:02:27.546Z,mem_ddr5_16gb
2026-05-18T20:00:00.000Z,mem_ddr5_16gb,DDR5 16Gb (2Gx8) 4800/5600,dram,41.267,53.0,29.8,0.24,May.18 2026    18:10 (GMT+8)<Price Notice>,2026-05-18T13:02:54.638Z,mem_ddr5_16gb
2026-05-19T20:00:00.000Z,mem_ddr5_16gb,DDR5 16Gb (2Gx8) 4800/5600,dram,41.1,53.0,29.8,-0.41,May.19 2026    18:10 (GMT+8)<Price Notice>,2026-05-19T13:02:12.976Z,mem_ddr5_16gb
2026-05-20T20:00:00.000Z,mem_ddr5_16gb,DDR5 16Gb (2Gx8) 4800/5600,dram,41.167,53.0,29.8,0.16,May.20 2026    18:10 (GMT+8)<Price Notice>,2026-05-20T13:01:53.920Z,mem_ddr5_16gb
2026-05-21T20:00:00.000Z,mem_ddr5_16gb,DDR5 16Gb (2Gx8) 4800/5600,dram,41.333,52.5,30.5,0.4,May.21 2026    18:10 (GMT+8)<Price Notice>,2026-05-21T13:02:12.407Z,mem_ddr5_16gb
2026-05-22T20:00:00.000Z,mem_ddr5_16gb,DDR5 16Gb (2Gx8) 4800/5600,dram,41.5,52.5,30.5,0.4,May.22 2026    18:10 (GMT+8)<Price Notice>,2026-05-22T13:02:03.111Z,mem_ddr5_16gb
2026-05-25T20:00:00.000Z,mem_ddr5_16gb,DDR5 16Gb (2Gx8) 4800/5600,dram,41.667,52.5,30.5,0.4,May.25 2026    18:10 (GMT+8)<Price Notice>,2026-05-25T13:01:11.616Z,mem_ddr5_16gb
2026-05-26T20:00:00.000Z,mem_ddr5_16gb,DDR5 16Gb (2Gx8) 4800/5600,dram,41.667,52.5,30.5,0.0,May.26 2026    18:10 (GMT+8)<Price Notice>,2026-05-26T13:02:17.041Z,mem_ddr5_16gb
2026-05-27T20:00:00.000Z,mem_ddr5_16gb,DDR5 16Gb (2Gx8) 4800/5600,dram,41.667,52.5,30.5,0.0,May.27 2026    18:10 (GMT+8)<Price Notice>,2026-05-27T13:01:31.331Z,mem_ddr5_16gb
2026-05-28T20:00:00.000Z,mem_ddr5_16gb,DDR5 16Gb (2Gx8) 4800/5600,dram,41.833,52.6,30.0,0.4,May.28 2026    18:10 (GMT+8)<Price Notice>,2026-05-28T13:03:26.760Z,mem_ddr5_16gb
2026-05-29T20:00:00.000Z,mem_ddr5_16gb,DDR5 16Gb (2Gx8) 4800/5600,dram,41.9,52.6,30.0,0.16,May.29 2026    18:10 (GMT+8)<Price Notice>,2026-05-29T13:01:36.615Z,mem_ddr5_16gb
2026-06-01T20:00:00.000Z,mem_ddr5_16gb,DDR5 16Gb (2Gx8) 4800/5600,dram,42.267,53.0,30.5,0.88,Jun.1 2026    18:10 (GMT+8)<Price Notice>,2026-06-01T13:02:23.114Z,mem_ddr5_16gb
2026-06-02T20:00:00.000Z,mem_ddr5_16gb,DDR5 16Gb (2Gx8) 4800/5600,dram,42.567,53.0,30.5,0.71,Jun.2 2026    18:10 (GMT+8)<Price Notice>,2026-06-02T13:01:46.503Z,mem_ddr5_16gb
2026-06-03T20:00:00.000Z,mem_ddr5_16gb,DDR5 16Gb (2Gx8) 4800/5600,dram,42.833,53.0,30.5,0.63,Jun.3 2026    18:10 (GMT+8)<Price Notice>,2026-06-03T13:01:27.103Z,mem_ddr5_16gb
2026-06-04T20:00:00.000Z,mem_ddr5_16gb,DDR5 16Gb (2Gx8) 4800/5600,dram,43.233,54.0,30.5,0.93,Jun.4 2026    18:10 (GMT+8)<Price Notice>,2026-06-04T13:02:15.709Z,mem_ddr5_16gb
2026-06-05T20:00:00.000Z,mem_ddr5_16gb,DDR5 16Gb (2Gx8) 4800/5600,dram,43.4,54.0,30.5,0.39,Jun.5 2026    18:10 (GMT+8)<Price Notice>,2026-06-05T13:02:40.269Z,mem_ddr5_16gb
2026-06-08T20:00:00.000Z,mem_ddr5_16gb,DDR5 16Gb (2Gx8) 4800/5600,dram,43.567,54.5,31.0,0.39,Jun.8 2026    18:10 (GMT+8)<Price Notice>,2026-06-08T13:01:50.898Z,mem_ddr5_16gb
2026-06-09T20:00:00.000Z,mem_ddr5_16gb,DDR5 16Gb (2Gx8) 4800/5600,dram,44.0,55.5,31.0,0.99,Jun.9 2026    18:10 (GMT+8)<Price Notice>,2026-06-09T13:02:08.889Z,mem_ddr5_16gb
2026-06-10T20:00:00.000Z,mem_ddr5_16gb,DDR5 16Gb (2Gx8) 4800/5600,dram,44.5,56.0,31.0,1.14,Jun.10 2026    18:10 (GMT+8)<Price Notice>,2026-06-10T13:02:20.696Z,mem_ddr5_16gb
2026-06-11T20:00:00.000Z,mem_ddr5_16gb,DDR5 16Gb (2Gx8) 4800/5600,dram,44.667,56.5,30.5,0.38,Jun.11 2026    18:10 (GMT+8)<Price Notice>,2026-06-11T13:02:09.646Z,mem_ddr5_16gb
2026-06-12T20:00:00.000Z,mem_ddr5_16gb,DDR5 16Gb (2Gx8) 4800/5600,dram,44.833,56.5,30.5,0.37,Jun.12 2026    18:10 (GMT+8)<Price Notice>,2026-06-12T13:02:56.198Z,mem_ddr5_16gb
2026-06-15T20:00:00.000Z,mem_ddr5_16gb,DDR5 16Gb (2Gx8) 4800/5600,dram,45.0,56.5,30.0,0.37,Jun.15 2026    18:10 (GMT+8)<Price Notice>,2026-06-15T13:02:10.420Z,mem_ddr5_16gb
2026-06-16T20:00:00.000Z,mem_ddr5_16gb,DDR5 16Gb (2Gx8) 4800/5600,dram,45.233,57.0,30.5,0.52,Jun.16 2026    18:10 (GMT+8)<Price Notice>,2026-06-16T13:03:09.279Z,mem_ddr5_16gb
2026-06-17T20:00:00.000Z,mem_ddr5_16gb,DDR5 16Gb (2Gx8) 4800/5600,dram,45.4,58.0,30.5,0.37,Jun.17 2026    18:10 (GMT+8)<Price Notice>,2026-06-17T13:02:31.302Z,mem_ddr5_16gb
2026-06-18T20:00:00.000Z,mem_ddr5_16gb,DDR5 16Gb (2Gx8) 4800/5600,dram,46.0,59.5,30.5,1.32,Jun.18 2026    18:10 (GMT+8)<Price Notice>,2026-06-18T13:01:33.279Z,mem_ddr5_16gb
2026-06-19T20:00:00.000Z,mem_ddr5_16gb,DDR5 16Gb (2Gx8) 4800/5600,dram,46.0,59.5,30.5,1.32,Jun.18 2026    18:10 (GMT+8)<Price Notice>,2026-06-19T13:02:38.118Z,mem_ddr5_16gb
2026-06-22T20:00:00.000Z,mem_ddr5_16gb,DDR5 16Gb (2Gx8) 4800/5600,dram,46.167,59.5,31.0,0.36,Jun.22 2026    18:10 (GMT+8)<Price Notice>,2026-06-22T13:01:15.397Z,mem_ddr5_16gb
2026-06-23T20:00:00.000Z,mem_ddr5_16gb,DDR5 16Gb (2Gx8) 4800/5600,dram,46.5,59.5,31.0,0.72,Jun.23 2026    18:10 (GMT+8)<Price Notice>,2026-06-23T13:01:13.955Z,mem_ddr5_16gb
2026-06-24T20:00:00.000Z,mem_ddr5_16gb,DDR5 16Gb (2Gx8) 4800/5600,dram,46.667,59.5,31.0,0.36,Jun.24 2026    18:10 (GMT+8)<Price Notice>,2026-06-24T13:01:36.408Z,mem_ddr5_16gb
2026-06-25T20:00:00.000Z,mem_ddr5_16gb,DDR5 16Gb (2Gx8) 4800/5600,dram,46.733,59.7,31.0,0.14,Jun.25 2026    18:10 (GMT+8)<Price Notice>,2026-06-25T13:03:32.627Z,mem_ddr5_16gb
2026-06-26T20:00:00.000Z,mem_ddr5_16gb,DDR5 16Gb (2Gx8) 4800/5600,dram,46.733,59.7,31.0,0.0,Jun.26 2026    18:10 (GMT+8)<Price Notice>,2026-06-26T13:02:11.814Z,mem_ddr5_16gb
2026-06-29T20:00:00.000Z,mem_ddr5_16gb,DDR5 16Gb (2Gx8) 4800/5600,dram,46.733,59.8,31.5,0.0,Jun.29 2026    18:10 (GMT+8)<Price Notice>,2026-06-29T13:02:14.376Z,mem_ddr5_16gb
2026-06-30T20:00:00.000Z,mem_ddr5_16gb,DDR5 16Gb (2Gx8) 4800/5600,dram,46.833,61.0,31.5,0.21,Jun.30 2026    18:10 (GMT+8)<Price Notice>,2026-06-30T13:01:12.514Z,mem_ddr5_16gb
2026-07-01T20:00:00.000Z,mem_ddr5_16gb,DDR5 16Gb (2Gx8) 4800/5600,dram,46.833,61.0,31.3,0.0,Jul.1 2026    18:10 (GMT+8)<Price Notice>,2026-07-01T13:02:13.833Z,mem_ddr5_16gb
2026-07-02T20:00:00.000Z,mem_ddr5_16gb,DDR5 16Gb (2Gx8) 4800/5600,dram,46.633,61.0,31.0,-0.43,Jul.2 2026    18:10 (GMT+8)<Price Notice>,2026-07-02T13:01:47.874Z,mem_ddr5_16gb
2026-07-03T20:00:00.000Z,mem_ddr5_16gb,DDR5 16Gb (2Gx8) 4800/5600,dram,46.667,61.0,31.0,0.07,Jul.3 2026    18:10 (GMT+8)<Price Notice>,2026-07-03T13:02:23.584Z,mem_ddr5_16gb
2026-07-06T20:00:00.000Z,mem_ddr5_16gb,DDR5 16Gb (2Gx8) 4800/5600,dram,47.0,61.2,31.5,0.71,Jul.6 2026    18:10 (GMT+8)<Price Notice>,2026-07-06T13:01:52.377Z,mem_ddr5_16gb
2026-07-07T20:00:00.000Z,mem_ddr5_16gb,DDR5 16Gb (2Gx8) 4800/5600,dram,47.067,61.2,31.5,0.14,Jul.7 2026    18:10 (GMT+8)<Price Notice>,2026-07-07T13:02:35.935Z,mem_ddr5_16gb
2026-07-08T20:00:00.000Z,mem_ddr5_16gb,DDR5 16Gb (2Gx8) 4800/5600,dram,47.067,61.2,31.5,0.0,Jul.8 2026    18:10 (GMT+8)<Price Notice>,2026-07-08T13:02:29.977Z,mem_ddr5_16gb
2026-07-09T20:00:00.000Z,mem_ddr5_16gb,DDR5 16Gb (2Gx8) 4800/5600,dram,47.767,62.0,31.5,1.49,Jul.9 2026    18:10 (GMT+8)<Price Notice>,2026-07-09T13:02:42.912Z,mem_ddr5_16gb
2026-07-10T20:00:00.000Z,mem_ddr5_16gb,DDR5 16Gb (2Gx8) 4800/5600,dram,47.8,62.0,31.5,0.07,Jul.10 2026    18:10 (GMT+8)<Price Notice>,2026-07-10T13:02:07.843Z,mem_ddr5_16gb
2026-07-13T20:00:00.000Z,mem_ddr5_16gb,DDR5 16Gb (2Gx8) 4800/5600,dram,48.333,64.0,31.8,1.12,Jul.13 2026    18:10 (GMT+8)<Price Notice>,2026-07-13T13:02:43.823Z,mem_ddr5_16gb
2024-03-11T20:00:00.000Z,mem_ddr5_16gb,DDR5 16Gb (2Gx8) 4800/5600,dram,4.707,,,,historical CSV backfill,2026-07-14T01:37:42.667Z,mem_ddr5_16gb
2026-07-14T20:00:00.000Z,mem_ddr5_16gb,DDR5 16Gb (2Gx8) 4800/5600,dram,48.5,64.0,31.8,0.35,Jul.14 2026    18:10 (GMT+8)<Price Notice>,2026-07-14T13:01:15.324Z,mem_ddr5_16gb
2026-07-15T20:00:00.000Z,mem_ddr5_16gb,DDR5 16Gb (2Gx8) 4800/5600,dram,48.9,64.0,32.0,0.83,Jul.15 2026    18:10 (GMT+8)<Price Notice>,2026-07-15T13:01:08.288Z,mem_ddr5_16gb
2026-07-16T20:00:00.000Z,mem_ddr5_16gb,DDR5 16Gb (2Gx8) 4800/5600,dram,49.333,64.0,32.0,0.89,Jul.16 2026    18:10 (GMT+8)<Price Notice>,2026-07-16T13:02:46.897Z,mem_ddr5_16gb
2026-07-17T20:00:00.000Z,mem_ddr5_16gb,DDR5 16Gb (2Gx8) 4800/5600,dram,49.667,65.0,32.0,0.68,Jul.17 2026    18:10 (GMT+8)<Price Notice>,2026-07-17T13:02:49.872Z,mem_ddr5_16gb
2026-07-20T20:00:00.000Z,mem_ddr5_16gb,DDR5 16Gb (2Gx8) 4800/5600,dram,49.767,65.0,32.0,0.2,Jul.20 2026    18:10 (GMT+8)<Price Notice>,2026-07-20T13:01:22.659Z,mem_ddr5_16gb
2026-07-21T20:00:00.000Z,mem_ddr5_16gb,DDR5 16Gb (2Gx8) 4800/5600,dram,50.067,65.0,32.5,0.6,Jul.21 2026    18:10 (GMT+8)<Price Notice>,2026-07-21T13:02:34.422Z,mem_ddr5_16gb
2026-07-22T20:00:00.000Z,mem_ddr5_16gb,DDR5 16Gb (2Gx8) 4800/5600,dram,50.333,65.5,32.5,0.53,Jul.22 2026    18:10 (GMT+8)<Price Notice>,2026-07-22T13:02:43.978Z,mem_ddr5_16gb
2026-07-23T20:00:00.000Z,mem_ddr5_16gb,DDR5 16Gb (2Gx8) 4800/5600,dram,50.5,66.0,32.5,0.33,Jul.23 2026    18:10 (GMT+8)<Price Notice>,2026-07-23T13:02:13.780Z,mem_ddr5_16gb
2026-07-24T20:00:00.000Z,mem_ddr5_16gb,DDR5 16Gb (2Gx8) 4800/5600,dram,50.833,66.5,32.5,0.66,Jul.24 2026    18:10 (GMT+8)<Price Notice>,2026-07-24T13:02:28.533Z,mem_ddr5_16gb
2026-07-27T20:00:00.000Z,mem_ddr5_16gb,DDR5 16Gb (2Gx8) 4800/5600,dram,50.833,66.5,32.5,0.0,Jul.27 2026    18:10 (GMT+8)<Price Notice>,2026-07-27T20:02:47.070Z,mem_ddr5_16gb
2026-07-28T20:00:00.000Z,mem_ddr5_16gb,DDR5 16Gb (2Gx8) 4800/5600,dram,50.933,67.0,32.8,0.2,Jul.28 2026    18:10 (GMT+8)<Price Notice>,2026-07-28T20:02:31.411Z,mem_ddr5_16gb
2026-07-29T20:00:00.000Z,mem_ddr5_16gb,DDR5 16Gb (2Gx8) 4800/5600,dram,50.933,67.0,32.8,0.0,Jul.29 2026    18:10 (GMT+8)<Price Notice>,2026-07-29T20:02:52.292Z,mem_ddr5_16gb
2026-07-30T20:00:00.000Z,mem_ddr5_16gb,DDR5 16Gb (2Gx8) 4800/5600,dram,50.967,67.0,32.85,0.07,Jul.30 2026    18:10 (GMT+8)<Price Notice>,2026-07-30T20:02:11.453Z,mem_ddr5_16gb
2026-07-31T20:00:00.000Z,mem_ddr5_16gb,DDR5 16Gb (2Gx8) 4800/5600,dram,50.967,67.0,32.85,0.0,Jul.31 2026    18:10 (GMT+8)<Price Notice>,2026-07-31T20:01:49.889Z,mem_ddr5_16gb
2026-08-03T20:00:00.000Z,mem_ddr5_16gb,DDR5 16Gb (2Gx8) 4800/5600,dram,51.333,67.0,32.9,0.72,Aug.3 2026    18:10 (GMT+8)<Price Notice>,2026-08-03T20:01:22.877Z,mem_ddr5_16gb
2026-08-04T20:00:00.000Z,mem_ddr5_16gb,DDR5 16Gb (2Gx8) 4800/5600,dram,51.333,68.0,32.9,0.0,Aug.4 2026    18:10 (GMT+8)<Price Notice>,2026-08-04T20:01:15.160Z,mem_ddr5_16gb
2026-08-05T20:00:00.000Z,mem_ddr5_16gb,DDR5 16Gb (2Gx8) 4800/5600,dram,51.333,68.0,32.9,0.0,Aug.5 2026    18:10 (GMT+8)<Price Notice>,2026-08-05T20:02:43.953Z,mem_ddr5_16gb
2026-08-06T20:00:00.000Z,mem_ddr5_16gb,DDR5 16Gb (2Gx8) 4800/5600,dram,51.5,68.0,33.0,0.33,Aug.6 2026    18:10 (GMT+8)<Price Notice>,2026-08-06T20:01:55.342Z,mem_ddr5_16gb
2026-08-07T20:00:00.000Z,mem_ddr5_16gb,DDR5 16Gb (2Gx8) 4800/5600,dram,51.6,68.0,33.0,0.19,Aug.7 2026    18:10 (GMT+8)<Price Notice>,2026-08-07T20:02:31.314Z,mem_ddr5_16gb
2026-08-10T20:00:00.000Z,mem_ddr5_16gb,DDR5 16Gb (2Gx8) 4800/5600,dram,51.767,68.2,33.0,0.32,Aug.10 2026    18:10 (GMT+8)<Price Notice>,2026-08-10T20:01:50.891Z,mem_ddr5_16gb
2026-08-11T20:00:00.000Z,mem_ddr5_16gb,DDR5 16Gb (2Gx8) 4800/5600,dram,52.133,68.2,33.0,0.71,Aug.11 2026    18:10 (GMT+8)<Price Notice>,2026-08-11T20:02:04.894Z,mem_ddr5_16gb
2026-08-12T20:00:00.000Z,mem_ddr5_16gb,DDR5 16Gb (2Gx8) 4800/5600,dram,52.5,68.2,34.0,0.7,Aug.12 2026    18:10 (GMT+8)<Price Notice>,2026-08-12T20:01:26.613Z,mem_ddr5_16gb
2026-08-13T20:00:00.000Z,mem_ddr5_16gb,DDR5 16Gb (2Gx8) 4800/5600,dram,52.7,68.2,34.0,0.38,Aug.13 2026    18:10 (GMT+8)<Price Notice>,2026-08-13T20:02:28.391Z,mem_ddr5_16gb
2026-08-14T20:00:00.000Z,mem_ddr5_16gb,DDR5 16Gb (2Gx8) 4800/5600,dram,52.733,68.2,34.0,0.06,Aug.14 2026    18:10 (GMT+8)<Price Notice>,2026-08-14T20:01:13.862Z,mem_ddr5_16gb
2026-08-17T20:00:00.000Z,mem_ddr5_16gb,DDR5 16Gb (2Gx8) 4800/5600,dram,52.733,68.5,34.2,0.0,Aug.17 2026    18:10 (GMT+8)<Price Notice>,2026-08-17T20:01:36.925Z,mem_ddr5_16gb
2026-08-18T20:00:00.000Z,mem_ddr5_16gb,DDR5 16Gb (2Gx8) 4800/5600,dram,52.733,68.5,34.2,0.0,Aug.18 2026    18:10 (GMT+8)<Price Notice>,2026-08-18T20:03:16.187Z,mem_ddr5_16gb
2026-08-19T20:00:00.000Z,mem_ddr5_16gb,DDR5 16Gb (2Gx8) 4800/5600,dram,53.267,68.5,34.7,1.01,Aug.19 2026    18:10 (GMT+8)<Price Notice>,2026-08-19T20:02:20.844Z,mem_ddr5_16gb
2026-08-20T20:00:00.000Z,mem_ddr5_16gb,DDR5 16Gb (2Gx8) 4800/5600,dram,53.767,68.5,35.0,0.94,Aug.20 2026    18:10 (GMT+8)<Price Notice>,2026-08-20T20:03:28.179Z,mem_ddr5_16gb
2026-08-21T20:00:00.000Z,mem_ddr5_16gb,DDR5 16Gb (2Gx8) 4800/5600,dram,54.1,68.5,37.0,0.62,Aug.21 2026    18:10 (GMT+8)<Price Notice>,2026-08-21T20:02:16.258Z,mem_ddr5_16gb
2026-08-24T20:00:00.000Z,mem_ddr5_16gb,DDR5 16Gb (2Gx8) 4800/5600,dram,54.167,68.5,37.0,0.12,Aug.24 2026    18:10 (GMT+8)<Price Notice>,2026-08-24T20:02:25.006Z,mem_ddr5_16gb
2026-08-25T20:00:00.000Z,mem_ddr5_16gb,DDR5 16Gb (2Gx8) 4800/5600,dram,54.167,68.5,37.0,0.0,Aug.25 2026    18:10 (GMT+8)<Price Notice>,2026-08-25T20:02:53.059Z,mem_ddr5_16gb
2026-08-26T20:00:00.000Z,mem_ddr5_16gb,DDR5 16Gb (2Gx8) 4800/5600,dram,54.0,68.5,37.0,-0.31,Aug.26 2026    18:10 (GMT+8)<Price Notice>,2026-08-26T20:02:53.992Z,mem_ddr5_16gb
2026-08-27T20:00:00.000Z,mem_ddr5_16gb,DDR5 16Gb (2Gx8) 4800/5600,dram,53.933,68.0,37.0,-0.12,Aug.27 2026    18:10 (GMT+8)<Price Notice>,2026-08-27T20:02:14.743Z,mem_ddr5_16gb
2026-08-28T20:00:00.000Z,mem_ddr5_16gb,DDR5 16Gb (2Gx8) 4800/5600,dram,53.933,68.0,37.0,0.0,Aug.28 2026    18:10 (GMT+8)<Price Notice>,2026-08-28T20:02:32.935Z,mem_ddr5_16gb
2026-08-31T20:00:00.000Z,mem_ddr5_16gb,DDR5 16Gb (2Gx8) 4800/5600,dram,53.917,67.5,37.2,-0.03,Aug.31 2026    18:10 (GMT+8)<Price Notice>,2026-08-31T20:02:02.069Z,mem_ddr5_16gb
2025-11-13T21:00:00.000Z,mem_ddr5_16gb_ett,DDR5 16Gb (2Gx8) eTT,dram,9.95,,,0.51,Nov.13 2025    14:40,2026-01-08T03:24:34.248Z,mem_ddr5_16gb_ett
2026-01-07T21:00:00.000Z,mem_ddr5_16gb_ett,DDR5 16Gb (2Gx8) eTT,dram,18.0,19.0,16.5,2.86,Jan.8 2026    11:00 (GMT+8)<Price Notice>,2026-01-08T03:31:26.126Z,mem_ddr5_16gb_ett
2026-01-08T21:00:00.000Z,mem_ddr5_16gb_ett,DDR5 16Gb (2Gx8) eTT,dram,17.8,19.0,16.5,1.71,Jan.8 2026    18:10 (GMT+8)<Price Notice>,2026-01-08T14:02:23.018Z,mem_ddr5_16gb_ett
2026-01-09T21:00:00.000Z,mem_ddr5_16gb_ett,DDR5 16Gb (2Gx8) eTT,dram,18.0,19.0,17.0,1.12,Jan.9 2026    18:10 (GMT+8)<Price Notice>,2026-01-09T14:01:32.464Z,mem_ddr5_16gb_ett
2026-01-12T21:00:00.000Z,mem_ddr5_16gb_ett,DDR5 16Gb (2Gx8) eTT,dram,18.2,19.0,17.0,1.11,Jan.12 2026    18:10 (GMT+8)<Price Notice>,2026-01-12T14:01:37.605Z,mem_ddr5_16gb_ett
2026-01-13T21:00:00.000Z,mem_ddr5_16gb_ett,DDR5 16Gb (2Gx8) eTT,dram,18.6,19.5,17.5,2.2,Jan.13 2026    18:10 (GMT+8)<Price Notice>,2026-01-13T14:01:26.924Z,mem_ddr5_16gb_ett
2026-01-14T21:00:00.000Z,mem_ddr5_16gb_ett,DDR5 16Gb (2Gx8) eTT,dram,18.8,19.5,17.5,1.08,Jan.14 2026    18:10 (GMT+8)<Price Notice>,2026-01-14T14:01:03.695Z,mem_ddr5_16gb_ett
2026-01-15T21:00:00.000Z,mem_ddr5_16gb_ett,DDR5 16Gb (2Gx8) eTT,dram,19.0,19.6,18.0,1.06,Jan.15 2026    18:10 (GMT+8)<Price Notice>,2026-01-15T14:01:37.352Z,mem_ddr5_16gb_ett
2026-01-16T21:00:00.000Z,mem_ddr5_16gb_ett,DDR5 16Gb (2Gx8) eTT,dram,19.1,19.7,18.0,0.53,Jan.16 2026    18:10 (GMT+8)<Price Notice>,2026-01-16T14:01:57.038Z,mem_ddr5_16gb_ett
2026-01-19T21:00:00.000Z,mem_ddr5_16gb_ett,DDR5 16Gb (2Gx8) eTT,dram,19.2,19.8,18.0,0.52,Jan.19 2026    18:10 (GMT+8)<Price Notice>,2026-01-19T14:01:38.770Z,mem_ddr5_16gb_ett
2026-01-20T21:00:00.000Z,mem_ddr5_16gb_ett,DDR5 16Gb (2Gx8) eTT,dram,19.2,19.8,18.0,0.0,Jan.20 2026    18:10 (GMT+8)<Price Notice>,2026-01-20T14:01:04.009Z,mem_ddr5_16gb_ett
2026-01-21T21:00:00.000Z,mem_ddr5_16gb_ett,DDR5 16Gb (2Gx8) eTT,dram,19.2,19.8,18.2,0.0,Jan.21 2026    18:10 (GMT+8)<Price Notice>,2026-01-21T14:01:09.164Z,mem_ddr5_16gb_ett
2026-01-22T21:00:00.000Z,mem_ddr5_16gb_ett,DDR5 16Gb (2Gx8) eTT,dram,19.2,19.8,18.2,0.0,Jan.22 2026    18:10 (GMT+8)<Price Notice>,2026-01-22T14:01:54.515Z,mem_ddr5_16gb_ett
2026-01-23T21:00:00.000Z,mem_ddr5_16gb_ett,DDR5 16Gb (2Gx8) eTT,dram,19.2,19.8,18.2,0.0,Jan.23 2026    18:10 (GMT+8)<Price Notice>,2026-01-23T14:01:50.243Z,mem_ddr5_16gb_ett
2026-01-26T21:00:00.000Z,mem_ddr5_16gb_ett,DDR5 16Gb (2Gx8) eTT,dram,19.3,20.0,18.5,0.52,Jan.26 2026    18:10 (GMT+8)<Price Notice>,2026-01-26T14:02:40.087Z,mem_ddr5_16gb_ett
2026-01-27T21:00:00.000Z,mem_ddr5_16gb_ett,DDR5 16Gb (2Gx8) eTT,dram,19.3,20.0,18.5,0.0,Jan.27 2026    18:10 (GMT+8)<Price Notice>,2026-01-27T14:01:56.839Z,mem_ddr5_16gb_ett
2026-01-28T21:00:00.000Z,mem_ddr5_16gb_ett,DDR5 16Gb (2Gx8) eTT,dram,19.3,20.0,18.5,0.0,Jan.28 2026    18:10 (GMT+8)<Price Notice>,2026-01-28T14:03:03.538Z,mem_ddr5_16gb_ett
2026-01-29T21:00:00.000Z,mem_ddr5_16gb_ett,DDR5 16Gb (2Gx8) eTT,dram,19.4,20.0,18.5,0.52,Jan.29 2026    18:10 (GMT+8)<Price Notice>,2026-01-29T14:01:57.611Z,mem_ddr5_16gb_ett
2026-01-30T21:00:00.000Z,mem_ddr5_16gb_ett,DDR5 16Gb (2Gx8) eTT,dram,19.5,20.5,18.5,0.52,Jan.30 2026    18:10 (GMT+8)<Price Notice>,2026-01-30T14:01:40.814Z,mem_ddr5_16gb_ett
2026-02-02T21:00:00.000Z,mem_ddr5_16gb_ett,DDR5 16Gb (2Gx8) eTT,dram,19.5,20.5,18.5,0.0,Feb.2 2026    18:10 (GMT+8)<Price Notice>,2026-02-02T14:03:38.237Z,mem_ddr5_16gb_ett
2026-02-03T21:00:00.000Z,mem_ddr5_16gb_ett,DDR5 16Gb (2Gx8) eTT,dram,19.5,20.6,18.5,0.0,Feb.3 2026    18:10 (GMT+8)<Price Notice>,2026-02-03T14:02:24.155Z,mem_ddr5_16gb_ett
2026-02-04T21:00:00.000Z,mem_ddr5_16gb_ett,DDR5 16Gb (2Gx8) eTT,dram,19.7,21.0,18.6,1.03,Feb.4 2026    18:10 (GMT+8)<Price Notice>,2026-02-04T14:02:16.866Z,mem_ddr5_16gb_ett
2026-02-05T21:00:00.000Z,mem_ddr5_16gb_ett,DDR5 16Gb (2Gx8) eTT,dram,19.7,21.2,18.6,0.0,Feb.5 2026    18:10 (GMT+8)<Price Notice>,2026-02-05T14:02:40.711Z,mem_ddr5_16gb_ett
2026-02-06T21:00:00.000Z,mem_ddr5_16gb_ett,DDR5 16Gb (2Gx8) eTT,dram,19.7,21.2,18.7,0.0,Feb.6 2026    18:10 (GMT+8)<Price Notice>,2026-02-06T14:01:17.206Z,mem_ddr5_16gb_ett
2026-02-09T21:00:00.000Z,mem_ddr5_16gb_ett,DDR5 16Gb (2Gx8) eTT,dram,19.7,21.0,18.7,0.0,Feb.9 2026    18:10 (GMT+8)<Price Notice>,2026-02-09T14:01:59.345Z,mem_ddr5_16gb_ett
2026-02-10T21:00:00.000Z,mem_ddr5_16gb_ett,DDR5 16Gb (2Gx8) eTT,dram,19.8,21.0,18.7,0.51,Feb.10 2026    18:10 (GMT+8)<Price Notice>,2026-02-10T14:02:08.356Z,mem_ddr5_16gb_ett
2026-02-11T21:00:00.000Z,mem_ddr5_16gb_ett,DDR5 16Gb (2Gx8) eTT,dram,19.9,21.2,18.7,0.51,Feb.11 2026    18:10 (GMT+8)<Price Notice>,2026-02-11T14:02:08.813Z,mem_ddr5_16gb_ett
2026-02-12T21:00:00.000Z,mem_ddr5_16gb_ett,DDR5 16Gb (2Gx8) eTT,dram,19.9,21.2,18.8,0.0,Feb.12 2026    18:10 (GMT+8)<Price Notice>,2026-02-12T14:01:33.885Z,mem_ddr5_16gb_ett
2026-02-13T21:00:00.000Z,mem_ddr5_16gb_ett,DDR5 16Gb (2Gx8) eTT,dram,20.0,21.2,18.8,0.5,Feb.13 2026    18:10 (GMT+8)<Price Notice>,2026-02-13T14:01:53.473Z,mem_ddr5_16gb_ett
2026-02-16T21:00:00.000Z,mem_ddr5_16gb_ett,DDR5 16Gb (2Gx8) eTT,dram,20.0,21.2,18.8,0.5,Feb.13 2026    18:10 (GMT+8)<Price Notice>,2026-02-16T14:01:15.419Z,mem_ddr5_16gb_ett
2026-02-17T21:00:00.000Z,mem_ddr5_16gb_ett,DDR5 16Gb (2Gx8) eTT,dram,20.0,21.2,18.8,0.5,Feb.13 2026    18:10 (GMT+8)<Price Notice>,2026-02-17T14:01:55.881Z,mem_ddr5_16gb_ett
2026-02-18T21:00:00.000Z,mem_ddr5_16gb_ett,DDR5 16Gb (2Gx8) eTT,dram,20.0,21.2,18.8,0.5,Feb.13 2026    18:10 (GMT+8)<Price Notice>,2026-02-18T14:01:56.511Z,mem_ddr5_16gb_ett
2026-02-19T21:00:00.000Z,mem_ddr5_16gb_ett,DDR5 16Gb (2Gx8) eTT,dram,20.0,21.2,18.8,0.5,Feb.13 2026    18:10 (GMT+8)<Price Notice>,2026-02-19T14:03:01.304Z,mem_ddr5_16gb_ett
2026-02-20T21:00:00.000Z,mem_ddr5_16gb_ett,DDR5 16Gb (2Gx8) eTT,dram,20.0,21.2,18.8,0.5,Feb.13 2026    18:10 (GMT+8)<Price Notice>,2026-02-20T14:01:37.710Z,mem_ddr5_16gb_ett
2026-02-23T21:00:00.000Z,mem_ddr5_16gb_ett,DDR5 16Gb (2Gx8) eTT,dram,20.0,21.2,18.8,0.0,Feb.23 2026    18:10 (GMT+8)<Price Notice>,2026-02-23T14:02:38.887Z,mem_ddr5_16gb_ett
2026-02-24T21:00:00.000Z,mem_ddr5_16gb_ett,DDR5 16Gb (2Gx8) eTT,dram,20.0,21.5,19.0,0.0,Feb.24 2026    18:10 (GMT+8)<Price Notice>,2026-02-24T14:02:04.081Z,mem_ddr5_16gb_ett
2026-02-25T21:00:00.000Z,mem_ddr5_16gb_ett,DDR5 16Gb (2Gx8) eTT,dram,20.2,21.6,19.0,1.0,Feb.25 2026    18:10 (GMT+8)<Price Notice>,2026-02-25T14:02:08.345Z,mem_ddr5_16gb_ett
2026-02-26T21:00:00.000Z,mem_ddr5_16gb_ett,DDR5 16Gb (2Gx8) eTT,dram,20.5,22.0,19.5,1.49,Feb.26 2026    18:10 (GMT+8)<Price Notice>,2026-02-26T14:01:43.257Z,mem_ddr5_16gb_ett
2026-02-27T21:00:00.000Z,mem_ddr5_16gb_ett,DDR5 16Gb (2Gx8) eTT,dram,20.6,22.0,19.5,0.49,Feb.27 2026    18:10 (GMT+8)<Price Notice>,2026-02-27T14:01:52.460Z,mem_ddr5_16gb_ett
2026-03-02T21:00:00.000Z,mem_ddr5_16gb_ett,DDR5 16Gb (2Gx8) eTT,dram,20.7,22.5,19.5,0.49,Mar.2 2026    18:10 (GMT+8)<Price Notice>,2026-03-02T14:01:45.816Z,mem_ddr5_16gb_ett
2026-03-03T21:00:00.000Z,mem_ddr5_16gb_ett,DDR5 16Gb (2Gx8) eTT,dram,20.7,22.5,20.0,0.0,Mar.3 2026    18:10 (GMT+8)<Price Notice>,2026-03-03T14:01:56.569Z,mem_ddr5_16gb_ett
2026-03-04T21:00:00.000Z,mem_ddr5_16gb_ett,DDR5 16Gb (2Gx8) eTT,dram,20.7,22.5,20.0,0.0,Mar.4 2026    18:10 (GMT+8)<Price Notice>,2026-03-04T14:02:15.081Z,mem_ddr5_16gb_ett
2026-03-05T21:00:00.000Z,mem_ddr5_16gb_ett,DDR5 16Gb (2Gx8) eTT,dram,20.8,23.0,20.0,0.48,Mar.5 2026    18:10 (GMT+8)<Price Notice>,2026-03-05T14:02:35.503Z,mem_ddr5_16gb_ett
2026-03-06T21:00:00.000Z,mem_ddr5_16gb_ett,DDR5 16Gb (2Gx8) eTT,dram,21.0,23.0,20.0,0.96,Mar.6 2026    18:10 (GMT+8)<Price Notice>,2026-03-06T14:01:29.672Z,mem_ddr5_16gb_ett
2026-03-09T20:00:00.000Z,mem_ddr5_16gb_ett,DDR5 16Gb (2Gx8) eTT,dram,21.1,23.1,20.0,0.48,Mar.9 2026    18:10 (GMT+8)<Price Notice>,2026-03-09T13:01:36.589Z,mem_ddr5_16gb_ett
2026-03-10T20:00:00.000Z,mem_ddr5_16gb_ett,DDR5 16Gb (2Gx8) eTT,dram,21.1,23.2,20.0,0.0,Mar.10 2026    18:10 (GMT+8)<Price Notice>,2026-03-10T13:02:23.470Z,mem_ddr5_16gb_ett
2026-03-11T20:00:00.000Z,mem_ddr5_16gb_ett,DDR5 16Gb (2Gx8) eTT,dram,21.15,23.3,20.1,0.24,Mar.11 2026    18:10 (GMT+8)<Price Notice>,2026-03-11T13:02:25.904Z,mem_ddr5_16gb_ett
2026-03-12T20:00:00.000Z,mem_ddr5_16gb_ett,DDR5 16Gb (2Gx8) eTT,dram,21.15,23.3,20.1,0.0,Mar.12 2026    18:10 (GMT+8)<Price Notice>,2026-03-12T13:02:16.078Z,mem_ddr5_16gb_ett
2026-03-13T20:00:00.000Z,mem_ddr5_16gb_ett,DDR5 16Gb (2Gx8) eTT,dram,21.15,23.3,20.0,0.0,Mar.13 2026    18:10 (GMT+8)<Price Notice>,2026-03-13T13:02:21.111Z,mem_ddr5_16gb_ett
2026-03-16T20:00:00.000Z,mem_ddr5_16gb_ett,DDR5 16Gb (2Gx8) eTT,dram,21.2,23.5,20.0,0.24,Mar.16 2026    18:10 (GMT+8)<Price Notice>,2026-03-16T13:02:45.995Z,mem_ddr5_16gb_ett
2026-03-17T20:00:00.000Z,mem_ddr5_16gb_ett,DDR5 16Gb (2Gx8) eTT,dram,21.5,23.5,20.0,1.42,Mar.17 2026    18:10 (GMT+8)<Price Notice>,2026-03-17T13:02:03.849Z,mem_ddr5_16gb_ett
2026-03-18T20:00:00.000Z,mem_ddr5_16gb_ett,DDR5 16Gb (2Gx8) eTT,dram,21.5,23.5,20.0,0.0,Mar.18 2026    18:10 (GMT+8)<Price Notice>,2026-03-18T13:01:43.115Z,mem_ddr5_16gb_ett
2026-03-19T20:00:00.000Z,mem_ddr5_16gb_ett,DDR5 16Gb (2Gx8) eTT,dram,21.5,23.5,20.0,0.0,Mar.19 2026    18:10 (GMT+8)<Price Notice>,2026-03-19T13:02:15.467Z,mem_ddr5_16gb_ett
2026-03-20T20:00:00.000Z,mem_ddr5_16gb_ett,DDR5 16Gb (2Gx8) eTT,dram,21.5,23.5,20.0,0.0,Mar.20 2026    18:10 (GMT+8)<Price Notice>,2026-03-20T13:01:39.076Z,mem_ddr5_16gb_ett
2026-03-23T20:00:00.000Z,mem_ddr5_16gb_ett,DDR5 16Gb (2Gx8) eTT,dram,21.45,23.6,20.0,-0.23,Mar.23 2026    18:10 (GMT+8)<Price Notice>,2026-03-23T13:02:20.335Z,mem_ddr5_16gb_ett
2026-03-24T20:00:00.000Z,mem_ddr5_16gb_ett,DDR5 16Gb (2Gx8) eTT,dram,21.45,23.6,20.0,0.0,Mar.24 2026    18:10 (GMT+8)<Price Notice>,2026-03-24T13:02:47.182Z,mem_ddr5_16gb_ett
2026-03-25T20:00:00.000Z,mem_ddr5_16gb_ett,DDR5 16Gb (2Gx8) eTT,dram,21.45,23.6,20.0,0.0,Mar.25 2026    18:10 (GMT+8)<Price Notice>,2026-03-25T13:01:40.793Z,mem_ddr5_16gb_ett
2026-03-26T20:00:00.000Z,mem_ddr5_16gb_ett,DDR5 16Gb (2Gx8) eTT,dram,21.45,23.6,20.0,0.0,Mar.26 2026    18:10 (GMT+8)<Price Notice>,2026-03-26T13:03:07.542Z,mem_ddr5_16gb_ett
2026-03-27T20:00:00.000Z,mem_ddr5_16gb_ett,DDR5 16Gb (2Gx8) eTT,dram,21.45,23.6,20.5,0.0,Mar.27 2026    18:10 (GMT+8)<Price Notice>,2026-03-27T13:01:53.741Z,mem_ddr5_16gb_ett
2026-03-30T20:00:00.000Z,mem_ddr5_16gb_ett,DDR5 16Gb (2Gx8) eTT,dram,21.45,23.8,20.6,0.0,Mar.30 2026    18:10 (GMT+8)<Price Notice>,2026-03-30T13:02:54.120Z,mem_ddr5_16gb_ett
2026-03-31T20:00:00.000Z,mem_ddr5_16gb_ett,DDR5 16Gb (2Gx8) eTT,dram,21.4,23.8,20.6,-0.23,Mar.31 2026    18:10 (GMT+8)<Price Notice>,2026-03-31T13:02:38.230Z,mem_ddr5_16gb_ett
2026-04-01T20:00:00.000Z,mem_ddr5_16gb_ett,DDR5 16Gb (2Gx8) eTT,dram,21.4,23.8,20.6,0.0,Apr.1 2026    18:10 (GMT+8)<Price Notice>,2026-04-01T13:02:53.265Z,mem_ddr5_16gb_ett
2026-04-02T20:00:00.000Z,mem_ddr5_16gb_ett,DDR5 16Gb (2Gx8) eTT,dram,21.3,23.8,20.6,-0.47,Apr.2 2026    18:10 (GMT+8)<Price Notice>,2026-04-02T13:01:39.999Z,mem_ddr5_16gb_ett
2026-04-03T20:00:00.000Z,mem_ddr5_16gb_ett,DDR5 16Gb (2Gx8) eTT,dram,21.25,23.8,20.6,-0.24,Apr.3 2026    18:10 (GMT+8)<Price Notice>,2026-04-03T13:01:34.344Z,mem_ddr5_16gb_ett
2026-04-06T20:00:00.000Z,mem_ddr5_16gb_ett,DDR5 16Gb (2Gx8) eTT,dram,21.25,23.8,20.6,-0.24,Apr.3 2026    18:10 (GMT+8)<Price Notice>,2026-04-06T13:01:27.520Z,mem_ddr5_16gb_ett
2026-04-07T20:00:00.000Z,mem_ddr5_16gb_ett,DDR5 16Gb (2Gx8) eTT,dram,21.25,24.0,20.5,0.0,Apr.7 2026    18:10 (GMT+8)<Price Notice>,2026-04-07T13:02:09.145Z,mem_ddr5_16gb_ett
2026-04-08T20:00:00.000Z,mem_ddr5_16gb_ett,DDR5 16Gb (2Gx8) eTT,dram,21.25,24.0,20.5,0.0,Apr.8 2026    18:10 (GMT+8)<Price Notice>,2026-04-08T13:03:47.228Z,mem_ddr5_16gb_ett
2026-04-09T20:00:00.000Z,mem_ddr5_16gb_ett,DDR5 16Gb (2Gx8) eTT,dram,21.25,24.0,20.5,0.0,Apr.9 2026    18:10 (GMT+8)<Price Notice>,2026-04-09T13:02:15.428Z,mem_ddr5_16gb_ett
2026-04-10T20:00:00.000Z,mem_ddr5_16gb_ett,DDR5 16Gb (2Gx8) eTT,dram,21.3,24.0,20.5,0.24,Apr.10 2026    18:10 (GMT+8)<Price Notice>,2026-04-10T13:02:23.314Z,mem_ddr5_16gb_ett
2026-04-13T20:00:00.000Z,mem_ddr5_16gb_ett,DDR5 16Gb (2Gx8) eTT,dram,21.3,24.0,20.4,0.0,Apr.13 2026    18:10 (GMT+8)<Price Notice>,2026-04-13T13:02:06.056Z,mem_ddr5_16gb_ett
2026-04-14T20:00:00.000Z,mem_ddr5_16gb_ett,DDR5 16Gb (2Gx8) eTT,dram,21.3,24.0,20.4,0.0,Apr.14 2026    18:10 (GMT+8)<Price Notice>,2026-04-14T13:04:52.138Z,mem_ddr5_16gb_ett
2026-04-15T20:00:00.000Z,mem_ddr5_16gb_ett,DDR5 16Gb (2Gx8) eTT,dram,21.5,24.0,20.6,0.94,Apr.15 2026    18:10 (GMT+8)<Price Notice>,2026-04-15T13:02:44.049Z,mem_ddr5_16gb_ett
2026-04-16T20:00:00.000Z,mem_ddr5_16gb_ett,DDR5 16Gb (2Gx8) eTT,dram,21.5,24.0,20.6,0.0,Apr.16 2026    18:10 (GMT+8)<Price Notice>,2026-04-16T13:02:05.895Z,mem_ddr5_16gb_ett
2026-04-17T20:00:00.000Z,mem_ddr5_16gb_ett,DDR5 16Gb (2Gx8) eTT,dram,21.7,24.0,20.6,0.93,Apr.17 2026    18:10 (GMT+8)<Price Notice>,2026-04-17T13:02:40.681Z,mem_ddr5_16gb_ett
2026-04-20T20:00:00.000Z,mem_ddr5_16gb_ett,DDR5 16Gb (2Gx8) eTT,dram,21.8,24.5,20.8,0.46,Apr.20 2026    18:10 (GMT+8)<Price Notice>,2026-04-20T13:02:05.258Z,mem_ddr5_16gb_ett
2026-04-21T20:00:00.000Z,mem_ddr5_16gb_ett,DDR5 16Gb (2Gx8) eTT,dram,21.9,24.5,20.8,0.46,Apr.21 2026    18:10 (GMT+8)<Price Notice>,2026-04-21T13:03:22.460Z,mem_ddr5_16gb_ett
2026-04-22T20:00:00.000Z,mem_ddr5_16gb_ett,DDR5 16Gb (2Gx8) eTT,dram,21.9,24.5,20.8,0.0,Apr.22 2026    18:10 (GMT+8)<Price Notice>,2026-04-22T13:02:12.507Z,mem_ddr5_16gb_ett
2026-04-23T20:00:00.000Z,mem_ddr5_16gb_ett,DDR5 16Gb (2Gx8) eTT,dram,21.9,24.5,20.8,0.0,Apr.23 2026    18:10 (GMT+8)<Price Notice>,2026-04-23T13:02:19.395Z,mem_ddr5_16gb_ett
2026-04-24T20:00:00.000Z,mem_ddr5_16gb_ett,DDR5 16Gb (2Gx8) eTT,dram,21.9,24.8,21.0,0.0,Apr.24 2026    18:10 (GMT+8)<Price Notice>,2026-04-24T13:02:50.329Z,mem_ddr5_16gb_ett
2026-04-27T20:00:00.000Z,mem_ddr5_16gb_ett,DDR5 16Gb (2Gx8) eTT,dram,21.9,24.8,21.0,0.0,Apr.27 2026    18:10 (GMT+8)<Price Notice>,2026-04-27T13:02:40.910Z,mem_ddr5_16gb_ett
2026-04-28T20:00:00.000Z,mem_ddr5_16gb_ett,DDR5 16Gb (2Gx8) eTT,dram,22.0,24.8,21.0,0.46,Apr.28 2026    18:10 (GMT+8)<Price Notice>,2026-04-28T13:03:58.866Z,mem_ddr5_16gb_ett
2026-04-29T20:00:00.000Z,mem_ddr5_16gb_ett,DDR5 16Gb (2Gx8) eTT,dram,22.0,24.8,21.0,0.0,Apr.29 2026    18:10 (GMT+8)<Price Notice>,2026-04-29T13:03:44.805Z,mem_ddr5_16gb_ett
2026-04-30T20:00:00.000Z,mem_ddr5_16gb_ett,DDR5 16Gb (2Gx8) eTT,dram,22.0,24.8,21.0,0.0,Apr.30 2026    18:10 (GMT+8)<Price Notice>,2026-04-30T13:01:45.662Z,mem_ddr5_16gb_ett
2026-05-01T20:00:00.000Z,mem_ddr5_16gb_ett,DDR5 16Gb (2Gx8) eTT,dram,22.0,24.8,21.0,0.0,Apr.30 2026    18:10 (GMT+8)<Price Notice>,2026-05-01T13:01:43.473Z,mem_ddr5_16gb_ett
2026-05-04T20:00:00.000Z,mem_ddr5_16gb_ett,DDR5 16Gb (2Gx8) eTT,dram,22.0,24.8,21.0,0.0,May.4 2026    18:10 (GMT+8)<Price Notice>,2026-05-04T13:02:45.538Z,mem_ddr5_16gb_ett
2026-05-05T20:00:00.000Z,mem_ddr5_16gb_ett,DDR5 16Gb (2Gx8) eTT,dram,22.0,24.8,21.0,0.0,May.5 2026    18:10 (GMT+8)<Price Notice>,2026-05-05T13:03:09.557Z,mem_ddr5_16gb_ett
2026-05-06T20:00:00.000Z,mem_ddr5_16gb_ett,DDR5 16Gb (2Gx8) eTT,dram,22.0,24.8,21.0,0.0,May.6 2026    18:10 (GMT+8)<Price Notice>,2026-05-06T13:02:08.033Z,mem_ddr5_16gb_ett
2026-05-07T20:00:00.000Z,mem_ddr5_16gb_ett,DDR5 16Gb (2Gx8) eTT,dram,22.1,24.8,21.5,0.46,May.7 2026    18:10 (GMT+8)<Price Notice>,2026-05-07T13:02:08.956Z,mem_ddr5_16gb_ett
2026-05-08T20:00:00.000Z,mem_ddr5_16gb_ett,DDR5 16Gb (2Gx8) eTT,dram,22.1,24.8,21.5,0.0,May.8 2026    18:10 (GMT+8)<Price Notice>,2026-05-08T13:02:22.956Z,mem_ddr5_16gb_ett
2026-05-11T20:00:00.000Z,mem_ddr5_16gb_ett,DDR5 16Gb (2Gx8) eTT,dram,22.1,25.0,21.6,0.0,May.11 2026    18:10 (GMT+8)<Price Notice>,2026-05-11T13:02:05.832Z,mem_ddr5_16gb_ett
2026-05-12T20:00:00.000Z,mem_ddr5_16gb_ett,DDR5 16Gb (2Gx8) eTT,dram,22.1,25.0,21.6,0.0,May.12 2026    18:10 (GMT+8)<Price Notice>,2026-05-12T13:02:55.027Z,mem_ddr5_16gb_ett
2026-05-13T20:00:00.000Z,mem_ddr5_16gb_ett,DDR5 16Gb (2Gx8) eTT,dram,22.1,25.0,21.6,0.0,May.13 2026    18:10 (GMT+8)<Price Notice>,2026-05-13T13:01:40.598Z,mem_ddr5_16gb_ett
2026-05-14T20:00:00.000Z,mem_ddr5_16gb_ett,DDR5 16Gb (2Gx8) eTT,dram,22.2,24.5,21.7,0.45,May.14 2026    18:10 (GMT+8)<Price Notice>,2026-05-14T13:01:13.286Z,mem_ddr5_16gb_ett
2026-05-15T20:00:00.000Z,mem_ddr5_16gb_ett,DDR5 16Gb (2Gx8) eTT,dram,22.4,24.5,21.8,0.9,May.15 2026    18:10 (GMT+8)<Price Notice>,2026-05-15T13:02:27.546Z,mem_ddr5_16gb_ett
2026-05-18T20:00:00.000Z,mem_ddr5_16gb_ett,DDR5 16Gb (2Gx8) eTT,dram,22.5,24.6,22.0,0.45,May.18 2026    18:10 (GMT+8)<Price Notice>,2026-05-18T13:02:54.638Z,mem_ddr5_16gb_ett
2026-05-19T20:00:00.000Z,mem_ddr5_16gb_ett,DDR5 16Gb (2Gx8) eTT,dram,22.5,24.6,22.0,0.0,May.19 2026    18:10 (GMT+8)<Price Notice>,2026-05-19T13:02:12.976Z,mem_ddr5_16gb_ett
2026-05-20T20:00:00.000Z,mem_ddr5_16gb_ett,DDR5 16Gb (2Gx8) eTT,dram,22.5,24.6,22.0,0.0,May.20 2026    18:10 (GMT+8)<Price Notice>,2026-05-20T13:01:53.920Z,mem_ddr5_16gb_ett
2026-05-21T20:00:00.000Z,mem_ddr5_16gb_ett,DDR5 16Gb (2Gx8) eTT,dram,22.5,24.8,22.0,0.0,May.21 2026    18:10 (GMT+8)<Price Notice>,2026-05-21T13:02:12.407Z,mem_ddr5_16gb_ett
2026-05-22T20:00:00.000Z,mem_ddr5_16gb_ett,DDR5 16Gb (2Gx8) eTT,dram,22.5,24.8,22.0,0.0,May.22 2026    18:10 (GMT+8)<Price Notice>,2026-05-22T13:02:03.111Z,mem_ddr5_16gb_ett
2026-05-25T20:00:00.000Z,mem_ddr5_16gb_ett,DDR5 16Gb (2Gx8) eTT,dram,22.5,24.8,22.0,0.0,May.25 2026    18:10 (GMT+8)<Price Notice>,2026-05-25T13:01:11.616Z,mem_ddr5_16gb_ett
2026-05-26T20:00:00.000Z,mem_ddr5_16gb_ett,DDR5 16Gb (2Gx8) eTT,dram,22.5,24.8,22.0,0.0,May.26 2026    18:10 (GMT+8)<Price Notice>,2026-05-26T13:02:17.041Z,mem_ddr5_16gb_ett
2026-05-27T20:00:00.000Z,mem_ddr5_16gb_ett,DDR5 16Gb (2Gx8) eTT,dram,22.5,24.8,22.0,0.0,May.27 2026    18:10 (GMT+8)<Price Notice>,2026-05-27T13:01:31.331Z,mem_ddr5_16gb_ett
2026-05-28T20:00:00.000Z,mem_ddr5_16gb_ett,DDR5 16Gb (2Gx8) eTT,dram,22.5,24.7,22.0,0.0,May.28 2026    18:10 (GMT+8)<Price Notice>,2026-05-28T13:03:26.760Z,mem_ddr5_16gb_ett
2026-05-29T20:00:00.000Z,mem_ddr5_16gb_ett,DDR5 16Gb (2Gx8) eTT,dram,22.5,24.7,22.0,0.0,May.29 2026    18:10 (GMT+8)<Price Notice>,2026-05-29T13:01:36.615Z,mem_ddr5_16gb_ett
2026-06-01T20:00:00.000Z,mem_ddr5_16gb_ett,DDR5 16Gb (2Gx8) eTT,dram,22.5,25.0,21.8,0.0,Jun.1 2026    18:10 (GMT+8)<Price Notice>,2026-06-01T13:02:23.114Z,mem_ddr5_16gb_ett
2026-06-02T20:00:00.000Z,mem_ddr5_16gb_ett,DDR5 16Gb (2Gx8) eTT,dram,22.6,25.0,21.8,0.44,Jun.2 2026    18:10 (GMT+8)<Price Notice>,2026-06-02T13:01:46.503Z,mem_ddr5_16gb_ett
2026-06-03T20:00:00.000Z,mem_ddr5_16gb_ett,DDR5 16Gb (2Gx8) eTT,dram,22.65,25.0,21.8,0.22,Jun.3 2026    18:10 (GMT+8)<Price Notice>,2026-06-03T13:01:27.103Z,mem_ddr5_16gb_ett
2026-06-04T20:00:00.000Z,mem_ddr5_16gb_ett,DDR5 16Gb (2Gx8) eTT,dram,22.65,25.0,21.8,0.0,Jun.4 2026    18:10 (GMT+8)<Price Notice>,2026-06-04T13:02:15.709Z,mem_ddr5_16gb_ett
2026-06-05T20:00:00.000Z,mem_ddr5_16gb_ett,DDR5 16Gb (2Gx8) eTT,dram,22.7,25.0,21.8,0.22,Jun.5 2026    18:10 (GMT+8)<Price Notice>,2026-06-05T13:02:40.269Z,mem_ddr5_16gb_ett
2026-06-08T20:00:00.000Z,mem_ddr5_16gb_ett,DDR5 16Gb (2Gx8) eTT,dram,22.7,25.2,21.7,0.0,Jun.8 2026    18:10 (GMT+8)<Price Notice>,2026-06-08T13:01:50.898Z,mem_ddr5_16gb_ett
2026-06-09T20:00:00.000Z,mem_ddr5_16gb_ett,DDR5 16Gb (2Gx8) eTT,dram,22.8,25.2,21.7,0.44,Jun.9 2026    18:10 (GMT+8)<Price Notice>,2026-06-09T13:02:08.889Z,mem_ddr5_16gb_ett
2026-06-10T20:00:00.000Z,mem_ddr5_16gb_ett,DDR5 16Gb (2Gx8) eTT,dram,23.0,25.2,21.7,0.88,Jun.10 2026    18:10 (GMT+8)<Price Notice>,2026-06-10T13:02:20.696Z,mem_ddr5_16gb_ett
2026-06-11T20:00:00.000Z,mem_ddr5_16gb_ett,DDR5 16Gb (2Gx8) eTT,dram,23.0,25.0,21.6,0.0,Jun.11 2026    18:10 (GMT+8)<Price Notice>,2026-06-11T13:02:09.646Z,mem_ddr5_16gb_ett
2026-06-12T20:00:00.000Z,mem_ddr5_16gb_ett,DDR5 16Gb (2Gx8) eTT,dram,23.0,25.0,21.6,0.0,Jun.12 2026    18:10 (GMT+8)<Price Notice>,2026-06-12T13:02:56.198Z,mem_ddr5_16gb_ett
2026-06-15T20:00:00.000Z,mem_ddr5_16gb_ett,DDR5 16Gb (2Gx8) eTT,dram,23.0,25.0,21.6,0.0,Jun.15 2026    18:10 (GMT+8)<Price Notice>,2026-06-15T13:02:10.420Z,mem_ddr5_16gb_ett
2026-06-16T20:00:00.000Z,mem_ddr5_16gb_ett,DDR5 16Gb (2Gx8) eTT,dram,23.2,25.0,22.0,0.87,Jun.16 2026    18:10 (GMT+8)<Price Notice>,2026-06-16T13:03:09.279Z,mem_ddr5_16gb_ett
2026-06-17T20:00:00.000Z,mem_ddr5_16gb_ett,DDR5 16Gb (2Gx8) eTT,dram,23.2,25.0,22.0,0.0,Jun.17 2026    18:10 (GMT+8)<Price Notice>,2026-06-17T13:02:31.302Z,mem_ddr5_16gb_ett
2026-06-18T20:00:00.000Z,mem_ddr5_16gb_ett,DDR5 16Gb (2Gx8) eTT,dram,23.5,25.2,22.1,1.29,Jun.18 2026    18:10 (GMT+8)<Price Notice>,2026-06-18T13:01:33.279Z,mem_ddr5_16gb_ett
2026-06-19T20:00:00.000Z,mem_ddr5_16gb_ett,DDR5 16Gb (2Gx8) eTT,dram,23.5,25.2,22.1,1.29,Jun.18 2026    18:10 (GMT+8)<Price Notice>,2026-06-19T13:02:38.118Z,mem_ddr5_16gb_ett
2026-06-22T20:00:00.000Z,mem_ddr5_16gb_ett,DDR5 16Gb (2Gx8) eTT,dram,23.5,25.2,22.1,0.0,Jun.22 2026    18:10 (GMT+8)<Price Notice>,2026-06-22T13:01:15.397Z,mem_ddr5_16gb_ett
2026-06-23T20:00:00.000Z,mem_ddr5_16gb_ett,DDR5 16Gb (2Gx8) eTT,dram,23.5,25.2,22.1,0.0,Jun.23 2026    18:10 (GMT+8)<Price Notice>,2026-06-23T13:01:13.955Z,mem_ddr5_16gb_ett
2026-06-24T20:00:00.000Z,mem_ddr5_16gb_ett,DDR5 16Gb (2Gx8) eTT,dram,23.5,25.2,22.0,0.0,Jun.24 2026    18:10 (GMT+8)<Price Notice>,2026-06-24T13:01:36.408Z,mem_ddr5_16gb_ett
2026-06-25T20:00:00.000Z,mem_ddr5_16gb_ett,DDR5 16Gb (2Gx8) eTT,dram,23.5,25.2,22.0,0.0,Jun.25 2026    18:10 (GMT+8)<Price Notice>,2026-06-25T13:03:32.627Z,mem_ddr5_16gb_ett
2026-06-26T20:00:00.000Z,mem_ddr5_16gb_ett,DDR5 16Gb (2Gx8) eTT,dram,23.5,25.2,22.0,0.0,Jun.26 2026    18:10 (GMT+8)<Price Notice>,2026-06-26T13:02:11.814Z,mem_ddr5_16gb_ett
2026-06-29T20:00:00.000Z,mem_ddr5_16gb_ett,DDR5 16Gb (2Gx8) eTT,dram,23.5,25.3,22.1,0.0,Jun.29 2026    18:10 (GMT+8)<Price Notice>,2026-06-29T13:02:14.376Z,mem_ddr5_16gb_ett
2026-06-30T20:00:00.000Z,mem_ddr5_16gb_ett,DDR5 16Gb (2Gx8) eTT,dram,23.5,25.3,22.1,0.0,Jun.30 2026    18:10 (GMT+8)<Price Notice>,2026-06-30T13:01:12.514Z,mem_ddr5_16gb_ett
2026-07-01T20:00:00.000Z,mem_ddr5_16gb_ett,DDR5 16Gb (2Gx8) eTT,dram,23.3,25.3,22.3,-0.85,Jul.1 2026    18:10 (GMT+8)<Price Notice>,2026-07-01T13:02:13.833Z,mem_ddr5_16gb_ett
2026-07-02T20:00:00.000Z,mem_ddr5_16gb_ett,DDR5 16Gb (2Gx8) eTT,dram,23.3,25.3,22.3,0.0,Jul.2 2026    18:10 (GMT+8)<Price Notice>,2026-07-02T13:01:47.874Z,mem_ddr5_16gb_ett
2026-07-03T20:00:00.000Z,mem_ddr5_16gb_ett,DDR5 16Gb (2Gx8) eTT,dram,23.25,25.3,22.3,-0.22,Jul.3 2026    18:10 (GMT+8)<Price Notice>,2026-07-03T13:02:23.584Z,mem_ddr5_16gb_ett
2026-07-06T20:00:00.000Z,mem_ddr5_16gb_ett,DDR5 16Gb (2Gx8) eTT,dram,23.3,25.0,22.3,0.22,Jul.6 2026    18:10 (GMT+8)<Price Notice>,2026-07-06T13:01:52.377Z,mem_ddr5_16gb_ett
2026-07-07T20:00:00.000Z,mem_ddr5_16gb_ett,DDR5 16Gb (2Gx8) eTT,dram,23.3,25.0,22.3,0.0,Jul.7 2026    18:10 (GMT+8)<Price Notice>,2026-07-07T13:02:35.935Z,mem_ddr5_16gb_ett
2026-07-08T20:00:00.000Z,mem_ddr5_16gb_ett,DDR5 16Gb (2Gx8) eTT,dram,23.3,25.0,22.3,0.0,Jul.8 2026    18:10 (GMT+8)<Price Notice>,2026-07-08T13:02:29.977Z,mem_ddr5_16gb_ett
2026-07-09T20:00:00.000Z,mem_ddr5_16gb_ett,DDR5 16Gb (2Gx8) eTT,dram,23.5,25.5,22.5,0.86,Jul.9 2026    18:10 (GMT+8)<Price Notice>,2026-07-09T13:02:42.912Z,mem_ddr5_16gb_ett
2026-07-10T20:00:00.000Z,mem_ddr5_16gb_ett,DDR5 16Gb (2Gx8) eTT,dram,23.6,26.0,22.5,0.43,Jul.10 2026    18:10 (GMT+8)<Price Notice>,2026-07-10T13:02:07.843Z,mem_ddr5_16gb_ett
2026-07-13T20:00:00.000Z,mem_ddr5_16gb_ett,DDR5 16Gb (2Gx8) eTT,dram,23.6,26.0,22.6,0.0,Jul.13 2026    18:10 (GMT+8)<Price Notice>,2026-07-13T13:02:43.823Z,mem_ddr5_16gb_ett
2026-07-14T20:00:00.000Z,mem_ddr5_16gb_ett,DDR5 16Gb (2Gx8) eTT,dram,23.6,26.0,22.6,0.0,Jul.14 2026    18:10 (GMT+8)<Price Notice>,2026-07-14T13:01:15.324Z,mem_ddr5_16gb_ett
2026-07-15T20:00:00.000Z,mem_ddr5_16gb_ett,DDR5 16Gb (2Gx8) eTT,dram,23.62,26.0,22.6,0.09,Jul.15 2026    18:10 (GMT+8)<Price Notice>,2026-07-15T13:01:08.288Z,mem_ddr5_16gb_ett
2026-07-16T20:00:00.000Z,mem_ddr5_16gb_ett,DDR5 16Gb (2Gx8) eTT,dram,23.62,26.0,22.6,0.0,Jul.16 2026    18:10 (GMT+8)<Price Notice>,2026-07-16T13:02:46.897Z,mem_ddr5_16gb_ett
2026-07-17T20:00:00.000Z,mem_ddr5_16gb_ett,DDR5 16Gb (2Gx8) eTT,dram,23.62,26.0,22.6,0.0,Jul.17 2026    18:10 (GMT+8)<Price Notice>,2026-07-17T13:02:49.872Z,mem_ddr5_16gb_ett
2026-07-20T20:00:00.000Z,mem_ddr5_16gb_ett,DDR5 16Gb (2Gx8) eTT,dram,23.62,26.0,22.6,0.0,Jul.20 2026    18:10 (GMT+8)<Price Notice>,2026-07-20T13:01:22.659Z,mem_ddr5_16gb_ett
2026-07-21T20:00:00.000Z,mem_ddr5_16gb_ett,DDR5 16Gb (2Gx8) eTT,dram,23.62,26.0,22.7,0.0,Jul.21 2026    18:10 (GMT+8)<Price Notice>,2026-07-21T13:02:34.422Z,mem_ddr5_16gb_ett
2026-07-22T20:00:00.000Z,mem_ddr5_16gb_ett,DDR5 16Gb (2Gx8) eTT,dram,23.62,26.0,22.7,0.0,Jul.22 2026    18:10 (GMT+8)<Price Notice>,2026-07-22T13:02:43.978Z,mem_ddr5_16gb_ett
2026-07-23T20:00:00.000Z,mem_ddr5_16gb_ett,DDR5 16Gb (2Gx8) eTT,dram,23.62,26.0,22.7,0.0,Jul.23 2026    18:10 (GMT+8)<Price Notice>,2026-07-23T13:02:13.780Z,mem_ddr5_16gb_ett
2026-07-24T20:00:00.000Z,mem_ddr5_16gb_ett,DDR5 16Gb (2Gx8) eTT,dram,23.62,26.0,22.7,0.0,Jul.24 2026    18:10 (GMT+8)<Price Notice>,2026-07-24T13:02:28.533Z,mem_ddr5_16gb_ett
2026-07-27T20:00:00.000Z,mem_ddr5_16gb_ett,DDR5 16Gb (2Gx8) eTT,dram,23.62,26.0,22.7,0.0,Jul.27 2026    18:10 (GMT+8)<Price Notice>,2026-07-27T20:02:47.070Z,mem_ddr5_16gb_ett
2026-07-28T20:00:00.000Z,mem_ddr5_16gb_ett,DDR5 16Gb (2Gx8) eTT,dram,23.63,25.8,22.75,0.04,Jul.28 2026    18:10 (GMT+8)<Price Notice>,2026-07-28T20:02:31.411Z,mem_ddr5_16gb_ett
2026-07-29T20:00:00.000Z,mem_ddr5_16gb_ett,DDR5 16Gb (2Gx8) eTT,dram,23.63,25.8,22.75,0.0,Jul.29 2026    18:10 (GMT+8)<Price Notice>,2026-07-29T20:02:52.292Z,mem_ddr5_16gb_ett
2026-07-30T20:00:00.000Z,mem_ddr5_16gb_ett,DDR5 16Gb (2Gx8) eTT,dram,23.63,25.8,22.8,0.0,Jul.30 2026    18:10 (GMT+8)<Price Notice>,2026-07-30T20:02:11.453Z,mem_ddr5_16gb_ett
2026-07-31T20:00:00.000Z,mem_ddr5_16gb_ett,DDR5 16Gb (2Gx8) eTT,dram,23.63,25.8,22.8,0.0,Jul.31 2026    18:10 (GMT+8)<Price Notice>,2026-07-31T20:01:49.889Z,mem_ddr5_16gb_ett
2026-08-03T20:00:00.000Z,mem_ddr5_16gb_ett,DDR5 16Gb (2Gx8) eTT,dram,23.63,25.8,22.8,0.0,Aug.3 2026    18:10 (GMT+8)<Price Notice>,2026-08-03T20:01:22.877Z,mem_ddr5_16gb_ett
2026-08-04T20:00:00.000Z,mem_ddr5_16gb_ett,DDR5 16Gb (2Gx8) eTT,dram,23.64,26.0,22.7,0.04,Aug.4 2026    18:10 (GMT+8)<Price Notice>,2026-08-04T20:01:15.160Z,mem_ddr5_16gb_ett
2026-08-05T20:00:00.000Z,mem_ddr5_16gb_ett,DDR5 16Gb (2Gx8) eTT,dram,23.64,26.0,22.7,0.0,Aug.5 2026    18:10 (GMT+8)<Price Notice>,2026-08-05T20:02:43.953Z,mem_ddr5_16gb_ett
2026-08-06T20:00:00.000Z,mem_ddr5_16gb_ett,DDR5 16Gb (2Gx8) eTT,dram,23.64,26.0,22.7,0.0,Aug.6 2026    18:10 (GMT+8)<Price Notice>,2026-08-06T20:01:55.342Z,mem_ddr5_16gb_ett
2026-08-07T20:00:00.000Z,mem_ddr5_16gb_ett,DDR5 16Gb (2Gx8) eTT,dram,23.64,26.0,22.7,0.0,Aug.7 2026    18:10 (GMT+8)<Price Notice>,2026-08-07T20:02:31.314Z,mem_ddr5_16gb_ett
2026-08-10T20:00:00.000Z,mem_ddr5_16gb_ett,DDR5 16Gb (2Gx8) eTT,dram,23.64,25.8,22.6,0.0,Aug.10 2026    18:10 (GMT+8)<Price Notice>,2026-08-10T20:01:50.891Z,mem_ddr5_16gb_ett
2026-08-11T20:00:00.000Z,mem_ddr5_16gb_ett,DDR5 16Gb (2Gx8) eTT,dram,23.64,25.8,22.6,0.0,Aug.11 2026    18:10 (GMT+8)<Price Notice>,2026-08-11T20:02:04.894Z,mem_ddr5_16gb_ett
2026-08-12T20:00:00.000Z,mem_ddr5_16gb_ett,DDR5 16Gb (2Gx8) eTT,dram,23.65,25.5,22.6,0.04,Aug.12 2026    18:10 (GMT+8)<Price Notice>,2026-08-12T20:01:26.613Z,mem_ddr5_16gb_ett
2026-08-13T20:00:00.000Z,mem_ddr5_16gb_ett,DDR5 16Gb (2Gx8) eTT,dram,23.65,25.5,22.6,0.0,Aug.13 2026    18:10 (GMT+8)<Price Notice>,2026-08-13T20:02:28.391Z,mem_ddr5_16gb_ett
2026-08-14T20:00:00.000Z,mem_ddr5_16gb_ett,DDR5 16Gb (2Gx8) eTT,dram,23.65,25.5,22.6,0.0,Aug.14 2026    18:10 (GMT+8)<Price Notice>,2026-08-14T20:01:13.862Z,mem_ddr5_16gb_ett
2026-08-17T20:00:00.000Z,mem_ddr5_16gb_ett,DDR5 16Gb (2Gx8) eTT,dram,23.65,25.4,22.7,0.0,Aug.17 2026    18:10 (GMT+8)<Price Notice>,2026-08-17T20:01:36.925Z,mem_ddr5_16gb_ett
2026-08-18T20:00:00.000Z,mem_ddr5_16gb_ett,DDR5 16Gb (2Gx8) eTT,dram,23.65,25.4,22.7,0.0,Aug.18 2026    18:10 (GMT+8)<Price Notice>,2026-08-18T20:03:16.187Z,mem_ddr5_16gb_ett
2026-08-19T20:00:00.000Z,mem_ddr5_16gb_ett,DDR5 16Gb (2Gx8) eTT,dram,23.65,25.4,22.7,0.0,Aug.19 2026    18:10 (GMT+8)<Price Notice>,2026-08-19T20:02:20.844Z,mem_ddr5_16gb_ett
2026-08-20T20:00:00.000Z,mem_ddr5_16gb_ett,DDR5 16Gb (2Gx8) eTT,dram,23.66,25.4,22.7,0.04,Aug.20 2026    18:10 (GMT+8)<Price Notice>,2026-08-20T20:03:28.179Z,mem_ddr5_16gb_ett
2026-08-21T20:00:00.000Z,mem_ddr5_16gb_ett,DDR5 16Gb (2Gx8) eTT,dram,23.7,25.3,22.7,0.17,Aug.21 2026    18:10 (GMT+8)<Price Notice>,2026-08-21T20:02:16.258Z,mem_ddr5_16gb_ett
2026-08-24T20:00:00.000Z,mem_ddr5_16gb_ett,DDR5 16Gb (2Gx8) eTT,dram,23.75,25.3,22.7,0.21,Aug.24 2026    18:10 (GMT+8)<Price Notice>,2026-08-24T20:02:25.006Z,mem_ddr5_16gb_ett
2026-08-25T20:00:00.000Z,mem_ddr5_16gb_ett,DDR5 16Gb (2Gx8) eTT,dram,23.75,25.3,22.75,0.0,Aug.25 2026    18:10 (GMT+8)<Price Notice>,2026-08-25T20:02:53.059Z,mem_ddr5_16gb_ett
2026-08-26T20:00:00.000Z,mem_ddr5_16gb_ett,DDR5 16Gb (2Gx8) eTT,dram,23.75,25.3,22.75,0.0,Aug.26 2026    18:10 (GMT+8)<Price Notice>,2026-08-26T20:02:53.992Z,mem_ddr5_16gb_ett
2026-08-27T20:00:00.000Z,mem_ddr5_16gb_ett,DDR5 16Gb (2Gx8) eTT,dram,23.8,25.3,22.75,0.21,Aug.27 2026    18:10 (GMT+8)<Price Notice>,2026-08-27T20:02:14.743Z,mem_ddr5_16gb_ett
2026-08-28T20:00:00.000Z,mem_ddr5_16gb_ett,DDR5 16Gb (2Gx8) eTT,dram,23.8,25.3,22.75,0.0,Aug.28 2026    18:10 (GMT+8)<Price Notice>,2026-08-28T20:02:32.935Z,mem_ddr5_16gb_ett
2026-08-31T20:00:00.000Z,mem_ddr5_16gb_ett,DDR5 16Gb (2Gx8) eTT,dram,23.8,25.0,22.7,0.0,Aug.31 2026    18:10 (GMT+8)<Price Notice>,2026-08-31T20:02:02.069Z,mem_ddr5_16gb_ett
2025-10-08T20:00:00.000Z,mem_mlc_32gb,MLC 32Gb (4Gx8),flash,3.568,,,0.68,Sep.29 2025    14:40,2026-01-08T03:24:34.248Z,mem_mlc_32gb
2026-01-07T21:00:00.000Z,mem_mlc_32gb,MLC 32Gb (4Gx8),flash,4.274,6.0,3.85,1.18,Dec.29 2025    14:40 (GMT+8)<Price Notice>,2026-01-08T03:31:26.126Z,mem_mlc_32gb
2026-01-08T21:00:00.000Z,mem_mlc_32gb,MLC 32Gb (4Gx8),flash,4.274,6.0,3.85,1.18,Dec.29 2025    14:40 (GMT+8)<Price Notice>,2026-01-08T14:02:23.018Z,mem_mlc_32gb
2026-01-09T21:00:00.000Z,mem_mlc_32gb,MLC 32Gb (4Gx8),flash,4.274,6.0,3.85,1.18,Dec.29 2025    14:40 (GMT+8)<Price Notice>,2026-01-09T14:01:32.464Z,mem_mlc_32gb
2026-01-12T21:00:00.000Z,mem_mlc_32gb,MLC 32Gb (4Gx8),flash,4.362,6.0,4.0,2.06,Jan.5 2026    14:40 (GMT+8)<Price Notice>,2026-01-12T14:01:37.605Z,mem_mlc_32gb
2026-01-13T21:00:00.000Z,mem_mlc_32gb,MLC 32Gb (4Gx8),flash,4.362,6.0,4.0,2.06,Jan.5 2026    14:40 (GMT+8)<Price Notice>,2026-01-13T14:01:26.924Z,mem_mlc_32gb
2026-01-14T21:00:00.000Z,mem_mlc_32gb,MLC 32Gb (4Gx8),flash,4.362,6.0,4.0,2.06,Jan.5 2026    14:40 (GMT+8)<Price Notice>,2026-01-14T14:01:03.695Z,mem_mlc_32gb
2026-01-15T21:00:00.000Z,mem_mlc_32gb,MLC 32Gb (4Gx8),flash,4.362,6.0,4.0,2.06,Jan.5 2026    14:40 (GMT+8)<Price Notice>,2026-01-15T14:01:37.352Z,mem_mlc_32gb
2026-01-16T21:00:00.000Z,mem_mlc_32gb,MLC 32Gb (4Gx8),flash,4.362,6.0,4.0,2.06,Jan.5 2026    14:40 (GMT+8)<Price Notice>,2026-01-16T14:01:57.038Z,mem_mlc_32gb
2026-01-19T21:00:00.000Z,mem_mlc_32gb,MLC 32Gb (4Gx8),flash,4.405,6.0,4.05,0.99,Jan.12 2026    14:40 (GMT+8)<Price Notice>,2026-01-19T14:01:38.770Z,mem_mlc_32gb
2026-01-20T21:00:00.000Z,mem_mlc_32gb,MLC 32Gb (4Gx8),flash,4.405,6.0,4.05,0.99,Jan.12 2026    14:40 (GMT+8)<Price Notice>,2026-01-20T14:01:04.009Z,mem_mlc_32gb
2026-01-21T21:00:00.000Z,mem_mlc_32gb,MLC 32Gb (4Gx8),flash,4.405,6.0,4.05,0.99,Jan.12 2026    14:40 (GMT+8)<Price Notice>,2026-01-21T14:01:09.164Z,mem_mlc_32gb
2026-01-22T21:00:00.000Z,mem_mlc_32gb,MLC 32Gb (4Gx8),flash,4.405,6.0,4.05,0.99,Jan.12 2026    14:40 (GMT+8)<Price Notice>,2026-01-22T14:01:54.515Z,mem_mlc_32gb
2026-01-23T21:00:00.000Z,mem_mlc_32gb,MLC 32Gb (4Gx8),flash,4.405,6.0,4.05,0.99,Jan.12 2026    14:40 (GMT+8)<Price Notice>,2026-01-23T14:01:50.243Z,mem_mlc_32gb
2026-01-26T21:00:00.000Z,mem_mlc_32gb,MLC 32Gb (4Gx8),flash,4.71,6.2,4.2,6.92,Jan.19 2026    14:40 (GMT+8)<Price Notice>,2026-01-26T14:02:40.087Z,mem_mlc_32gb
2026-01-27T21:00:00.000Z,mem_mlc_32gb,MLC 32Gb (4Gx8),flash,4.71,6.2,4.2,6.92,Jan.19 2026    14:40 (GMT+8)<Price Notice>,2026-01-27T14:01:56.839Z,mem_mlc_32gb
2026-01-28T21:00:00.000Z,mem_mlc_32gb,MLC 32Gb (4Gx8),flash,4.71,6.2,4.2,6.92,Jan.19 2026    14:40 (GMT+8)<Price Notice>,2026-01-28T14:03:03.538Z,mem_mlc_32gb
2026-01-29T21:00:00.000Z,mem_mlc_32gb,MLC 32Gb (4Gx8),flash,4.71,6.2,4.2,6.92,Jan.19 2026    14:40 (GMT+8)<Price Notice>,2026-01-29T14:01:57.611Z,mem_mlc_32gb
2026-01-30T21:00:00.000Z,mem_mlc_32gb,MLC 32Gb (4Gx8),flash,4.71,6.2,4.2,6.92,Jan.19 2026    14:40 (GMT+8)<Price Notice>,2026-01-30T14:01:40.814Z,mem_mlc_32gb
2026-02-02T21:00:00.000Z,mem_mlc_32gb,MLC 32Gb (4Gx8),flash,4.905,6.2,4.35,4.14,Jan.26 2026    14:40 (GMT+8)<Price Notice>,2026-02-02T14:03:38.237Z,mem_mlc_32gb
2026-02-03T21:00:00.000Z,mem_mlc_32gb,MLC 32Gb (4Gx8),flash,4.905,6.2,4.35,4.14,Jan.26 2026    14:40 (GMT+8)<Price Notice>,2026-02-03T14:02:24.155Z,mem_mlc_32gb
2026-02-04T21:00:00.000Z,mem_mlc_32gb,MLC 32Gb (4Gx8),flash,4.905,6.2,4.35,4.14,Jan.26 2026    14:40 (GMT+8)<Price Notice>,2026-02-04T14:02:16.866Z,mem_mlc_32gb
2026-02-05T21:00:00.000Z,mem_mlc_32gb,MLC 32Gb (4Gx8),flash,4.905,6.2,4.35,4.14,Jan.26 2026    14:40 (GMT+8)<Price Notice>,2026-02-05T14:02:40.711Z,mem_mlc_32gb
2026-02-06T21:00:00.000Z,mem_mlc_32gb,MLC 32Gb (4Gx8),flash,4.905,6.2,4.35,4.14,Jan.26 2026    14:40 (GMT+8)<Price Notice>,2026-02-06T14:01:17.206Z,mem_mlc_32gb
2026-02-09T21:00:00.000Z,mem_mlc_32gb,MLC 32Gb (4Gx8),flash,4.973,6.25,4.4,1.39,Feb.2 2026    14:40 (GMT+8)<Price Notice>,2026-02-09T14:01:59.345Z,mem_mlc_32gb
2026-02-10T21:00:00.000Z,mem_mlc_32gb,MLC 32Gb (4Gx8),flash,4.973,6.25,4.4,1.39,Feb.2 2026    14:40 (GMT+8)<Price Notice>,2026-02-10T14:02:08.356Z,mem_mlc_32gb
2026-02-11T21:00:00.000Z,mem_mlc_32gb,MLC 32Gb (4Gx8),flash,4.973,6.25,4.4,1.39,Feb.2 2026    14:40 (GMT+8)<Price Notice>,2026-02-11T14:02:08.813Z,mem_mlc_32gb
2026-02-12T21:00:00.000Z,mem_mlc_32gb,MLC 32Gb (4Gx8),flash,4.973,6.25,4.4,1.39,Feb.2 2026    14:40 (GMT+8)<Price Notice>,2026-02-12T14:01:33.885Z,mem_mlc_32gb
2026-02-13T21:00:00.000Z,mem_mlc_32gb,MLC 32Gb (4Gx8),flash,4.973,6.25,4.4,1.39,Feb.2 2026    14:40 (GMT+8)<Price Notice>,2026-02-13T14:01:53.473Z,mem_mlc_32gb
2026-02-16T21:00:00.000Z,mem_mlc_32gb,MLC 32Gb (4Gx8),flash,4.973,6.25,4.4,1.39,Feb.2 2026    14:40 (GMT+8)<Price Notice>,2026-02-16T14:01:15.419Z,mem_mlc_32gb
2026-02-17T21:00:00.000Z,mem_mlc_32gb,MLC 32Gb (4Gx8),flash,4.973,6.25,4.4,1.39,Feb.2 2026    14:40 (GMT+8)<Price Notice>,2026-02-17T14:01:55.881Z,mem_mlc_32gb
2026-02-18T21:00:00.000Z,mem_mlc_32gb,MLC 32Gb (4Gx8),flash,4.973,6.25,4.4,1.39,Feb.2 2026    14:40 (GMT+8)<Price Notice>,2026-02-18T14:01:56.511Z,mem_mlc_32gb
2026-02-19T21:00:00.000Z,mem_mlc_32gb,MLC 32Gb (4Gx8),flash,4.973,6.25,4.4,1.39,Feb.2 2026    14:40 (GMT+8)<Price Notice>,2026-02-19T14:03:01.304Z,mem_mlc_32gb
2026-02-20T21:00:00.000Z,mem_mlc_32gb,MLC 32Gb (4Gx8),flash,4.973,6.25,4.4,1.39,Feb.2 2026    14:40 (GMT+8)<Price Notice>,2026-02-20T14:01:37.710Z,mem_mlc_32gb
2026-02-23T21:00:00.000Z,mem_mlc_32gb,MLC 32Gb (4Gx8),flash,5.245,6.5,4.5,5.47,Feb.9 2026    14:40 (GMT+8)<Price Notice>,2026-02-23T14:02:38.887Z,mem_mlc_32gb
2026-02-24T21:00:00.000Z,mem_mlc_32gb,MLC 32Gb (4Gx8),flash,5.245,6.5,4.5,5.47,Feb.9 2026    14:40 (GMT+8)<Price Notice>,2026-02-24T14:02:04.081Z,mem_mlc_32gb
2026-02-25T21:00:00.000Z,mem_mlc_32gb,MLC 32Gb (4Gx8),flash,5.245,6.5,4.5,5.47,Feb.9 2026    14:40 (GMT+8)<Price Notice>,2026-02-25T14:02:08.345Z,mem_mlc_32gb
2026-02-26T21:00:00.000Z,mem_mlc_32gb,MLC 32Gb (4Gx8),flash,5.245,6.5,4.5,5.47,Feb.9 2026    14:40 (GMT+8)<Price Notice>,2026-02-26T14:01:43.257Z,mem_mlc_32gb
2026-02-27T21:00:00.000Z,mem_mlc_32gb,MLC 32Gb (4Gx8),flash,5.245,6.5,4.5,5.47,Feb.9 2026    14:40 (GMT+8)<Price Notice>,2026-02-27T14:01:52.460Z,mem_mlc_32gb
2026-03-02T21:00:00.000Z,mem_mlc_32gb,MLC 32Gb (4Gx8),flash,5.482,6.8,4.6,4.52,Feb.23 2026    14:40 (GMT+8)<Price Notice>,2026-03-02T14:01:45.816Z,mem_mlc_32gb
2026-03-03T21:00:00.000Z,mem_mlc_32gb,MLC 32Gb (4Gx8),flash,5.482,6.8,4.6,4.52,Feb.23 2026    14:40 (GMT+8)<Price Notice>,2026-03-03T14:01:56.569Z,mem_mlc_32gb
2026-03-04T21:00:00.000Z,mem_mlc_32gb,MLC 32Gb (4Gx8),flash,5.482,6.8,4.6,4.52,Feb.23 2026    14:40 (GMT+8)<Price Notice>,2026-03-04T14:02:15.081Z,mem_mlc_32gb
2026-03-05T21:00:00.000Z,mem_mlc_32gb,MLC 32Gb (4Gx8),flash,5.482,6.8,4.6,4.52,Feb.23 2026    14:40 (GMT+8)<Price Notice>,2026-03-05T14:02:35.503Z,mem_mlc_32gb
2026-03-06T21:00:00.000Z,mem_mlc_32gb,MLC 32Gb (4Gx8),flash,5.482,6.8,4.6,4.52,Feb.23 2026    14:40 (GMT+8)<Price Notice>,2026-03-06T14:01:29.672Z,mem_mlc_32gb
2026-03-09T20:00:00.000Z,mem_mlc_32gb,MLC 32Gb (4Gx8),flash,5.818,7.0,5.0,6.13,Mar.2 2026    14:40 (GMT+8)<Price Notice>,2026-03-09T13:01:36.589Z,mem_mlc_32gb
2026-03-10T20:00:00.000Z,mem_mlc_32gb,MLC 32Gb (4Gx8),flash,5.818,7.0,5.0,6.13,Mar.2 2026    14:40 (GMT+8)<Price Notice>,2026-03-10T13:02:23.470Z,mem_mlc_32gb
2026-03-11T20:00:00.000Z,mem_mlc_32gb,MLC 32Gb (4Gx8),flash,5.818,7.0,5.0,6.13,Mar.2 2026    14:40 (GMT+8)<Price Notice>,2026-03-11T13:02:25.904Z,mem_mlc_32gb
2026-03-12T20:00:00.000Z,mem_mlc_32gb,MLC 32Gb (4Gx8),flash,5.818,7.0,5.0,6.13,Mar.2 2026    14:40 (GMT+8)<Price Notice>,2026-03-12T13:02:16.078Z,mem_mlc_32gb
2026-03-13T20:00:00.000Z,mem_mlc_32gb,MLC 32Gb (4Gx8),flash,5.818,7.0,5.0,6.13,Mar.2 2026    14:40 (GMT+8)<Price Notice>,2026-03-13T13:02:21.111Z,mem_mlc_32gb
2026-03-16T20:00:00.000Z,mem_mlc_32gb,MLC 32Gb (4Gx8),flash,6.291,7.3,5.8,8.13,Mar.9 2026    14:40 (GMT+8)<Price Notice>,2026-03-16T13:02:45.995Z,mem_mlc_32gb
2026-03-17T20:00:00.000Z,mem_mlc_32gb,MLC 32Gb (4Gx8),flash,6.291,7.3,5.8,8.13,Mar.9 2026    14:40 (GMT+8)<Price Notice>,2026-03-17T13:02:03.849Z,mem_mlc_32gb
2026-03-18T20:00:00.000Z,mem_mlc_32gb,MLC 32Gb (4Gx8),flash,6.291,7.3,5.8,8.13,Mar.9 2026    14:40 (GMT+8)<Price Notice>,2026-03-18T13:01:43.115Z,mem_mlc_32gb
2026-03-19T20:00:00.000Z,mem_mlc_32gb,MLC 32Gb (4Gx8),flash,6.291,7.3,5.8,8.13,Mar.9 2026    14:40 (GMT+8)<Price Notice>,2026-03-19T13:02:15.467Z,mem_mlc_32gb
2026-03-20T20:00:00.000Z,mem_mlc_32gb,MLC 32Gb (4Gx8),flash,6.291,7.3,5.8,8.13,Mar.9 2026    14:40 (GMT+8)<Price Notice>,2026-03-20T13:01:39.076Z,mem_mlc_32gb
2026-03-23T20:00:00.000Z,mem_mlc_32gb,MLC 32Gb (4Gx8),flash,6.933,8.0,6.0,10.21,Mar.16 2026    14:40 (GMT+8)<Price Notice>,2026-03-23T13:02:20.335Z,mem_mlc_32gb
2026-03-24T20:00:00.000Z,mem_mlc_32gb,MLC 32Gb (4Gx8),flash,6.933,8.0,6.0,10.21,Mar.16 2026    14:40 (GMT+8)<Price Notice>,2026-03-24T13:02:47.182Z,mem_mlc_32gb
2026-03-25T20:00:00.000Z,mem_mlc_32gb,MLC 32Gb (4Gx8),flash,6.933,8.0,6.0,10.21,Mar.16 2026    14:40 (GMT+8)<Price Notice>,2026-03-25T13:01:40.793Z,mem_mlc_32gb
2026-03-26T20:00:00.000Z,mem_mlc_32gb,MLC 32Gb (4Gx8),flash,6.933,8.0,6.0,10.21,Mar.16 2026    14:40 (GMT+8)<Price Notice>,2026-03-26T13:03:07.542Z,mem_mlc_32gb
2026-03-27T20:00:00.000Z,mem_mlc_32gb,MLC 32Gb (4Gx8),flash,6.933,8.0,6.0,10.21,Mar.16 2026    14:40 (GMT+8)<Price Notice>,2026-03-27T13:01:53.741Z,mem_mlc_32gb
2026-03-30T20:00:00.000Z,mem_mlc_32gb,MLC 32Gb (4Gx8),flash,7.5,8.3,6.5,8.18,Mar.23 2026    14:40 (GMT+8)<Price Notice>,2026-03-30T13:02:54.120Z,mem_mlc_32gb
2026-03-31T20:00:00.000Z,mem_mlc_32gb,MLC 32Gb (4Gx8),flash,7.5,8.3,6.5,8.18,Mar.23 2026    14:40 (GMT+8)<Price Notice>,2026-03-31T13:02:38.230Z,mem_mlc_32gb
2026-04-01T20:00:00.000Z,mem_mlc_32gb,MLC 32Gb (4Gx8),flash,7.5,8.3,6.5,8.18,Mar.23 2026    14:40 (GMT+8)<Price Notice>,2026-04-01T13:02:53.265Z,mem_mlc_32gb
2026-04-02T20:00:00.000Z,mem_mlc_32gb,MLC 32Gb (4Gx8),flash,7.5,8.3,6.5,8.18,Mar.23 2026    14:40 (GMT+8)<Price Notice>,2026-04-02T13:01:39.999Z,mem_mlc_32gb
2026-04-03T20:00:00.000Z,mem_mlc_32gb,MLC 32Gb (4Gx8),flash,7.5,8.3,6.5,8.18,Mar.23 2026    14:40 (GMT+8)<Price Notice>,2026-04-03T13:01:34.344Z,mem_mlc_32gb
2026-04-06T20:00:00.000Z,mem_mlc_32gb,MLC 32Gb (4Gx8),flash,7.7,8.3,6.8,2.67,Mar.30 2026    14:40 (GMT+8)<Price Notice>,2026-04-06T13:01:27.520Z,mem_mlc_32gb
2026-04-07T20:00:00.000Z,mem_mlc_32gb,MLC 32Gb (4Gx8),flash,7.7,8.3,6.8,2.67,Mar.30 2026    14:40 (GMT+8)<Price Notice>,2026-04-07T13:02:09.145Z,mem_mlc_32gb
2026-04-08T20:00:00.000Z,mem_mlc_32gb,MLC 32Gb (4Gx8),flash,7.7,8.3,6.8,2.67,Mar.30 2026    14:40 (GMT+8)<Price Notice>,2026-04-08T13:03:47.228Z,mem_mlc_32gb
2026-04-09T20:00:00.000Z,mem_mlc_32gb,MLC 32Gb (4Gx8),flash,7.7,8.3,6.8,2.67,Mar.30 2026    14:40 (GMT+8)<Price Notice>,2026-04-09T13:02:15.428Z,mem_mlc_32gb
2026-04-10T20:00:00.000Z,mem_mlc_32gb,MLC 32Gb (4Gx8),flash,7.7,8.3,6.8,2.67,Mar.30 2026    14:40 (GMT+8)<Price Notice>,2026-04-10T13:02:23.314Z,mem_mlc_32gb
2026-04-13T20:00:00.000Z,mem_mlc_32gb,MLC 32Gb (4Gx8),flash,8.667,9.5,8.0,12.56,Apr.6 2026    14:40 (GMT+8)<Price Notice>,2026-04-13T13:02:06.056Z,mem_mlc_32gb
2026-04-14T20:00:00.000Z,mem_mlc_32gb,MLC 32Gb (4Gx8),flash,8.667,9.5,8.0,12.56,Apr.6 2026    14:40 (GMT+8)<Price Notice>,2026-04-14T13:04:52.138Z,mem_mlc_32gb
2026-04-15T20:00:00.000Z,mem_mlc_32gb,MLC 32Gb (4Gx8),flash,8.667,9.5,8.0,12.56,Apr.6 2026    14:40 (GMT+8)<Price Notice>,2026-04-15T13:02:44.049Z,mem_mlc_32gb
2026-04-16T20:00:00.000Z,mem_mlc_32gb,MLC 32Gb (4Gx8),flash,8.667,9.5,8.0,12.56,Apr.6 2026    14:40 (GMT+8)<Price Notice>,2026-04-16T13:02:05.895Z,mem_mlc_32gb
2026-04-17T20:00:00.000Z,mem_mlc_32gb,MLC 32Gb (4Gx8),flash,8.667,9.5,8.0,12.56,Apr.6 2026    14:40 (GMT+8)<Price Notice>,2026-04-17T13:02:40.681Z,mem_mlc_32gb
2026-04-20T20:00:00.000Z,mem_mlc_32gb,MLC 32Gb (4Gx8),flash,9.367,10.0,8.8,8.08,Apr.13 2026    14:40 (GMT+8)<Price Notice>,2026-04-20T13:02:05.258Z,mem_mlc_32gb
2026-04-21T20:00:00.000Z,mem_mlc_32gb,MLC 32Gb (4Gx8),flash,9.367,10.0,8.8,8.08,Apr.13 2026    14:40 (GMT+8)<Price Notice>,2026-04-21T13:03:22.460Z,mem_mlc_32gb
2026-04-22T20:00:00.000Z,mem_mlc_32gb,MLC 32Gb (4Gx8),flash,9.367,10.0,8.8,8.08,Apr.13 2026    14:40 (GMT+8)<Price Notice>,2026-04-22T13:02:12.507Z,mem_mlc_32gb
2026-04-23T20:00:00.000Z,mem_mlc_32gb,MLC 32Gb (4Gx8),flash,9.367,10.0,8.8,8.08,Apr.13 2026    14:40 (GMT+8)<Price Notice>,2026-04-23T13:02:19.395Z,mem_mlc_32gb
2026-04-24T20:00:00.000Z,mem_mlc_32gb,MLC 32Gb (4Gx8),flash,9.367,10.0,8.8,8.08,Apr.13 2026    14:40 (GMT+8)<Price Notice>,2026-04-24T13:02:50.329Z,mem_mlc_32gb
2026-04-27T20:00:00.000Z,mem_mlc_32gb,MLC 32Gb (4Gx8),flash,9.8,12.0,9.2,4.62,Apr.20 2026    14:40 (GMT+8)<Price Notice>,2026-04-27T13:02:40.910Z,mem_mlc_32gb
2026-04-28T20:00:00.000Z,mem_mlc_32gb,MLC 32Gb (4Gx8),flash,9.8,12.0,9.2,4.62,Apr.20 2026    14:40 (GMT+8)<Price Notice>,2026-04-28T13:03:58.866Z,mem_mlc_32gb
2026-04-29T20:00:00.000Z,mem_mlc_32gb,MLC 32Gb (4Gx8),flash,9.8,12.0,9.2,4.62,Apr.20 2026    14:40 (GMT+8)<Price Notice>,2026-04-29T13:03:44.805Z,mem_mlc_32gb
2026-04-30T20:00:00.000Z,mem_mlc_32gb,MLC 32Gb (4Gx8),flash,9.8,12.0,9.2,4.62,Apr.20 2026    14:40 (GMT+8)<Price Notice>,2026-04-30T13:01:45.662Z,mem_mlc_32gb
2026-05-01T20:00:00.000Z,mem_mlc_32gb,MLC 32Gb (4Gx8),flash,9.8,12.0,9.2,4.62,Apr.20 2026    14:40 (GMT+8)<Price Notice>,2026-05-01T13:01:43.473Z,mem_mlc_32gb
2026-05-04T20:00:00.000Z,mem_mlc_32gb,MLC 32Gb (4Gx8),flash,10.433,12.0,9.7,6.46,Apr.27 2026    14:40 (GMT+8)<Price Notice>,2026-05-04T13:02:45.538Z,mem_mlc_32gb
2026-05-05T20:00:00.000Z,mem_mlc_32gb,MLC 32Gb (4Gx8),flash,10.433,12.0,9.7,6.46,Apr.27 2026    14:40 (GMT+8)<Price Notice>,2026-05-05T13:03:09.557Z,mem_mlc_32gb
2026-05-06T20:00:00.000Z,mem_mlc_32gb,MLC 32Gb (4Gx8),flash,10.433,12.0,9.7,6.46,Apr.27 2026    14:40 (GMT+8)<Price Notice>,2026-05-06T13:02:08.033Z,mem_mlc_32gb
2026-05-07T20:00:00.000Z,mem_mlc_32gb,MLC 32Gb (4Gx8),flash,10.433,12.0,9.7,6.46,Apr.27 2026    14:40 (GMT+8)<Price Notice>,2026-05-07T13:02:08.956Z,mem_mlc_32gb
2026-05-08T20:00:00.000Z,mem_mlc_32gb,MLC 32Gb (4Gx8),flash,10.433,12.0,9.7,6.46,Apr.27 2026    14:40 (GMT+8)<Price Notice>,2026-05-08T13:02:22.956Z,mem_mlc_32gb
2026-05-11T20:00:00.000Z,mem_mlc_32gb,MLC 32Gb (4Gx8),flash,10.467,12.0,9.8,0.33,May.4 2026    14:40 (GMT+8)<Price Notice>,2026-05-11T13:02:05.832Z,mem_mlc_32gb
2026-05-12T20:00:00.000Z,mem_mlc_32gb,MLC 32Gb (4Gx8),flash,10.467,12.0,9.8,0.33,May.4 2026    14:40 (GMT+8)<Price Notice>,2026-05-12T13:02:55.027Z,mem_mlc_32gb
2026-05-13T20:00:00.000Z,mem_mlc_32gb,MLC 32Gb (4Gx8),flash,10.467,12.0,9.8,0.33,May.4 2026    14:40 (GMT+8)<Price Notice>,2026-05-13T13:01:40.598Z,mem_mlc_32gb
2026-05-14T20:00:00.000Z,mem_mlc_32gb,MLC 32Gb (4Gx8),flash,10.467,12.0,9.8,0.33,May.4 2026    14:40 (GMT+8)<Price Notice>,2026-05-14T13:01:13.286Z,mem_mlc_32gb
2026-05-15T20:00:00.000Z,mem_mlc_32gb,MLC 32Gb (4Gx8),flash,10.467,12.0,9.8,0.33,May.4 2026    14:40 (GMT+8)<Price Notice>,2026-05-15T13:02:27.546Z,mem_mlc_32gb
2026-05-18T20:00:00.000Z,mem_mlc_32gb,MLC 32Gb (4Gx8),flash,10.7,12.3,10.2,2.23,May.11 2026    14:40 (GMT+8)<Price Notice>,2026-05-18T13:02:54.638Z,mem_mlc_32gb
2026-05-19T20:00:00.000Z,mem_mlc_32gb,MLC 32Gb (4Gx8),flash,10.7,12.3,10.2,2.23,May.11 2026    14:40 (GMT+8)<Price Notice>,2026-05-19T13:02:12.976Z,mem_mlc_32gb
2026-05-20T20:00:00.000Z,mem_mlc_32gb,MLC 32Gb (4Gx8),flash,10.7,12.3,10.2,2.23,May.11 2026    14:40 (GMT+8)<Price Notice>,2026-05-20T13:01:53.920Z,mem_mlc_32gb
2026-05-21T20:00:00.000Z,mem_mlc_32gb,MLC 32Gb (4Gx8),flash,10.7,12.3,10.2,2.23,May.11 2026    14:40 (GMT+8)<Price Notice>,2026-05-21T13:02:12.407Z,mem_mlc_32gb
2026-05-22T20:00:00.000Z,mem_mlc_32gb,MLC 32Gb (4Gx8),flash,10.7,12.3,10.2,2.23,May.11 2026    14:40 (GMT+8)<Price Notice>,2026-05-22T13:02:03.111Z,mem_mlc_32gb
2026-05-25T20:00:00.000Z,mem_mlc_32gb,MLC 32Gb (4Gx8),flash,11.267,12.5,10.7,5.3,May.18 2026    14:40 (GMT+8)<Price Notice>,2026-05-25T13:01:11.616Z,mem_mlc_32gb
2026-05-26T20:00:00.000Z,mem_mlc_32gb,MLC 32Gb (4Gx8),flash,11.267,12.5,10.7,5.3,May.18 2026    14:40 (GMT+8)<Price Notice>,2026-05-26T13:02:17.041Z,mem_mlc_32gb
2026-05-27T20:00:00.000Z,mem_mlc_32gb,MLC 32Gb (4Gx8),flash,11.267,12.5,10.7,5.3,May.18 2026    14:40 (GMT+8)<Price Notice>,2026-05-27T13:01:31.331Z,mem_mlc_32gb
2026-05-28T20:00:00.000Z,mem_mlc_32gb,MLC 32Gb (4Gx8),flash,11.267,12.5,10.7,5.3,May.18 2026    14:40 (GMT+8)<Price Notice>,2026-05-28T13:03:26.760Z,mem_mlc_32gb
2026-05-29T20:00:00.000Z,mem_mlc_32gb,MLC 32Gb (4Gx8),flash,11.267,12.5,10.7,5.3,May.18 2026    14:40 (GMT+8)<Price Notice>,2026-05-29T13:01:36.615Z,mem_mlc_32gb
2026-06-01T20:00:00.000Z,mem_mlc_32gb,MLC 32Gb (4Gx8),flash,11.5,12.5,10.7,2.07,May.25 2026    14:40 (GMT+8)<Price Notice>,2026-06-01T13:02:23.114Z,mem_mlc_32gb
2026-06-02T20:00:00.000Z,mem_mlc_32gb,MLC 32Gb (4Gx8),flash,11.5,12.5,10.7,2.07,May.25 2026    14:40 (GMT+8)<Price Notice>,2026-06-02T13:01:46.503Z,mem_mlc_32gb
2026-06-03T20:00:00.000Z,mem_mlc_32gb,MLC 32Gb (4Gx8),flash,11.5,12.5,10.7,2.07,May.25 2026    14:40 (GMT+8)<Price Notice>,2026-06-03T13:01:27.103Z,mem_mlc_32gb
2026-06-04T20:00:00.000Z,mem_mlc_32gb,MLC 32Gb (4Gx8),flash,11.5,12.5,10.7,2.07,May.25 2026    14:40 (GMT+8)<Price Notice>,2026-06-04T13:02:15.709Z,mem_mlc_32gb
2026-06-05T20:00:00.000Z,mem_mlc_32gb,MLC 32Gb (4Gx8),flash,11.5,12.5,10.7,2.07,May.25 2026    14:40 (GMT+8)<Price Notice>,2026-06-05T13:02:40.269Z,mem_mlc_32gb
2026-06-08T20:00:00.000Z,mem_mlc_32gb,MLC 32Gb (4Gx8),flash,12.233,14.0,11.0,6.37,Jun.1 2026    14:40 (GMT+8)<Price Notice>,2026-06-08T13:01:50.898Z,mem_mlc_32gb
2026-06-09T20:00:00.000Z,mem_mlc_32gb,MLC 32Gb (4Gx8),flash,12.233,14.0,11.0,6.37,Jun.1 2026    14:40 (GMT+8)<Price Notice>,2026-06-09T13:02:08.889Z,mem_mlc_32gb
2026-06-10T20:00:00.000Z,mem_mlc_32gb,MLC 32Gb (4Gx8),flash,12.233,14.0,11.0,6.37,Jun.1 2026    14:40 (GMT+8)<Price Notice>,2026-06-10T13:02:20.696Z,mem_mlc_32gb
2026-06-11T20:00:00.000Z,mem_mlc_32gb,MLC 32Gb (4Gx8),flash,12.233,14.0,11.0,6.37,Jun.1 2026    14:40 (GMT+8)<Price Notice>,2026-06-11T13:02:09.646Z,mem_mlc_32gb
2026-06-12T20:00:00.000Z,mem_mlc_32gb,MLC 32Gb (4Gx8),flash,12.233,14.0,11.0,6.37,Jun.1 2026    14:40 (GMT+8)<Price Notice>,2026-06-12T13:02:56.198Z,mem_mlc_32gb
2026-06-15T20:00:00.000Z,mem_mlc_32gb,MLC 32Gb (4Gx8),flash,13.267,15.0,12.0,8.45,Jun.8 2026    14:40 (GMT+8)<Price Notice>,2026-06-15T13:02:10.420Z,mem_mlc_32gb
2026-06-16T20:00:00.000Z,mem_mlc_32gb,MLC 32Gb (4Gx8),flash,13.267,15.0,12.0,8.45,Jun.8 2026    14:40 (GMT+8)<Price Notice>,2026-06-16T13:03:09.279Z,mem_mlc_32gb
2026-06-17T20:00:00.000Z,mem_mlc_32gb,MLC 32Gb (4Gx8),flash,13.267,15.0,12.0,8.45,Jun.8 2026    14:40 (GMT+8)<Price Notice>,2026-06-17T13:02:31.302Z,mem_mlc_32gb
2026-06-18T20:00:00.000Z,mem_mlc_32gb,MLC 32Gb (4Gx8),flash,13.267,15.0,12.0,8.45,Jun.8 2026    14:40 (GMT+8)<Price Notice>,2026-06-18T13:01:33.279Z,mem_mlc_32gb
2026-06-19T20:00:00.000Z,mem_mlc_32gb,MLC 32Gb (4Gx8),flash,13.267,15.0,12.0,8.45,Jun.8 2026    14:40 (GMT+8)<Price Notice>,2026-06-19T13:02:38.118Z,mem_mlc_32gb
2026-06-22T20:00:00.000Z,mem_mlc_32gb,MLC 32Gb (4Gx8),flash,14.0,15.5,13.0,5.53,Jun.15 2026    14:40 (GMT+8)<Price Notice>,2026-06-22T13:01:15.397Z,mem_mlc_32gb
2026-06-23T20:00:00.000Z,mem_mlc_32gb,MLC 32Gb (4Gx8),flash,14.0,15.5,13.0,5.53,Jun.15 2026    14:40 (GMT+8)<Price Notice>,2026-06-23T13:01:13.955Z,mem_mlc_32gb
2026-06-24T20:00:00.000Z,mem_mlc_32gb,MLC 32Gb (4Gx8),flash,14.0,15.5,13.0,5.53,Jun.15 2026    14:40 (GMT+8)<Price Notice>,2026-06-24T13:01:36.408Z,mem_mlc_32gb
2026-06-25T20:00:00.000Z,mem_mlc_32gb,MLC 32Gb (4Gx8),flash,14.0,15.5,13.0,5.53,Jun.15 2026    14:40 (GMT+8)<Price Notice>,2026-06-25T13:03:32.627Z,mem_mlc_32gb
2026-06-26T20:00:00.000Z,mem_mlc_32gb,MLC 32Gb (4Gx8),flash,14.0,15.5,13.0,5.53,Jun.15 2026    14:40 (GMT+8)<Price Notice>,2026-06-26T13:02:11.814Z,mem_mlc_32gb
2026-06-29T20:00:00.000Z,mem_mlc_32gb,MLC 32Gb (4Gx8),flash,14.5,16.0,13.5,3.57,Jun.22 2026    14:40 (GMT+8)<Price Notice>,2026-06-29T13:02:14.376Z,mem_mlc_32gb
2026-06-30T20:00:00.000Z,mem_mlc_32gb,MLC 32Gb (4Gx8),flash,14.5,16.0,13.5,3.57,Jun.22 2026    14:40 (GMT+8)<Price Notice>,2026-06-30T13:01:12.514Z,mem_mlc_32gb
2026-07-01T20:00:00.000Z,mem_mlc_32gb,MLC 32Gb (4Gx8),flash,14.5,16.0,13.5,3.57,Jun.22 2026    14:40 (GMT+8)<Price Notice>,2026-07-01T13:02:13.833Z,mem_mlc_32gb
2026-07-02T20:00:00.000Z,mem_mlc_32gb,MLC 32Gb (4Gx8),flash,14.5,16.0,13.5,3.57,Jun.22 2026    14:40 (GMT+8)<Price Notice>,2026-07-02T13:01:47.874Z,mem_mlc_32gb
2026-07-03T20:00:00.000Z,mem_mlc_32gb,MLC 32Gb (4Gx8),flash,14.5,16.0,13.5,3.57,Jun.22 2026    14:40 (GMT+8)<Price Notice>,2026-07-03T13:02:23.584Z,mem_mlc_32gb
2026-07-06T20:00:00.000Z,mem_mlc_32gb,MLC 32Gb (4Gx8),flash,14.733,16.2,14.0,1.61,Jun.29 2026    14:40 (GMT+8)<Price Notice>,2026-07-06T13:01:52.377Z,mem_mlc_32gb
2026-07-07T20:00:00.000Z,mem_mlc_32gb,MLC 32Gb (4Gx8),flash,14.733,16.2,14.0,1.61,Jun.29 2026    14:40 (GMT+8)<Price Notice>,2026-07-07T13:02:35.935Z,mem_mlc_32gb
2026-07-08T20:00:00.000Z,mem_mlc_32gb,MLC 32Gb (4Gx8),flash,14.733,16.2,14.0,1.61,Jun.29 2026    14:40 (GMT+8)<Price Notice>,2026-07-08T13:02:29.977Z,mem_mlc_32gb
2026-07-09T20:00:00.000Z,mem_mlc_32gb,MLC 32Gb (4Gx8),flash,14.733,16.2,14.0,1.61,Jun.29 2026    14:40 (GMT+8)<Price Notice>,2026-07-09T13:02:42.912Z,mem_mlc_32gb
2026-07-10T20:00:00.000Z,mem_mlc_32gb,MLC 32Gb (4Gx8),flash,14.733,16.2,14.0,1.61,Jun.29 2026    14:40 (GMT+8)<Price Notice>,2026-07-10T13:02:07.843Z,mem_mlc_32gb
2026-07-13T20:00:00.000Z,mem_mlc_32gb,MLC 32Gb (4Gx8),flash,15.438,17.0,14.5,4.79,Jul.6 2026    14:40 (GMT+8)<Price Notice>,2026-07-13T13:02:43.823Z,mem_mlc_32gb
2024-01-01T21:00:00.000Z,mem_mlc_32gb,MLC 32Gb (4Gx8),flash,2.071,,,,historical CSV backfill,2026-07-14T01:37:42.667Z,mem_mlc_32gb
2026-07-14T20:00:00.000Z,mem_mlc_32gb,MLC 32Gb (4Gx8),flash,15.438,17.0,14.5,4.79,Jul.6 2026    14:40 (GMT+8)<Price Notice>,2026-07-14T13:01:15.324Z,mem_mlc_32gb
2026-07-15T20:00:00.000Z,mem_mlc_32gb,MLC 32Gb (4Gx8),flash,15.438,17.0,14.5,4.79,Jul.6 2026    14:40 (GMT+8)<Price Notice>,2026-07-15T13:01:08.288Z,mem_mlc_32gb
2026-07-16T20:00:00.000Z,mem_mlc_32gb,MLC 32Gb (4Gx8),flash,15.438,17.0,14.5,4.79,Jul.6 2026    14:40 (GMT+8)<Price Notice>,2026-07-16T13:02:46.897Z,mem_mlc_32gb
2026-07-17T20:00:00.000Z,mem_mlc_32gb,MLC 32Gb (4Gx8),flash,15.438,17.0,14.5,4.79,Jul.6 2026    14:40 (GMT+8)<Price Notice>,2026-07-17T13:02:49.872Z,mem_mlc_32gb
2026-07-20T20:00:00.000Z,mem_mlc_32gb,MLC 32Gb (4Gx8),flash,15.55,17.0,14.8,0.73,Jul.13 2026    14:40 (GMT+8)<Price Notice>,2026-07-20T13:01:22.659Z,mem_mlc_32gb
2026-07-21T20:00:00.000Z,mem_mlc_32gb,MLC 32Gb (4Gx8),flash,15.55,17.0,14.8,0.73,Jul.13 2026    14:40 (GMT+8)<Price Notice>,2026-07-21T13:02:34.422Z,mem_mlc_32gb
2026-07-22T20:00:00.000Z,mem_mlc_32gb,MLC 32Gb (4Gx8),flash,15.55,17.0,14.8,0.73,Jul.13 2026    14:40 (GMT+8)<Price Notice>,2026-07-22T13:02:43.978Z,mem_mlc_32gb
2026-07-23T20:00:00.000Z,mem_mlc_32gb,MLC 32Gb (4Gx8),flash,15.55,17.0,14.8,0.73,Jul.13 2026    14:40 (GMT+8)<Price Notice>,2026-07-23T13:02:13.780Z,mem_mlc_32gb
2026-07-24T20:00:00.000Z,mem_mlc_32gb,MLC 32Gb (4Gx8),flash,15.55,17.0,14.8,0.73,Jul.13 2026    14:40 (GMT+8)<Price Notice>,2026-07-24T13:02:28.533Z,mem_mlc_32gb
2026-07-27T20:00:00.000Z,mem_mlc_32gb,MLC 32Gb (4Gx8),flash,15.938,17.0,15.2,2.5,Jul.20 2026    14:40 (GMT+8)<Price Notice>,2026-07-27T20:02:47.070Z,mem_mlc_32gb
2026-07-28T20:00:00.000Z,mem_mlc_32gb,MLC 32Gb (4Gx8),flash,15.938,17.0,15.2,2.5,Jul.20 2026    14:40 (GMT+8)<Price Notice>,2026-07-28T20:02:31.411Z,mem_mlc_32gb
2026-07-29T20:00:00.000Z,mem_mlc_32gb,MLC 32Gb (4Gx8),flash,15.938,17.0,15.2,2.5,Jul.20 2026    14:40 (GMT+8)<Price Notice>,2026-07-29T20:02:52.292Z,mem_mlc_32gb
2026-07-30T20:00:00.000Z,mem_mlc_32gb,MLC 32Gb (4Gx8),flash,15.938,17.0,15.2,2.5,Jul.20 2026    14:40 (GMT+8)<Price Notice>,2026-07-30T20:02:11.453Z,mem_mlc_32gb
2026-07-31T20:00:00.000Z,mem_mlc_32gb,MLC 32Gb (4Gx8),flash,15.938,17.0,15.2,2.5,Jul.20 2026    14:40 (GMT+8)<Price Notice>,2026-07-31T20:01:49.889Z,mem_mlc_32gb
2026-08-03T20:00:00.000Z,mem_mlc_32gb,MLC 32Gb (4Gx8),flash,16.1,17.1,15.3,1.02,Jul.27 2026    14:40 (GMT+8)<Price Notice>,2026-08-03T20:01:22.877Z,mem_mlc_32gb
2026-08-04T20:00:00.000Z,mem_mlc_32gb,MLC 32Gb (4Gx8),flash,16.1,17.1,15.3,1.02,Jul.27 2026    14:40 (GMT+8)<Price Notice>,2026-08-04T20:01:15.160Z,mem_mlc_32gb
2026-08-05T20:00:00.000Z,mem_mlc_32gb,MLC 32Gb (4Gx8),flash,16.1,17.1,15.3,1.02,Jul.27 2026    14:40 (GMT+8)<Price Notice>,2026-08-05T20:02:43.953Z,mem_mlc_32gb
2026-08-06T20:00:00.000Z,mem_mlc_32gb,MLC 32Gb (4Gx8),flash,16.1,17.1,15.3,1.02,Jul.27 2026    14:40 (GMT+8)<Price Notice>,2026-08-06T20:01:55.342Z,mem_mlc_32gb
2026-08-07T20:00:00.000Z,mem_mlc_32gb,MLC 32Gb (4Gx8),flash,16.1,17.1,15.3,1.02,Jul.27 2026    14:40 (GMT+8)<Price Notice>,2026-08-07T20:02:31.314Z,mem_mlc_32gb
2026-08-10T20:00:00.000Z,mem_mlc_32gb,MLC 32Gb (4Gx8),flash,16.938,18.5,16.0,5.21,Aug.3 2026    14:40 (GMT+8)<Price Notice>,2026-08-10T20:01:50.891Z,mem_mlc_32gb
2026-08-11T20:00:00.000Z,mem_mlc_32gb,MLC 32Gb (4Gx8),flash,16.938,18.5,16.0,5.21,Aug.3 2026    14:40 (GMT+8)<Price Notice>,2026-08-11T20:02:04.894Z,mem_mlc_32gb
2026-08-12T20:00:00.000Z,mem_mlc_32gb,MLC 32Gb (4Gx8),flash,16.938,18.5,16.0,5.21,Aug.3 2026    14:40 (GMT+8)<Price Notice>,2026-08-12T20:01:26.613Z,mem_mlc_32gb
2026-08-13T20:00:00.000Z,mem_mlc_32gb,MLC 32Gb (4Gx8),flash,16.938,18.5,16.0,5.21,Aug.3 2026    14:40 (GMT+8)<Price Notice>,2026-08-13T20:02:28.391Z,mem_mlc_32gb
2026-08-14T20:00:00.000Z,mem_mlc_32gb,MLC 32Gb (4Gx8),flash,16.938,18.5,16.0,5.21,Aug.3 2026    14:40 (GMT+8)<Price Notice>,2026-08-14T20:01:13.862Z,mem_mlc_32gb
2026-08-17T20:00:00.000Z,mem_mlc_32gb,MLC 32Gb (4Gx8),flash,17.438,19.0,16.5,2.95,Aug.10 2026    14:40 (GMT+8)<Price Notice>,2026-08-17T20:01:36.925Z,mem_mlc_32gb
2026-08-18T20:00:00.000Z,mem_mlc_32gb,MLC 32Gb (4Gx8),flash,17.438,19.0,16.5,2.95,Aug.10 2026    14:40 (GMT+8)<Price Notice>,2026-08-18T20:03:16.187Z,mem_mlc_32gb
2026-08-19T20:00:00.000Z,mem_mlc_32gb,MLC 32Gb (4Gx8),flash,17.438,19.0,16.5,2.95,Aug.10 2026    14:40 (GMT+8)<Price Notice>,2026-08-19T20:02:20.844Z,mem_mlc_32gb
2026-08-20T20:00:00.000Z,mem_mlc_32gb,MLC 32Gb (4Gx8),flash,17.438,19.0,16.5,2.95,Aug.10 2026    14:40 (GMT+8)<Price Notice>,2026-08-20T20:03:28.179Z,mem_mlc_32gb
2026-08-21T20:00:00.000Z,mem_mlc_32gb,MLC 32Gb (4Gx8),flash,17.438,19.0,16.5,2.95,Aug.10 2026    14:40 (GMT+8)<Price Notice>,2026-08-21T20:02:16.258Z,mem_mlc_32gb
2026-08-24T20:00:00.000Z,mem_mlc_32gb,MLC 32Gb (4Gx8),flash,17.938,19.5,17.0,2.87,Aug.17 2026    14:40 (GMT+8)<Price Notice>,2026-08-24T20:02:25.006Z,mem_mlc_32gb
2026-08-25T20:00:00.000Z,mem_mlc_32gb,MLC 32Gb (4Gx8),flash,17.938,19.5,17.0,2.87,Aug.17 2026    14:40 (GMT+8)<Price Notice>,2026-08-25T20:02:53.059Z,mem_mlc_32gb
2026-08-26T20:00:00.000Z,mem_mlc_32gb,MLC 32Gb (4Gx8),flash,17.938,19.5,17.0,2.87,Aug.17 2026    14:40 (GMT+8)<Price Notice>,2026-08-26T20:02:53.992Z,mem_mlc_32gb
2026-08-27T20:00:00.000Z,mem_mlc_32gb,MLC 32Gb (4Gx8),flash,17.938,19.5,17.0,2.87,Aug.17 2026    14:40 (GMT+8)<Price Notice>,2026-08-27T20:02:14.743Z,mem_mlc_32gb
2026-08-28T20:00:00.000Z,mem_mlc_32gb,MLC 32Gb (4Gx8),flash,17.938,19.5,17.0,2.87,Aug.17 2026    14:40 (GMT+8)<Price Notice>,2026-08-28T20:02:32.935Z,mem_mlc_32gb
2026-08-31T20:00:00.000Z,mem_mlc_32gb,MLC 32Gb (4Gx8),flash,18.438,20.0,17.5,2.79,Aug.24 2026    14:40 (GMT+8)<Price Notice>,2026-08-31T20:02:02.069Z,mem_mlc_32gb
2025-10-08T20:00:00.000Z,mem_mlc_64gb,MLC 64Gb (8Gx8),flash,6.185,,,0.41,Sep.29 2025    14:40,2026-01-08T03:24:34.248Z,mem_mlc_64gb
2026-01-07T21:00:00.000Z,mem_mlc_64gb,MLC 64Gb (8Gx8),flash,7.038,7.45,6.7,1.27,Dec.29 2025    14:40 (GMT+8)<Price Notice>,2026-01-08T03:31:26.126Z,mem_mlc_64gb
2026-01-08T21:00:00.000Z,mem_mlc_64gb,MLC 64Gb (8Gx8),flash,7.038,7.45,6.7,1.27,Dec.29 2025    14:40 (GMT+8)<Price Notice>,2026-01-08T14:02:23.018Z,mem_mlc_64gb
2026-01-09T21:00:00.000Z,mem_mlc_64gb,MLC 64Gb (8Gx8),flash,7.038,7.45,6.7,1.27,Dec.29 2025    14:40 (GMT+8)<Price Notice>,2026-01-09T14:01:32.464Z,mem_mlc_64gb
2026-01-12T21:00:00.000Z,mem_mlc_64gb,MLC 64Gb (8Gx8),flash,7.113,7.45,6.8,1.07,Jan.5 2026    14:40 (GMT+8)<Price Notice>,2026-01-12T14:01:37.605Z,mem_mlc_64gb
2026-01-13T21:00:00.000Z,mem_mlc_64gb,MLC 64Gb (8Gx8),flash,7.113,7.45,6.8,1.07,Jan.5 2026    14:40 (GMT+8)<Price Notice>,2026-01-13T14:01:26.924Z,mem_mlc_64gb
2026-01-14T21:00:00.000Z,mem_mlc_64gb,MLC 64Gb (8Gx8),flash,7.113,7.45,6.8,1.07,Jan.5 2026    14:40 (GMT+8)<Price Notice>,2026-01-14T14:01:03.695Z,mem_mlc_64gb
2026-01-15T21:00:00.000Z,mem_mlc_64gb,MLC 64Gb (8Gx8),flash,7.113,7.45,6.8,1.07,Jan.5 2026    14:40 (GMT+8)<Price Notice>,2026-01-15T14:01:37.352Z,mem_mlc_64gb
2026-01-16T21:00:00.000Z,mem_mlc_64gb,MLC 64Gb (8Gx8),flash,7.113,7.45,6.8,1.07,Jan.5 2026    14:40 (GMT+8)<Price Notice>,2026-01-16T14:01:57.038Z,mem_mlc_64gb
2026-01-19T21:00:00.000Z,mem_mlc_64gb,MLC 64Gb (8Gx8),flash,7.163,7.45,6.8,0.7,Jan.12 2026    14:40 (GMT+8)<Price Notice>,2026-01-19T14:01:38.770Z,mem_mlc_64gb
2026-01-20T21:00:00.000Z,mem_mlc_64gb,MLC 64Gb (8Gx8),flash,7.163,7.45,6.8,0.7,Jan.12 2026    14:40 (GMT+8)<Price Notice>,2026-01-20T14:01:04.009Z,mem_mlc_64gb
2026-01-21T21:00:00.000Z,mem_mlc_64gb,MLC 64Gb (8Gx8),flash,7.163,7.45,6.8,0.7,Jan.12 2026    14:40 (GMT+8)<Price Notice>,2026-01-21T14:01:09.164Z,mem_mlc_64gb
2026-01-22T21:00:00.000Z,mem_mlc_64gb,MLC 64Gb (8Gx8),flash,7.163,7.45,6.8,0.7,Jan.12 2026    14:40 (GMT+8)<Price Notice>,2026-01-22T14:01:54.515Z,mem_mlc_64gb
2026-01-23T21:00:00.000Z,mem_mlc_64gb,MLC 64Gb (8Gx8),flash,7.163,7.45,6.8,0.7,Jan.12 2026    14:40 (GMT+8)<Price Notice>,2026-01-23T14:01:50.243Z,mem_mlc_64gb
2026-01-26T21:00:00.000Z,mem_mlc_64gb,MLC 64Gb (8Gx8),flash,7.525,7.8,7.2,5.05,Jan.19 2026    14:40 (GMT+8)<Price Notice>,2026-01-26T14:02:40.087Z,mem_mlc_64gb
2026-01-27T21:00:00.000Z,mem_mlc_64gb,MLC 64Gb (8Gx8),flash,7.525,7.8,7.2,5.05,Jan.19 2026    14:40 (GMT+8)<Price Notice>,2026-01-27T14:01:56.839Z,mem_mlc_64gb
2026-01-28T21:00:00.000Z,mem_mlc_64gb,MLC 64Gb (8Gx8),flash,7.525,7.8,7.2,5.05,Jan.19 2026    14:40 (GMT+8)<Price Notice>,2026-01-28T14:03:03.538Z,mem_mlc_64gb
2026-01-29T21:00:00.000Z,mem_mlc_64gb,MLC 64Gb (8Gx8),flash,7.525,7.8,7.2,5.05,Jan.19 2026    14:40 (GMT+8)<Price Notice>,2026-01-29T14:01:57.611Z,mem_mlc_64gb
2026-01-30T21:00:00.000Z,mem_mlc_64gb,MLC 64Gb (8Gx8),flash,7.525,7.8,7.2,5.05,Jan.19 2026    14:40 (GMT+8)<Price Notice>,2026-01-30T14:01:40.814Z,mem_mlc_64gb
2026-02-02T21:00:00.000Z,mem_mlc_64gb,MLC 64Gb (8Gx8),flash,7.7,8.0,7.4,2.33,Jan.26 2026    14:40 (GMT+8)<Price Notice>,2026-02-02T14:03:38.237Z,mem_mlc_64gb
2026-02-03T21:00:00.000Z,mem_mlc_64gb,MLC 64Gb (8Gx8),flash,7.7,8.0,7.4,2.33,Jan.26 2026    14:40 (GMT+8)<Price Notice>,2026-02-03T14:02:24.155Z,mem_mlc_64gb
2026-02-04T21:00:00.000Z,mem_mlc_64gb,MLC 64Gb (8Gx8),flash,7.7,8.0,7.4,2.33,Jan.26 2026    14:40 (GMT+8)<Price Notice>,2026-02-04T14:02:16.866Z,mem_mlc_64gb
2026-02-05T21:00:00.000Z,mem_mlc_64gb,MLC 64Gb (8Gx8),flash,7.7,8.0,7.4,2.33,Jan.26 2026    14:40 (GMT+8)<Price Notice>,2026-02-05T14:02:40.711Z,mem_mlc_64gb
2026-02-06T21:00:00.000Z,mem_mlc_64gb,MLC 64Gb (8Gx8),flash,7.7,8.0,7.4,2.33,Jan.26 2026    14:40 (GMT+8)<Price Notice>,2026-02-06T14:01:17.206Z,mem_mlc_64gb
2026-02-09T21:00:00.000Z,mem_mlc_64gb,MLC 64Gb (8Gx8),flash,7.9,8.2,7.5,2.6,Feb.2 2026    14:40 (GMT+8)<Price Notice>,2026-02-09T14:01:59.345Z,mem_mlc_64gb
2026-02-10T21:00:00.000Z,mem_mlc_64gb,MLC 64Gb (8Gx8),flash,7.9,8.2,7.5,2.6,Feb.2 2026    14:40 (GMT+8)<Price Notice>,2026-02-10T14:02:08.356Z,mem_mlc_64gb
2026-02-11T21:00:00.000Z,mem_mlc_64gb,MLC 64Gb (8Gx8),flash,7.9,8.2,7.5,2.6,Feb.2 2026    14:40 (GMT+8)<Price Notice>,2026-02-11T14:02:08.813Z,mem_mlc_64gb
2026-02-12T21:00:00.000Z,mem_mlc_64gb,MLC 64Gb (8Gx8),flash,7.9,8.2,7.5,2.6,Feb.2 2026    14:40 (GMT+8)<Price Notice>,2026-02-12T14:01:33.885Z,mem_mlc_64gb
2026-02-13T21:00:00.000Z,mem_mlc_64gb,MLC 64Gb (8Gx8),flash,7.9,8.2,7.5,2.6,Feb.2 2026    14:40 (GMT+8)<Price Notice>,2026-02-13T14:01:53.473Z,mem_mlc_64gb
2026-02-16T21:00:00.000Z,mem_mlc_64gb,MLC 64Gb (8Gx8),flash,7.9,8.2,7.5,2.6,Feb.2 2026    14:40 (GMT+8)<Price Notice>,2026-02-16T14:01:15.419Z,mem_mlc_64gb
2026-02-17T21:00:00.000Z,mem_mlc_64gb,MLC 64Gb (8Gx8),flash,7.9,8.2,7.5,2.6,Feb.2 2026    14:40 (GMT+8)<Price Notice>,2026-02-17T14:01:55.881Z,mem_mlc_64gb
2026-02-18T21:00:00.000Z,mem_mlc_64gb,MLC 64Gb (8Gx8),flash,7.9,8.2,7.5,2.6,Feb.2 2026    14:40 (GMT+8)<Price Notice>,2026-02-18T14:01:56.511Z,mem_mlc_64gb
2026-02-19T21:00:00.000Z,mem_mlc_64gb,MLC 64Gb (8Gx8),flash,7.9,8.2,7.5,2.6,Feb.2 2026    14:40 (GMT+8)<Price Notice>,2026-02-19T14:03:01.304Z,mem_mlc_64gb
2026-02-20T21:00:00.000Z,mem_mlc_64gb,MLC 64Gb (8Gx8),flash,7.9,8.2,7.5,2.6,Feb.2 2026    14:40 (GMT+8)<Price Notice>,2026-02-20T14:01:37.710Z,mem_mlc_64gb
2026-02-23T21:00:00.000Z,mem_mlc_64gb,MLC 64Gb (8Gx8),flash,8.375,10.0,7.8,6.01,Feb.9 2026    14:40 (GMT+8)<Price Notice>,2026-02-23T14:02:38.887Z,mem_mlc_64gb
2026-02-24T21:00:00.000Z,mem_mlc_64gb,MLC 64Gb (8Gx8),flash,8.375,10.0,7.8,6.01,Feb.9 2026    14:40 (GMT+8)<Price Notice>,2026-02-24T14:02:04.081Z,mem_mlc_64gb
2026-02-25T21:00:00.000Z,mem_mlc_64gb,MLC 64Gb (8Gx8),flash,8.375,10.0,7.8,6.01,Feb.9 2026    14:40 (GMT+8)<Price Notice>,2026-02-25T14:02:08.345Z,mem_mlc_64gb
2026-02-26T21:00:00.000Z,mem_mlc_64gb,MLC 64Gb (8Gx8),flash,8.375,10.0,7.8,6.01,Feb.9 2026    14:40 (GMT+8)<Price Notice>,2026-02-26T14:01:43.257Z,mem_mlc_64gb
2026-02-27T21:00:00.000Z,mem_mlc_64gb,MLC 64Gb (8Gx8),flash,8.375,10.0,7.8,6.01,Feb.9 2026    14:40 (GMT+8)<Price Notice>,2026-02-27T14:01:52.460Z,mem_mlc_64gb
2026-03-02T21:00:00.000Z,mem_mlc_64gb,MLC 64Gb (8Gx8),flash,8.875,11.0,8.0,5.97,Feb.23 2026    14:40 (GMT+8)<Price Notice>,2026-03-02T14:01:45.816Z,mem_mlc_64gb
2026-03-03T21:00:00.000Z,mem_mlc_64gb,MLC 64Gb (8Gx8),flash,8.875,11.0,8.0,5.97,Feb.23 2026    14:40 (GMT+8)<Price Notice>,2026-03-03T14:01:56.569Z,mem_mlc_64gb
2026-03-04T21:00:00.000Z,mem_mlc_64gb,MLC 64Gb (8Gx8),flash,8.875,11.0,8.0,5.97,Feb.23 2026    14:40 (GMT+8)<Price Notice>,2026-03-04T14:02:15.081Z,mem_mlc_64gb
2026-03-05T21:00:00.000Z,mem_mlc_64gb,MLC 64Gb (8Gx8),flash,8.875,11.0,8.0,5.97,Feb.23 2026    14:40 (GMT+8)<Price Notice>,2026-03-05T14:02:35.503Z,mem_mlc_64gb
2026-03-06T21:00:00.000Z,mem_mlc_64gb,MLC 64Gb (8Gx8),flash,8.875,11.0,8.0,5.97,Feb.23 2026    14:40 (GMT+8)<Price Notice>,2026-03-06T14:01:29.672Z,mem_mlc_64gb
2026-03-09T20:00:00.000Z,mem_mlc_64gb,MLC 64Gb (8Gx8),flash,9.35,12.0,8.4,5.35,Mar.2 2026    14:40 (GMT+8)<Price Notice>,2026-03-09T13:01:36.589Z,mem_mlc_64gb
2026-03-10T20:00:00.000Z,mem_mlc_64gb,MLC 64Gb (8Gx8),flash,9.35,12.0,8.4,5.35,Mar.2 2026    14:40 (GMT+8)<Price Notice>,2026-03-10T13:02:23.470Z,mem_mlc_64gb
2026-03-11T20:00:00.000Z,mem_mlc_64gb,MLC 64Gb (8Gx8),flash,9.35,12.0,8.4,5.35,Mar.2 2026    14:40 (GMT+8)<Price Notice>,2026-03-11T13:02:25.904Z,mem_mlc_64gb
2026-03-12T20:00:00.000Z,mem_mlc_64gb,MLC 64Gb (8Gx8),flash,9.35,12.0,8.4,5.35,Mar.2 2026    14:40 (GMT+8)<Price Notice>,2026-03-12T13:02:16.078Z,mem_mlc_64gb
2026-03-13T20:00:00.000Z,mem_mlc_64gb,MLC 64Gb (8Gx8),flash,9.35,12.0,8.4,5.35,Mar.2 2026    14:40 (GMT+8)<Price Notice>,2026-03-13T13:02:21.111Z,mem_mlc_64gb
2026-03-16T20:00:00.000Z,mem_mlc_64gb,MLC 64Gb (8Gx8),flash,10.275,14.5,9.0,9.89,Mar.9 2026    14:40 (GMT+8)<Price Notice>,2026-03-16T13:02:45.995Z,mem_mlc_64gb
2026-03-17T20:00:00.000Z,mem_mlc_64gb,MLC 64Gb (8Gx8),flash,10.275,14.5,9.0,9.89,Mar.9 2026    14:40 (GMT+8)<Price Notice>,2026-03-17T13:02:03.849Z,mem_mlc_64gb
2026-03-18T20:00:00.000Z,mem_mlc_64gb,MLC 64Gb (8Gx8),flash,10.275,14.5,9.0,9.89,Mar.9 2026    14:40 (GMT+8)<Price Notice>,2026-03-18T13:01:43.115Z,mem_mlc_64gb
2026-03-19T20:00:00.000Z,mem_mlc_64gb,MLC 64Gb (8Gx8),flash,10.275,14.5,9.0,9.89,Mar.9 2026    14:40 (GMT+8)<Price Notice>,2026-03-19T13:02:15.467Z,mem_mlc_64gb
2026-03-20T20:00:00.000Z,mem_mlc_64gb,MLC 64Gb (8Gx8),flash,10.275,14.5,9.0,9.89,Mar.9 2026    14:40 (GMT+8)<Price Notice>,2026-03-20T13:01:39.076Z,mem_mlc_64gb
2026-03-23T20:00:00.000Z,mem_mlc_64gb,MLC 64Gb (8Gx8),flash,11.5,15.0,9.5,11.92,Mar.16 2026    14:40 (GMT+8)<Price Notice>,2026-03-23T13:02:20.335Z,mem_mlc_64gb
2026-03-24T20:00:00.000Z,mem_mlc_64gb,MLC 64Gb (8Gx8),flash,11.5,15.0,9.5,11.92,Mar.16 2026    14:40 (GMT+8)<Price Notice>,2026-03-24T13:02:47.182Z,mem_mlc_64gb
2026-03-25T20:00:00.000Z,mem_mlc_64gb,MLC 64Gb (8Gx8),flash,11.5,15.0,9.5,11.92,Mar.16 2026    14:40 (GMT+8)<Price Notice>,2026-03-25T13:01:40.793Z,mem_mlc_64gb
2026-03-26T20:00:00.000Z,mem_mlc_64gb,MLC 64Gb (8Gx8),flash,11.5,15.0,9.5,11.92,Mar.16 2026    14:40 (GMT+8)<Price Notice>,2026-03-26T13:03:07.542Z,mem_mlc_64gb
2026-03-27T20:00:00.000Z,mem_mlc_64gb,MLC 64Gb (8Gx8),flash,11.5,15.0,9.5,11.92,Mar.16 2026    14:40 (GMT+8)<Price Notice>,2026-03-27T13:01:53.741Z,mem_mlc_64gb
2026-03-30T20:00:00.000Z,mem_mlc_64gb,MLC 64Gb (8Gx8),flash,12.625,15.0,9.5,9.78,Mar.23 2026    14:40 (GMT+8)<Price Notice>,2026-03-30T13:02:54.120Z,mem_mlc_64gb
2026-03-31T20:00:00.000Z,mem_mlc_64gb,MLC 64Gb (8Gx8),flash,12.625,15.0,9.5,9.78,Mar.23 2026    14:40 (GMT+8)<Price Notice>,2026-03-31T13:02:38.230Z,mem_mlc_64gb
2026-04-01T20:00:00.000Z,mem_mlc_64gb,MLC 64Gb (8Gx8),flash,12.625,15.0,9.5,9.78,Mar.23 2026    14:40 (GMT+8)<Price Notice>,2026-04-01T13:02:53.265Z,mem_mlc_64gb
2026-04-02T20:00:00.000Z,mem_mlc_64gb,MLC 64Gb (8Gx8),flash,12.625,15.0,9.5,9.78,Mar.23 2026    14:40 (GMT+8)<Price Notice>,2026-04-02T13:01:39.999Z,mem_mlc_64gb
2026-04-03T20:00:00.000Z,mem_mlc_64gb,MLC 64Gb (8Gx8),flash,12.625,15.0,9.5,9.78,Mar.23 2026    14:40 (GMT+8)<Price Notice>,2026-04-03T13:01:34.344Z,mem_mlc_64gb
2026-04-06T20:00:00.000Z,mem_mlc_64gb,MLC 64Gb (8Gx8),flash,13.125,16.0,10.0,3.96,Mar.30 2026    14:40 (GMT+8)<Price Notice>,2026-04-06T13:01:27.520Z,mem_mlc_64gb
2026-04-07T20:00:00.000Z,mem_mlc_64gb,MLC 64Gb (8Gx8),flash,13.125,16.0,10.0,3.96,Mar.30 2026    14:40 (GMT+8)<Price Notice>,2026-04-07T13:02:09.145Z,mem_mlc_64gb
2026-04-08T20:00:00.000Z,mem_mlc_64gb,MLC 64Gb (8Gx8),flash,13.125,16.0,10.0,3.96,Mar.30 2026    14:40 (GMT+8)<Price Notice>,2026-04-08T13:03:47.228Z,mem_mlc_64gb
2026-04-09T20:00:00.000Z,mem_mlc_64gb,MLC 64Gb (8Gx8),flash,13.125,16.0,10.0,3.96,Mar.30 2026    14:40 (GMT+8)<Price Notice>,2026-04-09T13:02:15.428Z,mem_mlc_64gb
2026-04-10T20:00:00.000Z,mem_mlc_64gb,MLC 64Gb (8Gx8),flash,13.125,16.0,10.0,3.96,Mar.30 2026    14:40 (GMT+8)<Price Notice>,2026-04-10T13:02:23.314Z,mem_mlc_64gb
2026-04-13T20:00:00.000Z,mem_mlc_64gb,MLC 64Gb (8Gx8),flash,15.0,20.0,12.0,14.29,Apr.6 2026    14:40 (GMT+8)<Price Notice>,2026-04-13T13:02:06.056Z,mem_mlc_64gb
2026-04-14T20:00:00.000Z,mem_mlc_64gb,MLC 64Gb (8Gx8),flash,15.0,20.0,12.0,14.29,Apr.6 2026    14:40 (GMT+8)<Price Notice>,2026-04-14T13:04:52.138Z,mem_mlc_64gb
2026-04-15T20:00:00.000Z,mem_mlc_64gb,MLC 64Gb (8Gx8),flash,15.0,20.0,12.0,14.29,Apr.6 2026    14:40 (GMT+8)<Price Notice>,2026-04-15T13:02:44.049Z,mem_mlc_64gb
2026-04-16T20:00:00.000Z,mem_mlc_64gb,MLC 64Gb (8Gx8),flash,15.0,20.0,12.0,14.29,Apr.6 2026    14:40 (GMT+8)<Price Notice>,2026-04-16T13:02:05.895Z,mem_mlc_64gb
2026-04-17T20:00:00.000Z,mem_mlc_64gb,MLC 64Gb (8Gx8),flash,15.0,20.0,12.0,14.29,Apr.6 2026    14:40 (GMT+8)<Price Notice>,2026-04-17T13:02:40.681Z,mem_mlc_64gb
2026-04-20T20:00:00.000Z,mem_mlc_64gb,MLC 64Gb (8Gx8),flash,16.5,22.0,12.0,10.0,Apr.13 2026    14:40 (GMT+8)<Price Notice>,2026-04-20T13:02:05.258Z,mem_mlc_64gb
2026-04-21T20:00:00.000Z,mem_mlc_64gb,MLC 64Gb (8Gx8),flash,16.5,22.0,12.0,10.0,Apr.13 2026    14:40 (GMT+8)<Price Notice>,2026-04-21T13:03:22.460Z,mem_mlc_64gb
2026-04-22T20:00:00.000Z,mem_mlc_64gb,MLC 64Gb (8Gx8),flash,16.5,22.0,12.0,10.0,Apr.13 2026    14:40 (GMT+8)<Price Notice>,2026-04-22T13:02:12.507Z,mem_mlc_64gb
2026-04-23T20:00:00.000Z,mem_mlc_64gb,MLC 64Gb (8Gx8),flash,16.5,22.0,12.0,10.0,Apr.13 2026    14:40 (GMT+8)<Price Notice>,2026-04-23T13:02:19.395Z,mem_mlc_64gb
2026-04-24T20:00:00.000Z,mem_mlc_64gb,MLC 64Gb (8Gx8),flash,16.5,22.0,12.0,10.0,Apr.13 2026    14:40 (GMT+8)<Price Notice>,2026-04-24T13:02:50.329Z,mem_mlc_64gb
2026-04-27T20:00:00.000Z,mem_mlc_64gb,MLC 64Gb (8Gx8),flash,17.75,25.0,14.0,7.58,Apr.20 2026    14:40 (GMT+8)<Price Notice>,2026-04-27T13:02:40.910Z,mem_mlc_64gb
2026-04-28T20:00:00.000Z,mem_mlc_64gb,MLC 64Gb (8Gx8),flash,17.75,25.0,14.0,7.58,Apr.20 2026    14:40 (GMT+8)<Price Notice>,2026-04-28T13:03:58.866Z,mem_mlc_64gb
2026-04-29T20:00:00.000Z,mem_mlc_64gb,MLC 64Gb (8Gx8),flash,17.75,25.0,14.0,7.58,Apr.20 2026    14:40 (GMT+8)<Price Notice>,2026-04-29T13:03:44.805Z,mem_mlc_64gb
2026-04-30T20:00:00.000Z,mem_mlc_64gb,MLC 64Gb (8Gx8),flash,17.75,25.0,14.0,7.58,Apr.20 2026    14:40 (GMT+8)<Price Notice>,2026-04-30T13:01:45.662Z,mem_mlc_64gb
2026-05-01T20:00:00.000Z,mem_mlc_64gb,MLC 64Gb (8Gx8),flash,17.75,25.0,14.0,7.58,Apr.20 2026    14:40 (GMT+8)<Price Notice>,2026-05-01T13:01:43.473Z,mem_mlc_64gb
2026-05-04T20:00:00.000Z,mem_mlc_64gb,MLC 64Gb (8Gx8),flash,19.25,28.0,15.0,8.45,Apr.27 2026    14:40 (GMT+8)<Price Notice>,2026-05-04T13:02:45.538Z,mem_mlc_64gb
2026-05-05T20:00:00.000Z,mem_mlc_64gb,MLC 64Gb (8Gx8),flash,19.25,28.0,15.0,8.45,Apr.27 2026    14:40 (GMT+8)<Price Notice>,2026-05-05T13:03:09.557Z,mem_mlc_64gb
2026-05-06T20:00:00.000Z,mem_mlc_64gb,MLC 64Gb (8Gx8),flash,19.25,28.0,15.0,8.45,Apr.27 2026    14:40 (GMT+8)<Price Notice>,2026-05-06T13:02:08.033Z,mem_mlc_64gb
2026-05-07T20:00:00.000Z,mem_mlc_64gb,MLC 64Gb (8Gx8),flash,19.25,28.0,15.0,8.45,Apr.27 2026    14:40 (GMT+8)<Price Notice>,2026-05-07T13:02:08.956Z,mem_mlc_64gb
2026-05-08T20:00:00.000Z,mem_mlc_64gb,MLC 64Gb (8Gx8),flash,19.25,28.0,15.0,8.45,Apr.27 2026    14:40 (GMT+8)<Price Notice>,2026-05-08T13:02:22.956Z,mem_mlc_64gb
2026-05-11T20:00:00.000Z,mem_mlc_64gb,MLC 64Gb (8Gx8),flash,19.625,30.0,15.0,1.95,May.4 2026    14:40 (GMT+8)<Price Notice>,2026-05-11T13:02:05.832Z,mem_mlc_64gb
2026-05-12T20:00:00.000Z,mem_mlc_64gb,MLC 64Gb (8Gx8),flash,19.625,30.0,15.0,1.95,May.4 2026    14:40 (GMT+8)<Price Notice>,2026-05-12T13:02:55.027Z,mem_mlc_64gb
2026-05-13T20:00:00.000Z,mem_mlc_64gb,MLC 64Gb (8Gx8),flash,19.625,30.0,15.0,1.95,May.4 2026    14:40 (GMT+8)<Price Notice>,2026-05-13T13:01:40.598Z,mem_mlc_64gb
2026-05-14T20:00:00.000Z,mem_mlc_64gb,MLC 64Gb (8Gx8),flash,19.625,30.0,15.0,1.95,May.4 2026    14:40 (GMT+8)<Price Notice>,2026-05-14T13:01:13.286Z,mem_mlc_64gb
2026-05-15T20:00:00.000Z,mem_mlc_64gb,MLC 64Gb (8Gx8),flash,19.625,30.0,15.0,1.95,May.4 2026    14:40 (GMT+8)<Price Notice>,2026-05-15T13:02:27.546Z,mem_mlc_64gb
2026-05-18T20:00:00.000Z,mem_mlc_64gb,MLC 64Gb (8Gx8),flash,20.295,32.0,16.0,3.41,May.11 2026    14:40 (GMT+8)<Price Notice>,2026-05-18T13:02:54.638Z,mem_mlc_64gb
2026-05-19T20:00:00.000Z,mem_mlc_64gb,MLC 64Gb (8Gx8),flash,20.295,32.0,16.0,3.41,May.11 2026    14:40 (GMT+8)<Price Notice>,2026-05-19T13:02:12.976Z,mem_mlc_64gb
2026-05-20T20:00:00.000Z,mem_mlc_64gb,MLC 64Gb (8Gx8),flash,20.295,32.0,16.0,3.41,May.11 2026    14:40 (GMT+8)<Price Notice>,2026-05-20T13:01:53.920Z,mem_mlc_64gb
2026-05-21T20:00:00.000Z,mem_mlc_64gb,MLC 64Gb (8Gx8),flash,20.295,32.0,16.0,3.41,May.11 2026    14:40 (GMT+8)<Price Notice>,2026-05-21T13:02:12.407Z,mem_mlc_64gb
2026-05-22T20:00:00.000Z,mem_mlc_64gb,MLC 64Gb (8Gx8),flash,20.295,32.0,16.0,3.41,May.11 2026    14:40 (GMT+8)<Price Notice>,2026-05-22T13:02:03.111Z,mem_mlc_64gb
2026-05-25T20:00:00.000Z,mem_mlc_64gb,MLC 64Gb (8Gx8),flash,21.682,34.0,18.0,6.83,May.18 2026    14:40 (GMT+8)<Price Notice>,2026-05-25T13:01:11.616Z,mem_mlc_64gb
2026-05-26T20:00:00.000Z,mem_mlc_64gb,MLC 64Gb (8Gx8),flash,21.682,34.0,18.0,6.83,May.18 2026    14:40 (GMT+8)<Price Notice>,2026-05-26T13:02:17.041Z,mem_mlc_64gb
2026-05-27T20:00:00.000Z,mem_mlc_64gb,MLC 64Gb (8Gx8),flash,21.682,34.0,18.0,6.83,May.18 2026    14:40 (GMT+8)<Price Notice>,2026-05-27T13:01:31.331Z,mem_mlc_64gb
2026-05-28T20:00:00.000Z,mem_mlc_64gb,MLC 64Gb (8Gx8),flash,21.682,34.0,18.0,6.83,May.18 2026    14:40 (GMT+8)<Price Notice>,2026-05-28T13:03:26.760Z,mem_mlc_64gb
2026-05-29T20:00:00.000Z,mem_mlc_64gb,MLC 64Gb (8Gx8),flash,21.682,34.0,18.0,6.83,May.18 2026    14:40 (GMT+8)<Price Notice>,2026-05-29T13:01:36.615Z,mem_mlc_64gb
2026-06-01T20:00:00.000Z,mem_mlc_64gb,MLC 64Gb (8Gx8),flash,22.182,35.0,18.0,2.31,May.25 2026    14:40 (GMT+8)<Price Notice>,2026-06-01T13:02:23.114Z,mem_mlc_64gb
2026-06-02T20:00:00.000Z,mem_mlc_64gb,MLC 64Gb (8Gx8),flash,22.182,35.0,18.0,2.31,May.25 2026    14:40 (GMT+8)<Price Notice>,2026-06-02T13:01:46.503Z,mem_mlc_64gb
2026-06-03T20:00:00.000Z,mem_mlc_64gb,MLC 64Gb (8Gx8),flash,22.182,35.0,18.0,2.31,May.25 2026    14:40 (GMT+8)<Price Notice>,2026-06-03T13:01:27.103Z,mem_mlc_64gb
2026-06-04T20:00:00.000Z,mem_mlc_64gb,MLC 64Gb (8Gx8),flash,22.182,35.0,18.0,2.31,May.25 2026    14:40 (GMT+8)<Price Notice>,2026-06-04T13:02:15.709Z,mem_mlc_64gb
2026-06-05T20:00:00.000Z,mem_mlc_64gb,MLC 64Gb (8Gx8),flash,22.182,35.0,18.0,2.31,May.25 2026    14:40 (GMT+8)<Price Notice>,2026-06-05T13:02:40.269Z,mem_mlc_64gb
2026-06-08T20:00:00.000Z,mem_mlc_64gb,MLC 64Gb (8Gx8),flash,24.318,40.0,20.0,9.63,Jun.1 2026    14:40 (GMT+8)<Price Notice>,2026-06-08T13:01:50.898Z,mem_mlc_64gb
2026-06-09T20:00:00.000Z,mem_mlc_64gb,MLC 64Gb (8Gx8),flash,24.318,40.0,20.0,9.63,Jun.1 2026    14:40 (GMT+8)<Price Notice>,2026-06-09T13:02:08.889Z,mem_mlc_64gb
2026-06-10T20:00:00.000Z,mem_mlc_64gb,MLC 64Gb (8Gx8),flash,24.318,40.0,20.0,9.63,Jun.1 2026    14:40 (GMT+8)<Price Notice>,2026-06-10T13:02:20.696Z,mem_mlc_64gb
2026-06-11T20:00:00.000Z,mem_mlc_64gb,MLC 64Gb (8Gx8),flash,24.318,40.0,20.0,9.63,Jun.1 2026    14:40 (GMT+8)<Price Notice>,2026-06-11T13:02:09.646Z,mem_mlc_64gb
2026-06-12T20:00:00.000Z,mem_mlc_64gb,MLC 64Gb (8Gx8),flash,24.318,40.0,20.0,9.63,Jun.1 2026    14:40 (GMT+8)<Price Notice>,2026-06-12T13:02:56.198Z,mem_mlc_64gb
2026-06-15T20:00:00.000Z,mem_mlc_64gb,MLC 64Gb (8Gx8),flash,26.545,40.0,22.0,9.16,Jun.8 2026    14:40 (GMT+8)<Price Notice>,2026-06-15T13:02:10.420Z,mem_mlc_64gb
2026-06-16T20:00:00.000Z,mem_mlc_64gb,MLC 64Gb (8Gx8),flash,26.545,40.0,22.0,9.16,Jun.8 2026    14:40 (GMT+8)<Price Notice>,2026-06-16T13:03:09.279Z,mem_mlc_64gb
2026-06-17T20:00:00.000Z,mem_mlc_64gb,MLC 64Gb (8Gx8),flash,26.545,40.0,22.0,9.16,Jun.8 2026    14:40 (GMT+8)<Price Notice>,2026-06-17T13:02:31.302Z,mem_mlc_64gb
2026-06-18T20:00:00.000Z,mem_mlc_64gb,MLC 64Gb (8Gx8),flash,26.545,40.0,22.0,9.16,Jun.8 2026    14:40 (GMT+8)<Price Notice>,2026-06-18T13:01:33.279Z,mem_mlc_64gb
2026-06-19T20:00:00.000Z,mem_mlc_64gb,MLC 64Gb (8Gx8),flash,26.545,40.0,22.0,9.16,Jun.8 2026    14:40 (GMT+8)<Price Notice>,2026-06-19T13:02:38.118Z,mem_mlc_64gb
2026-06-22T20:00:00.000Z,mem_mlc_64gb,MLC 64Gb (8Gx8),flash,28.182,40.0,23.0,6.17,Jun.15 2026    14:40 (GMT+8)<Price Notice>,2026-06-22T13:01:15.397Z,mem_mlc_64gb
2026-06-23T20:00:00.000Z,mem_mlc_64gb,MLC 64Gb (8Gx8),flash,28.182,40.0,23.0,6.17,Jun.15 2026    14:40 (GMT+8)<Price Notice>,2026-06-23T13:01:13.955Z,mem_mlc_64gb
2026-06-24T20:00:00.000Z,mem_mlc_64gb,MLC 64Gb (8Gx8),flash,28.182,40.0,23.0,6.17,Jun.15 2026    14:40 (GMT+8)<Price Notice>,2026-06-24T13:01:36.408Z,mem_mlc_64gb
2026-06-25T20:00:00.000Z,mem_mlc_64gb,MLC 64Gb (8Gx8),flash,28.182,40.0,23.0,6.17,Jun.15 2026    14:40 (GMT+8)<Price Notice>,2026-06-25T13:03:32.627Z,mem_mlc_64gb
2026-06-26T20:00:00.000Z,mem_mlc_64gb,MLC 64Gb (8Gx8),flash,28.182,40.0,23.0,6.17,Jun.15 2026    14:40 (GMT+8)<Price Notice>,2026-06-26T13:02:11.814Z,mem_mlc_64gb
2026-06-29T20:00:00.000Z,mem_mlc_64gb,MLC 64Gb (8Gx8),flash,29.068,42.0,24.0,3.14,Jun.22 2026    14:40 (GMT+8)<Price Notice>,2026-06-29T13:02:14.376Z,mem_mlc_64gb
2026-06-30T20:00:00.000Z,mem_mlc_64gb,MLC 64Gb (8Gx8),flash,29.068,42.0,24.0,3.14,Jun.22 2026    14:40 (GMT+8)<Price Notice>,2026-06-30T13:01:12.514Z,mem_mlc_64gb
2026-07-01T20:00:00.000Z,mem_mlc_64gb,MLC 64Gb (8Gx8),flash,29.068,42.0,24.0,3.14,Jun.22 2026    14:40 (GMT+8)<Price Notice>,2026-07-01T13:02:13.833Z,mem_mlc_64gb
2026-07-02T20:00:00.000Z,mem_mlc_64gb,MLC 64Gb (8Gx8),flash,29.068,42.0,24.0,3.14,Jun.22 2026    14:40 (GMT+8)<Price Notice>,2026-07-02T13:01:47.874Z,mem_mlc_64gb
2026-07-03T20:00:00.000Z,mem_mlc_64gb,MLC 64Gb (8Gx8),flash,29.068,42.0,24.0,3.14,Jun.22 2026    14:40 (GMT+8)<Price Notice>,2026-07-03T13:02:23.584Z,mem_mlc_64gb
2026-07-06T20:00:00.000Z,mem_mlc_64gb,MLC 64Gb (8Gx8),flash,29.682,42.0,25.0,2.11,Jun.29 2026    14:40 (GMT+8)<Price Notice>,2026-07-06T13:01:52.377Z,mem_mlc_64gb
2026-07-07T20:00:00.000Z,mem_mlc_64gb,MLC 64Gb (8Gx8),flash,29.682,42.0,25.0,2.11,Jun.29 2026    14:40 (GMT+8)<Price Notice>,2026-07-07T13:02:35.935Z,mem_mlc_64gb
2026-07-08T20:00:00.000Z,mem_mlc_64gb,MLC 64Gb (8Gx8),flash,29.682,42.0,25.0,2.11,Jun.29 2026    14:40 (GMT+8)<Price Notice>,2026-07-08T13:02:29.977Z,mem_mlc_64gb
2026-07-09T20:00:00.000Z,mem_mlc_64gb,MLC 64Gb (8Gx8),flash,29.682,42.0,25.0,2.11,Jun.29 2026    14:40 (GMT+8)<Price Notice>,2026-07-09T13:02:42.912Z,mem_mlc_64gb
2026-07-10T20:00:00.000Z,mem_mlc_64gb,MLC 64Gb (8Gx8),flash,29.682,42.0,25.0,2.11,Jun.29 2026    14:40 (GMT+8)<Price Notice>,2026-07-10T13:02:07.843Z,mem_mlc_64gb
2026-07-13T20:00:00.000Z,mem_mlc_64gb,MLC 64Gb (8Gx8),flash,31.1,45.0,27.0,4.78,Jul.6 2026    14:40 (GMT+8)<Price Notice>,2026-07-13T13:02:43.823Z,mem_mlc_64gb
2024-01-01T21:00:00.000Z,mem_mlc_64gb,MLC 64Gb (8Gx8),flash,3.874,,,,historical CSV backfill,2026-07-14T01:37:42.667Z,mem_mlc_64gb
2026-07-14T20:00:00.000Z,mem_mlc_64gb,MLC 64Gb (8Gx8),flash,31.1,45.0,27.0,4.78,Jul.6 2026    14:40 (GMT+8)<Price Notice>,2026-07-14T13:01:15.324Z,mem_mlc_64gb
2026-07-15T20:00:00.000Z,mem_mlc_64gb,MLC 64Gb (8Gx8),flash,31.1,45.0,27.0,4.78,Jul.6 2026    14:40 (GMT+8)<Price Notice>,2026-07-15T13:01:08.288Z,mem_mlc_64gb
2026-07-16T20:00:00.000Z,mem_mlc_64gb,MLC 64Gb (8Gx8),flash,31.1,45.0,27.0,4.78,Jul.6 2026    14:40 (GMT+8)<Price Notice>,2026-07-16T13:02:46.897Z,mem_mlc_64gb
2026-07-17T20:00:00.000Z,mem_mlc_64gb,MLC 64Gb (8Gx8),flash,31.1,45.0,27.0,4.78,Jul.6 2026    14:40 (GMT+8)<Price Notice>,2026-07-17T13:02:49.872Z,mem_mlc_64gb
2026-07-20T20:00:00.000Z,mem_mlc_64gb,MLC 64Gb (8Gx8),flash,31.391,48.0,27.0,0.94,Jul.13 2026    14:40 (GMT+8)<Price Notice>,2026-07-20T13:01:22.659Z,mem_mlc_64gb
2026-07-21T20:00:00.000Z,mem_mlc_64gb,MLC 64Gb (8Gx8),flash,31.391,48.0,27.0,0.94,Jul.13 2026    14:40 (GMT+8)<Price Notice>,2026-07-21T13:02:34.422Z,mem_mlc_64gb
2026-07-22T20:00:00.000Z,mem_mlc_64gb,MLC 64Gb (8Gx8),flash,31.391,48.0,27.0,0.94,Jul.13 2026    14:40 (GMT+8)<Price Notice>,2026-07-22T13:02:43.978Z,mem_mlc_64gb
2026-07-23T20:00:00.000Z,mem_mlc_64gb,MLC 64Gb (8Gx8),flash,31.391,48.0,27.0,0.94,Jul.13 2026    14:40 (GMT+8)<Price Notice>,2026-07-23T13:02:13.780Z,mem_mlc_64gb
2026-07-24T20:00:00.000Z,mem_mlc_64gb,MLC 64Gb (8Gx8),flash,31.391,48.0,27.0,0.94,Jul.13 2026    14:40 (GMT+8)<Price Notice>,2026-07-24T13:02:28.533Z,mem_mlc_64gb
2026-07-27T20:00:00.000Z,mem_mlc_64gb,MLC 64Gb (8Gx8),flash,32.565,52.0,27.0,3.74,Jul.20 2026    14:40 (GMT+8)<Price Notice>,2026-07-27T20:02:47.070Z,mem_mlc_64gb
2026-07-28T20:00:00.000Z,mem_mlc_64gb,MLC 64Gb (8Gx8),flash,32.565,52.0,27.0,3.74,Jul.20 2026    14:40 (GMT+8)<Price Notice>,2026-07-28T20:02:31.411Z,mem_mlc_64gb
2026-07-29T20:00:00.000Z,mem_mlc_64gb,MLC 64Gb (8Gx8),flash,32.565,52.0,27.0,3.74,Jul.20 2026    14:40 (GMT+8)<Price Notice>,2026-07-29T20:02:52.292Z,mem_mlc_64gb
2026-07-30T20:00:00.000Z,mem_mlc_64gb,MLC 64Gb (8Gx8),flash,32.565,52.0,27.0,3.74,Jul.20 2026    14:40 (GMT+8)<Price Notice>,2026-07-30T20:02:11.453Z,mem_mlc_64gb
2026-07-31T20:00:00.000Z,mem_mlc_64gb,MLC 64Gb (8Gx8),flash,32.565,52.0,27.0,3.74,Jul.20 2026    14:40 (GMT+8)<Price Notice>,2026-07-31T20:01:49.889Z,mem_mlc_64gb
2026-08-03T20:00:00.000Z,mem_mlc_64gb,MLC 64Gb (8Gx8),flash,32.913,53.0,27.5,1.07,Jul.27 2026    14:40 (GMT+8)<Price Notice>,2026-08-03T20:01:22.877Z,mem_mlc_64gb
2026-08-04T20:00:00.000Z,mem_mlc_64gb,MLC 64Gb (8Gx8),flash,32.913,53.0,27.5,1.07,Jul.27 2026    14:40 (GMT+8)<Price Notice>,2026-08-04T20:01:15.160Z,mem_mlc_64gb
2026-08-05T20:00:00.000Z,mem_mlc_64gb,MLC 64Gb (8Gx8),flash,32.913,53.0,27.5,1.07,Jul.27 2026    14:40 (GMT+8)<Price Notice>,2026-08-05T20:02:43.953Z,mem_mlc_64gb
2026-08-06T20:00:00.000Z,mem_mlc_64gb,MLC 64Gb (8Gx8),flash,32.913,53.0,27.5,1.07,Jul.27 2026    14:40 (GMT+8)<Price Notice>,2026-08-06T20:01:55.342Z,mem_mlc_64gb
2026-08-07T20:00:00.000Z,mem_mlc_64gb,MLC 64Gb (8Gx8),flash,32.913,53.0,27.5,1.07,Jul.27 2026    14:40 (GMT+8)<Price Notice>,2026-08-07T20:02:31.314Z,mem_mlc_64gb
2026-08-10T20:00:00.000Z,mem_mlc_64gb,MLC 64Gb (8Gx8),flash,34.75,55.0,29.0,5.58,Aug.3 2026    14:40 (GMT+8)<Price Notice>,2026-08-10T20:01:50.891Z,mem_mlc_64gb
2026-08-11T20:00:00.000Z,mem_mlc_64gb,MLC 64Gb (8Gx8),flash,34.75,55.0,29.0,5.58,Aug.3 2026    14:40 (GMT+8)<Price Notice>,2026-08-11T20:02:04.894Z,mem_mlc_64gb
2026-08-12T20:00:00.000Z,mem_mlc_64gb,MLC 64Gb (8Gx8),flash,34.75,55.0,29.0,5.58,Aug.3 2026    14:40 (GMT+8)<Price Notice>,2026-08-12T20:01:26.613Z,mem_mlc_64gb
2026-08-13T20:00:00.000Z,mem_mlc_64gb,MLC 64Gb (8Gx8),flash,34.75,55.0,29.0,5.58,Aug.3 2026    14:40 (GMT+8)<Price Notice>,2026-08-13T20:02:28.391Z,mem_mlc_64gb
2026-08-14T20:00:00.000Z,mem_mlc_64gb,MLC 64Gb (8Gx8),flash,34.75,55.0,29.0,5.58,Aug.3 2026    14:40 (GMT+8)<Price Notice>,2026-08-14T20:01:13.862Z,mem_mlc_64gb
2026-08-17T20:00:00.000Z,mem_mlc_64gb,MLC 64Gb (8Gx8),flash,35.75,55.0,31.0,2.88,Aug.10 2026    14:40 (GMT+8)<Price Notice>,2026-08-17T20:01:36.925Z,mem_mlc_64gb
2026-08-18T20:00:00.000Z,mem_mlc_64gb,MLC 64Gb (8Gx8),flash,35.75,55.0,31.0,2.88,Aug.10 2026    14:40 (GMT+8)<Price Notice>,2026-08-18T20:03:16.187Z,mem_mlc_64gb
2026-08-19T20:00:00.000Z,mem_mlc_64gb,MLC 64Gb (8Gx8),flash,35.75,55.0,31.0,2.88,Aug.10 2026    14:40 (GMT+8)<Price Notice>,2026-08-19T20:02:20.844Z,mem_mlc_64gb
2026-08-20T20:00:00.000Z,mem_mlc_64gb,MLC 64Gb (8Gx8),flash,35.75,55.0,31.0,2.88,Aug.10 2026    14:40 (GMT+8)<Price Notice>,2026-08-20T20:03:28.179Z,mem_mlc_64gb
2026-08-21T20:00:00.000Z,mem_mlc_64gb,MLC 64Gb (8Gx8),flash,35.75,55.0,31.0,2.88,Aug.10 2026    14:40 (GMT+8)<Price Notice>,2026-08-21T20:02:16.258Z,mem_mlc_64gb
2026-08-24T20:00:00.000Z,mem_mlc_64gb,MLC 64Gb (8Gx8),flash,36.587,55.0,32.0,2.34,Aug.17 2026    14:40 (GMT+8)<Price Notice>,2026-08-24T20:02:25.006Z,mem_mlc_64gb
2026-08-25T20:00:00.000Z,mem_mlc_64gb,MLC 64Gb (8Gx8),flash,36.587,55.0,32.0,2.34,Aug.17 2026    14:40 (GMT+8)<Price Notice>,2026-08-25T20:02:53.059Z,mem_mlc_64gb
2026-08-26T20:00:00.000Z,mem_mlc_64gb,MLC 64Gb (8Gx8),flash,36.587,55.0,32.0,2.34,Aug.17 2026    14:40 (GMT+8)<Price Notice>,2026-08-26T20:02:53.992Z,mem_mlc_64gb
2026-08-27T20:00:00.000Z,mem_mlc_64gb,MLC 64Gb (8Gx8),flash,36.587,55.0,32.0,2.34,Aug.17 2026    14:40 (GMT+8)<Price Notice>,2026-08-27T20:02:14.743Z,mem_mlc_64gb
2026-08-28T20:00:00.000Z,mem_mlc_64gb,MLC 64Gb (8Gx8),flash,36.587,55.0,32.0,2.34,Aug.17 2026    14:40 (GMT+8)<Price Notice>,2026-08-28T20:02:32.935Z,mem_mlc_64gb
2026-08-31T20:00:00.000Z,mem_mlc_64gb,MLC 64Gb (8Gx8),flash,37.587,55.0,33.0,2.73,Aug.24 2026    14:40 (GMT+8)<Price Notice>,2026-08-31T20:02:02.069Z,mem_mlc_64gb
2025-10-08T20:00:00.000Z,mem_slc_1gb,SLC 1Gb (128Mx8),flash,0.96,,,0.74,Sep.29 2025    14:40,2026-01-08T03:24:34.248Z,mem_slc_1gb
2026-01-07T21:00:00.000Z,mem_slc_1gb,SLC 1Gb (128Mx8),flash,1.333,2.0,1.2,1.91,Dec.29 2025    14:40 (GMT+8)<Price Notice>,2026-01-08T03:31:26.126Z,mem_slc_1gb
2026-01-08T21:00:00.000Z,mem_slc_1gb,SLC 1Gb (128Mx8),flash,1.333,2.0,1.2,1.91,Dec.29 2025    14:40 (GMT+8)<Price Notice>,2026-01-08T14:02:23.018Z,mem_slc_1gb
2026-01-09T21:00:00.000Z,mem_slc_1gb,SLC 1Gb (128Mx8),flash,1.333,2.0,1.2,1.91,Dec.29 2025    14:40 (GMT+8)<Price Notice>,2026-01-09T14:01:32.464Z,mem_slc_1gb
2026-01-12T21:00:00.000Z,mem_slc_1gb,SLC 1Gb (128Mx8),flash,1.406,2.05,1.25,5.48,Jan.5 2026    14:40 (GMT+8)<Price Notice>,2026-01-12T14:01:37.605Z,mem_slc_1gb
2026-01-13T21:00:00.000Z,mem_slc_1gb,SLC 1Gb (128Mx8),flash,1.406,2.05,1.25,5.48,Jan.5 2026    14:40 (GMT+8)<Price Notice>,2026-01-13T14:01:26.924Z,mem_slc_1gb
2026-01-14T21:00:00.000Z,mem_slc_1gb,SLC 1Gb (128Mx8),flash,1.406,2.05,1.25,5.48,Jan.5 2026    14:40 (GMT+8)<Price Notice>,2026-01-14T14:01:03.695Z,mem_slc_1gb
2026-01-15T21:00:00.000Z,mem_slc_1gb,SLC 1Gb (128Mx8),flash,1.406,2.05,1.25,5.48,Jan.5 2026    14:40 (GMT+8)<Price Notice>,2026-01-15T14:01:37.352Z,mem_slc_1gb
2026-01-16T21:00:00.000Z,mem_slc_1gb,SLC 1Gb (128Mx8),flash,1.406,2.05,1.25,5.48,Jan.5 2026    14:40 (GMT+8)<Price Notice>,2026-01-16T14:01:57.038Z,mem_slc_1gb
2026-01-19T21:00:00.000Z,mem_slc_1gb,SLC 1Gb (128Mx8),flash,1.43,2.05,1.3,1.71,Jan.12 2026    14:40 (GMT+8)<Price Notice>,2026-01-19T14:01:38.770Z,mem_slc_1gb
2026-01-20T21:00:00.000Z,mem_slc_1gb,SLC 1Gb (128Mx8),flash,1.43,2.05,1.3,1.71,Jan.12 2026    14:40 (GMT+8)<Price Notice>,2026-01-20T14:01:04.009Z,mem_slc_1gb
2026-01-21T21:00:00.000Z,mem_slc_1gb,SLC 1Gb (128Mx8),flash,1.43,2.05,1.3,1.71,Jan.12 2026    14:40 (GMT+8)<Price Notice>,2026-01-21T14:01:09.164Z,mem_slc_1gb
2026-01-22T21:00:00.000Z,mem_slc_1gb,SLC 1Gb (128Mx8),flash,1.43,2.05,1.3,1.71,Jan.12 2026    14:40 (GMT+8)<Price Notice>,2026-01-22T14:01:54.515Z,mem_slc_1gb
2026-01-23T21:00:00.000Z,mem_slc_1gb,SLC 1Gb (128Mx8),flash,1.43,2.05,1.3,1.71,Jan.12 2026    14:40 (GMT+8)<Price Notice>,2026-01-23T14:01:50.243Z,mem_slc_1gb
2026-01-26T21:00:00.000Z,mem_slc_1gb,SLC 1Gb (128Mx8),flash,1.518,2.1,1.38,6.15,Jan.19 2026    14:40 (GMT+8)<Price Notice>,2026-01-26T14:02:40.087Z,mem_slc_1gb
2026-01-27T21:00:00.000Z,mem_slc_1gb,SLC 1Gb (128Mx8),flash,1.518,2.1,1.38,6.15,Jan.19 2026    14:40 (GMT+8)<Price Notice>,2026-01-27T14:01:56.839Z,mem_slc_1gb
2026-01-28T21:00:00.000Z,mem_slc_1gb,SLC 1Gb (128Mx8),flash,1.518,2.1,1.38,6.15,Jan.19 2026    14:40 (GMT+8)<Price Notice>,2026-01-28T14:03:03.538Z,mem_slc_1gb
2026-01-29T21:00:00.000Z,mem_slc_1gb,SLC 1Gb (128Mx8),flash,1.518,2.1,1.38,6.15,Jan.19 2026    14:40 (GMT+8)<Price Notice>,2026-01-29T14:01:57.611Z,mem_slc_1gb
2026-01-30T21:00:00.000Z,mem_slc_1gb,SLC 1Gb (128Mx8),flash,1.518,2.1,1.38,6.15,Jan.19 2026    14:40 (GMT+8)<Price Notice>,2026-01-30T14:01:40.814Z,mem_slc_1gb
2026-02-02T21:00:00.000Z,mem_slc_1gb,SLC 1Gb (128Mx8),flash,1.623,2.2,1.5,6.92,Jan.26 2026    14:40 (GMT+8)<Price Notice>,2026-02-02T14:03:38.237Z,mem_slc_1gb
2026-02-03T21:00:00.000Z,mem_slc_1gb,SLC 1Gb (128Mx8),flash,1.623,2.2,1.5,6.92,Jan.26 2026    14:40 (GMT+8)<Price Notice>,2026-02-03T14:02:24.155Z,mem_slc_1gb
2026-02-04T21:00:00.000Z,mem_slc_1gb,SLC 1Gb (128Mx8),flash,1.623,2.2,1.5,6.92,Jan.26 2026    14:40 (GMT+8)<Price Notice>,2026-02-04T14:02:16.866Z,mem_slc_1gb
2026-02-05T21:00:00.000Z,mem_slc_1gb,SLC 1Gb (128Mx8),flash,1.623,2.2,1.5,6.92,Jan.26 2026    14:40 (GMT+8)<Price Notice>,2026-02-05T14:02:40.711Z,mem_slc_1gb
2026-02-06T21:00:00.000Z,mem_slc_1gb,SLC 1Gb (128Mx8),flash,1.623,2.2,1.5,6.92,Jan.26 2026    14:40 (GMT+8)<Price Notice>,2026-02-06T14:01:17.206Z,mem_slc_1gb
2026-02-09T21:00:00.000Z,mem_slc_1gb,SLC 1Gb (128Mx8),flash,1.673,2.25,1.55,3.08,Feb.2 2026    14:40 (GMT+8)<Price Notice>,2026-02-09T14:01:59.345Z,mem_slc_1gb
2026-02-10T21:00:00.000Z,mem_slc_1gb,SLC 1Gb (128Mx8),flash,1.673,2.25,1.55,3.08,Feb.2 2026    14:40 (GMT+8)<Price Notice>,2026-02-10T14:02:08.356Z,mem_slc_1gb
2026-02-11T21:00:00.000Z,mem_slc_1gb,SLC 1Gb (128Mx8),flash,1.673,2.25,1.55,3.08,Feb.2 2026    14:40 (GMT+8)<Price Notice>,2026-02-11T14:02:08.813Z,mem_slc_1gb
2026-02-12T21:00:00.000Z,mem_slc_1gb,SLC 1Gb (128Mx8),flash,1.673,2.25,1.55,3.08,Feb.2 2026    14:40 (GMT+8)<Price Notice>,2026-02-12T14:01:33.885Z,mem_slc_1gb
2026-02-13T21:00:00.000Z,mem_slc_1gb,SLC 1Gb (128Mx8),flash,1.673,2.25,1.55,3.08,Feb.2 2026    14:40 (GMT+8)<Price Notice>,2026-02-13T14:01:53.473Z,mem_slc_1gb
2026-02-16T21:00:00.000Z,mem_slc_1gb,SLC 1Gb (128Mx8),flash,1.673,2.25,1.55,3.08,Feb.2 2026    14:40 (GMT+8)<Price Notice>,2026-02-16T14:01:15.419Z,mem_slc_1gb
2026-02-17T21:00:00.000Z,mem_slc_1gb,SLC 1Gb (128Mx8),flash,1.673,2.25,1.55,3.08,Feb.2 2026    14:40 (GMT+8)<Price Notice>,2026-02-17T14:01:55.881Z,mem_slc_1gb
2026-02-18T21:00:00.000Z,mem_slc_1gb,SLC 1Gb (128Mx8),flash,1.673,2.25,1.55,3.08,Feb.2 2026    14:40 (GMT+8)<Price Notice>,2026-02-18T14:01:56.511Z,mem_slc_1gb
2026-02-19T21:00:00.000Z,mem_slc_1gb,SLC 1Gb (128Mx8),flash,1.673,2.25,1.55,3.08,Feb.2 2026    14:40 (GMT+8)<Price Notice>,2026-02-19T14:03:01.304Z,mem_slc_1gb
2026-02-20T21:00:00.000Z,mem_slc_1gb,SLC 1Gb (128Mx8),flash,1.673,2.25,1.55,3.08,Feb.2 2026    14:40 (GMT+8)<Price Notice>,2026-02-20T14:01:37.710Z,mem_slc_1gb
2026-02-23T21:00:00.000Z,mem_slc_1gb,SLC 1Gb (128Mx8),flash,1.749,2.35,1.6,4.54,Feb.9 2026    14:40 (GMT+8)<Price Notice>,2026-02-23T14:02:38.887Z,mem_slc_1gb
2026-02-24T21:00:00.000Z,mem_slc_1gb,SLC 1Gb (128Mx8),flash,1.749,2.35,1.6,4.54,Feb.9 2026    14:40 (GMT+8)<Price Notice>,2026-02-24T14:02:04.081Z,mem_slc_1gb
2026-02-25T21:00:00.000Z,mem_slc_1gb,SLC 1Gb (128Mx8),flash,1.749,2.35,1.6,4.54,Feb.9 2026    14:40 (GMT+8)<Price Notice>,2026-02-25T14:02:08.345Z,mem_slc_1gb
2026-02-26T21:00:00.000Z,mem_slc_1gb,SLC 1Gb (128Mx8),flash,1.749,2.35,1.6,4.54,Feb.9 2026    14:40 (GMT+8)<Price Notice>,2026-02-26T14:01:43.257Z,mem_slc_1gb
2026-02-27T21:00:00.000Z,mem_slc_1gb,SLC 1Gb (128Mx8),flash,1.749,2.35,1.6,4.54,Feb.9 2026    14:40 (GMT+8)<Price Notice>,2026-02-27T14:01:52.460Z,mem_slc_1gb
2026-03-02T21:00:00.000Z,mem_slc_1gb,SLC 1Gb (128Mx8),flash,1.818,2.4,1.65,3.95,Feb.23 2026    14:40 (GMT+8)<Price Notice>,2026-03-02T14:01:45.816Z,mem_slc_1gb
2026-03-03T21:00:00.000Z,mem_slc_1gb,SLC 1Gb (128Mx8),flash,1.818,2.4,1.65,3.95,Feb.23 2026    14:40 (GMT+8)<Price Notice>,2026-03-03T14:01:56.569Z,mem_slc_1gb
2026-03-04T21:00:00.000Z,mem_slc_1gb,SLC 1Gb (128Mx8),flash,1.818,2.4,1.65,3.95,Feb.23 2026    14:40 (GMT+8)<Price Notice>,2026-03-04T14:02:15.081Z,mem_slc_1gb
2026-03-05T21:00:00.000Z,mem_slc_1gb,SLC 1Gb (128Mx8),flash,1.818,2.4,1.65,3.95,Feb.23 2026    14:40 (GMT+8)<Price Notice>,2026-03-05T14:02:35.503Z,mem_slc_1gb
2026-03-06T21:00:00.000Z,mem_slc_1gb,SLC 1Gb (128Mx8),flash,1.818,2.4,1.65,3.95,Feb.23 2026    14:40 (GMT+8)<Price Notice>,2026-03-06T14:01:29.672Z,mem_slc_1gb
2026-03-09T20:00:00.000Z,mem_slc_1gb,SLC 1Gb (128Mx8),flash,1.874,2.5,1.7,3.08,Mar.2 2026    14:40 (GMT+8)<Price Notice>,2026-03-09T13:01:36.589Z,mem_slc_1gb
2026-03-10T20:00:00.000Z,mem_slc_1gb,SLC 1Gb (128Mx8),flash,1.874,2.5,1.7,3.08,Mar.2 2026    14:40 (GMT+8)<Price Notice>,2026-03-10T13:02:23.470Z,mem_slc_1gb
2026-03-11T20:00:00.000Z,mem_slc_1gb,SLC 1Gb (128Mx8),flash,1.874,2.5,1.7,3.08,Mar.2 2026    14:40 (GMT+8)<Price Notice>,2026-03-11T13:02:25.904Z,mem_slc_1gb
2026-03-12T20:00:00.000Z,mem_slc_1gb,SLC 1Gb (128Mx8),flash,1.874,2.5,1.7,3.08,Mar.2 2026    14:40 (GMT+8)<Price Notice>,2026-03-12T13:02:16.078Z,mem_slc_1gb
2026-03-13T20:00:00.000Z,mem_slc_1gb,SLC 1Gb (128Mx8),flash,1.874,2.5,1.7,3.08,Mar.2 2026    14:40 (GMT+8)<Price Notice>,2026-03-13T13:02:21.111Z,mem_slc_1gb
2026-03-16T20:00:00.000Z,mem_slc_1gb,SLC 1Gb (128Mx8),flash,2.017,2.6,1.8,7.63,Mar.9 2026    14:40 (GMT+8)<Price Notice>,2026-03-16T13:02:45.995Z,mem_slc_1gb
2026-03-17T20:00:00.000Z,mem_slc_1gb,SLC 1Gb (128Mx8),flash,2.017,2.6,1.8,7.63,Mar.9 2026    14:40 (GMT+8)<Price Notice>,2026-03-17T13:02:03.849Z,mem_slc_1gb
2026-03-18T20:00:00.000Z,mem_slc_1gb,SLC 1Gb (128Mx8),flash,2.017,2.6,1.8,7.63,Mar.9 2026    14:40 (GMT+8)<Price Notice>,2026-03-18T13:01:43.115Z,mem_slc_1gb
2026-03-19T20:00:00.000Z,mem_slc_1gb,SLC 1Gb (128Mx8),flash,2.017,2.6,1.8,7.63,Mar.9 2026    14:40 (GMT+8)<Price Notice>,2026-03-19T13:02:15.467Z,mem_slc_1gb
2026-03-20T20:00:00.000Z,mem_slc_1gb,SLC 1Gb (128Mx8),flash,2.017,2.6,1.8,7.63,Mar.9 2026    14:40 (GMT+8)<Price Notice>,2026-03-20T13:01:39.076Z,mem_slc_1gb
2026-03-23T20:00:00.000Z,mem_slc_1gb,SLC 1Gb (128Mx8),flash,2.265,2.9,2.0,12.3,Mar.16 2026    14:40 (GMT+8)<Price Notice>,2026-03-23T13:02:20.335Z,mem_slc_1gb
2026-03-24T20:00:00.000Z,mem_slc_1gb,SLC 1Gb (128Mx8),flash,2.265,2.9,2.0,12.3,Mar.16 2026    14:40 (GMT+8)<Price Notice>,2026-03-24T13:02:47.182Z,mem_slc_1gb
2026-03-25T20:00:00.000Z,mem_slc_1gb,SLC 1Gb (128Mx8),flash,2.265,2.9,2.0,12.3,Mar.16 2026    14:40 (GMT+8)<Price Notice>,2026-03-25T13:01:40.793Z,mem_slc_1gb
2026-03-26T20:00:00.000Z,mem_slc_1gb,SLC 1Gb (128Mx8),flash,2.265,2.9,2.0,12.3,Mar.16 2026    14:40 (GMT+8)<Price Notice>,2026-03-26T13:03:07.542Z,mem_slc_1gb
2026-03-27T20:00:00.000Z,mem_slc_1gb,SLC 1Gb (128Mx8),flash,2.265,2.9,2.0,12.3,Mar.16 2026    14:40 (GMT+8)<Price Notice>,2026-03-27T13:01:53.741Z,mem_slc_1gb
2026-03-30T20:00:00.000Z,mem_slc_1gb,SLC 1Gb (128Mx8),flash,2.458,3.05,2.2,8.52,Mar.23 2026    14:40 (GMT+8)<Price Notice>,2026-03-30T13:02:54.120Z,mem_slc_1gb
2026-03-31T20:00:00.000Z,mem_slc_1gb,SLC 1Gb (128Mx8),flash,2.458,3.05,2.2,8.52,Mar.23 2026    14:40 (GMT+8)<Price Notice>,2026-03-31T13:02:38.230Z,mem_slc_1gb
2026-04-01T20:00:00.000Z,mem_slc_1gb,SLC 1Gb (128Mx8),flash,2.458,3.05,2.2,8.52,Mar.23 2026    14:40 (GMT+8)<Price Notice>,2026-04-01T13:02:53.265Z,mem_slc_1gb
2026-04-02T20:00:00.000Z,mem_slc_1gb,SLC 1Gb (128Mx8),flash,2.458,3.05,2.2,8.52,Mar.23 2026    14:40 (GMT+8)<Price Notice>,2026-04-02T13:01:39.999Z,mem_slc_1gb
2026-04-03T20:00:00.000Z,mem_slc_1gb,SLC 1Gb (128Mx8),flash,2.458,3.05,2.2,8.52,Mar.23 2026    14:40 (GMT+8)<Price Notice>,2026-04-03T13:01:34.344Z,mem_slc_1gb
2026-04-06T20:00:00.000Z,mem_slc_1gb,SLC 1Gb (128Mx8),flash,2.573,3.2,2.3,4.68,Mar.30 2026    14:40 (GMT+8)<Price Notice>,2026-04-06T13:01:27.520Z,mem_slc_1gb
2026-04-07T20:00:00.000Z,mem_slc_1gb,SLC 1Gb (128Mx8),flash,2.573,3.2,2.3,4.68,Mar.30 2026    14:40 (GMT+8)<Price Notice>,2026-04-07T13:02:09.145Z,mem_slc_1gb
2026-04-08T20:00:00.000Z,mem_slc_1gb,SLC 1Gb (128Mx8),flash,2.573,3.2,2.3,4.68,Mar.30 2026    14:40 (GMT+8)<Price Notice>,2026-04-08T13:03:47.228Z,mem_slc_1gb
2026-04-09T20:00:00.000Z,mem_slc_1gb,SLC 1Gb (128Mx8),flash,2.573,3.2,2.3,4.68,Mar.30 2026    14:40 (GMT+8)<Price Notice>,2026-04-09T13:02:15.428Z,mem_slc_1gb
2026-04-10T20:00:00.000Z,mem_slc_1gb,SLC 1Gb (128Mx8),flash,2.573,3.2,2.3,4.68,Mar.30 2026    14:40 (GMT+8)<Price Notice>,2026-04-10T13:02:23.314Z,mem_slc_1gb
2026-04-13T20:00:00.000Z,mem_slc_1gb,SLC 1Gb (128Mx8),flash,2.865,3.5,2.5,11.35,Apr.6 2026    14:40 (GMT+8)<Price Notice>,2026-04-13T13:02:06.056Z,mem_slc_1gb
2026-04-14T20:00:00.000Z,mem_slc_1gb,SLC 1Gb (128Mx8),flash,2.865,3.5,2.5,11.35,Apr.6 2026    14:40 (GMT+8)<Price Notice>,2026-04-14T13:04:52.138Z,mem_slc_1gb
2026-04-15T20:00:00.000Z,mem_slc_1gb,SLC 1Gb (128Mx8),flash,2.865,3.5,2.5,11.35,Apr.6 2026    14:40 (GMT+8)<Price Notice>,2026-04-15T13:02:44.049Z,mem_slc_1gb
2026-04-16T20:00:00.000Z,mem_slc_1gb,SLC 1Gb (128Mx8),flash,2.865,3.5,2.5,11.35,Apr.6 2026    14:40 (GMT+8)<Price Notice>,2026-04-16T13:02:05.895Z,mem_slc_1gb
2026-04-17T20:00:00.000Z,mem_slc_1gb,SLC 1Gb (128Mx8),flash,2.865,3.5,2.5,11.35,Apr.6 2026    14:40 (GMT+8)<Price Notice>,2026-04-17T13:02:40.681Z,mem_slc_1gb
2026-04-20T20:00:00.000Z,mem_slc_1gb,SLC 1Gb (128Mx8),flash,3.125,4.0,2.8,9.08,Apr.13 2026    14:40 (GMT+8)<Price Notice>,2026-04-20T13:02:05.258Z,mem_slc_1gb
2026-04-21T20:00:00.000Z,mem_slc_1gb,SLC 1Gb (128Mx8),flash,3.125,4.0,2.8,9.08,Apr.13 2026    14:40 (GMT+8)<Price Notice>,2026-04-21T13:03:22.460Z,mem_slc_1gb
2026-04-22T20:00:00.000Z,mem_slc_1gb,SLC 1Gb (128Mx8),flash,3.125,4.0,2.8,9.08,Apr.13 2026    14:40 (GMT+8)<Price Notice>,2026-04-22T13:02:12.507Z,mem_slc_1gb
2026-04-23T20:00:00.000Z,mem_slc_1gb,SLC 1Gb (128Mx8),flash,3.125,4.0,2.8,9.08,Apr.13 2026    14:40 (GMT+8)<Price Notice>,2026-04-23T13:02:19.395Z,mem_slc_1gb
2026-04-24T20:00:00.000Z,mem_slc_1gb,SLC 1Gb (128Mx8),flash,3.125,4.0,2.8,9.08,Apr.13 2026    14:40 (GMT+8)<Price Notice>,2026-04-24T13:02:50.329Z,mem_slc_1gb
2026-04-27T20:00:00.000Z,mem_slc_1gb,SLC 1Gb (128Mx8),flash,3.4,4.0,3.0,8.8,Apr.20 2026    14:40 (GMT+8)<Price Notice>,2026-04-27T13:02:40.910Z,mem_slc_1gb
2026-04-28T20:00:00.000Z,mem_slc_1gb,SLC 1Gb (128Mx8),flash,3.4,4.0,3.0,8.8,Apr.20 2026    14:40 (GMT+8)<Price Notice>,2026-04-28T13:03:58.866Z,mem_slc_1gb
2026-04-29T20:00:00.000Z,mem_slc_1gb,SLC 1Gb (128Mx8),flash,3.4,4.0,3.0,8.8,Apr.20 2026    14:40 (GMT+8)<Price Notice>,2026-04-29T13:03:44.805Z,mem_slc_1gb
2026-04-30T20:00:00.000Z,mem_slc_1gb,SLC 1Gb (128Mx8),flash,3.4,4.0,3.0,8.8,Apr.20 2026    14:40 (GMT+8)<Price Notice>,2026-04-30T13:01:45.662Z,mem_slc_1gb
2026-05-01T20:00:00.000Z,mem_slc_1gb,SLC 1Gb (128Mx8),flash,3.4,4.0,3.0,8.8,Apr.20 2026    14:40 (GMT+8)<Price Notice>,2026-05-01T13:01:43.473Z,mem_slc_1gb
2026-05-04T20:00:00.000Z,mem_slc_1gb,SLC 1Gb (128Mx8),flash,3.525,4.1,3.0,3.68,Apr.27 2026    14:40 (GMT+8)<Price Notice>,2026-05-04T13:02:45.538Z,mem_slc_1gb
2026-05-05T20:00:00.000Z,mem_slc_1gb,SLC 1Gb (128Mx8),flash,3.525,4.1,3.0,3.68,Apr.27 2026    14:40 (GMT+8)<Price Notice>,2026-05-05T13:03:09.557Z,mem_slc_1gb
2026-05-06T20:00:00.000Z,mem_slc_1gb,SLC 1Gb (128Mx8),flash,3.525,4.1,3.0,3.68,Apr.27 2026    14:40 (GMT+8)<Price Notice>,2026-05-06T13:02:08.033Z,mem_slc_1gb
2026-05-07T20:00:00.000Z,mem_slc_1gb,SLC 1Gb (128Mx8),flash,3.525,4.1,3.0,3.68,Apr.27 2026    14:40 (GMT+8)<Price Notice>,2026-05-07T13:02:08.956Z,mem_slc_1gb
2026-05-08T20:00:00.000Z,mem_slc_1gb,SLC 1Gb (128Mx8),flash,3.525,4.1,3.0,3.68,Apr.27 2026    14:40 (GMT+8)<Price Notice>,2026-05-08T13:02:22.956Z,mem_slc_1gb
2026-05-11T20:00:00.000Z,mem_slc_1gb,SLC 1Gb (128Mx8),flash,3.45,4.0,2.9,-2.13,May.4 2026    14:40 (GMT+8)<Price Notice>,2026-05-11T13:02:05.832Z,mem_slc_1gb
2026-05-12T20:00:00.000Z,mem_slc_1gb,SLC 1Gb (128Mx8),flash,3.45,4.0,2.9,-2.13,May.4 2026    14:40 (GMT+8)<Price Notice>,2026-05-12T13:02:55.027Z,mem_slc_1gb
2026-05-13T20:00:00.000Z,mem_slc_1gb,SLC 1Gb (128Mx8),flash,3.45,4.0,2.9,-2.13,May.4 2026    14:40 (GMT+8)<Price Notice>,2026-05-13T13:01:40.598Z,mem_slc_1gb
2026-05-14T20:00:00.000Z,mem_slc_1gb,SLC 1Gb (128Mx8),flash,3.45,4.0,2.9,-2.13,May.4 2026    14:40 (GMT+8)<Price Notice>,2026-05-14T13:01:13.286Z,mem_slc_1gb
2026-05-15T20:00:00.000Z,mem_slc_1gb,SLC 1Gb (128Mx8),flash,3.45,4.0,2.9,-2.13,May.4 2026    14:40 (GMT+8)<Price Notice>,2026-05-15T13:02:27.546Z,mem_slc_1gb
2026-05-18T20:00:00.000Z,mem_slc_1gb,SLC 1Gb (128Mx8),flash,3.425,3.8,3.0,-0.73,May.11 2026    14:40 (GMT+8)<Price Notice>,2026-05-18T13:02:54.638Z,mem_slc_1gb
2026-05-19T20:00:00.000Z,mem_slc_1gb,SLC 1Gb (128Mx8),flash,3.425,3.8,3.0,-0.73,May.11 2026    14:40 (GMT+8)<Price Notice>,2026-05-19T13:02:12.976Z,mem_slc_1gb
2026-05-20T20:00:00.000Z,mem_slc_1gb,SLC 1Gb (128Mx8),flash,3.425,3.8,3.0,-0.73,May.11 2026    14:40 (GMT+8)<Price Notice>,2026-05-20T13:01:53.920Z,mem_slc_1gb
2026-05-21T20:00:00.000Z,mem_slc_1gb,SLC 1Gb (128Mx8),flash,3.425,3.8,3.0,-0.73,May.11 2026    14:40 (GMT+8)<Price Notice>,2026-05-21T13:02:12.407Z,mem_slc_1gb
2026-05-22T20:00:00.000Z,mem_slc_1gb,SLC 1Gb (128Mx8),flash,3.425,3.8,3.0,-0.73,May.11 2026    14:40 (GMT+8)<Price Notice>,2026-05-22T13:02:03.111Z,mem_slc_1gb
2026-05-25T20:00:00.000Z,mem_slc_1gb,SLC 1Gb (128Mx8),flash,3.5,3.8,3.2,2.19,May.18 2026    14:40 (GMT+8)<Price Notice>,2026-05-25T13:01:11.616Z,mem_slc_1gb
2026-05-26T20:00:00.000Z,mem_slc_1gb,SLC 1Gb (128Mx8),flash,3.5,3.8,3.2,2.19,May.18 2026    14:40 (GMT+8)<Price Notice>,2026-05-26T13:02:17.041Z,mem_slc_1gb
2026-05-27T20:00:00.000Z,mem_slc_1gb,SLC 1Gb (128Mx8),flash,3.5,3.8,3.2,2.19,May.18 2026    14:40 (GMT+8)<Price Notice>,2026-05-27T13:01:31.331Z,mem_slc_1gb
2026-05-28T20:00:00.000Z,mem_slc_1gb,SLC 1Gb (128Mx8),flash,3.5,3.8,3.2,2.19,May.18 2026    14:40 (GMT+8)<Price Notice>,2026-05-28T13:03:26.760Z,mem_slc_1gb
2026-05-29T20:00:00.000Z,mem_slc_1gb,SLC 1Gb (128Mx8),flash,3.5,3.8,3.2,2.19,May.18 2026    14:40 (GMT+8)<Price Notice>,2026-05-29T13:01:36.615Z,mem_slc_1gb
2026-06-01T20:00:00.000Z,mem_slc_1gb,SLC 1Gb (128Mx8),flash,3.5,3.8,3.3,0.0,May.25 2026    14:40 (GMT+8)<Price Notice>,2026-06-01T13:02:23.114Z,mem_slc_1gb
2026-06-02T20:00:00.000Z,mem_slc_1gb,SLC 1Gb (128Mx8),flash,3.5,3.8,3.3,0.0,May.25 2026    14:40 (GMT+8)<Price Notice>,2026-06-02T13:01:46.503Z,mem_slc_1gb
2026-06-03T20:00:00.000Z,mem_slc_1gb,SLC 1Gb (128Mx8),flash,3.5,3.8,3.3,0.0,May.25 2026    14:40 (GMT+8)<Price Notice>,2026-06-03T13:01:27.103Z,mem_slc_1gb
2026-06-04T20:00:00.000Z,mem_slc_1gb,SLC 1Gb (128Mx8),flash,3.5,3.8,3.3,0.0,May.25 2026    14:40 (GMT+8)<Price Notice>,2026-06-04T13:02:15.709Z,mem_slc_1gb
2026-06-05T20:00:00.000Z,mem_slc_1gb,SLC 1Gb (128Mx8),flash,3.5,3.8,3.3,0.0,May.25 2026    14:40 (GMT+8)<Price Notice>,2026-06-05T13:02:40.269Z,mem_slc_1gb
2026-06-08T20:00:00.000Z,mem_slc_1gb,SLC 1Gb (128Mx8),flash,3.513,3.8,3.3,0.37,Jun.1 2026    14:40 (GMT+8)<Price Notice>,2026-06-08T13:01:50.898Z,mem_slc_1gb
2026-06-09T20:00:00.000Z,mem_slc_1gb,SLC 1Gb (128Mx8),flash,3.513,3.8,3.3,0.37,Jun.1 2026    14:40 (GMT+8)<Price Notice>,2026-06-09T13:02:08.889Z,mem_slc_1gb
2026-06-10T20:00:00.000Z,mem_slc_1gb,SLC 1Gb (128Mx8),flash,3.513,3.8,3.3,0.37,Jun.1 2026    14:40 (GMT+8)<Price Notice>,2026-06-10T13:02:20.696Z,mem_slc_1gb
2026-06-11T20:00:00.000Z,mem_slc_1gb,SLC 1Gb (128Mx8),flash,3.513,3.8,3.3,0.37,Jun.1 2026    14:40 (GMT+8)<Price Notice>,2026-06-11T13:02:09.646Z,mem_slc_1gb
2026-06-12T20:00:00.000Z,mem_slc_1gb,SLC 1Gb (128Mx8),flash,3.513,3.8,3.3,0.37,Jun.1 2026    14:40 (GMT+8)<Price Notice>,2026-06-12T13:02:56.198Z,mem_slc_1gb
2026-06-15T20:00:00.000Z,mem_slc_1gb,SLC 1Gb (128Mx8),flash,3.563,3.85,3.35,1.42,Jun.8 2026    14:40 (GMT+8)<Price Notice>,2026-06-15T13:02:10.420Z,mem_slc_1gb
2026-06-16T20:00:00.000Z,mem_slc_1gb,SLC 1Gb (128Mx8),flash,3.563,3.85,3.35,1.42,Jun.8 2026    14:40 (GMT+8)<Price Notice>,2026-06-16T13:03:09.279Z,mem_slc_1gb
2026-06-17T20:00:00.000Z,mem_slc_1gb,SLC 1Gb (128Mx8),flash,3.563,3.85,3.35,1.42,Jun.8 2026    14:40 (GMT+8)<Price Notice>,2026-06-17T13:02:31.302Z,mem_slc_1gb
2026-06-18T20:00:00.000Z,mem_slc_1gb,SLC 1Gb (128Mx8),flash,3.563,3.85,3.35,1.42,Jun.8 2026    14:40 (GMT+8)<Price Notice>,2026-06-18T13:01:33.279Z,mem_slc_1gb
2026-06-19T20:00:00.000Z,mem_slc_1gb,SLC 1Gb (128Mx8),flash,3.563,3.85,3.35,1.42,Jun.8 2026    14:40 (GMT+8)<Price Notice>,2026-06-19T13:02:38.118Z,mem_slc_1gb
2026-06-22T20:00:00.000Z,mem_slc_1gb,SLC 1Gb (128Mx8),flash,3.578,3.85,3.3,0.42,Jun.15 2026    14:40 (GMT+8)<Price Notice>,2026-06-22T13:01:15.397Z,mem_slc_1gb
2026-06-23T20:00:00.000Z,mem_slc_1gb,SLC 1Gb (128Mx8),flash,3.578,3.85,3.3,0.42,Jun.15 2026    14:40 (GMT+8)<Price Notice>,2026-06-23T13:01:13.955Z,mem_slc_1gb
2026-06-24T20:00:00.000Z,mem_slc_1gb,SLC 1Gb (128Mx8),flash,3.578,3.85,3.3,0.42,Jun.15 2026    14:40 (GMT+8)<Price Notice>,2026-06-24T13:01:36.408Z,mem_slc_1gb
2026-06-25T20:00:00.000Z,mem_slc_1gb,SLC 1Gb (128Mx8),flash,3.578,3.85,3.3,0.42,Jun.15 2026    14:40 (GMT+8)<Price Notice>,2026-06-25T13:03:32.627Z,mem_slc_1gb
2026-06-26T20:00:00.000Z,mem_slc_1gb,SLC 1Gb (128Mx8),flash,3.578,3.85,3.3,0.42,Jun.15 2026    14:40 (GMT+8)<Price Notice>,2026-06-26T13:02:11.814Z,mem_slc_1gb
2026-06-29T20:00:00.000Z,mem_slc_1gb,SLC 1Gb (128Mx8),flash,3.598,3.85,3.32,0.56,Jun.22 2026    14:40 (GMT+8)<Price Notice>,2026-06-29T13:02:14.376Z,mem_slc_1gb
2026-06-30T20:00:00.000Z,mem_slc_1gb,SLC 1Gb (128Mx8),flash,3.598,3.85,3.32,0.56,Jun.22 2026    14:40 (GMT+8)<Price Notice>,2026-06-30T13:01:12.514Z,mem_slc_1gb
2026-07-01T20:00:00.000Z,mem_slc_1gb,SLC 1Gb (128Mx8),flash,3.598,3.85,3.32,0.56,Jun.22 2026    14:40 (GMT+8)<Price Notice>,2026-07-01T13:02:13.833Z,mem_slc_1gb
2026-07-02T20:00:00.000Z,mem_slc_1gb,SLC 1Gb (128Mx8),flash,3.598,3.85,3.32,0.56,Jun.22 2026    14:40 (GMT+8)<Price Notice>,2026-07-02T13:01:47.874Z,mem_slc_1gb
2026-07-03T20:00:00.000Z,mem_slc_1gb,SLC 1Gb (128Mx8),flash,3.598,3.85,3.32,0.56,Jun.22 2026    14:40 (GMT+8)<Price Notice>,2026-07-03T13:02:23.584Z,mem_slc_1gb
2026-07-06T20:00:00.000Z,mem_slc_1gb,SLC 1Gb (128Mx8),flash,3.6,3.85,3.32,0.06,Jun.29 2026    14:40 (GMT+8)<Price Notice>,2026-07-06T13:01:52.377Z,mem_slc_1gb
2026-07-07T20:00:00.000Z,mem_slc_1gb,SLC 1Gb (128Mx8),flash,3.6,3.85,3.32,0.06,Jun.29 2026    14:40 (GMT+8)<Price Notice>,2026-07-07T13:02:35.935Z,mem_slc_1gb
2026-07-08T20:00:00.000Z,mem_slc_1gb,SLC 1Gb (128Mx8),flash,3.6,3.85,3.32,0.06,Jun.29 2026    14:40 (GMT+8)<Price Notice>,2026-07-08T13:02:29.977Z,mem_slc_1gb
2026-07-09T20:00:00.000Z,mem_slc_1gb,SLC 1Gb (128Mx8),flash,3.6,3.85,3.32,0.06,Jun.29 2026    14:40 (GMT+8)<Price Notice>,2026-07-09T13:02:42.912Z,mem_slc_1gb
2026-07-10T20:00:00.000Z,mem_slc_1gb,SLC 1Gb (128Mx8),flash,3.6,3.85,3.32,0.06,Jun.29 2026    14:40 (GMT+8)<Price Notice>,2026-07-10T13:02:07.843Z,mem_slc_1gb
2026-07-13T20:00:00.000Z,mem_slc_1gb,SLC 1Gb (128Mx8),flash,3.563,3.85,3.2,-1.03,Jul.6 2026    14:40 (GMT+8)<Price Notice>,2026-07-13T13:02:43.823Z,mem_slc_1gb
2024-01-01T21:00:00.000Z,mem_slc_1gb,SLC 1Gb (128Mx8),flash,0.784,,,,historical CSV backfill,2026-07-14T01:37:42.667Z,mem_slc_1gb
2026-07-14T20:00:00.000Z,mem_slc_1gb,SLC 1Gb (128Mx8),flash,3.563,3.85,3.2,-1.03,Jul.6 2026    14:40 (GMT+8)<Price Notice>,2026-07-14T13:01:15.324Z,mem_slc_1gb
2026-07-15T20:00:00.000Z,mem_slc_1gb,SLC 1Gb (128Mx8),flash,3.563,3.85,3.2,-1.03,Jul.6 2026    14:40 (GMT+8)<Price Notice>,2026-07-15T13:01:08.288Z,mem_slc_1gb
2026-07-16T20:00:00.000Z,mem_slc_1gb,SLC 1Gb (128Mx8),flash,3.563,3.85,3.2,-1.03,Jul.6 2026    14:40 (GMT+8)<Price Notice>,2026-07-16T13:02:46.897Z,mem_slc_1gb
2026-07-17T20:00:00.000Z,mem_slc_1gb,SLC 1Gb (128Mx8),flash,3.563,3.85,3.2,-1.03,Jul.6 2026    14:40 (GMT+8)<Price Notice>,2026-07-17T13:02:49.872Z,mem_slc_1gb
2026-07-20T20:00:00.000Z,mem_slc_1gb,SLC 1Gb (128Mx8),flash,3.573,3.85,3.2,0.28,Jul.13 2026    14:40 (GMT+8)<Price Notice>,2026-07-20T13:01:22.659Z,mem_slc_1gb
2026-07-21T20:00:00.000Z,mem_slc_1gb,SLC 1Gb (128Mx8),flash,3.573,3.85,3.2,0.28,Jul.13 2026    14:40 (GMT+8)<Price Notice>,2026-07-21T13:02:34.422Z,mem_slc_1gb
2026-07-22T20:00:00.000Z,mem_slc_1gb,SLC 1Gb (128Mx8),flash,3.573,3.85,3.2,0.28,Jul.13 2026    14:40 (GMT+8)<Price Notice>,2026-07-22T13:02:43.978Z,mem_slc_1gb
2026-07-23T20:00:00.000Z,mem_slc_1gb,SLC 1Gb (128Mx8),flash,3.573,3.85,3.2,0.28,Jul.13 2026    14:40 (GMT+8)<Price Notice>,2026-07-23T13:02:13.780Z,mem_slc_1gb
2026-07-24T20:00:00.000Z,mem_slc_1gb,SLC 1Gb (128Mx8),flash,3.573,3.85,3.2,0.28,Jul.13 2026    14:40 (GMT+8)<Price Notice>,2026-07-24T13:02:28.533Z,mem_slc_1gb
2026-07-27T20:00:00.000Z,mem_slc_1gb,SLC 1Gb (128Mx8),flash,3.538,3.8,3.15,-0.98,Jul.20 2026    14:40 (GMT+8)<Price Notice>,2026-07-27T20:02:47.070Z,mem_slc_1gb
2026-07-28T20:00:00.000Z,mem_slc_1gb,SLC 1Gb (128Mx8),flash,3.538,3.8,3.15,-0.98,Jul.20 2026    14:40 (GMT+8)<Price Notice>,2026-07-28T20:02:31.411Z,mem_slc_1gb
2026-07-29T20:00:00.000Z,mem_slc_1gb,SLC 1Gb (128Mx8),flash,3.538,3.8,3.15,-0.98,Jul.20 2026    14:40 (GMT+8)<Price Notice>,2026-07-29T20:02:52.292Z,mem_slc_1gb
2026-07-30T20:00:00.000Z,mem_slc_1gb,SLC 1Gb (128Mx8),flash,3.538,3.8,3.15,-0.98,Jul.20 2026    14:40 (GMT+8)<Price Notice>,2026-07-30T20:02:11.453Z,mem_slc_1gb
2026-07-31T20:00:00.000Z,mem_slc_1gb,SLC 1Gb (128Mx8),flash,3.538,3.8,3.15,-0.98,Jul.20 2026    14:40 (GMT+8)<Price Notice>,2026-07-31T20:01:49.889Z,mem_slc_1gb
2026-08-03T20:00:00.000Z,mem_slc_1gb,SLC 1Gb (128Mx8),flash,3.515,3.8,3.15,-0.65,Jul.27 2026    14:40 (GMT+8)<Price Notice>,2026-08-03T20:01:22.877Z,mem_slc_1gb
2026-08-04T20:00:00.000Z,mem_slc_1gb,SLC 1Gb (128Mx8),flash,3.515,3.8,3.15,-0.65,Jul.27 2026    14:40 (GMT+8)<Price Notice>,2026-08-04T20:01:15.160Z,mem_slc_1gb
2026-08-05T20:00:00.000Z,mem_slc_1gb,SLC 1Gb (128Mx8),flash,3.515,3.8,3.15,-0.65,Jul.27 2026    14:40 (GMT+8)<Price Notice>,2026-08-05T20:02:43.953Z,mem_slc_1gb
2026-08-06T20:00:00.000Z,mem_slc_1gb,SLC 1Gb (128Mx8),flash,3.515,3.8,3.15,-0.65,Jul.27 2026    14:40 (GMT+8)<Price Notice>,2026-08-06T20:01:55.342Z,mem_slc_1gb
2026-08-07T20:00:00.000Z,mem_slc_1gb,SLC 1Gb (128Mx8),flash,3.515,3.8,3.15,-0.65,Jul.27 2026    14:40 (GMT+8)<Price Notice>,2026-08-07T20:02:31.314Z,mem_slc_1gb
2026-08-10T20:00:00.000Z,mem_slc_1gb,SLC 1Gb (128Mx8),flash,3.525,3.8,3.15,0.28,Aug.3 2026    14:40 (GMT+8)<Price Notice>,2026-08-10T20:01:50.891Z,mem_slc_1gb
2026-08-11T20:00:00.000Z,mem_slc_1gb,SLC 1Gb (128Mx8),flash,3.525,3.8,3.15,0.28,Aug.3 2026    14:40 (GMT+8)<Price Notice>,2026-08-11T20:02:04.894Z,mem_slc_1gb
2026-08-12T20:00:00.000Z,mem_slc_1gb,SLC 1Gb (128Mx8),flash,3.525,3.8,3.15,0.28,Aug.3 2026    14:40 (GMT+8)<Price Notice>,2026-08-12T20:01:26.613Z,mem_slc_1gb
2026-08-13T20:00:00.000Z,mem_slc_1gb,SLC 1Gb (128Mx8),flash,3.525,3.8,3.15,0.28,Aug.3 2026    14:40 (GMT+8)<Price Notice>,2026-08-13T20:02:28.391Z,mem_slc_1gb
2026-08-14T20:00:00.000Z,mem_slc_1gb,SLC 1Gb (128Mx8),flash,3.525,3.8,3.15,0.28,Aug.3 2026    14:40 (GMT+8)<Price Notice>,2026-08-14T20:01:13.862Z,mem_slc_1gb
2026-08-17T20:00:00.000Z,mem_slc_1gb,SLC 1Gb (128Mx8),flash,3.495,3.8,3.15,-0.85,Aug.10 2026    14:40 (GMT+8)<Price Notice>,2026-08-17T20:01:36.925Z,mem_slc_1gb
2026-08-18T20:00:00.000Z,mem_slc_1gb,SLC 1Gb (128Mx8),flash,3.495,3.8,3.15,-0.85,Aug.10 2026    14:40 (GMT+8)<Price Notice>,2026-08-18T20:03:16.187Z,mem_slc_1gb
2026-08-19T20:00:00.000Z,mem_slc_1gb,SLC 1Gb (128Mx8),flash,3.495,3.8,3.15,-0.85,Aug.10 2026    14:40 (GMT+8)<Price Notice>,2026-08-19T20:02:20.844Z,mem_slc_1gb
2026-08-20T20:00:00.000Z,mem_slc_1gb,SLC 1Gb (128Mx8),flash,3.495,3.8,3.15,-0.85,Aug.10 2026    14:40 (GMT+8)<Price Notice>,2026-08-20T20:03:28.179Z,mem_slc_1gb
2026-08-21T20:00:00.000Z,mem_slc_1gb,SLC 1Gb (128Mx8),flash,3.495,3.8,3.15,-0.85,Aug.10 2026    14:40 (GMT+8)<Price Notice>,2026-08-21T20:02:16.258Z,mem_slc_1gb
2026-08-24T20:00:00.000Z,mem_slc_1gb,SLC 1Gb (128Mx8),flash,3.48,3.75,3.13,-0.43,Aug.17 2026    14:40 (GMT+8)<Price Notice>,2026-08-24T20:02:25.006Z,mem_slc_1gb
2026-08-25T20:00:00.000Z,mem_slc_1gb,SLC 1Gb (128Mx8),flash,3.48,3.75,3.13,-0.43,Aug.17 2026    14:40 (GMT+8)<Price Notice>,2026-08-25T20:02:53.059Z,mem_slc_1gb
2026-08-26T20:00:00.000Z,mem_slc_1gb,SLC 1Gb (128Mx8),flash,3.48,3.75,3.13,-0.43,Aug.17 2026    14:40 (GMT+8)<Price Notice>,2026-08-26T20:02:53.992Z,mem_slc_1gb
2026-08-27T20:00:00.000Z,mem_slc_1gb,SLC 1Gb (128Mx8),flash,3.48,3.75,3.13,-0.43,Aug.17 2026    14:40 (GMT+8)<Price Notice>,2026-08-27T20:02:14.743Z,mem_slc_1gb
2026-08-28T20:00:00.000Z,mem_slc_1gb,SLC 1Gb (128Mx8),flash,3.48,3.75,3.13,-0.43,Aug.17 2026    14:40 (GMT+8)<Price Notice>,2026-08-28T20:02:32.935Z,mem_slc_1gb
2026-08-31T20:00:00.000Z,mem_slc_1gb,SLC 1Gb (128Mx8),flash,3.445,3.7,3.0,-1.01,Aug.24 2026    14:40 (GMT+8)<Price Notice>,2026-08-31T20:02:02.069Z,mem_slc_1gb
2025-10-08T20:00:00.000Z,mem_slc_2gb,SLC 2Gb (256Mx8),flash,1.076,,,1.41,Sep.29 2025    14:40,2026-01-08T03:24:34.248Z,mem_slc_2gb
2026-01-07T21:00:00.000Z,mem_slc_2gb,SLC 2Gb (256Mx8),flash,1.579,2.1,1.4,2.14,Dec.29 2025    14:40 (GMT+8)<Price Notice>,2026-01-08T03:31:26.126Z,mem_slc_2gb
2026-01-08T21:00:00.000Z,mem_slc_2gb,SLC 2Gb (256Mx8),flash,1.579,2.1,1.4,2.14,Dec.29 2025    14:40 (GMT+8)<Price Notice>,2026-01-08T14:02:23.018Z,mem_slc_2gb
2026-01-09T21:00:00.000Z,mem_slc_2gb,SLC 2Gb (256Mx8),flash,1.579,2.1,1.4,2.14,Dec.29 2025    14:40 (GMT+8)<Price Notice>,2026-01-09T14:01:32.464Z,mem_slc_2gb
2026-01-12T21:00:00.000Z,mem_slc_2gb,SLC 2Gb (256Mx8),flash,1.667,2.2,1.45,5.57,Jan.5 2026    14:40 (GMT+8)<Price Notice>,2026-01-12T14:01:37.605Z,mem_slc_2gb
2026-01-13T21:00:00.000Z,mem_slc_2gb,SLC 2Gb (256Mx8),flash,1.667,2.2,1.45,5.57,Jan.5 2026    14:40 (GMT+8)<Price Notice>,2026-01-13T14:01:26.924Z,mem_slc_2gb
2026-01-14T21:00:00.000Z,mem_slc_2gb,SLC 2Gb (256Mx8),flash,1.667,2.2,1.45,5.57,Jan.5 2026    14:40 (GMT+8)<Price Notice>,2026-01-14T14:01:03.695Z,mem_slc_2gb
2026-01-15T21:00:00.000Z,mem_slc_2gb,SLC 2Gb (256Mx8),flash,1.667,2.2,1.45,5.57,Jan.5 2026    14:40 (GMT+8)<Price Notice>,2026-01-15T14:01:37.352Z,mem_slc_2gb
2026-01-16T21:00:00.000Z,mem_slc_2gb,SLC 2Gb (256Mx8),flash,1.667,2.2,1.45,5.57,Jan.5 2026    14:40 (GMT+8)<Price Notice>,2026-01-16T14:01:57.038Z,mem_slc_2gb
2026-01-19T21:00:00.000Z,mem_slc_2gb,SLC 2Gb (256Mx8),flash,1.722,2.2,1.5,3.3,Jan.12 2026    14:40 (GMT+8)<Price Notice>,2026-01-19T14:01:38.770Z,mem_slc_2gb
2026-01-20T21:00:00.000Z,mem_slc_2gb,SLC 2Gb (256Mx8),flash,1.722,2.2,1.5,3.3,Jan.12 2026    14:40 (GMT+8)<Price Notice>,2026-01-20T14:01:04.009Z,mem_slc_2gb
2026-01-21T21:00:00.000Z,mem_slc_2gb,SLC 2Gb (256Mx8),flash,1.722,2.2,1.5,3.3,Jan.12 2026    14:40 (GMT+8)<Price Notice>,2026-01-21T14:01:09.164Z,mem_slc_2gb
2026-01-22T21:00:00.000Z,mem_slc_2gb,SLC 2Gb (256Mx8),flash,1.722,2.2,1.5,3.3,Jan.12 2026    14:40 (GMT+8)<Price Notice>,2026-01-22T14:01:54.515Z,mem_slc_2gb
2026-01-23T21:00:00.000Z,mem_slc_2gb,SLC 2Gb (256Mx8),flash,1.722,2.2,1.5,3.3,Jan.12 2026    14:40 (GMT+8)<Price Notice>,2026-01-23T14:01:50.243Z,mem_slc_2gb
2026-01-26T21:00:00.000Z,mem_slc_2gb,SLC 2Gb (256Mx8),flash,1.832,2.3,1.6,6.39,Jan.19 2026    14:40 (GMT+8)<Price Notice>,2026-01-26T14:02:40.087Z,mem_slc_2gb
2026-01-27T21:00:00.000Z,mem_slc_2gb,SLC 2Gb (256Mx8),flash,1.832,2.3,1.6,6.39,Jan.19 2026    14:40 (GMT+8)<Price Notice>,2026-01-27T14:01:56.839Z,mem_slc_2gb
2026-01-28T21:00:00.000Z,mem_slc_2gb,SLC 2Gb (256Mx8),flash,1.832,2.3,1.6,6.39,Jan.19 2026    14:40 (GMT+8)<Price Notice>,2026-01-28T14:03:03.538Z,mem_slc_2gb
2026-01-29T21:00:00.000Z,mem_slc_2gb,SLC 2Gb (256Mx8),flash,1.832,2.3,1.6,6.39,Jan.19 2026    14:40 (GMT+8)<Price Notice>,2026-01-29T14:01:57.611Z,mem_slc_2gb
2026-01-30T21:00:00.000Z,mem_slc_2gb,SLC 2Gb (256Mx8),flash,1.832,2.3,1.6,6.39,Jan.19 2026    14:40 (GMT+8)<Price Notice>,2026-01-30T14:01:40.814Z,mem_slc_2gb
2026-02-02T21:00:00.000Z,mem_slc_2gb,SLC 2Gb (256Mx8),flash,1.967,2.4,1.7,7.37,Jan.26 2026    14:40 (GMT+8)<Price Notice>,2026-02-02T14:03:38.237Z,mem_slc_2gb
2026-02-03T21:00:00.000Z,mem_slc_2gb,SLC 2Gb (256Mx8),flash,1.967,2.4,1.7,7.37,Jan.26 2026    14:40 (GMT+8)<Price Notice>,2026-02-03T14:02:24.155Z,mem_slc_2gb
2026-02-04T21:00:00.000Z,mem_slc_2gb,SLC 2Gb (256Mx8),flash,1.967,2.4,1.7,7.37,Jan.26 2026    14:40 (GMT+8)<Price Notice>,2026-02-04T14:02:16.866Z,mem_slc_2gb
2026-02-05T21:00:00.000Z,mem_slc_2gb,SLC 2Gb (256Mx8),flash,1.967,2.4,1.7,7.37,Jan.26 2026    14:40 (GMT+8)<Price Notice>,2026-02-05T14:02:40.711Z,mem_slc_2gb
2026-02-06T21:00:00.000Z,mem_slc_2gb,SLC 2Gb (256Mx8),flash,1.967,2.4,1.7,7.37,Jan.26 2026    14:40 (GMT+8)<Price Notice>,2026-02-06T14:01:17.206Z,mem_slc_2gb
2026-02-09T21:00:00.000Z,mem_slc_2gb,SLC 2Gb (256Mx8),flash,2.028,2.5,1.75,3.1,Feb.2 2026    14:40 (GMT+8)<Price Notice>,2026-02-09T14:01:59.345Z,mem_slc_2gb
2026-02-10T21:00:00.000Z,mem_slc_2gb,SLC 2Gb (256Mx8),flash,2.028,2.5,1.75,3.1,Feb.2 2026    14:40 (GMT+8)<Price Notice>,2026-02-10T14:02:08.356Z,mem_slc_2gb
2026-02-11T21:00:00.000Z,mem_slc_2gb,SLC 2Gb (256Mx8),flash,2.028,2.5,1.75,3.1,Feb.2 2026    14:40 (GMT+8)<Price Notice>,2026-02-11T14:02:08.813Z,mem_slc_2gb
2026-02-12T21:00:00.000Z,mem_slc_2gb,SLC 2Gb (256Mx8),flash,2.028,2.5,1.75,3.1,Feb.2 2026    14:40 (GMT+8)<Price Notice>,2026-02-12T14:01:33.885Z,mem_slc_2gb
2026-02-13T21:00:00.000Z,mem_slc_2gb,SLC 2Gb (256Mx8),flash,2.028,2.5,1.75,3.1,Feb.2 2026    14:40 (GMT+8)<Price Notice>,2026-02-13T14:01:53.473Z,mem_slc_2gb
2026-02-16T21:00:00.000Z,mem_slc_2gb,SLC 2Gb (256Mx8),flash,2.028,2.5,1.75,3.1,Feb.2 2026    14:40 (GMT+8)<Price Notice>,2026-02-16T14:01:15.419Z,mem_slc_2gb
2026-02-17T21:00:00.000Z,mem_slc_2gb,SLC 2Gb (256Mx8),flash,2.028,2.5,1.75,3.1,Feb.2 2026    14:40 (GMT+8)<Price Notice>,2026-02-17T14:01:55.881Z,mem_slc_2gb
2026-02-18T21:00:00.000Z,mem_slc_2gb,SLC 2Gb (256Mx8),flash,2.028,2.5,1.75,3.1,Feb.2 2026    14:40 (GMT+8)<Price Notice>,2026-02-18T14:01:56.511Z,mem_slc_2gb
2026-02-19T21:00:00.000Z,mem_slc_2gb,SLC 2Gb (256Mx8),flash,2.028,2.5,1.75,3.1,Feb.2 2026    14:40 (GMT+8)<Price Notice>,2026-02-19T14:03:01.304Z,mem_slc_2gb
2026-02-20T21:00:00.000Z,mem_slc_2gb,SLC 2Gb (256Mx8),flash,2.028,2.5,1.75,3.1,Feb.2 2026    14:40 (GMT+8)<Price Notice>,2026-02-20T14:01:37.710Z,mem_slc_2gb
2026-02-23T21:00:00.000Z,mem_slc_2gb,SLC 2Gb (256Mx8),flash,2.1,2.6,1.85,3.55,Feb.9 2026    14:40 (GMT+8)<Price Notice>,2026-02-23T14:02:38.887Z,mem_slc_2gb
2026-02-24T21:00:00.000Z,mem_slc_2gb,SLC 2Gb (256Mx8),flash,2.1,2.6,1.85,3.55,Feb.9 2026    14:40 (GMT+8)<Price Notice>,2026-02-24T14:02:04.081Z,mem_slc_2gb
2026-02-25T21:00:00.000Z,mem_slc_2gb,SLC 2Gb (256Mx8),flash,2.1,2.6,1.85,3.55,Feb.9 2026    14:40 (GMT+8)<Price Notice>,2026-02-25T14:02:08.345Z,mem_slc_2gb
2026-02-26T21:00:00.000Z,mem_slc_2gb,SLC 2Gb (256Mx8),flash,2.1,2.6,1.85,3.55,Feb.9 2026    14:40 (GMT+8)<Price Notice>,2026-02-26T14:01:43.257Z,mem_slc_2gb
2026-02-27T21:00:00.000Z,mem_slc_2gb,SLC 2Gb (256Mx8),flash,2.1,2.6,1.85,3.55,Feb.9 2026    14:40 (GMT+8)<Price Notice>,2026-02-27T14:01:52.460Z,mem_slc_2gb
2026-03-02T21:00:00.000Z,mem_slc_2gb,SLC 2Gb (256Mx8),flash,2.189,2.8,1.9,4.24,Feb.23 2026    14:40 (GMT+8)<Price Notice>,2026-03-02T14:01:45.816Z,mem_slc_2gb
2026-03-03T21:00:00.000Z,mem_slc_2gb,SLC 2Gb (256Mx8),flash,2.189,2.8,1.9,4.24,Feb.23 2026    14:40 (GMT+8)<Price Notice>,2026-03-03T14:01:56.569Z,mem_slc_2gb
2026-03-04T21:00:00.000Z,mem_slc_2gb,SLC 2Gb (256Mx8),flash,2.189,2.8,1.9,4.24,Feb.23 2026    14:40 (GMT+8)<Price Notice>,2026-03-04T14:02:15.081Z,mem_slc_2gb
2026-03-05T21:00:00.000Z,mem_slc_2gb,SLC 2Gb (256Mx8),flash,2.189,2.8,1.9,4.24,Feb.23 2026    14:40 (GMT+8)<Price Notice>,2026-03-05T14:02:35.503Z,mem_slc_2gb
2026-03-06T21:00:00.000Z,mem_slc_2gb,SLC 2Gb (256Mx8),flash,2.189,2.8,1.9,4.24,Feb.23 2026    14:40 (GMT+8)<Price Notice>,2026-03-06T14:01:29.672Z,mem_slc_2gb
2026-03-09T20:00:00.000Z,mem_slc_2gb,SLC 2Gb (256Mx8),flash,2.25,2.8,1.95,2.79,Mar.2 2026    14:40 (GMT+8)<Price Notice>,2026-03-09T13:01:36.589Z,mem_slc_2gb
2026-03-10T20:00:00.000Z,mem_slc_2gb,SLC 2Gb (256Mx8),flash,2.25,2.8,1.95,2.79,Mar.2 2026    14:40 (GMT+8)<Price Notice>,2026-03-10T13:02:23.470Z,mem_slc_2gb
2026-03-11T20:00:00.000Z,mem_slc_2gb,SLC 2Gb (256Mx8),flash,2.25,2.8,1.95,2.79,Mar.2 2026    14:40 (GMT+8)<Price Notice>,2026-03-11T13:02:25.904Z,mem_slc_2gb
2026-03-12T20:00:00.000Z,mem_slc_2gb,SLC 2Gb (256Mx8),flash,2.25,2.8,1.95,2.79,Mar.2 2026    14:40 (GMT+8)<Price Notice>,2026-03-12T13:02:16.078Z,mem_slc_2gb
2026-03-13T20:00:00.000Z,mem_slc_2gb,SLC 2Gb (256Mx8),flash,2.25,2.8,1.95,2.79,Mar.2 2026    14:40 (GMT+8)<Price Notice>,2026-03-13T13:02:21.111Z,mem_slc_2gb
2026-03-16T20:00:00.000Z,mem_slc_2gb,SLC 2Gb (256Mx8),flash,2.467,3.0,2.0,9.64,Mar.9 2026    14:40 (GMT+8)<Price Notice>,2026-03-16T13:02:45.995Z,mem_slc_2gb
2026-03-17T20:00:00.000Z,mem_slc_2gb,SLC 2Gb (256Mx8),flash,2.467,3.0,2.0,9.64,Mar.9 2026    14:40 (GMT+8)<Price Notice>,2026-03-17T13:02:03.849Z,mem_slc_2gb
2026-03-18T20:00:00.000Z,mem_slc_2gb,SLC 2Gb (256Mx8),flash,2.467,3.0,2.0,9.64,Mar.9 2026    14:40 (GMT+8)<Price Notice>,2026-03-18T13:01:43.115Z,mem_slc_2gb
2026-03-19T20:00:00.000Z,mem_slc_2gb,SLC 2Gb (256Mx8),flash,2.467,3.0,2.0,9.64,Mar.9 2026    14:40 (GMT+8)<Price Notice>,2026-03-19T13:02:15.467Z,mem_slc_2gb
2026-03-20T20:00:00.000Z,mem_slc_2gb,SLC 2Gb (256Mx8),flash,2.467,3.0,2.0,9.64,Mar.9 2026    14:40 (GMT+8)<Price Notice>,2026-03-20T13:01:39.076Z,mem_slc_2gb
2026-03-23T20:00:00.000Z,mem_slc_2gb,SLC 2Gb (256Mx8),flash,2.733,3.3,2.35,10.78,Mar.16 2026    14:40 (GMT+8)<Price Notice>,2026-03-23T13:02:20.335Z,mem_slc_2gb
2026-03-24T20:00:00.000Z,mem_slc_2gb,SLC 2Gb (256Mx8),flash,2.733,3.3,2.35,10.78,Mar.16 2026    14:40 (GMT+8)<Price Notice>,2026-03-24T13:02:47.182Z,mem_slc_2gb
2026-03-25T20:00:00.000Z,mem_slc_2gb,SLC 2Gb (256Mx8),flash,2.733,3.3,2.35,10.78,Mar.16 2026    14:40 (GMT+8)<Price Notice>,2026-03-25T13:01:40.793Z,mem_slc_2gb
2026-03-26T20:00:00.000Z,mem_slc_2gb,SLC 2Gb (256Mx8),flash,2.733,3.3,2.35,10.78,Mar.16 2026    14:40 (GMT+8)<Price Notice>,2026-03-26T13:03:07.542Z,mem_slc_2gb
2026-03-27T20:00:00.000Z,mem_slc_2gb,SLC 2Gb (256Mx8),flash,2.733,3.3,2.35,10.78,Mar.16 2026    14:40 (GMT+8)<Price Notice>,2026-03-27T13:01:53.741Z,mem_slc_2gb
2026-03-30T20:00:00.000Z,mem_slc_2gb,SLC 2Gb (256Mx8),flash,2.989,3.6,2.5,9.37,Mar.23 2026    14:40 (GMT+8)<Price Notice>,2026-03-30T13:02:54.120Z,mem_slc_2gb
2026-03-31T20:00:00.000Z,mem_slc_2gb,SLC 2Gb (256Mx8),flash,2.989,3.6,2.5,9.37,Mar.23 2026    14:40 (GMT+8)<Price Notice>,2026-03-31T13:02:38.230Z,mem_slc_2gb
2026-04-01T20:00:00.000Z,mem_slc_2gb,SLC 2Gb (256Mx8),flash,2.989,3.6,2.5,9.37,Mar.23 2026    14:40 (GMT+8)<Price Notice>,2026-04-01T13:02:53.265Z,mem_slc_2gb
2026-04-02T20:00:00.000Z,mem_slc_2gb,SLC 2Gb (256Mx8),flash,2.989,3.6,2.5,9.37,Mar.23 2026    14:40 (GMT+8)<Price Notice>,2026-04-02T13:01:39.999Z,mem_slc_2gb
2026-04-03T20:00:00.000Z,mem_slc_2gb,SLC 2Gb (256Mx8),flash,2.989,3.6,2.5,9.37,Mar.23 2026    14:40 (GMT+8)<Price Notice>,2026-04-03T13:01:34.344Z,mem_slc_2gb
2026-04-06T20:00:00.000Z,mem_slc_2gb,SLC 2Gb (256Mx8),flash,3.089,3.7,2.6,3.35,Mar.30 2026    14:40 (GMT+8)<Price Notice>,2026-04-06T13:01:27.520Z,mem_slc_2gb
2026-04-07T20:00:00.000Z,mem_slc_2gb,SLC 2Gb (256Mx8),flash,3.089,3.7,2.6,3.35,Mar.30 2026    14:40 (GMT+8)<Price Notice>,2026-04-07T13:02:09.145Z,mem_slc_2gb
2026-04-08T20:00:00.000Z,mem_slc_2gb,SLC 2Gb (256Mx8),flash,3.089,3.7,2.6,3.35,Mar.30 2026    14:40 (GMT+8)<Price Notice>,2026-04-08T13:03:47.228Z,mem_slc_2gb
2026-04-09T20:00:00.000Z,mem_slc_2gb,SLC 2Gb (256Mx8),flash,3.089,3.7,2.6,3.35,Mar.30 2026    14:40 (GMT+8)<Price Notice>,2026-04-09T13:02:15.428Z,mem_slc_2gb
2026-04-10T20:00:00.000Z,mem_slc_2gb,SLC 2Gb (256Mx8),flash,3.089,3.7,2.6,3.35,Mar.30 2026    14:40 (GMT+8)<Price Notice>,2026-04-10T13:02:23.314Z,mem_slc_2gb
2026-04-13T20:00:00.000Z,mem_slc_2gb,SLC 2Gb (256Mx8),flash,3.411,4.2,3.0,10.42,Apr.6 2026    14:40 (GMT+8)<Price Notice>,2026-04-13T13:02:06.056Z,mem_slc_2gb
2026-04-14T20:00:00.000Z,mem_slc_2gb,SLC 2Gb (256Mx8),flash,3.411,4.2,3.0,10.42,Apr.6 2026    14:40 (GMT+8)<Price Notice>,2026-04-14T13:04:52.138Z,mem_slc_2gb
2026-04-15T20:00:00.000Z,mem_slc_2gb,SLC 2Gb (256Mx8),flash,3.411,4.2,3.0,10.42,Apr.6 2026    14:40 (GMT+8)<Price Notice>,2026-04-15T13:02:44.049Z,mem_slc_2gb
2026-04-16T20:00:00.000Z,mem_slc_2gb,SLC 2Gb (256Mx8),flash,3.411,4.2,3.0,10.42,Apr.6 2026    14:40 (GMT+8)<Price Notice>,2026-04-16T13:02:05.895Z,mem_slc_2gb
2026-04-17T20:00:00.000Z,mem_slc_2gb,SLC 2Gb (256Mx8),flash,3.411,4.2,3.0,10.42,Apr.6 2026    14:40 (GMT+8)<Price Notice>,2026-04-17T13:02:40.681Z,mem_slc_2gb
2026-04-20T20:00:00.000Z,mem_slc_2gb,SLC 2Gb (256Mx8),flash,3.678,4.2,3.3,7.83,Apr.13 2026    14:40 (GMT+8)<Price Notice>,2026-04-20T13:02:05.258Z,mem_slc_2gb
2026-04-21T20:00:00.000Z,mem_slc_2gb,SLC 2Gb (256Mx8),flash,3.678,4.2,3.3,7.83,Apr.13 2026    14:40 (GMT+8)<Price Notice>,2026-04-21T13:03:22.460Z,mem_slc_2gb
2026-04-22T20:00:00.000Z,mem_slc_2gb,SLC 2Gb (256Mx8),flash,3.678,4.2,3.3,7.83,Apr.13 2026    14:40 (GMT+8)<Price Notice>,2026-04-22T13:02:12.507Z,mem_slc_2gb
2026-04-23T20:00:00.000Z,mem_slc_2gb,SLC 2Gb (256Mx8),flash,3.678,4.2,3.3,7.83,Apr.13 2026    14:40 (GMT+8)<Price Notice>,2026-04-23T13:02:19.395Z,mem_slc_2gb
2026-04-24T20:00:00.000Z,mem_slc_2gb,SLC 2Gb (256Mx8),flash,3.678,4.2,3.3,7.83,Apr.13 2026    14:40 (GMT+8)<Price Notice>,2026-04-24T13:02:50.329Z,mem_slc_2gb
2026-04-27T20:00:00.000Z,mem_slc_2gb,SLC 2Gb (256Mx8),flash,3.9,4.3,3.5,6.04,Apr.20 2026    14:40 (GMT+8)<Price Notice>,2026-04-27T13:02:40.910Z,mem_slc_2gb
2026-04-28T20:00:00.000Z,mem_slc_2gb,SLC 2Gb (256Mx8),flash,3.9,4.3,3.5,6.04,Apr.20 2026    14:40 (GMT+8)<Price Notice>,2026-04-28T13:03:58.866Z,mem_slc_2gb
2026-04-29T20:00:00.000Z,mem_slc_2gb,SLC 2Gb (256Mx8),flash,3.9,4.3,3.5,6.04,Apr.20 2026    14:40 (GMT+8)<Price Notice>,2026-04-29T13:03:44.805Z,mem_slc_2gb
2026-04-30T20:00:00.000Z,mem_slc_2gb,SLC 2Gb (256Mx8),flash,3.9,4.3,3.5,6.04,Apr.20 2026    14:40 (GMT+8)<Price Notice>,2026-04-30T13:01:45.662Z,mem_slc_2gb
2026-05-01T20:00:00.000Z,mem_slc_2gb,SLC 2Gb (256Mx8),flash,3.9,4.3,3.5,6.04,Apr.20 2026    14:40 (GMT+8)<Price Notice>,2026-05-01T13:01:43.473Z,mem_slc_2gb
2026-05-04T20:00:00.000Z,mem_slc_2gb,SLC 2Gb (256Mx8),flash,3.9,4.5,3.5,0.0,Apr.27 2026    14:40 (GMT+8)<Price Notice>,2026-05-04T13:02:45.538Z,mem_slc_2gb
2026-05-05T20:00:00.000Z,mem_slc_2gb,SLC 2Gb (256Mx8),flash,3.9,4.5,3.5,0.0,Apr.27 2026    14:40 (GMT+8)<Price Notice>,2026-05-05T13:03:09.557Z,mem_slc_2gb
2026-05-06T20:00:00.000Z,mem_slc_2gb,SLC 2Gb (256Mx8),flash,3.9,4.5,3.5,0.0,Apr.27 2026    14:40 (GMT+8)<Price Notice>,2026-05-06T13:02:08.033Z,mem_slc_2gb
2026-05-07T20:00:00.000Z,mem_slc_2gb,SLC 2Gb (256Mx8),flash,3.9,4.5,3.5,0.0,Apr.27 2026    14:40 (GMT+8)<Price Notice>,2026-05-07T13:02:08.956Z,mem_slc_2gb
2026-05-08T20:00:00.000Z,mem_slc_2gb,SLC 2Gb (256Mx8),flash,3.9,4.5,3.5,0.0,Apr.27 2026    14:40 (GMT+8)<Price Notice>,2026-05-08T13:02:22.956Z,mem_slc_2gb
2026-05-11T20:00:00.000Z,mem_slc_2gb,SLC 2Gb (256Mx8),flash,3.75,4.5,3.0,-3.85,May.4 2026    14:40 (GMT+8)<Price Notice>,2026-05-11T13:02:05.832Z,mem_slc_2gb
2026-05-12T20:00:00.000Z,mem_slc_2gb,SLC 2Gb (256Mx8),flash,3.75,4.5,3.0,-3.85,May.4 2026    14:40 (GMT+8)<Price Notice>,2026-05-12T13:02:55.027Z,mem_slc_2gb
2026-05-13T20:00:00.000Z,mem_slc_2gb,SLC 2Gb (256Mx8),flash,3.75,4.5,3.0,-3.85,May.4 2026    14:40 (GMT+8)<Price Notice>,2026-05-13T13:01:40.598Z,mem_slc_2gb
2026-05-14T20:00:00.000Z,mem_slc_2gb,SLC 2Gb (256Mx8),flash,3.75,4.5,3.0,-3.85,May.4 2026    14:40 (GMT+8)<Price Notice>,2026-05-14T13:01:13.286Z,mem_slc_2gb
2026-05-15T20:00:00.000Z,mem_slc_2gb,SLC 2Gb (256Mx8),flash,3.75,4.5,3.0,-3.85,May.4 2026    14:40 (GMT+8)<Price Notice>,2026-05-15T13:02:27.546Z,mem_slc_2gb
2026-05-18T20:00:00.000Z,mem_slc_2gb,SLC 2Gb (256Mx8),flash,3.725,4.5,3.0,-0.67,May.11 2026    14:40 (GMT+8)<Price Notice>,2026-05-18T13:02:54.638Z,mem_slc_2gb
2026-05-19T20:00:00.000Z,mem_slc_2gb,SLC 2Gb (256Mx8),flash,3.725,4.5,3.0,-0.67,May.11 2026    14:40 (GMT+8)<Price Notice>,2026-05-19T13:02:12.976Z,mem_slc_2gb
2026-05-20T20:00:00.000Z,mem_slc_2gb,SLC 2Gb (256Mx8),flash,3.725,4.5,3.0,-0.67,May.11 2026    14:40 (GMT+8)<Price Notice>,2026-05-20T13:01:53.920Z,mem_slc_2gb
2026-05-21T20:00:00.000Z,mem_slc_2gb,SLC 2Gb (256Mx8),flash,3.725,4.5,3.0,-0.67,May.11 2026    14:40 (GMT+8)<Price Notice>,2026-05-21T13:02:12.407Z,mem_slc_2gb
2026-05-22T20:00:00.000Z,mem_slc_2gb,SLC 2Gb (256Mx8),flash,3.725,4.5,3.0,-0.67,May.11 2026    14:40 (GMT+8)<Price Notice>,2026-05-22T13:02:03.111Z,mem_slc_2gb
2026-05-25T20:00:00.000Z,mem_slc_2gb,SLC 2Gb (256Mx8),flash,3.775,4.6,3.1,1.34,May.18 2026    14:40 (GMT+8)<Price Notice>,2026-05-25T13:01:11.616Z,mem_slc_2gb
2026-05-26T20:00:00.000Z,mem_slc_2gb,SLC 2Gb (256Mx8),flash,3.775,4.6,3.1,1.34,May.18 2026    14:40 (GMT+8)<Price Notice>,2026-05-26T13:02:17.041Z,mem_slc_2gb
2026-05-27T20:00:00.000Z,mem_slc_2gb,SLC 2Gb (256Mx8),flash,3.775,4.6,3.1,1.34,May.18 2026    14:40 (GMT+8)<Price Notice>,2026-05-27T13:01:31.331Z,mem_slc_2gb
2026-05-28T20:00:00.000Z,mem_slc_2gb,SLC 2Gb (256Mx8),flash,3.775,4.6,3.1,1.34,May.18 2026    14:40 (GMT+8)<Price Notice>,2026-05-28T13:03:26.760Z,mem_slc_2gb
2026-05-29T20:00:00.000Z,mem_slc_2gb,SLC 2Gb (256Mx8),flash,3.775,4.6,3.1,1.34,May.18 2026    14:40 (GMT+8)<Price Notice>,2026-05-29T13:01:36.615Z,mem_slc_2gb
2026-06-01T20:00:00.000Z,mem_slc_2gb,SLC 2Gb (256Mx8),flash,3.795,4.4,3.3,0.53,May.25 2026    14:40 (GMT+8)<Price Notice>,2026-06-01T13:02:23.114Z,mem_slc_2gb
2026-06-02T20:00:00.000Z,mem_slc_2gb,SLC 2Gb (256Mx8),flash,3.795,4.4,3.3,0.53,May.25 2026    14:40 (GMT+8)<Price Notice>,2026-06-02T13:01:46.503Z,mem_slc_2gb
2026-06-03T20:00:00.000Z,mem_slc_2gb,SLC 2Gb (256Mx8),flash,3.795,4.4,3.3,0.53,May.25 2026    14:40 (GMT+8)<Price Notice>,2026-06-03T13:01:27.103Z,mem_slc_2gb
2026-06-04T20:00:00.000Z,mem_slc_2gb,SLC 2Gb (256Mx8),flash,3.795,4.4,3.3,0.53,May.25 2026    14:40 (GMT+8)<Price Notice>,2026-06-04T13:02:15.709Z,mem_slc_2gb
2026-06-05T20:00:00.000Z,mem_slc_2gb,SLC 2Gb (256Mx8),flash,3.795,4.4,3.3,0.53,May.25 2026    14:40 (GMT+8)<Price Notice>,2026-06-05T13:02:40.269Z,mem_slc_2gb
2026-06-08T20:00:00.000Z,mem_slc_2gb,SLC 2Gb (256Mx8),flash,3.825,4.5,3.45,0.79,Jun.1 2026    14:40 (GMT+8)<Price Notice>,2026-06-08T13:01:50.898Z,mem_slc_2gb
2026-06-09T20:00:00.000Z,mem_slc_2gb,SLC 2Gb (256Mx8),flash,3.825,4.5,3.45,0.79,Jun.1 2026    14:40 (GMT+8)<Price Notice>,2026-06-09T13:02:08.889Z,mem_slc_2gb
2026-06-10T20:00:00.000Z,mem_slc_2gb,SLC 2Gb (256Mx8),flash,3.825,4.5,3.45,0.79,Jun.1 2026    14:40 (GMT+8)<Price Notice>,2026-06-10T13:02:20.696Z,mem_slc_2gb
2026-06-11T20:00:00.000Z,mem_slc_2gb,SLC 2Gb (256Mx8),flash,3.825,4.5,3.45,0.79,Jun.1 2026    14:40 (GMT+8)<Price Notice>,2026-06-11T13:02:09.646Z,mem_slc_2gb
2026-06-12T20:00:00.000Z,mem_slc_2gb,SLC 2Gb (256Mx8),flash,3.825,4.5,3.45,0.79,Jun.1 2026    14:40 (GMT+8)<Price Notice>,2026-06-12T13:02:56.198Z,mem_slc_2gb
2026-06-15T20:00:00.000Z,mem_slc_2gb,SLC 2Gb (256Mx8),flash,3.9,4.5,3.6,1.96,Jun.8 2026    14:40 (GMT+8)<Price Notice>,2026-06-15T13:02:10.420Z,mem_slc_2gb
2026-06-16T20:00:00.000Z,mem_slc_2gb,SLC 2Gb (256Mx8),flash,3.9,4.5,3.6,1.96,Jun.8 2026    14:40 (GMT+8)<Price Notice>,2026-06-16T13:03:09.279Z,mem_slc_2gb
2026-06-17T20:00:00.000Z,mem_slc_2gb,SLC 2Gb (256Mx8),flash,3.9,4.5,3.6,1.96,Jun.8 2026    14:40 (GMT+8)<Price Notice>,2026-06-17T13:02:31.302Z,mem_slc_2gb
2026-06-18T20:00:00.000Z,mem_slc_2gb,SLC 2Gb (256Mx8),flash,3.9,4.5,3.6,1.96,Jun.8 2026    14:40 (GMT+8)<Price Notice>,2026-06-18T13:01:33.279Z,mem_slc_2gb
2026-06-19T20:00:00.000Z,mem_slc_2gb,SLC 2Gb (256Mx8),flash,3.9,4.5,3.6,1.96,Jun.8 2026    14:40 (GMT+8)<Price Notice>,2026-06-19T13:02:38.118Z,mem_slc_2gb
2026-06-22T20:00:00.000Z,mem_slc_2gb,SLC 2Gb (256Mx8),flash,3.913,4.5,3.55,0.33,Jun.15 2026    14:40 (GMT+8)<Price Notice>,2026-06-22T13:01:15.397Z,mem_slc_2gb
2026-06-23T20:00:00.000Z,mem_slc_2gb,SLC 2Gb (256Mx8),flash,3.913,4.5,3.55,0.33,Jun.15 2026    14:40 (GMT+8)<Price Notice>,2026-06-23T13:01:13.955Z,mem_slc_2gb
2026-06-24T20:00:00.000Z,mem_slc_2gb,SLC 2Gb (256Mx8),flash,3.913,4.5,3.55,0.33,Jun.15 2026    14:40 (GMT+8)<Price Notice>,2026-06-24T13:01:36.408Z,mem_slc_2gb
2026-06-25T20:00:00.000Z,mem_slc_2gb,SLC 2Gb (256Mx8),flash,3.913,4.5,3.55,0.33,Jun.15 2026    14:40 (GMT+8)<Price Notice>,2026-06-25T13:03:32.627Z,mem_slc_2gb
2026-06-26T20:00:00.000Z,mem_slc_2gb,SLC 2Gb (256Mx8),flash,3.913,4.5,3.55,0.33,Jun.15 2026    14:40 (GMT+8)<Price Notice>,2026-06-26T13:02:11.814Z,mem_slc_2gb
2026-06-29T20:00:00.000Z,mem_slc_2gb,SLC 2Gb (256Mx8),flash,3.92,4.5,3.52,0.18,Jun.22 2026    14:40 (GMT+8)<Price Notice>,2026-06-29T13:02:14.376Z,mem_slc_2gb
2026-06-30T20:00:00.000Z,mem_slc_2gb,SLC 2Gb (256Mx8),flash,3.92,4.5,3.52,0.18,Jun.22 2026    14:40 (GMT+8)<Price Notice>,2026-06-30T13:01:12.514Z,mem_slc_2gb
2026-07-01T20:00:00.000Z,mem_slc_2gb,SLC 2Gb (256Mx8),flash,3.92,4.5,3.52,0.18,Jun.22 2026    14:40 (GMT+8)<Price Notice>,2026-07-01T13:02:13.833Z,mem_slc_2gb
2026-07-02T20:00:00.000Z,mem_slc_2gb,SLC 2Gb (256Mx8),flash,3.92,4.5,3.52,0.18,Jun.22 2026    14:40 (GMT+8)<Price Notice>,2026-07-02T13:01:47.874Z,mem_slc_2gb
2026-07-03T20:00:00.000Z,mem_slc_2gb,SLC 2Gb (256Mx8),flash,3.92,4.5,3.52,0.18,Jun.22 2026    14:40 (GMT+8)<Price Notice>,2026-07-03T13:02:23.584Z,mem_slc_2gb
2026-07-06T20:00:00.000Z,mem_slc_2gb,SLC 2Gb (256Mx8),flash,3.935,4.5,3.55,0.38,Jun.29 2026    14:40 (GMT+8)<Price Notice>,2026-07-06T13:01:52.377Z,mem_slc_2gb
2026-07-07T20:00:00.000Z,mem_slc_2gb,SLC 2Gb (256Mx8),flash,3.935,4.5,3.55,0.38,Jun.29 2026    14:40 (GMT+8)<Price Notice>,2026-07-07T13:02:35.935Z,mem_slc_2gb
2026-07-08T20:00:00.000Z,mem_slc_2gb,SLC 2Gb (256Mx8),flash,3.935,4.5,3.55,0.38,Jun.29 2026    14:40 (GMT+8)<Price Notice>,2026-07-08T13:02:29.977Z,mem_slc_2gb
2026-07-09T20:00:00.000Z,mem_slc_2gb,SLC 2Gb (256Mx8),flash,3.935,4.5,3.55,0.38,Jun.29 2026    14:40 (GMT+8)<Price Notice>,2026-07-09T13:02:42.912Z,mem_slc_2gb
2026-07-10T20:00:00.000Z,mem_slc_2gb,SLC 2Gb (256Mx8),flash,3.935,4.5,3.55,0.38,Jun.29 2026    14:40 (GMT+8)<Price Notice>,2026-07-10T13:02:07.843Z,mem_slc_2gb
2026-07-13T20:00:00.000Z,mem_slc_2gb,SLC 2Gb (256Mx8),flash,4.038,4.55,3.7,2.62,Jul.6 2026    14:40 (GMT+8)<Price Notice>,2026-07-13T13:02:43.823Z,mem_slc_2gb
2024-01-01T21:00:00.000Z,mem_slc_2gb,SLC 2Gb (256Mx8),flash,0.772,,,,historical CSV backfill,2026-07-14T01:37:42.667Z,mem_slc_2gb
2026-07-14T20:00:00.000Z,mem_slc_2gb,SLC 2Gb (256Mx8),flash,4.038,4.55,3.7,2.62,Jul.6 2026    14:40 (GMT+8)<Price Notice>,2026-07-14T13:01:15.324Z,mem_slc_2gb
2026-07-15T20:00:00.000Z,mem_slc_2gb,SLC 2Gb (256Mx8),flash,4.038,4.55,3.7,2.62,Jul.6 2026    14:40 (GMT+8)<Price Notice>,2026-07-15T13:01:08.288Z,mem_slc_2gb
2026-07-16T20:00:00.000Z,mem_slc_2gb,SLC 2Gb (256Mx8),flash,4.038,4.55,3.7,2.62,Jul.6 2026    14:40 (GMT+8)<Price Notice>,2026-07-16T13:02:46.897Z,mem_slc_2gb
2026-07-17T20:00:00.000Z,mem_slc_2gb,SLC 2Gb (256Mx8),flash,4.038,4.55,3.7,2.62,Jul.6 2026    14:40 (GMT+8)<Price Notice>,2026-07-17T13:02:49.872Z,mem_slc_2gb
2026-07-20T20:00:00.000Z,mem_slc_2gb,SLC 2Gb (256Mx8),flash,4.045,4.55,3.75,0.17,Jul.13 2026    14:40 (GMT+8)<Price Notice>,2026-07-20T13:01:22.659Z,mem_slc_2gb
2026-07-21T20:00:00.000Z,mem_slc_2gb,SLC 2Gb (256Mx8),flash,4.045,4.55,3.75,0.17,Jul.13 2026    14:40 (GMT+8)<Price Notice>,2026-07-21T13:02:34.422Z,mem_slc_2gb
2026-07-22T20:00:00.000Z,mem_slc_2gb,SLC 2Gb (256Mx8),flash,4.045,4.55,3.75,0.17,Jul.13 2026    14:40 (GMT+8)<Price Notice>,2026-07-22T13:02:43.978Z,mem_slc_2gb
2026-07-23T20:00:00.000Z,mem_slc_2gb,SLC 2Gb (256Mx8),flash,4.045,4.55,3.75,0.17,Jul.13 2026    14:40 (GMT+8)<Price Notice>,2026-07-23T13:02:13.780Z,mem_slc_2gb
2026-07-24T20:00:00.000Z,mem_slc_2gb,SLC 2Gb (256Mx8),flash,4.045,4.55,3.75,0.17,Jul.13 2026    14:40 (GMT+8)<Price Notice>,2026-07-24T13:02:28.533Z,mem_slc_2gb
2026-07-27T20:00:00.000Z,mem_slc_2gb,SLC 2Gb (256Mx8),flash,4.093,4.6,3.8,1.19,Jul.20 2026    14:40 (GMT+8)<Price Notice>,2026-07-27T20:02:47.070Z,mem_slc_2gb
2026-07-28T20:00:00.000Z,mem_slc_2gb,SLC 2Gb (256Mx8),flash,4.093,4.6,3.8,1.19,Jul.20 2026    14:40 (GMT+8)<Price Notice>,2026-07-28T20:02:31.411Z,mem_slc_2gb
2026-07-29T20:00:00.000Z,mem_slc_2gb,SLC 2Gb (256Mx8),flash,4.093,4.6,3.8,1.19,Jul.20 2026    14:40 (GMT+8)<Price Notice>,2026-07-29T20:02:52.292Z,mem_slc_2gb
2026-07-30T20:00:00.000Z,mem_slc_2gb,SLC 2Gb (256Mx8),flash,4.093,4.6,3.8,1.19,Jul.20 2026    14:40 (GMT+8)<Price Notice>,2026-07-30T20:02:11.453Z,mem_slc_2gb
2026-07-31T20:00:00.000Z,mem_slc_2gb,SLC 2Gb (256Mx8),flash,4.093,4.6,3.8,1.19,Jul.20 2026    14:40 (GMT+8)<Price Notice>,2026-07-31T20:01:49.889Z,mem_slc_2gb
2026-08-03T20:00:00.000Z,mem_slc_2gb,SLC 2Gb (256Mx8),flash,4.2,4.6,3.9,2.61,Jul.27 2026    14:40 (GMT+8)<Price Notice>,2026-08-03T20:01:22.877Z,mem_slc_2gb
2026-08-04T20:00:00.000Z,mem_slc_2gb,SLC 2Gb (256Mx8),flash,4.2,4.6,3.9,2.61,Jul.27 2026    14:40 (GMT+8)<Price Notice>,2026-08-04T20:01:15.160Z,mem_slc_2gb
2026-08-05T20:00:00.000Z,mem_slc_2gb,SLC 2Gb (256Mx8),flash,4.2,4.6,3.9,2.61,Jul.27 2026    14:40 (GMT+8)<Price Notice>,2026-08-05T20:02:43.953Z,mem_slc_2gb
2026-08-06T20:00:00.000Z,mem_slc_2gb,SLC 2Gb (256Mx8),flash,4.2,4.6,3.9,2.61,Jul.27 2026    14:40 (GMT+8)<Price Notice>,2026-08-06T20:01:55.342Z,mem_slc_2gb
2026-08-07T20:00:00.000Z,mem_slc_2gb,SLC 2Gb (256Mx8),flash,4.2,4.6,3.9,2.61,Jul.27 2026    14:40 (GMT+8)<Price Notice>,2026-08-07T20:02:31.314Z,mem_slc_2gb
2026-08-10T20:00:00.000Z,mem_slc_2gb,SLC 2Gb (256Mx8),flash,4.275,4.7,3.95,1.79,Aug.3 2026    14:40 (GMT+8)<Price Notice>,2026-08-10T20:01:50.891Z,mem_slc_2gb
2026-08-11T20:00:00.000Z,mem_slc_2gb,SLC 2Gb (256Mx8),flash,4.275,4.7,3.95,1.79,Aug.3 2026    14:40 (GMT+8)<Price Notice>,2026-08-11T20:02:04.894Z,mem_slc_2gb
2026-08-12T20:00:00.000Z,mem_slc_2gb,SLC 2Gb (256Mx8),flash,4.275,4.7,3.95,1.79,Aug.3 2026    14:40 (GMT+8)<Price Notice>,2026-08-12T20:01:26.613Z,mem_slc_2gb
2026-08-13T20:00:00.000Z,mem_slc_2gb,SLC 2Gb (256Mx8),flash,4.275,4.7,3.95,1.79,Aug.3 2026    14:40 (GMT+8)<Price Notice>,2026-08-13T20:02:28.391Z,mem_slc_2gb
2026-08-14T20:00:00.000Z,mem_slc_2gb,SLC 2Gb (256Mx8),flash,4.275,4.7,3.95,1.79,Aug.3 2026    14:40 (GMT+8)<Price Notice>,2026-08-14T20:01:13.862Z,mem_slc_2gb
2026-08-17T20:00:00.000Z,mem_slc_2gb,SLC 2Gb (256Mx8),flash,4.3,4.7,4.0,0.59,Aug.10 2026    14:40 (GMT+8)<Price Notice>,2026-08-17T20:01:36.925Z,mem_slc_2gb
2026-08-18T20:00:00.000Z,mem_slc_2gb,SLC 2Gb (256Mx8),flash,4.3,4.7,4.0,0.59,Aug.10 2026    14:40 (GMT+8)<Price Notice>,2026-08-18T20:03:16.187Z,mem_slc_2gb
2026-08-19T20:00:00.000Z,mem_slc_2gb,SLC 2Gb (256Mx8),flash,4.3,4.7,4.0,0.59,Aug.10 2026    14:40 (GMT+8)<Price Notice>,2026-08-19T20:02:20.844Z,mem_slc_2gb
2026-08-20T20:00:00.000Z,mem_slc_2gb,SLC 2Gb (256Mx8),flash,4.3,4.7,4.0,0.59,Aug.10 2026    14:40 (GMT+8)<Price Notice>,2026-08-20T20:03:28.179Z,mem_slc_2gb
2026-08-21T20:00:00.000Z,mem_slc_2gb,SLC 2Gb (256Mx8),flash,4.3,4.7,4.0,0.59,Aug.10 2026    14:40 (GMT+8)<Price Notice>,2026-08-21T20:02:16.258Z,mem_slc_2gb
2026-08-24T20:00:00.000Z,mem_slc_2gb,SLC 2Gb (256Mx8),flash,4.283,4.65,4.0,-0.4,Aug.17 2026    14:40 (GMT+8)<Price Notice>,2026-08-24T20:02:25.006Z,mem_slc_2gb
2026-08-25T20:00:00.000Z,mem_slc_2gb,SLC 2Gb (256Mx8),flash,4.283,4.65,4.0,-0.4,Aug.17 2026    14:40 (GMT+8)<Price Notice>,2026-08-25T20:02:53.059Z,mem_slc_2gb
2026-08-26T20:00:00.000Z,mem_slc_2gb,SLC 2Gb (256Mx8),flash,4.283,4.65,4.0,-0.4,Aug.17 2026    14:40 (GMT+8)<Price Notice>,2026-08-26T20:02:53.992Z,mem_slc_2gb
2026-08-27T20:00:00.000Z,mem_slc_2gb,SLC 2Gb (256Mx8),flash,4.283,4.65,4.0,-0.4,Aug.17 2026    14:40 (GMT+8)<Price Notice>,2026-08-27T20:02:14.743Z,mem_slc_2gb
2026-08-28T20:00:00.000Z,mem_slc_2gb,SLC 2Gb (256Mx8),flash,4.283,4.65,4.0,-0.4,Aug.17 2026    14:40 (GMT+8)<Price Notice>,2026-08-28T20:02:32.935Z,mem_slc_2gb
2026-08-31T20:00:00.000Z,mem_slc_2gb,SLC 2Gb (256Mx8),flash,4.285,4.6,4.08,0.05,Aug.24 2026    14:40 (GMT+8)<Price Notice>,2026-08-31T20:02:02.069Z,mem_slc_2gb
2025-11-24T21:00:00.000Z,mem_ddr4_udimm_16gb,DDR4 UDIMM 16GB 3200,module,50.233,,,12.5,Nov.17 2025    14:40,2026-01-08T03:24:34.248Z,mem_ddr4_udimm_16gb
2026-01-07T21:00:00.000Z,mem_ddr4_udimm_16gb,DDR4 UDIMM 16GB 3200,module,84.667,98.0,70.0,6.37,Jan.8 2026    11:00 (GMT+8)<Price Notice>,2026-01-08T03:31:26.126Z,mem_ddr4_udimm_16gb
2026-01-08T21:00:00.000Z,mem_ddr4_udimm_16gb,DDR4 UDIMM 16GB 3200,module,84.667,98.0,70.0,6.37,Jan.8 2026    18:10 (GMT+8)<Price Notice>,2026-01-08T14:02:23.018Z,mem_ddr4_udimm_16gb
2026-01-09T21:00:00.000Z,mem_ddr4_udimm_16gb,DDR4 UDIMM 16GB 3200,module,84.667,98.0,70.0,6.37,Jan.9 2026    18:10 (GMT+8)<Price Notice>,2026-01-09T14:01:32.464Z,mem_ddr4_udimm_16gb
2026-01-12T21:00:00.000Z,mem_ddr4_udimm_16gb,DDR4 UDIMM 16GB 3200,module,89.333,115.0,80.0,5.51,Jan.12 2026    18:10 (GMT+8)<Price Notice>,2026-01-12T14:01:37.605Z,mem_ddr4_udimm_16gb
2026-01-13T21:00:00.000Z,mem_ddr4_udimm_16gb,DDR4 UDIMM 16GB 3200,module,89.333,115.0,80.0,5.51,Jan.13 2026    18:10 (GMT+8)<Price Notice>,2026-01-13T14:01:26.924Z,mem_ddr4_udimm_16gb
2026-01-14T21:00:00.000Z,mem_ddr4_udimm_16gb,DDR4 UDIMM 16GB 3200,module,89.333,115.0,80.0,5.51,Jan.14 2026    18:10 (GMT+8)<Price Notice>,2026-01-14T14:01:03.695Z,mem_ddr4_udimm_16gb
2026-01-15T21:00:00.000Z,mem_ddr4_udimm_16gb,DDR4 UDIMM 16GB 3200,module,89.333,115.0,80.0,5.51,Jan.15 2026    18:10 (GMT+8)<Price Notice>,2026-01-15T14:01:37.352Z,mem_ddr4_udimm_16gb
2026-01-16T21:00:00.000Z,mem_ddr4_udimm_16gb,DDR4 UDIMM 16GB 3200,module,89.333,115.0,80.0,5.51,Jan.16 2026    18:10 (GMT+8)<Price Notice>,2026-01-16T14:01:57.038Z,mem_ddr4_udimm_16gb
2026-01-19T21:00:00.000Z,mem_ddr4_udimm_16gb,DDR4 UDIMM 16GB 3200,module,94.0,130.0,85.0,5.22,Jan.19 2026    18:10 (GMT+8)<Price Notice>,2026-01-19T14:01:38.770Z,mem_ddr4_udimm_16gb
2026-01-20T21:00:00.000Z,mem_ddr4_udimm_16gb,DDR4 UDIMM 16GB 3200,module,94.0,130.0,85.0,5.22,Jan.20 2026    18:10 (GMT+8)<Price Notice>,2026-01-20T14:01:04.009Z,mem_ddr4_udimm_16gb
2026-01-21T21:00:00.000Z,mem_ddr4_udimm_16gb,DDR4 UDIMM 16GB 3200,module,94.0,130.0,85.0,5.22,Jan.21 2026    18:10 (GMT+8)<Price Notice>,2026-01-21T14:01:09.164Z,mem_ddr4_udimm_16gb
2026-01-22T21:00:00.000Z,mem_ddr4_udimm_16gb,DDR4 UDIMM 16GB 3200,module,94.0,130.0,85.0,5.22,Jan.22 2026    18:10 (GMT+8)<Price Notice>,2026-01-22T14:01:54.515Z,mem_ddr4_udimm_16gb
2026-01-23T21:00:00.000Z,mem_ddr4_udimm_16gb,DDR4 UDIMM 16GB 3200,module,94.0,130.0,85.0,5.22,Jan.23 2026    18:10 (GMT+8)<Price Notice>,2026-01-23T14:01:50.243Z,mem_ddr4_udimm_16gb
2026-01-26T21:00:00.000Z,mem_ddr4_udimm_16gb,DDR4 UDIMM 16GB 3200,module,99.667,140.0,88.0,6.03,Jan.26 2026    18:10 (GMT+8)<Price Notice>,2026-01-26T14:02:40.087Z,mem_ddr4_udimm_16gb
2026-01-27T21:00:00.000Z,mem_ddr4_udimm_16gb,DDR4 UDIMM 16GB 3200,module,99.667,140.0,88.0,6.03,Jan.27 2026    18:10 (GMT+8)<Price Notice>,2026-01-27T14:01:56.839Z,mem_ddr4_udimm_16gb
2026-01-28T21:00:00.000Z,mem_ddr4_udimm_16gb,DDR4 UDIMM 16GB 3200,module,99.667,140.0,88.0,6.03,Jan.28 2026    18:10 (GMT+8)<Price Notice>,2026-01-28T14:03:03.538Z,mem_ddr4_udimm_16gb
2026-01-29T21:00:00.000Z,mem_ddr4_udimm_16gb,DDR4 UDIMM 16GB 3200,module,99.667,140.0,88.0,6.03,Jan.29 2026    18:10 (GMT+8)<Price Notice>,2026-01-29T14:01:57.611Z,mem_ddr4_udimm_16gb
2026-01-30T21:00:00.000Z,mem_ddr4_udimm_16gb,DDR4 UDIMM 16GB 3200,module,99.667,140.0,88.0,6.03,Jan.30 2026    18:10 (GMT+8)<Price Notice>,2026-01-30T14:01:40.814Z,mem_ddr4_udimm_16gb
2026-02-02T21:00:00.000Z,mem_ddr4_udimm_16gb,DDR4 UDIMM 16GB 3200,module,110.0,145.0,95.0,10.37,Feb.2 2026    18:10 (GMT+8)<Price Notice>,2026-02-02T14:03:38.237Z,mem_ddr4_udimm_16gb
2026-02-03T21:00:00.000Z,mem_ddr4_udimm_16gb,DDR4 UDIMM 16GB 3200,module,110.0,145.0,95.0,10.37,Feb.3 2026    18:10 (GMT+8)<Price Notice>,2026-02-03T14:02:24.155Z,mem_ddr4_udimm_16gb
2026-02-04T21:00:00.000Z,mem_ddr4_udimm_16gb,DDR4 UDIMM 16GB 3200,module,110.0,145.0,95.0,10.37,Feb.4 2026    18:10 (GMT+8)<Price Notice>,2026-02-04T14:02:16.866Z,mem_ddr4_udimm_16gb
2026-02-05T21:00:00.000Z,mem_ddr4_udimm_16gb,DDR4 UDIMM 16GB 3200,module,110.0,145.0,95.0,10.37,Feb.5 2026    18:10 (GMT+8)<Price Notice>,2026-02-05T14:02:40.711Z,mem_ddr4_udimm_16gb
2026-02-06T21:00:00.000Z,mem_ddr4_udimm_16gb,DDR4 UDIMM 16GB 3200,module,110.0,145.0,95.0,10.37,Feb.6 2026    18:10 (GMT+8)<Price Notice>,2026-02-06T14:01:17.206Z,mem_ddr4_udimm_16gb
2026-02-09T21:00:00.000Z,mem_ddr4_udimm_16gb,DDR4 UDIMM 16GB 3200,module,118.333,145.0,100.0,7.58,Feb.9 2026    18:10 (GMT+8)<Price Notice>,2026-02-09T14:01:59.345Z,mem_ddr4_udimm_16gb
2026-02-10T21:00:00.000Z,mem_ddr4_udimm_16gb,DDR4 UDIMM 16GB 3200,module,118.333,145.0,100.0,7.58,Feb.10 2026    18:10 (GMT+8)<Price Notice>,2026-02-10T14:02:08.356Z,mem_ddr4_udimm_16gb
2026-02-11T21:00:00.000Z,mem_ddr4_udimm_16gb,DDR4 UDIMM 16GB 3200,module,118.333,145.0,100.0,7.58,Feb.11 2026    18:10 (GMT+8)<Price Notice>,2026-02-11T14:02:08.813Z,mem_ddr4_udimm_16gb
2026-02-12T21:00:00.000Z,mem_ddr4_udimm_16gb,DDR4 UDIMM 16GB 3200,module,118.333,145.0,100.0,7.58,Feb.12 2026    18:10 (GMT+8)<Price Notice>,2026-02-12T14:01:33.885Z,mem_ddr4_udimm_16gb
2026-02-13T21:00:00.000Z,mem_ddr4_udimm_16gb,DDR4 UDIMM 16GB 3200,module,118.333,145.0,100.0,7.58,Feb.13 2026    18:10 (GMT+8)<Price Notice>,2026-02-13T14:01:53.473Z,mem_ddr4_udimm_16gb
2026-02-16T21:00:00.000Z,mem_ddr4_udimm_16gb,DDR4 UDIMM 16GB 3200,module,118.333,145.0,100.0,7.58,Feb.13 2026    18:10 (GMT+8)<Price Notice>,2026-02-16T14:01:15.419Z,mem_ddr4_udimm_16gb
2026-02-17T21:00:00.000Z,mem_ddr4_udimm_16gb,DDR4 UDIMM 16GB 3200,module,118.333,145.0,100.0,7.58,Feb.13 2026    18:10 (GMT+8)<Price Notice>,2026-02-17T14:01:55.881Z,mem_ddr4_udimm_16gb
2026-02-18T21:00:00.000Z,mem_ddr4_udimm_16gb,DDR4 UDIMM 16GB 3200,module,118.333,145.0,100.0,7.58,Feb.13 2026    18:10 (GMT+8)<Price Notice>,2026-02-18T14:01:56.511Z,mem_ddr4_udimm_16gb
2026-02-19T21:00:00.000Z,mem_ddr4_udimm_16gb,DDR4 UDIMM 16GB 3200,module,118.333,145.0,100.0,7.58,Feb.13 2026    18:10 (GMT+8)<Price Notice>,2026-02-19T14:03:01.304Z,mem_ddr4_udimm_16gb
2026-02-20T21:00:00.000Z,mem_ddr4_udimm_16gb,DDR4 UDIMM 16GB 3200,module,118.333,145.0,100.0,7.58,Feb.13 2026    18:10 (GMT+8)<Price Notice>,2026-02-20T14:01:37.710Z,mem_ddr4_udimm_16gb
2026-02-23T21:00:00.000Z,mem_ddr4_udimm_16gb,DDR4 UDIMM 16GB 3200,module,121.0,148.0,105.0,2.25,Feb.23 2026    18:10 (GMT+8)<Price Notice>,2026-02-23T14:02:38.887Z,mem_ddr4_udimm_16gb
2026-02-24T21:00:00.000Z,mem_ddr4_udimm_16gb,DDR4 UDIMM 16GB 3200,module,121.0,148.0,105.0,2.25,Feb.24 2026    18:10 (GMT+8)<Price Notice>,2026-02-24T14:02:04.081Z,mem_ddr4_udimm_16gb
2026-02-25T21:00:00.000Z,mem_ddr4_udimm_16gb,DDR4 UDIMM 16GB 3200,module,121.0,148.0,105.0,2.25,Feb.25 2026    18:10 (GMT+8)<Price Notice>,2026-02-25T14:02:08.345Z,mem_ddr4_udimm_16gb
2026-02-26T21:00:00.000Z,mem_ddr4_udimm_16gb,DDR4 UDIMM 16GB 3200,module,121.0,148.0,105.0,2.25,Feb.26 2026    18:10 (GMT+8)<Price Notice>,2026-02-26T14:01:43.257Z,mem_ddr4_udimm_16gb
2026-02-27T21:00:00.000Z,mem_ddr4_udimm_16gb,DDR4 UDIMM 16GB 3200,module,121.0,148.0,105.0,2.25,Feb.27 2026    18:10 (GMT+8)<Price Notice>,2026-02-27T14:01:52.460Z,mem_ddr4_udimm_16gb
2026-03-02T21:00:00.000Z,mem_ddr4_udimm_16gb,DDR4 UDIMM 16GB 3200,module,122.667,148.0,105.0,1.38,Mar.2 2026    18:10 (GMT+8)<Price Notice>,2026-03-02T14:01:45.816Z,mem_ddr4_udimm_16gb
2026-03-03T21:00:00.000Z,mem_ddr4_udimm_16gb,DDR4 UDIMM 16GB 3200,module,122.667,148.0,105.0,1.38,Mar.3 2026    18:10 (GMT+8)<Price Notice>,2026-03-03T14:01:56.569Z,mem_ddr4_udimm_16gb
2026-03-04T21:00:00.000Z,mem_ddr4_udimm_16gb,DDR4 UDIMM 16GB 3200,module,122.667,148.0,105.0,1.38,Mar.4 2026    18:10 (GMT+8)<Price Notice>,2026-03-04T14:02:15.081Z,mem_ddr4_udimm_16gb
2026-03-05T21:00:00.000Z,mem_ddr4_udimm_16gb,DDR4 UDIMM 16GB 3200,module,122.667,148.0,105.0,1.38,Mar.5 2026    18:10 (GMT+8)<Price Notice>,2026-03-05T14:02:35.503Z,mem_ddr4_udimm_16gb
2026-03-06T21:00:00.000Z,mem_ddr4_udimm_16gb,DDR4 UDIMM 16GB 3200,module,122.667,148.0,105.0,1.38,Mar.6 2026    18:10 (GMT+8)<Price Notice>,2026-03-06T14:01:29.672Z,mem_ddr4_udimm_16gb
2026-03-09T20:00:00.000Z,mem_ddr4_udimm_16gb,DDR4 UDIMM 16GB 3200,module,123.333,145.0,107.0,0.54,Mar.9 2026    18:10 (GMT+8)<Price Notice>,2026-03-09T13:01:36.589Z,mem_ddr4_udimm_16gb
2026-03-10T20:00:00.000Z,mem_ddr4_udimm_16gb,DDR4 UDIMM 16GB 3200,module,123.333,145.0,107.0,0.54,Mar.10 2026    18:10 (GMT+8)<Price Notice>,2026-03-10T13:02:23.470Z,mem_ddr4_udimm_16gb
2026-03-11T20:00:00.000Z,mem_ddr4_udimm_16gb,DDR4 UDIMM 16GB 3200,module,123.333,145.0,107.0,0.54,Mar.11 2026    18:10 (GMT+8)<Price Notice>,2026-03-11T13:02:25.904Z,mem_ddr4_udimm_16gb
2026-03-12T20:00:00.000Z,mem_ddr4_udimm_16gb,DDR4 UDIMM 16GB 3200,module,123.333,145.0,107.0,0.54,Mar.12 2026    18:10 (GMT+8)<Price Notice>,2026-03-12T13:02:16.078Z,mem_ddr4_udimm_16gb
2026-03-13T20:00:00.000Z,mem_ddr4_udimm_16gb,DDR4 UDIMM 16GB 3200,module,123.333,145.0,107.0,0.54,Mar.13 2026    18:10 (GMT+8)<Price Notice>,2026-03-13T13:02:21.111Z,mem_ddr4_udimm_16gb
2026-03-16T20:00:00.000Z,mem_ddr4_udimm_16gb,DDR4 UDIMM 16GB 3200,module,126.667,160.0,115.0,2.7,Mar.16 2026    18:10 (GMT+8)<Price Notice>,2026-03-16T13:02:45.995Z,mem_ddr4_udimm_16gb
2026-03-17T20:00:00.000Z,mem_ddr4_udimm_16gb,DDR4 UDIMM 16GB 3200,module,126.667,160.0,115.0,2.7,Mar.17 2026    18:10 (GMT+8)<Price Notice>,2026-03-17T13:02:03.849Z,mem_ddr4_udimm_16gb
2026-03-18T20:00:00.000Z,mem_ddr4_udimm_16gb,DDR4 UDIMM 16GB 3200,module,126.667,160.0,115.0,2.7,Mar.18 2026    18:10 (GMT+8)<Price Notice>,2026-03-18T13:01:43.115Z,mem_ddr4_udimm_16gb
2026-03-19T20:00:00.000Z,mem_ddr4_udimm_16gb,DDR4 UDIMM 16GB 3200,module,126.667,160.0,115.0,2.7,Mar.19 2026    18:10 (GMT+8)<Price Notice>,2026-03-19T13:02:15.467Z,mem_ddr4_udimm_16gb
2026-03-20T20:00:00.000Z,mem_ddr4_udimm_16gb,DDR4 UDIMM 16GB 3200,module,126.667,160.0,115.0,2.7,Mar.20 2026    18:10 (GMT+8)<Price Notice>,2026-03-20T13:01:39.076Z,mem_ddr4_udimm_16gb
2026-03-23T20:00:00.000Z,mem_ddr4_udimm_16gb,DDR4 UDIMM 16GB 3200,module,132.333,162.0,120.0,4.47,Mar.23 2026    18:10 (GMT+8)<Price Notice>,2026-03-23T13:02:20.335Z,mem_ddr4_udimm_16gb
2026-03-24T20:00:00.000Z,mem_ddr4_udimm_16gb,DDR4 UDIMM 16GB 3200,module,132.333,162.0,120.0,4.47,Mar.24 2026    18:10 (GMT+8)<Price Notice>,2026-03-24T13:02:47.182Z,mem_ddr4_udimm_16gb
2026-03-25T20:00:00.000Z,mem_ddr4_udimm_16gb,DDR4 UDIMM 16GB 3200,module,132.333,162.0,120.0,4.47,Mar.25 2026    18:10 (GMT+8)<Price Notice>,2026-03-25T13:01:40.793Z,mem_ddr4_udimm_16gb
2026-03-26T20:00:00.000Z,mem_ddr4_udimm_16gb,DDR4 UDIMM 16GB 3200,module,132.333,162.0,120.0,4.47,Mar.26 2026    18:10 (GMT+8)<Price Notice>,2026-03-26T13:03:07.542Z,mem_ddr4_udimm_16gb
2026-03-27T20:00:00.000Z,mem_ddr4_udimm_16gb,DDR4 UDIMM 16GB 3200,module,132.333,162.0,120.0,4.47,Mar.27 2026    18:10 (GMT+8)<Price Notice>,2026-03-27T13:01:53.741Z,mem_ddr4_udimm_16gb
2026-03-30T20:00:00.000Z,mem_ddr4_udimm_16gb,DDR4 UDIMM 16GB 3200,module,143.333,171.0,130.0,8.31,Mar.30 2026    18:10 (GMT+8)<Price Notice>,2026-03-30T13:02:54.120Z,mem_ddr4_udimm_16gb
2026-03-31T20:00:00.000Z,mem_ddr4_udimm_16gb,DDR4 UDIMM 16GB 3200,module,143.333,171.0,130.0,8.31,Mar.31 2026    18:10 (GMT+8)<Price Notice>,2026-03-31T13:02:38.230Z,mem_ddr4_udimm_16gb
2026-04-01T20:00:00.000Z,mem_ddr4_udimm_16gb,DDR4 UDIMM 16GB 3200,module,143.333,171.0,130.0,8.31,Apr.1 2026    18:10 (GMT+8)<Price Notice>,2026-04-01T13:02:53.265Z,mem_ddr4_udimm_16gb
2026-04-02T20:00:00.000Z,mem_ddr4_udimm_16gb,DDR4 UDIMM 16GB 3200,module,143.333,171.0,130.0,8.31,Apr.2 2026    18:10 (GMT+8)<Price Notice>,2026-04-02T13:01:39.999Z,mem_ddr4_udimm_16gb
2026-04-03T20:00:00.000Z,mem_ddr4_udimm_16gb,DDR4 UDIMM 16GB 3200,module,143.333,171.0,130.0,8.31,Apr.3 2026    18:10 (GMT+8)<Price Notice>,2026-04-03T13:01:34.344Z,mem_ddr4_udimm_16gb
2026-04-06T20:00:00.000Z,mem_ddr4_udimm_16gb,DDR4 UDIMM 16GB 3200,module,149.333,171.0,134.0,-0.45,Apr.3 2026    18:10 (GMT+8)<Price Notice>,2026-04-06T13:01:27.520Z,mem_ddr4_udimm_16gb
2026-04-07T20:00:00.000Z,mem_ddr4_udimm_16gb,DDR4 UDIMM 16GB 3200,module,149.333,171.0,134.0,-0.45,Apr.7 2026    18:10 (GMT+8)<Price Notice>,2026-04-07T13:02:09.145Z,mem_ddr4_udimm_16gb
2026-04-08T20:00:00.000Z,mem_ddr4_udimm_16gb,DDR4 UDIMM 16GB 3200,module,149.333,171.0,134.0,-0.45,Apr.8 2026    18:10 (GMT+8)<Price Notice>,2026-04-08T13:03:47.228Z,mem_ddr4_udimm_16gb
2026-04-09T20:00:00.000Z,mem_ddr4_udimm_16gb,DDR4 UDIMM 16GB 3200,module,149.333,171.0,134.0,-0.45,Apr.9 2026    18:10 (GMT+8)<Price Notice>,2026-04-09T13:02:15.428Z,mem_ddr4_udimm_16gb
2026-04-10T20:00:00.000Z,mem_ddr4_udimm_16gb,DDR4 UDIMM 16GB 3200,module,149.333,171.0,134.0,-0.45,Apr.10 2026    18:10 (GMT+8)<Price Notice>,2026-04-10T13:02:23.314Z,mem_ddr4_udimm_16gb
2026-04-13T20:00:00.000Z,mem_ddr4_udimm_16gb,DDR4 UDIMM 16GB 3200,module,149.333,171.0,134.0,-0.45,Apr.13 2026    18:10 (GMT+8)<Price Notice>,2026-04-13T13:02:06.056Z,mem_ddr4_udimm_16gb
2026-04-14T20:00:00.000Z,mem_ddr4_udimm_16gb,DDR4 UDIMM 16GB 3200,module,149.333,171.0,134.0,-0.45,Apr.14 2026    18:10 (GMT+8)<Price Notice>,2026-04-14T13:04:52.138Z,mem_ddr4_udimm_16gb
2026-04-15T20:00:00.000Z,mem_ddr4_udimm_16gb,DDR4 UDIMM 16GB 3200,module,149.333,171.0,134.0,-0.45,Apr.15 2026    18:10 (GMT+8)<Price Notice>,2026-04-15T13:02:44.049Z,mem_ddr4_udimm_16gb
2026-04-16T20:00:00.000Z,mem_ddr4_udimm_16gb,DDR4 UDIMM 16GB 3200,module,149.333,171.0,134.0,-0.45,Apr.16 2026    18:10 (GMT+8)<Price Notice>,2026-04-16T13:02:05.895Z,mem_ddr4_udimm_16gb
2026-04-17T20:00:00.000Z,mem_ddr4_udimm_16gb,DDR4 UDIMM 16GB 3200,module,149.333,171.0,134.0,-0.45,Apr.17 2026    18:10 (GMT+8)<Price Notice>,2026-04-17T13:02:40.681Z,mem_ddr4_udimm_16gb
2026-04-20T20:00:00.000Z,mem_ddr4_udimm_16gb,DDR4 UDIMM 16GB 3200,module,149.209,172.0,136.0,-0.08,Apr.20 2026    18:10 (GMT+8)<Price Notice>,2026-04-20T13:02:05.258Z,mem_ddr4_udimm_16gb
2026-04-21T20:00:00.000Z,mem_ddr4_udimm_16gb,DDR4 UDIMM 16GB 3200,module,149.209,172.0,136.0,-0.08,Apr.21 2026    18:10 (GMT+8)<Price Notice>,2026-04-21T13:03:22.460Z,mem_ddr4_udimm_16gb
2026-04-22T20:00:00.000Z,mem_ddr4_udimm_16gb,DDR4 UDIMM 16GB 3200,module,149.209,172.0,136.0,-0.08,Apr.22 2026    18:10 (GMT+8)<Price Notice>,2026-04-22T13:02:12.507Z,mem_ddr4_udimm_16gb
2026-04-23T20:00:00.000Z,mem_ddr4_udimm_16gb,DDR4 UDIMM 16GB 3200,module,149.209,172.0,136.0,-0.08,Apr.23 2026    18:10 (GMT+8)<Price Notice>,2026-04-23T13:02:19.395Z,mem_ddr4_udimm_16gb
2026-04-24T20:00:00.000Z,mem_ddr4_udimm_16gb,DDR4 UDIMM 16GB 3200,module,149.209,172.0,136.0,-0.08,Apr.24 2026    18:10 (GMT+8)<Price Notice>,2026-04-24T13:02:50.329Z,mem_ddr4_udimm_16gb
2026-04-27T20:00:00.000Z,mem_ddr4_udimm_16gb,DDR4 UDIMM 16GB 3200,module,148.868,171.0,135.0,-0.23,Apr.27 2026    18:10 (GMT+8)<Price Notice>,2026-04-27T13:02:40.910Z,mem_ddr4_udimm_16gb
2026-04-28T20:00:00.000Z,mem_ddr4_udimm_16gb,DDR4 UDIMM 16GB 3200,module,148.868,171.0,135.0,-0.23,Apr.28 2026    18:10 (GMT+8)<Price Notice>,2026-04-28T13:03:58.866Z,mem_ddr4_udimm_16gb
2026-04-29T20:00:00.000Z,mem_ddr4_udimm_16gb,DDR4 UDIMM 16GB 3200,module,148.868,171.0,135.0,-0.23,Apr.29 2026    18:10 (GMT+8)<Price Notice>,2026-04-29T13:03:44.805Z,mem_ddr4_udimm_16gb
2026-04-30T20:00:00.000Z,mem_ddr4_udimm_16gb,DDR4 UDIMM 16GB 3200,module,148.868,171.0,135.0,-0.23,Apr.30 2026    18:10 (GMT+8)<Price Notice>,2026-04-30T13:01:45.662Z,mem_ddr4_udimm_16gb
2026-05-01T20:00:00.000Z,mem_ddr4_udimm_16gb,DDR4 UDIMM 16GB 3200,module,148.868,171.0,135.0,-0.23,Apr.30 2026    18:10 (GMT+8)<Price Notice>,2026-05-01T13:01:43.473Z,mem_ddr4_udimm_16gb
2026-05-04T20:00:00.000Z,mem_ddr4_udimm_16gb,DDR4 UDIMM 16GB 3200,module,148.83,171.0,138.0,-0.03,May.4 2026    18:10 (GMT+8)<Price Notice>,2026-05-04T13:02:45.538Z,mem_ddr4_udimm_16gb
2026-05-05T20:00:00.000Z,mem_ddr4_udimm_16gb,DDR4 UDIMM 16GB 3200,module,148.83,171.0,138.0,-0.03,May.5 2026    18:10 (GMT+8)<Price Notice>,2026-05-05T13:03:09.557Z,mem_ddr4_udimm_16gb
2026-05-06T20:00:00.000Z,mem_ddr4_udimm_16gb,DDR4 UDIMM 16GB 3200,module,148.83,171.0,138.0,-0.03,May.6 2026    18:10 (GMT+8)<Price Notice>,2026-05-06T13:02:08.033Z,mem_ddr4_udimm_16gb
2026-05-07T20:00:00.000Z,mem_ddr4_udimm_16gb,DDR4 UDIMM 16GB 3200,module,148.83,171.0,138.0,-0.03,May.7 2026    18:10 (GMT+8)<Price Notice>,2026-05-07T13:02:08.956Z,mem_ddr4_udimm_16gb
2026-05-08T20:00:00.000Z,mem_ddr4_udimm_16gb,DDR4 UDIMM 16GB 3200,module,148.83,171.0,138.0,-0.03,May.8 2026    18:10 (GMT+8)<Price Notice>,2026-05-08T13:02:22.956Z,mem_ddr4_udimm_16gb
2026-05-11T20:00:00.000Z,mem_ddr4_udimm_16gb,DDR4 UDIMM 16GB 3200,module,148.435,170.0,136.0,-0.27,May.11 2026    18:10 (GMT+8)<Price Notice>,2026-05-11T13:02:05.832Z,mem_ddr4_udimm_16gb
2026-05-12T20:00:00.000Z,mem_ddr4_udimm_16gb,DDR4 UDIMM 16GB 3200,module,148.435,170.0,136.0,-0.27,May.12 2026    18:10 (GMT+8)<Price Notice>,2026-05-12T13:02:55.027Z,mem_ddr4_udimm_16gb
2026-05-13T20:00:00.000Z,mem_ddr4_udimm_16gb,DDR4 UDIMM 16GB 3200,module,148.435,170.0,136.0,-0.27,May.13 2026    18:10 (GMT+8)<Price Notice>,2026-05-13T13:01:40.598Z,mem_ddr4_udimm_16gb
2026-05-14T20:00:00.000Z,mem_ddr4_udimm_16gb,DDR4 UDIMM 16GB 3200,module,148.435,170.0,136.0,-0.27,May.14 2026    18:10 (GMT+8)<Price Notice>,2026-05-14T13:01:13.286Z,mem_ddr4_udimm_16gb
2026-05-15T20:00:00.000Z,mem_ddr4_udimm_16gb,DDR4 UDIMM 16GB 3200,module,148.435,170.0,136.0,-0.27,May.15 2026    18:10 (GMT+8)<Price Notice>,2026-05-15T13:02:27.546Z,mem_ddr4_udimm_16gb
2026-05-18T20:00:00.000Z,mem_ddr4_udimm_16gb,DDR4 UDIMM 16GB 3200,module,150.761,171.0,138.0,1.57,May.18 2026    18:10 (GMT+8)<Price Notice>,2026-05-18T13:02:54.638Z,mem_ddr4_udimm_16gb
2026-05-19T20:00:00.000Z,mem_ddr4_udimm_16gb,DDR4 UDIMM 16GB 3200,module,150.761,171.0,138.0,1.57,May.19 2026    18:10 (GMT+8)<Price Notice>,2026-05-19T13:02:12.976Z,mem_ddr4_udimm_16gb
2026-05-20T20:00:00.000Z,mem_ddr4_udimm_16gb,DDR4 UDIMM 16GB 3200,module,150.761,171.0,138.0,1.57,May.20 2026    18:10 (GMT+8)<Price Notice>,2026-05-20T13:01:53.920Z,mem_ddr4_udimm_16gb
2026-05-21T20:00:00.000Z,mem_ddr4_udimm_16gb,DDR4 UDIMM 16GB 3200,module,150.761,171.0,138.0,1.57,May.21 2026    18:10 (GMT+8)<Price Notice>,2026-05-21T13:02:12.407Z,mem_ddr4_udimm_16gb
2026-05-22T20:00:00.000Z,mem_ddr4_udimm_16gb,DDR4 UDIMM 16GB 3200,module,150.761,171.0,138.0,1.57,May.22 2026    18:10 (GMT+8)<Price Notice>,2026-05-22T13:02:03.111Z,mem_ddr4_udimm_16gb
2026-05-25T20:00:00.000Z,mem_ddr4_udimm_16gb,DDR4 UDIMM 16GB 3200,module,150.435,173.0,137.0,-0.22,May.25 2026    18:10 (GMT+8)<Price Notice>,2026-05-25T13:01:11.616Z,mem_ddr4_udimm_16gb
2026-05-26T20:00:00.000Z,mem_ddr4_udimm_16gb,DDR4 UDIMM 16GB 3200,module,150.435,173.0,137.0,-0.22,May.26 2026    18:10 (GMT+8)<Price Notice>,2026-05-26T13:02:17.041Z,mem_ddr4_udimm_16gb
2026-05-27T20:00:00.000Z,mem_ddr4_udimm_16gb,DDR4 UDIMM 16GB 3200,module,150.435,173.0,137.0,-0.22,May.27 2026    18:10 (GMT+8)<Price Notice>,2026-05-27T13:01:31.331Z,mem_ddr4_udimm_16gb
2026-05-28T20:00:00.000Z,mem_ddr4_udimm_16gb,DDR4 UDIMM 16GB 3200,module,150.435,173.0,137.0,-0.22,May.28 2026    18:10 (GMT+8)<Price Notice>,2026-05-28T13:03:26.760Z,mem_ddr4_udimm_16gb
2026-05-29T20:00:00.000Z,mem_ddr4_udimm_16gb,DDR4 UDIMM 16GB 3200,module,150.435,173.0,137.0,-0.22,May.29 2026    18:10 (GMT+8)<Price Notice>,2026-05-29T13:01:36.615Z,mem_ddr4_udimm_16gb
2026-06-01T20:00:00.000Z,mem_ddr4_udimm_16gb,DDR4 UDIMM 16GB 3200,module,150.261,174.0,137.0,-0.12,Jun.1 2026    18:10 (GMT+8)<Price Notice>,2026-06-01T13:02:23.114Z,mem_ddr4_udimm_16gb
2026-06-02T20:00:00.000Z,mem_ddr4_udimm_16gb,DDR4 UDIMM 16GB 3200,module,150.261,174.0,137.0,-0.12,Jun.2 2026    18:10 (GMT+8)<Price Notice>,2026-06-02T13:01:46.503Z,mem_ddr4_udimm_16gb
2026-06-03T20:00:00.000Z,mem_ddr4_udimm_16gb,DDR4 UDIMM 16GB 3200,module,150.261,174.0,137.0,-0.12,Jun.3 2026    18:10 (GMT+8)<Price Notice>,2026-06-03T13:01:27.103Z,mem_ddr4_udimm_16gb
2026-06-04T20:00:00.000Z,mem_ddr4_udimm_16gb,DDR4 UDIMM 16GB 3200,module,150.261,174.0,137.0,-0.12,Jun.4 2026    18:10 (GMT+8)<Price Notice>,2026-06-04T13:02:15.709Z,mem_ddr4_udimm_16gb
2026-06-05T20:00:00.000Z,mem_ddr4_udimm_16gb,DDR4 UDIMM 16GB 3200,module,150.261,174.0,137.0,-0.12,Jun.5 2026    18:10 (GMT+8)<Price Notice>,2026-06-05T13:02:40.269Z,mem_ddr4_udimm_16gb
2026-06-08T20:00:00.000Z,mem_ddr4_udimm_16gb,DDR4 UDIMM 16GB 3200,module,150.087,173.0,135.0,-0.12,Jun.8 2026    18:10 (GMT+8)<Price Notice>,2026-06-08T13:01:50.898Z,mem_ddr4_udimm_16gb
2026-06-09T20:00:00.000Z,mem_ddr4_udimm_16gb,DDR4 UDIMM 16GB 3200,module,150.087,173.0,135.0,-0.12,Jun.9 2026    18:10 (GMT+8)<Price Notice>,2026-06-09T13:02:08.889Z,mem_ddr4_udimm_16gb
2026-06-10T20:00:00.000Z,mem_ddr4_udimm_16gb,DDR4 UDIMM 16GB 3200,module,150.087,173.0,135.0,-0.12,Jun.10 2026    18:10 (GMT+8)<Price Notice>,2026-06-10T13:02:20.696Z,mem_ddr4_udimm_16gb
2026-06-11T20:00:00.000Z,mem_ddr4_udimm_16gb,DDR4 UDIMM 16GB 3200,module,150.087,173.0,135.0,-0.12,Jun.11 2026    18:10 (GMT+8)<Price Notice>,2026-06-11T13:02:09.646Z,mem_ddr4_udimm_16gb
2026-06-12T20:00:00.000Z,mem_ddr4_udimm_16gb,DDR4 UDIMM 16GB 3200,module,150.087,173.0,135.0,-0.12,Jun.12 2026    18:10 (GMT+8)<Price Notice>,2026-06-12T13:02:56.198Z,mem_ddr4_udimm_16gb
2026-06-15T20:00:00.000Z,mem_ddr4_udimm_16gb,DDR4 UDIMM 16GB 3200,module,150.087,170.0,136.0,0.0,Jun.15 2026    18:10 (GMT+8)<Price Notice>,2026-06-15T13:02:10.420Z,mem_ddr4_udimm_16gb
2026-06-16T20:00:00.000Z,mem_ddr4_udimm_16gb,DDR4 UDIMM 16GB 3200,module,150.087,170.0,136.0,0.0,Jun.16 2026    18:10 (GMT+8)<Price Notice>,2026-06-16T13:03:09.279Z,mem_ddr4_udimm_16gb
2026-06-17T20:00:00.000Z,mem_ddr4_udimm_16gb,DDR4 UDIMM 16GB 3200,module,150.087,170.0,136.0,0.0,Jun.17 2026    18:10 (GMT+8)<Price Notice>,2026-06-17T13:02:31.302Z,mem_ddr4_udimm_16gb
2026-06-18T20:00:00.000Z,mem_ddr4_udimm_16gb,DDR4 UDIMM 16GB 3200,module,150.087,170.0,136.0,0.0,Jun.18 2026    18:10 (GMT+8)<Price Notice>,2026-06-18T13:01:33.279Z,mem_ddr4_udimm_16gb
2026-06-19T20:00:00.000Z,mem_ddr4_udimm_16gb,DDR4 UDIMM 16GB 3200,module,150.087,170.0,136.0,0.0,Jun.18 2026    18:10 (GMT+8)<Price Notice>,2026-06-19T13:02:38.118Z,mem_ddr4_udimm_16gb
2026-06-22T20:00:00.000Z,mem_ddr4_udimm_16gb,DDR4 UDIMM 16GB 3200,module,149.924,170.0,135.0,-0.11,Jun.22 2026    18:10 (GMT+8)<Price Notice>,2026-06-22T13:01:15.397Z,mem_ddr4_udimm_16gb
2026-06-23T20:00:00.000Z,mem_ddr4_udimm_16gb,DDR4 UDIMM 16GB 3200,module,149.924,170.0,135.0,-0.11,Jun.23 2026    18:10 (GMT+8)<Price Notice>,2026-06-23T13:01:13.955Z,mem_ddr4_udimm_16gb
2026-06-24T20:00:00.000Z,mem_ddr4_udimm_16gb,DDR4 UDIMM 16GB 3200,module,149.924,170.0,135.0,-0.11,Jun.24 2026    18:10 (GMT+8)<Price Notice>,2026-06-24T13:01:36.408Z,mem_ddr4_udimm_16gb
2026-06-25T20:00:00.000Z,mem_ddr4_udimm_16gb,DDR4 UDIMM 16GB 3200,module,149.924,170.0,135.0,-0.11,Jun.25 2026    18:10 (GMT+8)<Price Notice>,2026-06-25T13:03:32.627Z,mem_ddr4_udimm_16gb
2026-06-26T20:00:00.000Z,mem_ddr4_udimm_16gb,DDR4 UDIMM 16GB 3200,module,149.924,170.0,135.0,-0.11,Jun.26 2026    18:10 (GMT+8)<Price Notice>,2026-06-26T13:02:11.814Z,mem_ddr4_udimm_16gb
2026-06-29T20:00:00.000Z,mem_ddr4_udimm_16gb,DDR4 UDIMM 16GB 3200,module,149.576,170.0,133.0,-0.23,Jun.29 2026    18:10 (GMT+8)<Price Notice>,2026-06-29T13:02:14.376Z,mem_ddr4_udimm_16gb
2026-06-30T20:00:00.000Z,mem_ddr4_udimm_16gb,DDR4 UDIMM 16GB 3200,module,149.576,170.0,133.0,-0.23,Jun.30 2026    18:10 (GMT+8)<Price Notice>,2026-06-30T13:01:12.514Z,mem_ddr4_udimm_16gb
2026-07-01T20:00:00.000Z,mem_ddr4_udimm_16gb,DDR4 UDIMM 16GB 3200,module,149.576,170.0,133.0,-0.23,Jul.1 2026    18:10 (GMT+8)<Price Notice>,2026-07-01T13:02:13.833Z,mem_ddr4_udimm_16gb
2026-07-02T20:00:00.000Z,mem_ddr4_udimm_16gb,DDR4 UDIMM 16GB 3200,module,149.576,170.0,133.0,-0.23,Jul.2 2026    18:10 (GMT+8)<Price Notice>,2026-07-02T13:01:47.874Z,mem_ddr4_udimm_16gb
2026-07-03T20:00:00.000Z,mem_ddr4_udimm_16gb,DDR4 UDIMM 16GB 3200,module,149.576,170.0,133.0,-0.23,Jul.3 2026    18:10 (GMT+8)<Price Notice>,2026-07-03T13:02:23.584Z,mem_ddr4_udimm_16gb
2026-07-06T20:00:00.000Z,mem_ddr4_udimm_16gb,DDR4 UDIMM 16GB 3200,module,152.0,171.0,135.0,1.62,Jul.6 2026    18:10 (GMT+8)<Price Notice>,2026-07-06T13:01:52.377Z,mem_ddr4_udimm_16gb
2026-07-07T20:00:00.000Z,mem_ddr4_udimm_16gb,DDR4 UDIMM 16GB 3200,module,152.0,171.0,135.0,1.62,Jul.7 2026    18:10 (GMT+8)<Price Notice>,2026-07-07T13:02:35.935Z,mem_ddr4_udimm_16gb
2026-07-08T20:00:00.000Z,mem_ddr4_udimm_16gb,DDR4 UDIMM 16GB 3200,module,152.0,171.0,135.0,1.62,Jul.8 2026    18:10 (GMT+8)<Price Notice>,2026-07-08T13:02:29.977Z,mem_ddr4_udimm_16gb
2026-07-09T20:00:00.000Z,mem_ddr4_udimm_16gb,DDR4 UDIMM 16GB 3200,module,152.0,171.0,135.0,1.62,Jul.9 2026    18:10 (GMT+8)<Price Notice>,2026-07-09T13:02:42.912Z,mem_ddr4_udimm_16gb
2026-07-10T20:00:00.000Z,mem_ddr4_udimm_16gb,DDR4 UDIMM 16GB 3200,module,152.0,171.0,135.0,1.62,Jul.10 2026    18:10 (GMT+8)<Price Notice>,2026-07-10T13:02:07.843Z,mem_ddr4_udimm_16gb
2026-07-13T20:00:00.000Z,mem_ddr4_udimm_16gb,DDR4 UDIMM 16GB 3200,module,154.0,171.0,140.0,1.32,Jul.13 2026    18:10 (GMT+8)<Price Notice>,2026-07-13T13:02:43.823Z,mem_ddr4_udimm_16gb
2026-07-14T20:00:00.000Z,mem_ddr4_udimm_16gb,DDR4 UDIMM 16GB 3200,module,154.0,171.0,140.0,1.32,Jul.14 2026    18:10 (GMT+8)<Price Notice>,2026-07-14T13:01:15.324Z,mem_ddr4_udimm_16gb
2026-07-15T20:00:00.000Z,mem_ddr4_udimm_16gb,DDR4 UDIMM 16GB 3200,module,154.0,171.0,140.0,1.32,Jul.15 2026    18:10 (GMT+8)<Price Notice>,2026-07-15T13:01:08.288Z,mem_ddr4_udimm_16gb
2026-07-16T20:00:00.000Z,mem_ddr4_udimm_16gb,DDR4 UDIMM 16GB 3200,module,154.0,171.0,140.0,1.32,Jul.16 2026    18:10 (GMT+8)<Price Notice>,2026-07-16T13:02:46.897Z,mem_ddr4_udimm_16gb
2026-07-17T20:00:00.000Z,mem_ddr4_udimm_16gb,DDR4 UDIMM 16GB 3200,module,154.0,171.0,140.0,1.32,Jul.17 2026    18:10 (GMT+8)<Price Notice>,2026-07-17T13:02:49.872Z,mem_ddr4_udimm_16gb
2026-07-20T20:00:00.000Z,mem_ddr4_udimm_16gb,DDR4 UDIMM 16GB 3200,module,154.4,172.0,143.0,0.26,Jul.20 2026    18:10 (GMT+8)<Price Notice>,2026-07-20T13:01:22.659Z,mem_ddr4_udimm_16gb
2026-07-21T20:00:00.000Z,mem_ddr4_udimm_16gb,DDR4 UDIMM 16GB 3200,module,154.4,172.0,143.0,0.26,Jul.21 2026    18:10 (GMT+8)<Price Notice>,2026-07-21T13:02:34.422Z,mem_ddr4_udimm_16gb
2026-07-22T20:00:00.000Z,mem_ddr4_udimm_16gb,DDR4 UDIMM 16GB 3200,module,154.4,172.0,143.0,0.26,Jul.22 2026    18:10 (GMT+8)<Price Notice>,2026-07-22T13:02:43.978Z,mem_ddr4_udimm_16gb
2026-07-23T20:00:00.000Z,mem_ddr4_udimm_16gb,DDR4 UDIMM 16GB 3200,module,154.4,172.0,143.0,0.26,Jul.23 2026    18:10 (GMT+8)<Price Notice>,2026-07-23T13:02:13.780Z,mem_ddr4_udimm_16gb
2026-07-24T20:00:00.000Z,mem_ddr4_udimm_16gb,DDR4 UDIMM 16GB 3200,module,154.4,172.0,143.0,0.26,Jul.24 2026    18:10 (GMT+8)<Price Notice>,2026-07-24T13:02:28.533Z,mem_ddr4_udimm_16gb
2026-07-27T20:00:00.000Z,mem_ddr4_udimm_16gb,DDR4 UDIMM 16GB 3200,module,156.0,173.0,145.0,1.04,Jul.27 2026    18:10 (GMT+8)<Price Notice>,2026-07-27T20:02:47.070Z,mem_ddr4_udimm_16gb
2026-07-28T20:00:00.000Z,mem_ddr4_udimm_16gb,DDR4 UDIMM 16GB 3200,module,156.0,173.0,145.0,1.04,Jul.28 2026    18:10 (GMT+8)<Price Notice>,2026-07-28T20:02:31.411Z,mem_ddr4_udimm_16gb
2026-07-29T20:00:00.000Z,mem_ddr4_udimm_16gb,DDR4 UDIMM 16GB 3200,module,156.0,173.0,145.0,1.04,Jul.29 2026    18:10 (GMT+8)<Price Notice>,2026-07-29T20:02:52.292Z,mem_ddr4_udimm_16gb
2026-07-30T20:00:00.000Z,mem_ddr4_udimm_16gb,DDR4 UDIMM 16GB 3200,module,156.0,173.0,145.0,1.04,Jul.30 2026    18:10 (GMT+8)<Price Notice>,2026-07-30T20:02:11.453Z,mem_ddr4_udimm_16gb
2026-07-31T20:00:00.000Z,mem_ddr4_udimm_16gb,DDR4 UDIMM 16GB 3200,module,156.0,173.0,145.0,1.04,Jul.31 2026    18:10 (GMT+8)<Price Notice>,2026-07-31T20:01:49.889Z,mem_ddr4_udimm_16gb
2026-08-03T20:00:00.000Z,mem_ddr4_udimm_16gb,DDR4 UDIMM 16GB 3200,module,156.0,173.0,145.0,0.0,Aug.3 2026    18:10 (GMT+8)<Price Notice>,2026-08-03T20:01:22.877Z,mem_ddr4_udimm_16gb
2026-08-04T20:00:00.000Z,mem_ddr4_udimm_16gb,DDR4 UDIMM 16GB 3200,module,156.0,173.0,145.0,0.0,Aug.4 2026    18:10 (GMT+8)<Price Notice>,2026-08-04T20:01:15.160Z,mem_ddr4_udimm_16gb
2026-08-05T20:00:00.000Z,mem_ddr4_udimm_16gb,DDR4 UDIMM 16GB 3200,module,156.0,173.0,145.0,0.0,Aug.5 2026    18:10 (GMT+8)<Price Notice>,2026-08-05T20:02:43.953Z,mem_ddr4_udimm_16gb
2026-08-06T20:00:00.000Z,mem_ddr4_udimm_16gb,DDR4 UDIMM 16GB 3200,module,156.0,173.0,145.0,0.0,Aug.6 2026    18:10 (GMT+8)<Price Notice>,2026-08-06T20:01:55.342Z,mem_ddr4_udimm_16gb
2026-08-07T20:00:00.000Z,mem_ddr4_udimm_16gb,DDR4 UDIMM 16GB 3200,module,156.0,173.0,145.0,0.0,Aug.7 2026    18:10 (GMT+8)<Price Notice>,2026-08-07T20:02:31.314Z,mem_ddr4_udimm_16gb
2026-08-10T20:00:00.000Z,mem_ddr4_udimm_16gb,DDR4 UDIMM 16GB 3200,module,158.9,175.0,146.0,1.86,Aug.10 2026    18:10 (GMT+8)<Price Notice>,2026-08-10T20:01:50.891Z,mem_ddr4_udimm_16gb
2026-08-11T20:00:00.000Z,mem_ddr4_udimm_16gb,DDR4 UDIMM 16GB 3200,module,158.9,175.0,146.0,1.86,Aug.11 2026    18:10 (GMT+8)<Price Notice>,2026-08-11T20:02:04.894Z,mem_ddr4_udimm_16gb
2026-08-12T20:00:00.000Z,mem_ddr4_udimm_16gb,DDR4 UDIMM 16GB 3200,module,158.9,175.0,146.0,1.86,Aug.12 2026    18:10 (GMT+8)<Price Notice>,2026-08-12T20:01:26.613Z,mem_ddr4_udimm_16gb
2026-08-13T20:00:00.000Z,mem_ddr4_udimm_16gb,DDR4 UDIMM 16GB 3200,module,158.9,175.0,146.0,1.86,Aug.13 2026    18:10 (GMT+8)<Price Notice>,2026-08-13T20:02:28.391Z,mem_ddr4_udimm_16gb
2026-08-14T20:00:00.000Z,mem_ddr4_udimm_16gb,DDR4 UDIMM 16GB 3200,module,158.9,175.0,146.0,1.86,Aug.14 2026    18:10 (GMT+8)<Price Notice>,2026-08-14T20:01:13.862Z,mem_ddr4_udimm_16gb
2026-08-17T20:00:00.000Z,mem_ddr4_udimm_16gb,DDR4 UDIMM 16GB 3200,module,159.8,178.0,150.0,0.57,Aug.17 2026    18:10 (GMT+8)<Price Notice>,2026-08-17T20:01:36.925Z,mem_ddr4_udimm_16gb
2026-08-18T20:00:00.000Z,mem_ddr4_udimm_16gb,DDR4 UDIMM 16GB 3200,module,159.8,178.0,150.0,0.57,Aug.18 2026    18:10 (GMT+8)<Price Notice>,2026-08-18T20:03:16.187Z,mem_ddr4_udimm_16gb
2026-08-19T20:00:00.000Z,mem_ddr4_udimm_16gb,DDR4 UDIMM 16GB 3200,module,159.8,178.0,150.0,0.57,Aug.19 2026    18:10 (GMT+8)<Price Notice>,2026-08-19T20:02:20.844Z,mem_ddr4_udimm_16gb
2026-08-20T20:00:00.000Z,mem_ddr4_udimm_16gb,DDR4 UDIMM 16GB 3200,module,159.8,178.0,150.0,0.57,Aug.20 2026    18:10 (GMT+8)<Price Notice>,2026-08-20T20:03:28.179Z,mem_ddr4_udimm_16gb
2026-08-21T20:00:00.000Z,mem_ddr4_udimm_16gb,DDR4 UDIMM 16GB 3200,module,159.8,178.0,150.0,0.57,Aug.21 2026    18:10 (GMT+8)<Price Notice>,2026-08-21T20:02:16.258Z,mem_ddr4_udimm_16gb
2026-08-24T20:00:00.000Z,mem_ddr4_udimm_16gb,DDR4 UDIMM 16GB 3200,module,162.2,180.0,152.0,1.5,Aug.24 2026    18:10 (GMT+8)<Price Notice>,2026-08-24T20:02:25.006Z,mem_ddr4_udimm_16gb
2026-08-25T20:00:00.000Z,mem_ddr4_udimm_16gb,DDR4 UDIMM 16GB 3200,module,162.2,180.0,152.0,1.5,Aug.25 2026    18:10 (GMT+8)<Price Notice>,2026-08-25T20:02:53.059Z,mem_ddr4_udimm_16gb
2026-08-26T20:00:00.000Z,mem_ddr4_udimm_16gb,DDR4 UDIMM 16GB 3200,module,162.2,180.0,152.0,1.5,Aug.26 2026    18:10 (GMT+8)<Price Notice>,2026-08-26T20:02:53.992Z,mem_ddr4_udimm_16gb
2026-08-27T20:00:00.000Z,mem_ddr4_udimm_16gb,DDR4 UDIMM 16GB 3200,module,162.2,180.0,152.0,1.5,Aug.27 2026    18:10 (GMT+8)<Price Notice>,2026-08-27T20:02:14.743Z,mem_ddr4_udimm_16gb
2026-08-28T20:00:00.000Z,mem_ddr4_udimm_16gb,DDR4 UDIMM 16GB 3200,module,162.2,180.0,152.0,1.5,Aug.28 2026    18:10 (GMT+8)<Price Notice>,2026-08-28T20:02:32.935Z,mem_ddr4_udimm_16gb
2026-08-31T20:00:00.000Z,mem_ddr4_udimm_16gb,DDR4 UDIMM 16GB 3200,module,162.2,180.0,150.0,0.0,Aug.31 2026    18:10 (GMT+8)<Price Notice>,2026-08-31T20:02:02.069Z,mem_ddr4_udimm_16gb
2025-11-24T21:00:00.000Z,mem_ddr5_rdimm_32gb,DDR5 RDIMM 32GB 4800/5600,module,380.0,,,31.03,Nov.17 2025    14:40,2026-01-08T03:24:34.248Z,mem_ddr5_rdimm_32gb
2026-01-07T21:00:00.000Z,mem_ddr5_rdimm_32gb,DDR5 RDIMM 32GB 4800/5600,module,460.0,500.0,430.0,2.79,Jan.8 2026    11:00 (GMT+8)<Price Notice>,2026-01-08T03:31:26.126Z,mem_ddr5_rdimm_32gb
2026-01-08T21:00:00.000Z,mem_ddr5_rdimm_32gb,DDR5 RDIMM 32GB 4800/5600,module,460.0,500.0,430.0,2.79,Jan.8 2026    18:10 (GMT+8)<Price Notice>,2026-01-08T14:02:23.018Z,mem_ddr5_rdimm_32gb
2026-01-09T21:00:00.000Z,mem_ddr5_rdimm_32gb,DDR5 RDIMM 32GB 4800/5600,module,460.0,500.0,430.0,2.79,Jan.9 2026    18:10 (GMT+8)<Price Notice>,2026-01-09T14:01:32.464Z,mem_ddr5_rdimm_32gb
2026-01-12T21:00:00.000Z,mem_ddr5_rdimm_32gb,DDR5 RDIMM 32GB 4800/5600,module,480.0,575.0,450.0,4.35,Jan.12 2026    18:10 (GMT+8)<Price Notice>,2026-01-12T14:01:37.605Z,mem_ddr5_rdimm_32gb
2026-01-13T21:00:00.000Z,mem_ddr5_rdimm_32gb,DDR5 RDIMM 32GB 4800/5600,module,480.0,575.0,450.0,4.35,Jan.13 2026    18:10 (GMT+8)<Price Notice>,2026-01-13T14:01:26.924Z,mem_ddr5_rdimm_32gb
2026-01-14T21:00:00.000Z,mem_ddr5_rdimm_32gb,DDR5 RDIMM 32GB 4800/5600,module,480.0,575.0,450.0,4.35,Jan.14 2026    18:10 (GMT+8)<Price Notice>,2026-01-14T14:01:03.695Z,mem_ddr5_rdimm_32gb
2026-01-15T21:00:00.000Z,mem_ddr5_rdimm_32gb,DDR5 RDIMM 32GB 4800/5600,module,480.0,575.0,450.0,4.35,Jan.15 2026    18:10 (GMT+8)<Price Notice>,2026-01-15T14:01:37.352Z,mem_ddr5_rdimm_32gb
2026-01-16T21:00:00.000Z,mem_ddr5_rdimm_32gb,DDR5 RDIMM 32GB 4800/5600,module,480.0,575.0,450.0,4.35,Jan.16 2026    18:10 (GMT+8)<Price Notice>,2026-01-16T14:01:57.038Z,mem_ddr5_rdimm_32gb
2026-01-19T21:00:00.000Z,mem_ddr5_rdimm_32gb,DDR5 RDIMM 32GB 4800/5600,module,545.0,630.0,490.0,13.54,Jan.19 2026    18:10 (GMT+8)<Price Notice>,2026-01-19T14:01:38.770Z,mem_ddr5_rdimm_32gb
2026-01-20T21:00:00.000Z,mem_ddr5_rdimm_32gb,DDR5 RDIMM 32GB 4800/5600,module,545.0,630.0,490.0,13.54,Jan.20 2026    18:10 (GMT+8)<Price Notice>,2026-01-20T14:01:04.009Z,mem_ddr5_rdimm_32gb
2026-01-21T21:00:00.000Z,mem_ddr5_rdimm_32gb,DDR5 RDIMM 32GB 4800/5600,module,545.0,630.0,490.0,13.54,Jan.21 2026    18:10 (GMT+8)<Price Notice>,2026-01-21T14:01:09.164Z,mem_ddr5_rdimm_32gb
2026-01-22T21:00:00.000Z,mem_ddr5_rdimm_32gb,DDR5 RDIMM 32GB 4800/5600,module,545.0,630.0,490.0,13.54,Jan.22 2026    18:10 (GMT+8)<Price Notice>,2026-01-22T14:01:54.515Z,mem_ddr5_rdimm_32gb
2026-01-23T21:00:00.000Z,mem_ddr5_rdimm_32gb,DDR5 RDIMM 32GB 4800/5600,module,545.0,630.0,490.0,13.54,Jan.23 2026    18:10 (GMT+8)<Price Notice>,2026-01-23T14:01:50.243Z,mem_ddr5_rdimm_32gb
2026-01-26T21:00:00.000Z,mem_ddr5_rdimm_32gb,DDR5 RDIMM 32GB 4800/5600,module,715.0,830.0,620.0,31.19,Jan.26 2026    18:10 (GMT+8)<Price Notice>,2026-01-26T14:02:40.087Z,mem_ddr5_rdimm_32gb
2026-01-27T21:00:00.000Z,mem_ddr5_rdimm_32gb,DDR5 RDIMM 32GB 4800/5600,module,715.0,830.0,620.0,31.19,Jan.27 2026    18:10 (GMT+8)<Price Notice>,2026-01-27T14:01:56.839Z,mem_ddr5_rdimm_32gb
2026-01-28T21:00:00.000Z,mem_ddr5_rdimm_32gb,DDR5 RDIMM 32GB 4800/5600,module,715.0,830.0,620.0,31.19,Jan.28 2026    18:10 (GMT+8)<Price Notice>,2026-01-28T14:03:03.538Z,mem_ddr5_rdimm_32gb
2026-01-29T21:00:00.000Z,mem_ddr5_rdimm_32gb,DDR5 RDIMM 32GB 4800/5600,module,715.0,830.0,620.0,31.19,Jan.29 2026    18:10 (GMT+8)<Price Notice>,2026-01-29T14:01:57.611Z,mem_ddr5_rdimm_32gb
2026-01-30T21:00:00.000Z,mem_ddr5_rdimm_32gb,DDR5 RDIMM 32GB 4800/5600,module,715.0,830.0,620.0,31.19,Jan.30 2026    18:10 (GMT+8)<Price Notice>,2026-01-30T14:01:40.814Z,mem_ddr5_rdimm_32gb
2026-02-02T21:00:00.000Z,mem_ddr5_rdimm_32gb,DDR5 RDIMM 32GB 4800/5600,module,850.0,1000.0,700.0,18.88,Feb.2 2026    18:10 (GMT+8)<Price Notice>,2026-02-02T14:03:38.237Z,mem_ddr5_rdimm_32gb
2026-02-03T21:00:00.000Z,mem_ddr5_rdimm_32gb,DDR5 RDIMM 32GB 4800/5600,module,850.0,1000.0,700.0,18.88,Feb.3 2026    18:10 (GMT+8)<Price Notice>,2026-02-03T14:02:24.155Z,mem_ddr5_rdimm_32gb
2026-02-04T21:00:00.000Z,mem_ddr5_rdimm_32gb,DDR5 RDIMM 32GB 4800/5600,module,850.0,1000.0,700.0,18.88,Feb.4 2026    18:10 (GMT+8)<Price Notice>,2026-02-04T14:02:16.866Z,mem_ddr5_rdimm_32gb
2026-02-05T21:00:00.000Z,mem_ddr5_rdimm_32gb,DDR5 RDIMM 32GB 4800/5600,module,850.0,1000.0,700.0,18.88,Feb.5 2026    18:10 (GMT+8)<Price Notice>,2026-02-05T14:02:40.711Z,mem_ddr5_rdimm_32gb
2026-02-06T21:00:00.000Z,mem_ddr5_rdimm_32gb,DDR5 RDIMM 32GB 4800/5600,module,850.0,1000.0,700.0,18.88,Feb.6 2026    18:10 (GMT+8)<Price Notice>,2026-02-06T14:01:17.206Z,mem_ddr5_rdimm_32gb
2026-02-09T21:00:00.000Z,mem_ddr5_rdimm_32gb,DDR5 RDIMM 32GB 4800/5600,module,870.0,1000.0,750.0,2.35,Feb.9 2026    18:10 (GMT+8)<Price Notice>,2026-02-09T14:01:59.345Z,mem_ddr5_rdimm_32gb
2026-02-10T21:00:00.000Z,mem_ddr5_rdimm_32gb,DDR5 RDIMM 32GB 4800/5600,module,870.0,1000.0,750.0,2.35,Feb.10 2026    18:10 (GMT+8)<Price Notice>,2026-02-10T14:02:08.356Z,mem_ddr5_rdimm_32gb
2026-02-11T21:00:00.000Z,mem_ddr5_rdimm_32gb,DDR5 RDIMM 32GB 4800/5600,module,870.0,1000.0,750.0,2.35,Feb.11 2026    18:10 (GMT+8)<Price Notice>,2026-02-11T14:02:08.813Z,mem_ddr5_rdimm_32gb
2026-02-12T21:00:00.000Z,mem_ddr5_rdimm_32gb,DDR5 RDIMM 32GB 4800/5600,module,870.0,1000.0,750.0,2.35,Feb.12 2026    18:10 (GMT+8)<Price Notice>,2026-02-12T14:01:33.885Z,mem_ddr5_rdimm_32gb
2026-02-13T21:00:00.000Z,mem_ddr5_rdimm_32gb,DDR5 RDIMM 32GB 4800/5600,module,870.0,1000.0,750.0,2.35,Feb.13 2026    18:10 (GMT+8)<Price Notice>,2026-02-13T14:01:53.473Z,mem_ddr5_rdimm_32gb
2026-02-16T21:00:00.000Z,mem_ddr5_rdimm_32gb,DDR5 RDIMM 32GB 4800/5600,module,870.0,1000.0,750.0,2.35,Feb.13 2026    18:10 (GMT+8)<Price Notice>,2026-02-16T14:01:15.419Z,mem_ddr5_rdimm_32gb
2026-02-17T21:00:00.000Z,mem_ddr5_rdimm_32gb,DDR5 RDIMM 32GB 4800/5600,module,870.0,1000.0,750.0,2.35,Feb.13 2026    18:10 (GMT+8)<Price Notice>,2026-02-17T14:01:55.881Z,mem_ddr5_rdimm_32gb
2026-02-18T21:00:00.000Z,mem_ddr5_rdimm_32gb,DDR5 RDIMM 32GB 4800/5600,module,870.0,1000.0,750.0,2.35,Feb.13 2026    18:10 (GMT+8)<Price Notice>,2026-02-18T14:01:56.511Z,mem_ddr5_rdimm_32gb
2026-02-19T21:00:00.000Z,mem_ddr5_rdimm_32gb,DDR5 RDIMM 32GB 4800/5600,module,870.0,1000.0,750.0,2.35,Feb.13 2026    18:10 (GMT+8)<Price Notice>,2026-02-19T14:03:01.304Z,mem_ddr5_rdimm_32gb
2026-02-20T21:00:00.000Z,mem_ddr5_rdimm_32gb,DDR5 RDIMM 32GB 4800/5600,module,870.0,1000.0,750.0,2.35,Feb.13 2026    18:10 (GMT+8)<Price Notice>,2026-02-20T14:01:37.710Z,mem_ddr5_rdimm_32gb
2026-02-23T21:00:00.000Z,mem_ddr5_rdimm_32gb,DDR5 RDIMM 32GB 4800/5600,module,885.0,970.0,800.0,1.72,Feb.23 2026    18:10 (GMT+8)<Price Notice>,2026-02-23T14:02:38.887Z,mem_ddr5_rdimm_32gb
2026-02-24T21:00:00.000Z,mem_ddr5_rdimm_32gb,DDR5 RDIMM 32GB 4800/5600,module,885.0,970.0,800.0,1.72,Feb.24 2026    18:10 (GMT+8)<Price Notice>,2026-02-24T14:02:04.081Z,mem_ddr5_rdimm_32gb
2026-02-25T21:00:00.000Z,mem_ddr5_rdimm_32gb,DDR5 RDIMM 32GB 4800/5600,module,885.0,970.0,800.0,1.72,Feb.25 2026    18:10 (GMT+8)<Price Notice>,2026-02-25T14:02:08.345Z,mem_ddr5_rdimm_32gb
2026-02-26T21:00:00.000Z,mem_ddr5_rdimm_32gb,DDR5 RDIMM 32GB 4800/5600,module,885.0,970.0,800.0,1.72,Feb.26 2026    18:10 (GMT+8)<Price Notice>,2026-02-26T14:01:43.257Z,mem_ddr5_rdimm_32gb
2026-02-27T21:00:00.000Z,mem_ddr5_rdimm_32gb,DDR5 RDIMM 32GB 4800/5600,module,885.0,970.0,800.0,1.72,Feb.27 2026    18:10 (GMT+8)<Price Notice>,2026-02-27T14:01:52.460Z,mem_ddr5_rdimm_32gb
2026-03-02T21:00:00.000Z,mem_ddr5_rdimm_32gb,DDR5 RDIMM 32GB 4800/5600,module,890.0,970.0,800.0,0.57,Mar.2 2026    18:10 (GMT+8)<Price Notice>,2026-03-02T14:01:45.816Z,mem_ddr5_rdimm_32gb
2026-03-03T21:00:00.000Z,mem_ddr5_rdimm_32gb,DDR5 RDIMM 32GB 4800/5600,module,890.0,970.0,800.0,0.57,Mar.3 2026    18:10 (GMT+8)<Price Notice>,2026-03-03T14:01:56.569Z,mem_ddr5_rdimm_32gb
2026-03-04T21:00:00.000Z,mem_ddr5_rdimm_32gb,DDR5 RDIMM 32GB 4800/5600,module,890.0,970.0,800.0,0.57,Mar.4 2026    18:10 (GMT+8)<Price Notice>,2026-03-04T14:02:15.081Z,mem_ddr5_rdimm_32gb
2026-03-05T21:00:00.000Z,mem_ddr5_rdimm_32gb,DDR5 RDIMM 32GB 4800/5600,module,890.0,970.0,800.0,0.57,Mar.5 2026    18:10 (GMT+8)<Price Notice>,2026-03-05T14:02:35.503Z,mem_ddr5_rdimm_32gb
2026-03-06T21:00:00.000Z,mem_ddr5_rdimm_32gb,DDR5 RDIMM 32GB 4800/5600,module,890.0,970.0,800.0,0.57,Mar.6 2026    18:10 (GMT+8)<Price Notice>,2026-03-06T14:01:29.672Z,mem_ddr5_rdimm_32gb
2026-03-09T20:00:00.000Z,mem_ddr5_rdimm_32gb,DDR5 RDIMM 32GB 4800/5600,module,900.0,980.0,830.0,1.12,Mar.9 2026    18:10 (GMT+8)<Price Notice>,2026-03-09T13:01:36.589Z,mem_ddr5_rdimm_32gb
2026-03-10T20:00:00.000Z,mem_ddr5_rdimm_32gb,DDR5 RDIMM 32GB 4800/5600,module,900.0,980.0,830.0,1.12,Mar.10 2026    18:10 (GMT+8)<Price Notice>,2026-03-10T13:02:23.470Z,mem_ddr5_rdimm_32gb
2026-03-11T20:00:00.000Z,mem_ddr5_rdimm_32gb,DDR5 RDIMM 32GB 4800/5600,module,900.0,980.0,830.0,1.12,Mar.11 2026    18:10 (GMT+8)<Price Notice>,2026-03-11T13:02:25.904Z,mem_ddr5_rdimm_32gb
2026-03-12T20:00:00.000Z,mem_ddr5_rdimm_32gb,DDR5 RDIMM 32GB 4800/5600,module,900.0,980.0,830.0,1.12,Mar.12 2026    18:10 (GMT+8)<Price Notice>,2026-03-12T13:02:16.078Z,mem_ddr5_rdimm_32gb
2026-03-13T20:00:00.000Z,mem_ddr5_rdimm_32gb,DDR5 RDIMM 32GB 4800/5600,module,900.0,980.0,830.0,1.12,Mar.13 2026    18:10 (GMT+8)<Price Notice>,2026-03-13T13:02:21.111Z,mem_ddr5_rdimm_32gb
2026-03-16T20:00:00.000Z,mem_ddr5_rdimm_32gb,DDR5 RDIMM 32GB 4800/5600,module,910.0,990.0,850.0,1.11,Mar.16 2026    18:10 (GMT+8)<Price Notice>,2026-03-16T13:02:45.995Z,mem_ddr5_rdimm_32gb
2026-03-17T20:00:00.000Z,mem_ddr5_rdimm_32gb,DDR5 RDIMM 32GB 4800/5600,module,910.0,990.0,850.0,1.11,Mar.17 2026    18:10 (GMT+8)<Price Notice>,2026-03-17T13:02:03.849Z,mem_ddr5_rdimm_32gb
2026-03-18T20:00:00.000Z,mem_ddr5_rdimm_32gb,DDR5 RDIMM 32GB 4800/5600,module,910.0,990.0,850.0,1.11,Mar.18 2026    18:10 (GMT+8)<Price Notice>,2026-03-18T13:01:43.115Z,mem_ddr5_rdimm_32gb
2026-03-19T20:00:00.000Z,mem_ddr5_rdimm_32gb,DDR5 RDIMM 32GB 4800/5600,module,910.0,990.0,850.0,1.11,Mar.19 2026    18:10 (GMT+8)<Price Notice>,2026-03-19T13:02:15.467Z,mem_ddr5_rdimm_32gb
2026-03-20T20:00:00.000Z,mem_ddr5_rdimm_32gb,DDR5 RDIMM 32GB 4800/5600,module,910.0,990.0,850.0,1.11,Mar.20 2026    18:10 (GMT+8)<Price Notice>,2026-03-20T13:01:39.076Z,mem_ddr5_rdimm_32gb
2026-03-23T20:00:00.000Z,mem_ddr5_rdimm_32gb,DDR5 RDIMM 32GB 4800/5600,module,917.5,1050.0,860.0,0.82,Mar.23 2026    18:10 (GMT+8)<Price Notice>,2026-03-23T13:02:20.335Z,mem_ddr5_rdimm_32gb
2026-03-24T20:00:00.000Z,mem_ddr5_rdimm_32gb,DDR5 RDIMM 32GB 4800/5600,module,917.5,1050.0,860.0,0.82,Mar.24 2026    18:10 (GMT+8)<Price Notice>,2026-03-24T13:02:47.182Z,mem_ddr5_rdimm_32gb
2026-03-25T20:00:00.000Z,mem_ddr5_rdimm_32gb,DDR5 RDIMM 32GB 4800/5600,module,917.5,1050.0,860.0,0.82,Mar.25 2026    18:10 (GMT+8)<Price Notice>,2026-03-25T13:01:40.793Z,mem_ddr5_rdimm_32gb
2026-03-26T20:00:00.000Z,mem_ddr5_rdimm_32gb,DDR5 RDIMM 32GB 4800/5600,module,917.5,1050.0,860.0,0.82,Mar.26 2026    18:10 (GMT+8)<Price Notice>,2026-03-26T13:03:07.542Z,mem_ddr5_rdimm_32gb
2026-03-27T20:00:00.000Z,mem_ddr5_rdimm_32gb,DDR5 RDIMM 32GB 4800/5600,module,917.5,1050.0,860.0,0.82,Mar.27 2026    18:10 (GMT+8)<Price Notice>,2026-03-27T13:01:53.741Z,mem_ddr5_rdimm_32gb
2026-03-30T20:00:00.000Z,mem_ddr5_rdimm_32gb,DDR5 RDIMM 32GB 4800/5600,module,925.0,1060.0,870.0,0.82,Mar.30 2026    18:10 (GMT+8)<Price Notice>,2026-03-30T13:02:54.120Z,mem_ddr5_rdimm_32gb
2026-03-31T20:00:00.000Z,mem_ddr5_rdimm_32gb,DDR5 RDIMM 32GB 4800/5600,module,925.0,1060.0,870.0,0.82,Mar.31 2026    18:10 (GMT+8)<Price Notice>,2026-03-31T13:02:38.230Z,mem_ddr5_rdimm_32gb
2026-04-01T20:00:00.000Z,mem_ddr5_rdimm_32gb,DDR5 RDIMM 32GB 4800/5600,module,925.0,1060.0,870.0,0.82,Apr.1 2026    18:10 (GMT+8)<Price Notice>,2026-04-01T13:02:53.265Z,mem_ddr5_rdimm_32gb
2026-04-02T20:00:00.000Z,mem_ddr5_rdimm_32gb,DDR5 RDIMM 32GB 4800/5600,module,925.0,1060.0,870.0,0.82,Apr.2 2026    18:10 (GMT+8)<Price Notice>,2026-04-02T13:01:39.999Z,mem_ddr5_rdimm_32gb
2026-04-03T20:00:00.000Z,mem_ddr5_rdimm_32gb,DDR5 RDIMM 32GB 4800/5600,module,925.0,1060.0,870.0,0.82,Apr.3 2026    18:10 (GMT+8)<Price Notice>,2026-04-03T13:01:34.344Z,mem_ddr5_rdimm_32gb
2026-04-06T20:00:00.000Z,mem_ddr5_rdimm_32gb,DDR5 RDIMM 32GB 4800/5600,module,930.0,1150.0,880.0,-0.54,Apr.3 2026    18:10 (GMT+8)<Price Notice>,2026-04-06T13:01:27.520Z,mem_ddr5_rdimm_32gb
2026-04-07T20:00:00.000Z,mem_ddr5_rdimm_32gb,DDR5 RDIMM 32GB 4800/5600,module,930.0,1150.0,880.0,-0.54,Apr.7 2026    18:10 (GMT+8)<Price Notice>,2026-04-07T13:02:09.145Z,mem_ddr5_rdimm_32gb
2026-04-08T20:00:00.000Z,mem_ddr5_rdimm_32gb,DDR5 RDIMM 32GB 4800/5600,module,930.0,1150.0,880.0,-0.54,Apr.8 2026    18:10 (GMT+8)<Price Notice>,2026-04-08T13:03:47.228Z,mem_ddr5_rdimm_32gb
2026-04-09T20:00:00.000Z,mem_ddr5_rdimm_32gb,DDR5 RDIMM 32GB 4800/5600,module,930.0,1150.0,880.0,-0.54,Apr.9 2026    18:10 (GMT+8)<Price Notice>,2026-04-09T13:02:15.428Z,mem_ddr5_rdimm_32gb
2026-04-10T20:00:00.000Z,mem_ddr5_rdimm_32gb,DDR5 RDIMM 32GB 4800/5600,module,930.0,1150.0,880.0,-0.54,Apr.10 2026    18:10 (GMT+8)<Price Notice>,2026-04-10T13:02:23.314Z,mem_ddr5_rdimm_32gb
2026-04-13T20:00:00.000Z,mem_ddr5_rdimm_32gb,DDR5 RDIMM 32GB 4800/5600,module,930.0,1150.0,880.0,-0.54,Apr.13 2026    18:10 (GMT+8)<Price Notice>,2026-04-13T13:02:06.056Z,mem_ddr5_rdimm_32gb
2026-04-14T20:00:00.000Z,mem_ddr5_rdimm_32gb,DDR5 RDIMM 32GB 4800/5600,module,930.0,1150.0,880.0,-0.54,Apr.14 2026    18:10 (GMT+8)<Price Notice>,2026-04-14T13:04:52.138Z,mem_ddr5_rdimm_32gb
2026-04-15T20:00:00.000Z,mem_ddr5_rdimm_32gb,DDR5 RDIMM 32GB 4800/5600,module,930.0,1150.0,880.0,-0.54,Apr.15 2026    18:10 (GMT+8)<Price Notice>,2026-04-15T13:02:44.049Z,mem_ddr5_rdimm_32gb
2026-04-16T20:00:00.000Z,mem_ddr5_rdimm_32gb,DDR5 RDIMM 32GB 4800/5600,module,930.0,1150.0,880.0,-0.54,Apr.16 2026    18:10 (GMT+8)<Price Notice>,2026-04-16T13:02:05.895Z,mem_ddr5_rdimm_32gb
2026-04-17T20:00:00.000Z,mem_ddr5_rdimm_32gb,DDR5 RDIMM 32GB 4800/5600,module,930.0,1150.0,880.0,-0.54,Apr.17 2026    18:10 (GMT+8)<Price Notice>,2026-04-17T13:02:40.681Z,mem_ddr5_rdimm_32gb
2026-04-20T20:00:00.000Z,mem_ddr5_rdimm_32gb,DDR5 RDIMM 32GB 4800/5600,module,975.0,1150.0,900.0,4.84,Apr.20 2026    18:10 (GMT+8)<Price Notice>,2026-04-20T13:02:05.258Z,mem_ddr5_rdimm_32gb
2026-04-21T20:00:00.000Z,mem_ddr5_rdimm_32gb,DDR5 RDIMM 32GB 4800/5600,module,975.0,1150.0,900.0,4.84,Apr.21 2026    18:10 (GMT+8)<Price Notice>,2026-04-21T13:03:22.460Z,mem_ddr5_rdimm_32gb
2026-04-22T20:00:00.000Z,mem_ddr5_rdimm_32gb,DDR5 RDIMM 32GB 4800/5600,module,975.0,1150.0,900.0,4.84,Apr.22 2026    18:10 (GMT+8)<Price Notice>,2026-04-22T13:02:12.507Z,mem_ddr5_rdimm_32gb
2026-04-23T20:00:00.000Z,mem_ddr5_rdimm_32gb,DDR5 RDIMM 32GB 4800/5600,module,975.0,1150.0,900.0,4.84,Apr.23 2026    18:10 (GMT+8)<Price Notice>,2026-04-23T13:02:19.395Z,mem_ddr5_rdimm_32gb
2026-04-24T20:00:00.000Z,mem_ddr5_rdimm_32gb,DDR5 RDIMM 32GB 4800/5600,module,975.0,1150.0,900.0,4.84,Apr.24 2026    18:10 (GMT+8)<Price Notice>,2026-04-24T13:02:50.329Z,mem_ddr5_rdimm_32gb
2026-04-27T20:00:00.000Z,mem_ddr5_rdimm_32gb,DDR5 RDIMM 32GB 4800/5600,module,970.0,1185.0,880.0,-0.51,Apr.27 2026    18:10 (GMT+8)<Price Notice>,2026-04-27T13:02:40.910Z,mem_ddr5_rdimm_32gb
2026-04-28T20:00:00.000Z,mem_ddr5_rdimm_32gb,DDR5 RDIMM 32GB 4800/5600,module,970.0,1185.0,880.0,-0.51,Apr.28 2026    18:10 (GMT+8)<Price Notice>,2026-04-28T13:03:58.866Z,mem_ddr5_rdimm_32gb
2026-04-29T20:00:00.000Z,mem_ddr5_rdimm_32gb,DDR5 RDIMM 32GB 4800/5600,module,970.0,1185.0,880.0,-0.51,Apr.29 2026    18:10 (GMT+8)<Price Notice>,2026-04-29T13:03:44.805Z,mem_ddr5_rdimm_32gb
2026-04-30T20:00:00.000Z,mem_ddr5_rdimm_32gb,DDR5 RDIMM 32GB 4800/5600,module,970.0,1185.0,880.0,-0.51,Apr.30 2026    18:10 (GMT+8)<Price Notice>,2026-04-30T13:01:45.662Z,mem_ddr5_rdimm_32gb
2026-05-01T20:00:00.000Z,mem_ddr5_rdimm_32gb,DDR5 RDIMM 32GB 4800/5600,module,970.0,1185.0,880.0,-0.51,Apr.30 2026    18:10 (GMT+8)<Price Notice>,2026-05-01T13:01:43.473Z,mem_ddr5_rdimm_32gb
2026-05-04T20:00:00.000Z,mem_ddr5_rdimm_32gb,DDR5 RDIMM 32GB 4800/5600,module,960.0,1170.0,850.0,-1.03,May.4 2026    18:10 (GMT+8)<Price Notice>,2026-05-04T13:02:45.538Z,mem_ddr5_rdimm_32gb
2026-05-05T20:00:00.000Z,mem_ddr5_rdimm_32gb,DDR5 RDIMM 32GB 4800/5600,module,960.0,1170.0,850.0,-1.03,May.5 2026    18:10 (GMT+8)<Price Notice>,2026-05-05T13:03:09.557Z,mem_ddr5_rdimm_32gb
2026-05-06T20:00:00.000Z,mem_ddr5_rdimm_32gb,DDR5 RDIMM 32GB 4800/5600,module,960.0,1170.0,850.0,-1.03,May.6 2026    18:10 (GMT+8)<Price Notice>,2026-05-06T13:02:08.033Z,mem_ddr5_rdimm_32gb
2026-05-07T20:00:00.000Z,mem_ddr5_rdimm_32gb,DDR5 RDIMM 32GB 4800/5600,module,960.0,1170.0,850.0,-1.03,May.7 2026    18:10 (GMT+8)<Price Notice>,2026-05-07T13:02:08.956Z,mem_ddr5_rdimm_32gb
2026-05-08T20:00:00.000Z,mem_ddr5_rdimm_32gb,DDR5 RDIMM 32GB 4800/5600,module,960.0,1170.0,850.0,-1.03,May.8 2026    18:10 (GMT+8)<Price Notice>,2026-05-08T13:02:22.956Z,mem_ddr5_rdimm_32gb
2026-05-11T20:00:00.000Z,mem_ddr5_rdimm_32gb,DDR5 RDIMM 32GB 4800/5600,module,960.0,1180.0,860.0,0.0,May.11 2026    18:10 (GMT+8)<Price Notice>,2026-05-11T13:02:05.832Z,mem_ddr5_rdimm_32gb
2026-05-12T20:00:00.000Z,mem_ddr5_rdimm_32gb,DDR5 RDIMM 32GB 4800/5600,module,960.0,1180.0,860.0,0.0,May.12 2026    18:10 (GMT+8)<Price Notice>,2026-05-12T13:02:55.027Z,mem_ddr5_rdimm_32gb
2026-05-13T20:00:00.000Z,mem_ddr5_rdimm_32gb,DDR5 RDIMM 32GB 4800/5600,module,960.0,1180.0,860.0,0.0,May.13 2026    18:10 (GMT+8)<Price Notice>,2026-05-13T13:01:40.598Z,mem_ddr5_rdimm_32gb
2026-05-14T20:00:00.000Z,mem_ddr5_rdimm_32gb,DDR5 RDIMM 32GB 4800/5600,module,960.0,1180.0,860.0,0.0,May.14 2026    18:10 (GMT+8)<Price Notice>,2026-05-14T13:01:13.286Z,mem_ddr5_rdimm_32gb
2026-05-15T20:00:00.000Z,mem_ddr5_rdimm_32gb,DDR5 RDIMM 32GB 4800/5600,module,960.0,1180.0,860.0,0.0,May.15 2026    18:10 (GMT+8)<Price Notice>,2026-05-15T13:02:27.546Z,mem_ddr5_rdimm_32gb
2026-05-18T20:00:00.000Z,mem_ddr5_rdimm_32gb,DDR5 RDIMM 32GB 4800/5600,module,975.0,1180.0,900.0,1.56,May.18 2026    18:10 (GMT+8)<Price Notice>,2026-05-18T13:02:54.638Z,mem_ddr5_rdimm_32gb
2026-05-19T20:00:00.000Z,mem_ddr5_rdimm_32gb,DDR5 RDIMM 32GB 4800/5600,module,975.0,1180.0,900.0,1.56,May.19 2026    18:10 (GMT+8)<Price Notice>,2026-05-19T13:02:12.976Z,mem_ddr5_rdimm_32gb
2026-05-20T20:00:00.000Z,mem_ddr5_rdimm_32gb,DDR5 RDIMM 32GB 4800/5600,module,975.0,1180.0,900.0,1.56,May.20 2026    18:10 (GMT+8)<Price Notice>,2026-05-20T13:01:53.920Z,mem_ddr5_rdimm_32gb
2026-05-21T20:00:00.000Z,mem_ddr5_rdimm_32gb,DDR5 RDIMM 32GB 4800/5600,module,975.0,1180.0,900.0,1.56,May.21 2026    18:10 (GMT+8)<Price Notice>,2026-05-21T13:02:12.407Z,mem_ddr5_rdimm_32gb
2026-05-22T20:00:00.000Z,mem_ddr5_rdimm_32gb,DDR5 RDIMM 32GB 4800/5600,module,975.0,1180.0,900.0,1.56,May.22 2026    18:10 (GMT+8)<Price Notice>,2026-05-22T13:02:03.111Z,mem_ddr5_rdimm_32gb
2026-05-25T20:00:00.000Z,mem_ddr5_rdimm_32gb,DDR5 RDIMM 32GB 4800/5600,module,1020.0,1200.0,920.0,4.62,May.25 2026    18:10 (GMT+8)<Price Notice>,2026-05-25T13:01:11.616Z,mem_ddr5_rdimm_32gb
2026-05-26T20:00:00.000Z,mem_ddr5_rdimm_32gb,DDR5 RDIMM 32GB 4800/5600,module,1020.0,1200.0,920.0,4.62,May.26 2026    18:10 (GMT+8)<Price Notice>,2026-05-26T13:02:17.041Z,mem_ddr5_rdimm_32gb
2026-05-27T20:00:00.000Z,mem_ddr5_rdimm_32gb,DDR5 RDIMM 32GB 4800/5600,module,1020.0,1200.0,920.0,4.62,May.27 2026    18:10 (GMT+8)<Price Notice>,2026-05-27T13:01:31.331Z,mem_ddr5_rdimm_32gb
2026-05-28T20:00:00.000Z,mem_ddr5_rdimm_32gb,DDR5 RDIMM 32GB 4800/5600,module,1020.0,1200.0,920.0,4.62,May.28 2026    18:10 (GMT+8)<Price Notice>,2026-05-28T13:03:26.760Z,mem_ddr5_rdimm_32gb
2026-05-29T20:00:00.000Z,mem_ddr5_rdimm_32gb,DDR5 RDIMM 32GB 4800/5600,module,1020.0,1200.0,920.0,4.62,May.29 2026    18:10 (GMT+8)<Price Notice>,2026-05-29T13:01:36.615Z,mem_ddr5_rdimm_32gb
2026-06-01T20:00:00.000Z,mem_ddr5_rdimm_32gb,DDR5 RDIMM 32GB 4800/5600,module,1035.0,1200.0,950.0,1.47,Jun.1 2026    18:10 (GMT+8)<Price Notice>,2026-06-01T13:02:23.114Z,mem_ddr5_rdimm_32gb
2026-06-02T20:00:00.000Z,mem_ddr5_rdimm_32gb,DDR5 RDIMM 32GB 4800/5600,module,1035.0,1200.0,950.0,1.47,Jun.2 2026    18:10 (GMT+8)<Price Notice>,2026-06-02T13:01:46.503Z,mem_ddr5_rdimm_32gb
2026-06-03T20:00:00.000Z,mem_ddr5_rdimm_32gb,DDR5 RDIMM 32GB 4800/5600,module,1035.0,1200.0,950.0,1.47,Jun.3 2026    18:10 (GMT+8)<Price Notice>,2026-06-03T13:01:27.103Z,mem_ddr5_rdimm_32gb
2026-06-04T20:00:00.000Z,mem_ddr5_rdimm_32gb,DDR5 RDIMM 32GB 4800/5600,module,1035.0,1200.0,950.0,1.47,Jun.4 2026    18:10 (GMT+8)<Price Notice>,2026-06-04T13:02:15.709Z,mem_ddr5_rdimm_32gb
2026-06-05T20:00:00.000Z,mem_ddr5_rdimm_32gb,DDR5 RDIMM 32GB 4800/5600,module,1035.0,1200.0,950.0,1.47,Jun.5 2026    18:10 (GMT+8)<Price Notice>,2026-06-05T13:02:40.269Z,mem_ddr5_rdimm_32gb
2026-06-08T20:00:00.000Z,mem_ddr5_rdimm_32gb,DDR5 RDIMM 32GB 4800/5600,module,1075.0,1350.0,1000.0,3.87,Jun.8 2026    18:10 (GMT+8)<Price Notice>,2026-06-08T13:01:50.898Z,mem_ddr5_rdimm_32gb
2026-06-09T20:00:00.000Z,mem_ddr5_rdimm_32gb,DDR5 RDIMM 32GB 4800/5600,module,1075.0,1350.0,1000.0,3.87,Jun.9 2026    18:10 (GMT+8)<Price Notice>,2026-06-09T13:02:08.889Z,mem_ddr5_rdimm_32gb
2026-06-10T20:00:00.000Z,mem_ddr5_rdimm_32gb,DDR5 RDIMM 32GB 4800/5600,module,1075.0,1350.0,1000.0,3.87,Jun.10 2026    18:10 (GMT+8)<Price Notice>,2026-06-10T13:02:20.696Z,mem_ddr5_rdimm_32gb
2026-06-11T20:00:00.000Z,mem_ddr5_rdimm_32gb,DDR5 RDIMM 32GB 4800/5600,module,1075.0,1350.0,1000.0,3.87,Jun.11 2026    18:10 (GMT+8)<Price Notice>,2026-06-11T13:02:09.646Z,mem_ddr5_rdimm_32gb
2026-06-12T20:00:00.000Z,mem_ddr5_rdimm_32gb,DDR5 RDIMM 32GB 4800/5600,module,1075.0,1350.0,1000.0,3.87,Jun.12 2026    18:10 (GMT+8)<Price Notice>,2026-06-12T13:02:56.198Z,mem_ddr5_rdimm_32gb
2026-06-15T20:00:00.000Z,mem_ddr5_rdimm_32gb,DDR5 RDIMM 32GB 4800/5600,module,1250.0,1550.0,1200.0,16.28,Jun.15 2026    18:10 (GMT+8)<Price Notice>,2026-06-15T13:02:10.420Z,mem_ddr5_rdimm_32gb
2026-06-16T20:00:00.000Z,mem_ddr5_rdimm_32gb,DDR5 RDIMM 32GB 4800/5600,module,1250.0,1550.0,1200.0,16.28,Jun.16 2026    18:10 (GMT+8)<Price Notice>,2026-06-16T13:03:09.279Z,mem_ddr5_rdimm_32gb
2026-06-17T20:00:00.000Z,mem_ddr5_rdimm_32gb,DDR5 RDIMM 32GB 4800/5600,module,1250.0,1550.0,1200.0,16.28,Jun.17 2026    18:10 (GMT+8)<Price Notice>,2026-06-17T13:02:31.302Z,mem_ddr5_rdimm_32gb
2026-06-18T20:00:00.000Z,mem_ddr5_rdimm_32gb,DDR5 RDIMM 32GB 4800/5600,module,1250.0,1550.0,1200.0,16.28,Jun.18 2026    18:10 (GMT+8)<Price Notice>,2026-06-18T13:01:33.279Z,mem_ddr5_rdimm_32gb
2026-06-19T20:00:00.000Z,mem_ddr5_rdimm_32gb,DDR5 RDIMM 32GB 4800/5600,module,1250.0,1550.0,1200.0,16.28,Jun.18 2026    18:10 (GMT+8)<Price Notice>,2026-06-19T13:02:38.118Z,mem_ddr5_rdimm_32gb
2026-06-22T20:00:00.000Z,mem_ddr5_rdimm_32gb,DDR5 RDIMM 32GB 4800/5600,module,1275.0,1580.0,1230.0,2.0,Jun.22 2026    18:10 (GMT+8)<Price Notice>,2026-06-22T13:01:15.397Z,mem_ddr5_rdimm_32gb
2026-06-23T20:00:00.000Z,mem_ddr5_rdimm_32gb,DDR5 RDIMM 32GB 4800/5600,module,1275.0,1580.0,1230.0,2.0,Jun.23 2026    18:10 (GMT+8)<Price Notice>,2026-06-23T13:01:13.955Z,mem_ddr5_rdimm_32gb
2026-06-24T20:00:00.000Z,mem_ddr5_rdimm_32gb,DDR5 RDIMM 32GB 4800/5600,module,1275.0,1580.0,1230.0,2.0,Jun.24 2026    18:10 (GMT+8)<Price Notice>,2026-06-24T13:01:36.408Z,mem_ddr5_rdimm_32gb
2026-06-25T20:00:00.000Z,mem_ddr5_rdimm_32gb,DDR5 RDIMM 32GB 4800/5600,module,1275.0,1580.0,1230.0,2.0,Jun.25 2026    18:10 (GMT+8)<Price Notice>,2026-06-25T13:03:32.627Z,mem_ddr5_rdimm_32gb
2026-06-26T20:00:00.000Z,mem_ddr5_rdimm_32gb,DDR5 RDIMM 32GB 4800/5600,module,1275.0,1580.0,1230.0,2.0,Jun.26 2026    18:10 (GMT+8)<Price Notice>,2026-06-26T13:02:11.814Z,mem_ddr5_rdimm_32gb
2026-06-29T20:00:00.000Z,mem_ddr5_rdimm_32gb,DDR5 RDIMM 32GB 4800/5600,module,1335.0,1600.0,1250.0,4.71,Jun.29 2026    18:10 (GMT+8)<Price Notice>,2026-06-29T13:02:14.376Z,mem_ddr5_rdimm_32gb
2026-06-30T20:00:00.000Z,mem_ddr5_rdimm_32gb,DDR5 RDIMM 32GB 4800/5600,module,1335.0,1600.0,1250.0,4.71,Jun.30 2026    18:10 (GMT+8)<Price Notice>,2026-06-30T13:01:12.514Z,mem_ddr5_rdimm_32gb
2026-07-01T20:00:00.000Z,mem_ddr5_rdimm_32gb,DDR5 RDIMM 32GB 4800/5600,module,1335.0,1600.0,1250.0,4.71,Jul.1 2026    18:10 (GMT+8)<Price Notice>,2026-07-01T13:02:13.833Z,mem_ddr5_rdimm_32gb
2026-07-02T20:00:00.000Z,mem_ddr5_rdimm_32gb,DDR5 RDIMM 32GB 4800/5600,module,1335.0,1600.0,1250.0,4.71,Jul.2 2026    18:10 (GMT+8)<Price Notice>,2026-07-02T13:01:47.874Z,mem_ddr5_rdimm_32gb
2026-07-03T20:00:00.000Z,mem_ddr5_rdimm_32gb,DDR5 RDIMM 32GB 4800/5600,module,1335.0,1600.0,1250.0,4.71,Jul.3 2026    18:10 (GMT+8)<Price Notice>,2026-07-03T13:02:23.584Z,mem_ddr5_rdimm_32gb
2026-07-06T20:00:00.000Z,mem_ddr5_rdimm_32gb,DDR5 RDIMM 32GB 4800/5600,module,1375.0,1560.0,1250.0,3.0,Jul.6 2026    18:10 (GMT+8)<Price Notice>,2026-07-06T13:01:52.377Z,mem_ddr5_rdimm_32gb
2026-07-07T20:00:00.000Z,mem_ddr5_rdimm_32gb,DDR5 RDIMM 32GB 4800/5600,module,1375.0,1560.0,1250.0,3.0,Jul.7 2026    18:10 (GMT+8)<Price Notice>,2026-07-07T13:02:35.935Z,mem_ddr5_rdimm_32gb
2026-07-08T20:00:00.000Z,mem_ddr5_rdimm_32gb,DDR5 RDIMM 32GB 4800/5600,module,1375.0,1560.0,1250.0,3.0,Jul.8 2026    18:10 (GMT+8)<Price Notice>,2026-07-08T13:02:29.977Z,mem_ddr5_rdimm_32gb
2026-07-09T20:00:00.000Z,mem_ddr5_rdimm_32gb,DDR5 RDIMM 32GB 4800/5600,module,1375.0,1560.0,1250.0,3.0,Jul.9 2026    18:10 (GMT+8)<Price Notice>,2026-07-09T13:02:42.912Z,mem_ddr5_rdimm_32gb
2026-07-10T20:00:00.000Z,mem_ddr5_rdimm_32gb,DDR5 RDIMM 32GB 4800/5600,module,1375.0,1560.0,1250.0,3.0,Jul.10 2026    18:10 (GMT+8)<Price Notice>,2026-07-10T13:02:07.843Z,mem_ddr5_rdimm_32gb
2026-07-13T20:00:00.000Z,mem_ddr5_rdimm_32gb,DDR5 RDIMM 32GB 4800/5600,module,1475.0,1800.0,1350.0,7.27,Jul.13 2026    18:10 (GMT+8)<Price Notice>,2026-07-13T13:02:43.823Z,mem_ddr5_rdimm_32gb
2026-07-14T20:00:00.000Z,mem_ddr5_rdimm_32gb,DDR5 RDIMM 32GB 4800/5600,module,1475.0,1800.0,1350.0,7.27,Jul.14 2026    18:10 (GMT+8)<Price Notice>,2026-07-14T13:01:15.324Z,mem_ddr5_rdimm_32gb
2026-07-15T20:00:00.000Z,mem_ddr5_rdimm_32gb,DDR5 RDIMM 32GB 4800/5600,module,1475.0,1800.0,1350.0,7.27,Jul.15 2026    18:10 (GMT+8)<Price Notice>,2026-07-15T13:01:08.288Z,mem_ddr5_rdimm_32gb
2026-07-16T20:00:00.000Z,mem_ddr5_rdimm_32gb,DDR5 RDIMM 32GB 4800/5600,module,1475.0,1800.0,1350.0,7.27,Jul.16 2026    18:10 (GMT+8)<Price Notice>,2026-07-16T13:02:46.897Z,mem_ddr5_rdimm_32gb
2026-07-17T20:00:00.000Z,mem_ddr5_rdimm_32gb,DDR5 RDIMM 32GB 4800/5600,module,1475.0,1800.0,1350.0,7.27,Jul.17 2026    18:10 (GMT+8)<Price Notice>,2026-07-17T13:02:49.872Z,mem_ddr5_rdimm_32gb
2026-07-20T20:00:00.000Z,mem_ddr5_rdimm_32gb,DDR5 RDIMM 32GB 4800/5600,module,1550.0,1850.0,1400.0,5.09,Jul.20 2026    18:10 (GMT+8)<Price Notice>,2026-07-20T13:01:22.659Z,mem_ddr5_rdimm_32gb
2026-07-21T20:00:00.000Z,mem_ddr5_rdimm_32gb,DDR5 RDIMM 32GB 4800/5600,module,1550.0,1850.0,1400.0,5.09,Jul.21 2026    18:10 (GMT+8)<Price Notice>,2026-07-21T13:02:34.422Z,mem_ddr5_rdimm_32gb
2026-07-22T20:00:00.000Z,mem_ddr5_rdimm_32gb,DDR5 RDIMM 32GB 4800/5600,module,1550.0,1850.0,1400.0,5.09,Jul.22 2026    18:10 (GMT+8)<Price Notice>,2026-07-22T13:02:43.978Z,mem_ddr5_rdimm_32gb
2026-07-23T20:00:00.000Z,mem_ddr5_rdimm_32gb,DDR5 RDIMM 32GB 4800/5600,module,1550.0,1850.0,1400.0,5.09,Jul.23 2026    18:10 (GMT+8)<Price Notice>,2026-07-23T13:02:13.780Z,mem_ddr5_rdimm_32gb
2026-07-24T20:00:00.000Z,mem_ddr5_rdimm_32gb,DDR5 RDIMM 32GB 4800/5600,module,1550.0,1850.0,1400.0,5.09,Jul.24 2026    18:10 (GMT+8)<Price Notice>,2026-07-24T13:02:28.533Z,mem_ddr5_rdimm_32gb
2026-07-27T20:00:00.000Z,mem_ddr5_rdimm_32gb,DDR5 RDIMM 32GB 4800/5600,module,1555.0,1850.0,1450.0,0.32,Jul.27 2026    18:10 (GMT+8)<Price Notice>,2026-07-27T20:02:47.070Z,mem_ddr5_rdimm_32gb
2026-07-28T20:00:00.000Z,mem_ddr5_rdimm_32gb,DDR5 RDIMM 32GB 4800/5600,module,1555.0,1850.0,1450.0,0.32,Jul.28 2026    18:10 (GMT+8)<Price Notice>,2026-07-28T20:02:31.411Z,mem_ddr5_rdimm_32gb
2026-07-29T20:00:00.000Z,mem_ddr5_rdimm_32gb,DDR5 RDIMM 32GB 4800/5600,module,1555.0,1850.0,1450.0,0.32,Jul.29 2026    18:10 (GMT+8)<Price Notice>,2026-07-29T20:02:52.292Z,mem_ddr5_rdimm_32gb
2026-07-30T20:00:00.000Z,mem_ddr5_rdimm_32gb,DDR5 RDIMM 32GB 4800/5600,module,1555.0,1850.0,1450.0,0.32,Jul.30 2026    18:10 (GMT+8)<Price Notice>,2026-07-30T20:02:11.453Z,mem_ddr5_rdimm_32gb
2026-07-31T20:00:00.000Z,mem_ddr5_rdimm_32gb,DDR5 RDIMM 32GB 4800/5600,module,1555.0,1850.0,1450.0,0.32,Jul.31 2026    18:10 (GMT+8)<Price Notice>,2026-07-31T20:01:49.889Z,mem_ddr5_rdimm_32gb
2026-08-03T20:00:00.000Z,mem_ddr5_rdimm_32gb,DDR5 RDIMM 32GB 4800/5600,module,1545.0,1750.0,1450.0,-0.64,Aug.3 2026    18:10 (GMT+8)<Price Notice>,2026-08-03T20:01:22.877Z,mem_ddr5_rdimm_32gb
2026-08-04T20:00:00.000Z,mem_ddr5_rdimm_32gb,DDR5 RDIMM 32GB 4800/5600,module,1545.0,1750.0,1450.0,-0.64,Aug.4 2026    18:10 (GMT+8)<Price Notice>,2026-08-04T20:01:15.160Z,mem_ddr5_rdimm_32gb
2026-08-05T20:00:00.000Z,mem_ddr5_rdimm_32gb,DDR5 RDIMM 32GB 4800/5600,module,1545.0,1750.0,1450.0,-0.64,Aug.5 2026    18:10 (GMT+8)<Price Notice>,2026-08-05T20:02:43.953Z,mem_ddr5_rdimm_32gb
2026-08-06T20:00:00.000Z,mem_ddr5_rdimm_32gb,DDR5 RDIMM 32GB 4800/5600,module,1545.0,1750.0,1450.0,-0.64,Aug.6 2026    18:10 (GMT+8)<Price Notice>,2026-08-06T20:01:55.342Z,mem_ddr5_rdimm_32gb
2026-08-07T20:00:00.000Z,mem_ddr5_rdimm_32gb,DDR5 RDIMM 32GB 4800/5600,module,1545.0,1750.0,1450.0,-0.64,Aug.7 2026    18:10 (GMT+8)<Price Notice>,2026-08-07T20:02:31.314Z,mem_ddr5_rdimm_32gb
2026-08-10T20:00:00.000Z,mem_ddr5_rdimm_32gb,DDR5 RDIMM 32GB 4800/5600,module,1565.0,1700.0,1480.0,1.29,Aug.10 2026    18:10 (GMT+8)<Price Notice>,2026-08-10T20:01:50.891Z,mem_ddr5_rdimm_32gb
2026-08-11T20:00:00.000Z,mem_ddr5_rdimm_32gb,DDR5 RDIMM 32GB 4800/5600,module,1565.0,1700.0,1480.0,1.29,Aug.11 2026    18:10 (GMT+8)<Price Notice>,2026-08-11T20:02:04.894Z,mem_ddr5_rdimm_32gb
2026-08-12T20:00:00.000Z,mem_ddr5_rdimm_32gb,DDR5 RDIMM 32GB 4800/5600,module,1565.0,1700.0,1480.0,1.29,Aug.12 2026    18:10 (GMT+8)<Price Notice>,2026-08-12T20:01:26.613Z,mem_ddr5_rdimm_32gb
2026-08-13T20:00:00.000Z,mem_ddr5_rdimm_32gb,DDR5 RDIMM 32GB 4800/5600,module,1565.0,1700.0,1480.0,1.29,Aug.13 2026    18:10 (GMT+8)<Price Notice>,2026-08-13T20:02:28.391Z,mem_ddr5_rdimm_32gb
2026-08-14T20:00:00.000Z,mem_ddr5_rdimm_32gb,DDR5 RDIMM 32GB 4800/5600,module,1565.0,1700.0,1480.0,1.29,Aug.14 2026    18:10 (GMT+8)<Price Notice>,2026-08-14T20:01:13.862Z,mem_ddr5_rdimm_32gb
2026-08-17T20:00:00.000Z,mem_ddr5_rdimm_32gb,DDR5 RDIMM 32GB 4800/5600,module,1580.0,1750.0,1490.0,0.96,Aug.17 2026    18:10 (GMT+8)<Price Notice>,2026-08-17T20:01:36.925Z,mem_ddr5_rdimm_32gb
2026-08-18T20:00:00.000Z,mem_ddr5_rdimm_32gb,DDR5 RDIMM 32GB 4800/5600,module,1580.0,1750.0,1490.0,0.96,Aug.18 2026    18:10 (GMT+8)<Price Notice>,2026-08-18T20:03:16.187Z,mem_ddr5_rdimm_32gb
2026-08-19T20:00:00.000Z,mem_ddr5_rdimm_32gb,DDR5 RDIMM 32GB 4800/5600,module,1580.0,1750.0,1490.0,0.96,Aug.19 2026    18:10 (GMT+8)<Price Notice>,2026-08-19T20:02:20.844Z,mem_ddr5_rdimm_32gb
2026-08-20T20:00:00.000Z,mem_ddr5_rdimm_32gb,DDR5 RDIMM 32GB 4800/5600,module,1580.0,1750.0,1490.0,0.96,Aug.20 2026    18:10 (GMT+8)<Price Notice>,2026-08-20T20:03:28.179Z,mem_ddr5_rdimm_32gb
2026-08-21T20:00:00.000Z,mem_ddr5_rdimm_32gb,DDR5 RDIMM 32GB 4800/5600,module,1580.0,1750.0,1490.0,0.96,Aug.21 2026    18:10 (GMT+8)<Price Notice>,2026-08-21T20:02:16.258Z,mem_ddr5_rdimm_32gb
2026-08-24T20:00:00.000Z,mem_ddr5_rdimm_32gb,DDR5 RDIMM 32GB 4800/5600,module,1600.0,1800.0,1500.0,1.27,Aug.24 2026    18:10 (GMT+8)<Price Notice>,2026-08-24T20:02:25.006Z,mem_ddr5_rdimm_32gb
2026-08-25T20:00:00.000Z,mem_ddr5_rdimm_32gb,DDR5 RDIMM 32GB 4800/5600,module,1600.0,1800.0,1500.0,1.27,Aug.25 2026    18:10 (GMT+8)<Price Notice>,2026-08-25T20:02:53.059Z,mem_ddr5_rdimm_32gb
2026-08-26T20:00:00.000Z,mem_ddr5_rdimm_32gb,DDR5 RDIMM 32GB 4800/5600,module,1600.0,1800.0,1500.0,1.27,Aug.26 2026    18:10 (GMT+8)<Price Notice>,2026-08-26T20:02:53.992Z,mem_ddr5_rdimm_32gb
2026-08-27T20:00:00.000Z,mem_ddr5_rdimm_32gb,DDR5 RDIMM 32GB 4800/5600,module,1600.0,1800.0,1500.0,1.27,Aug.27 2026    18:10 (GMT+8)<Price Notice>,2026-08-27T20:02:14.743Z,mem_ddr5_rdimm_32gb
2026-08-28T20:00:00.000Z,mem_ddr5_rdimm_32gb,DDR5 RDIMM 32GB 4800/5600,module,1600.0,1800.0,1500.0,1.27,Aug.28 2026    18:10 (GMT+8)<Price Notice>,2026-08-28T20:02:32.935Z,mem_ddr5_rdimm_32gb
2026-08-31T20:00:00.000Z,mem_ddr5_rdimm_32gb,DDR5 RDIMM 32GB 4800/5600,module,1665.0,1900.0,1600.0,4.06,Aug.31 2026    18:10 (GMT+8)<Price Notice>,2026-08-31T20:02:02.069Z,mem_ddr5_rdimm_32gb
2025-11-24T21:00:00.000Z,mem_ddr5_udimm_16gb,DDR5 UDIMM 16GB 4800/5600,module,100.5,,,29.68,Nov.17 2025    14:40,2026-01-08T03:24:34.248Z,mem_ddr5_udimm_16gb
2026-01-07T21:00:00.000Z,mem_ddr5_udimm_16gb,DDR5 UDIMM 16GB 4800/5600,module,150.0,195.0,135.0,5.26,Jan.8 2026    11:00 (GMT+8)<Price Notice>,2026-01-08T03:31:26.126Z,mem_ddr5_udimm_16gb
2026-01-08T21:00:00.000Z,mem_ddr5_udimm_16gb,DDR5 UDIMM 16GB 4800/5600,module,150.0,195.0,135.0,5.26,Jan.8 2026    18:10 (GMT+8)<Price Notice>,2026-01-08T14:02:23.018Z,mem_ddr5_udimm_16gb
2026-01-09T21:00:00.000Z,mem_ddr5_udimm_16gb,DDR5 UDIMM 16GB 4800/5600,module,150.0,195.0,135.0,5.26,Jan.9 2026    18:10 (GMT+8)<Price Notice>,2026-01-09T14:01:32.464Z,mem_ddr5_udimm_16gb
2026-01-12T21:00:00.000Z,mem_ddr5_udimm_16gb,DDR5 UDIMM 16GB 4800/5600,module,157.5,210.0,140.0,5.0,Jan.12 2026    18:10 (GMT+8)<Price Notice>,2026-01-12T14:01:37.605Z,mem_ddr5_udimm_16gb
2026-01-13T21:00:00.000Z,mem_ddr5_udimm_16gb,DDR5 UDIMM 16GB 4800/5600,module,157.5,210.0,140.0,5.0,Jan.13 2026    18:10 (GMT+8)<Price Notice>,2026-01-13T14:01:26.924Z,mem_ddr5_udimm_16gb
2026-01-14T21:00:00.000Z,mem_ddr5_udimm_16gb,DDR5 UDIMM 16GB 4800/5600,module,157.5,210.0,140.0,5.0,Jan.14 2026    18:10 (GMT+8)<Price Notice>,2026-01-14T14:01:03.695Z,mem_ddr5_udimm_16gb
2026-01-15T21:00:00.000Z,mem_ddr5_udimm_16gb,DDR5 UDIMM 16GB 4800/5600,module,157.5,210.0,140.0,5.0,Jan.15 2026    18:10 (GMT+8)<Price Notice>,2026-01-15T14:01:37.352Z,mem_ddr5_udimm_16gb
2026-01-16T21:00:00.000Z,mem_ddr5_udimm_16gb,DDR5 UDIMM 16GB 4800/5600,module,157.5,210.0,140.0,5.0,Jan.16 2026    18:10 (GMT+8)<Price Notice>,2026-01-16T14:01:57.038Z,mem_ddr5_udimm_16gb
2026-01-19T21:00:00.000Z,mem_ddr5_udimm_16gb,DDR5 UDIMM 16GB 4800/5600,module,177.5,230.0,160.0,12.7,Jan.19 2026    18:10 (GMT+8)<Price Notice>,2026-01-19T14:01:38.770Z,mem_ddr5_udimm_16gb
2026-01-20T21:00:00.000Z,mem_ddr5_udimm_16gb,DDR5 UDIMM 16GB 4800/5600,module,177.5,230.0,160.0,12.7,Jan.20 2026    18:10 (GMT+8)<Price Notice>,2026-01-20T14:01:04.009Z,mem_ddr5_udimm_16gb
2026-01-21T21:00:00.000Z,mem_ddr5_udimm_16gb,DDR5 UDIMM 16GB 4800/5600,module,177.5,230.0,160.0,12.7,Jan.21 2026    18:10 (GMT+8)<Price Notice>,2026-01-21T14:01:09.164Z,mem_ddr5_udimm_16gb
2026-01-22T21:00:00.000Z,mem_ddr5_udimm_16gb,DDR5 UDIMM 16GB 4800/5600,module,177.5,230.0,160.0,12.7,Jan.22 2026    18:10 (GMT+8)<Price Notice>,2026-01-22T14:01:54.515Z,mem_ddr5_udimm_16gb
2026-01-23T21:00:00.000Z,mem_ddr5_udimm_16gb,DDR5 UDIMM 16GB 4800/5600,module,177.5,230.0,160.0,12.7,Jan.23 2026    18:10 (GMT+8)<Price Notice>,2026-01-23T14:01:50.243Z,mem_ddr5_udimm_16gb
2026-01-26T21:00:00.000Z,mem_ddr5_udimm_16gb,DDR5 UDIMM 16GB 4800/5600,module,215.0,270.0,180.0,21.13,Jan.26 2026    18:10 (GMT+8)<Price Notice>,2026-01-26T14:02:40.087Z,mem_ddr5_udimm_16gb
2026-01-27T21:00:00.000Z,mem_ddr5_udimm_16gb,DDR5 UDIMM 16GB 4800/5600,module,215.0,270.0,180.0,21.13,Jan.27 2026    18:10 (GMT+8)<Price Notice>,2026-01-27T14:01:56.839Z,mem_ddr5_udimm_16gb
2026-01-28T21:00:00.000Z,mem_ddr5_udimm_16gb,DDR5 UDIMM 16GB 4800/5600,module,215.0,270.0,180.0,21.13,Jan.28 2026    18:10 (GMT+8)<Price Notice>,2026-01-28T14:03:03.538Z,mem_ddr5_udimm_16gb
2026-01-29T21:00:00.000Z,mem_ddr5_udimm_16gb,DDR5 UDIMM 16GB 4800/5600,module,215.0,270.0,180.0,21.13,Jan.29 2026    18:10 (GMT+8)<Price Notice>,2026-01-29T14:01:57.611Z,mem_ddr5_udimm_16gb
2026-01-30T21:00:00.000Z,mem_ddr5_udimm_16gb,DDR5 UDIMM 16GB 4800/5600,module,215.0,270.0,180.0,21.13,Jan.30 2026    18:10 (GMT+8)<Price Notice>,2026-01-30T14:01:40.814Z,mem_ddr5_udimm_16gb
2026-02-02T21:00:00.000Z,mem_ddr5_udimm_16gb,DDR5 UDIMM 16GB 4800/5600,module,250.0,280.0,230.0,16.28,Feb.2 2026    18:10 (GMT+8)<Price Notice>,2026-02-02T14:03:38.237Z,mem_ddr5_udimm_16gb
2026-02-03T21:00:00.000Z,mem_ddr5_udimm_16gb,DDR5 UDIMM 16GB 4800/5600,module,250.0,280.0,230.0,16.28,Feb.3 2026    18:10 (GMT+8)<Price Notice>,2026-02-03T14:02:24.155Z,mem_ddr5_udimm_16gb
2026-02-04T21:00:00.000Z,mem_ddr5_udimm_16gb,DDR5 UDIMM 16GB 4800/5600,module,250.0,280.0,230.0,16.28,Feb.4 2026    18:10 (GMT+8)<Price Notice>,2026-02-04T14:02:16.866Z,mem_ddr5_udimm_16gb
2026-02-05T21:00:00.000Z,mem_ddr5_udimm_16gb,DDR5 UDIMM 16GB 4800/5600,module,250.0,280.0,230.0,16.28,Feb.5 2026    18:10 (GMT+8)<Price Notice>,2026-02-05T14:02:40.711Z,mem_ddr5_udimm_16gb
2026-02-06T21:00:00.000Z,mem_ddr5_udimm_16gb,DDR5 UDIMM 16GB 4800/5600,module,250.0,280.0,230.0,16.28,Feb.6 2026    18:10 (GMT+8)<Price Notice>,2026-02-06T14:01:17.206Z,mem_ddr5_udimm_16gb
2026-02-09T21:00:00.000Z,mem_ddr5_udimm_16gb,DDR5 UDIMM 16GB 4800/5600,module,250.0,280.0,235.0,0.0,Feb.9 2026    18:10 (GMT+8)<Price Notice>,2026-02-09T14:01:59.345Z,mem_ddr5_udimm_16gb
2026-02-10T21:00:00.000Z,mem_ddr5_udimm_16gb,DDR5 UDIMM 16GB 4800/5600,module,250.0,280.0,235.0,0.0,Feb.10 2026    18:10 (GMT+8)<Price Notice>,2026-02-10T14:02:08.356Z,mem_ddr5_udimm_16gb
2026-02-11T21:00:00.000Z,mem_ddr5_udimm_16gb,DDR5 UDIMM 16GB 4800/5600,module,250.0,280.0,235.0,0.0,Feb.11 2026    18:10 (GMT+8)<Price Notice>,2026-02-11T14:02:08.813Z,mem_ddr5_udimm_16gb
2026-02-12T21:00:00.000Z,mem_ddr5_udimm_16gb,DDR5 UDIMM 16GB 4800/5600,module,250.0,280.0,235.0,0.0,Feb.12 2026    18:10 (GMT+8)<Price Notice>,2026-02-12T14:01:33.885Z,mem_ddr5_udimm_16gb
2026-02-13T21:00:00.000Z,mem_ddr5_udimm_16gb,DDR5 UDIMM 16GB 4800/5600,module,250.0,280.0,235.0,0.0,Feb.13 2026    18:10 (GMT+8)<Price Notice>,2026-02-13T14:01:53.473Z,mem_ddr5_udimm_16gb
2026-02-16T21:00:00.000Z,mem_ddr5_udimm_16gb,DDR5 UDIMM 16GB 4800/5600,module,250.0,280.0,235.0,0.0,Feb.13 2026    18:10 (GMT+8)<Price Notice>,2026-02-16T14:01:15.419Z,mem_ddr5_udimm_16gb
2026-02-17T21:00:00.000Z,mem_ddr5_udimm_16gb,DDR5 UDIMM 16GB 4800/5600,module,250.0,280.0,235.0,0.0,Feb.13 2026    18:10 (GMT+8)<Price Notice>,2026-02-17T14:01:55.881Z,mem_ddr5_udimm_16gb
2026-02-18T21:00:00.000Z,mem_ddr5_udimm_16gb,DDR5 UDIMM 16GB 4800/5600,module,250.0,280.0,235.0,0.0,Feb.13 2026    18:10 (GMT+8)<Price Notice>,2026-02-18T14:01:56.511Z,mem_ddr5_udimm_16gb
2026-02-19T21:00:00.000Z,mem_ddr5_udimm_16gb,DDR5 UDIMM 16GB 4800/5600,module,250.0,280.0,235.0,0.0,Feb.13 2026    18:10 (GMT+8)<Price Notice>,2026-02-19T14:03:01.304Z,mem_ddr5_udimm_16gb
2026-02-20T21:00:00.000Z,mem_ddr5_udimm_16gb,DDR5 UDIMM 16GB 4800/5600,module,250.0,280.0,235.0,0.0,Feb.13 2026    18:10 (GMT+8)<Price Notice>,2026-02-20T14:01:37.710Z,mem_ddr5_udimm_16gb
2026-02-23T21:00:00.000Z,mem_ddr5_udimm_16gb,DDR5 UDIMM 16GB 4800/5600,module,245.0,259.0,230.0,-2.0,Feb.23 2026    18:10 (GMT+8)<Price Notice>,2026-02-23T14:02:38.887Z,mem_ddr5_udimm_16gb
2026-02-24T21:00:00.000Z,mem_ddr5_udimm_16gb,DDR5 UDIMM 16GB 4800/5600,module,245.0,259.0,230.0,-2.0,Feb.24 2026    18:10 (GMT+8)<Price Notice>,2026-02-24T14:02:04.081Z,mem_ddr5_udimm_16gb
2026-02-25T21:00:00.000Z,mem_ddr5_udimm_16gb,DDR5 UDIMM 16GB 4800/5600,module,245.0,259.0,230.0,-2.0,Feb.25 2026    18:10 (GMT+8)<Price Notice>,2026-02-25T14:02:08.345Z,mem_ddr5_udimm_16gb
2026-02-26T21:00:00.000Z,mem_ddr5_udimm_16gb,DDR5 UDIMM 16GB 4800/5600,module,245.0,259.0,230.0,-2.0,Feb.26 2026    18:10 (GMT+8)<Price Notice>,2026-02-26T14:01:43.257Z,mem_ddr5_udimm_16gb
2026-02-27T21:00:00.000Z,mem_ddr5_udimm_16gb,DDR5 UDIMM 16GB 4800/5600,module,245.0,259.0,230.0,-2.0,Feb.27 2026    18:10 (GMT+8)<Price Notice>,2026-02-27T14:01:52.460Z,mem_ddr5_udimm_16gb
2026-03-02T21:00:00.000Z,mem_ddr5_udimm_16gb,DDR5 UDIMM 16GB 4800/5600,module,245.0,259.0,230.0,0.0,Mar.2 2026    18:10 (GMT+8)<Price Notice>,2026-03-02T14:01:45.816Z,mem_ddr5_udimm_16gb
2026-03-03T21:00:00.000Z,mem_ddr5_udimm_16gb,DDR5 UDIMM 16GB 4800/5600,module,245.0,259.0,230.0,0.0,Mar.3 2026    18:10 (GMT+8)<Price Notice>,2026-03-03T14:01:56.569Z,mem_ddr5_udimm_16gb
2026-03-04T21:00:00.000Z,mem_ddr5_udimm_16gb,DDR5 UDIMM 16GB 4800/5600,module,245.0,259.0,230.0,0.0,Mar.4 2026    18:10 (GMT+8)<Price Notice>,2026-03-04T14:02:15.081Z,mem_ddr5_udimm_16gb
2026-03-05T21:00:00.000Z,mem_ddr5_udimm_16gb,DDR5 UDIMM 16GB 4800/5600,module,245.0,259.0,230.0,0.0,Mar.5 2026    18:10 (GMT+8)<Price Notice>,2026-03-05T14:02:35.503Z,mem_ddr5_udimm_16gb
2026-03-06T21:00:00.000Z,mem_ddr5_udimm_16gb,DDR5 UDIMM 16GB 4800/5600,module,245.0,259.0,230.0,0.0,Mar.6 2026    18:10 (GMT+8)<Price Notice>,2026-03-06T14:01:29.672Z,mem_ddr5_udimm_16gb
2026-03-09T20:00:00.000Z,mem_ddr5_udimm_16gb,DDR5 UDIMM 16GB 4800/5600,module,240.0,250.0,200.0,-2.04,Mar.9 2026    18:10 (GMT+8)<Price Notice>,2026-03-09T13:01:36.589Z,mem_ddr5_udimm_16gb
2026-03-10T20:00:00.000Z,mem_ddr5_udimm_16gb,DDR5 UDIMM 16GB 4800/5600,module,240.0,250.0,200.0,-2.04,Mar.10 2026    18:10 (GMT+8)<Price Notice>,2026-03-10T13:02:23.470Z,mem_ddr5_udimm_16gb
2026-03-11T20:00:00.000Z,mem_ddr5_udimm_16gb,DDR5 UDIMM 16GB 4800/5600,module,240.0,250.0,200.0,-2.04,Mar.11 2026    18:10 (GMT+8)<Price Notice>,2026-03-11T13:02:25.904Z,mem_ddr5_udimm_16gb
2026-03-12T20:00:00.000Z,mem_ddr5_udimm_16gb,DDR5 UDIMM 16GB 4800/5600,module,240.0,250.0,200.0,-2.04,Mar.12 2026    18:10 (GMT+8)<Price Notice>,2026-03-12T13:02:16.078Z,mem_ddr5_udimm_16gb
2026-03-13T20:00:00.000Z,mem_ddr5_udimm_16gb,DDR5 UDIMM 16GB 4800/5600,module,240.0,250.0,200.0,-2.04,Mar.13 2026    18:10 (GMT+8)<Price Notice>,2026-03-13T13:02:21.111Z,mem_ddr5_udimm_16gb
2026-03-16T20:00:00.000Z,mem_ddr5_udimm_16gb,DDR5 UDIMM 16GB 4800/5600,module,230.0,240.0,200.0,-4.17,Mar.16 2026    18:10 (GMT+8)<Price Notice>,2026-03-16T13:02:45.995Z,mem_ddr5_udimm_16gb
2026-03-17T20:00:00.000Z,mem_ddr5_udimm_16gb,DDR5 UDIMM 16GB 4800/5600,module,230.0,240.0,200.0,-4.17,Mar.17 2026    18:10 (GMT+8)<Price Notice>,2026-03-17T13:02:03.849Z,mem_ddr5_udimm_16gb
2026-03-18T20:00:00.000Z,mem_ddr5_udimm_16gb,DDR5 UDIMM 16GB 4800/5600,module,230.0,240.0,200.0,-4.17,Mar.18 2026    18:10 (GMT+8)<Price Notice>,2026-03-18T13:01:43.115Z,mem_ddr5_udimm_16gb
2026-03-19T20:00:00.000Z,mem_ddr5_udimm_16gb,DDR5 UDIMM 16GB 4800/5600,module,230.0,240.0,200.0,-4.17,Mar.19 2026    18:10 (GMT+8)<Price Notice>,2026-03-19T13:02:15.467Z,mem_ddr5_udimm_16gb
2026-03-20T20:00:00.000Z,mem_ddr5_udimm_16gb,DDR5 UDIMM 16GB 4800/5600,module,230.0,240.0,200.0,-4.17,Mar.20 2026    18:10 (GMT+8)<Price Notice>,2026-03-20T13:01:39.076Z,mem_ddr5_udimm_16gb
2026-03-23T20:00:00.000Z,mem_ddr5_udimm_16gb,DDR5 UDIMM 16GB 4800/5600,module,232.5,245.0,205.0,1.09,Mar.23 2026    18:10 (GMT+8)<Price Notice>,2026-03-23T13:02:20.335Z,mem_ddr5_udimm_16gb
2026-03-24T20:00:00.000Z,mem_ddr5_udimm_16gb,DDR5 UDIMM 16GB 4800/5600,module,232.5,245.0,205.0,1.09,Mar.24 2026    18:10 (GMT+8)<Price Notice>,2026-03-24T13:02:47.182Z,mem_ddr5_udimm_16gb
2026-03-25T20:00:00.000Z,mem_ddr5_udimm_16gb,DDR5 UDIMM 16GB 4800/5600,module,232.5,245.0,205.0,1.09,Mar.25 2026    18:10 (GMT+8)<Price Notice>,2026-03-25T13:01:40.793Z,mem_ddr5_udimm_16gb
2026-03-26T20:00:00.000Z,mem_ddr5_udimm_16gb,DDR5 UDIMM 16GB 4800/5600,module,232.5,245.0,205.0,1.09,Mar.26 2026    18:10 (GMT+8)<Price Notice>,2026-03-26T13:03:07.542Z,mem_ddr5_udimm_16gb
2026-03-27T20:00:00.000Z,mem_ddr5_udimm_16gb,DDR5 UDIMM 16GB 4800/5600,module,232.5,245.0,205.0,1.09,Mar.27 2026    18:10 (GMT+8)<Price Notice>,2026-03-27T13:01:53.741Z,mem_ddr5_udimm_16gb
2026-03-30T20:00:00.000Z,mem_ddr5_udimm_16gb,DDR5 UDIMM 16GB 4800/5600,module,232.5,250.0,200.0,0.0,Mar.30 2026    18:10 (GMT+8)<Price Notice>,2026-03-30T13:02:54.120Z,mem_ddr5_udimm_16gb
2026-03-31T20:00:00.000Z,mem_ddr5_udimm_16gb,DDR5 UDIMM 16GB 4800/5600,module,232.5,250.0,200.0,0.0,Mar.31 2026    18:10 (GMT+8)<Price Notice>,2026-03-31T13:02:38.230Z,mem_ddr5_udimm_16gb
2026-04-01T20:00:00.000Z,mem_ddr5_udimm_16gb,DDR5 UDIMM 16GB 4800/5600,module,232.5,250.0,200.0,0.0,Apr.1 2026    18:10 (GMT+8)<Price Notice>,2026-04-01T13:02:53.265Z,mem_ddr5_udimm_16gb
2026-04-02T20:00:00.000Z,mem_ddr5_udimm_16gb,DDR5 UDIMM 16GB 4800/5600,module,232.5,250.0,200.0,0.0,Apr.2 2026    18:10 (GMT+8)<Price Notice>,2026-04-02T13:01:39.999Z,mem_ddr5_udimm_16gb
2026-04-03T20:00:00.000Z,mem_ddr5_udimm_16gb,DDR5 UDIMM 16GB 4800/5600,module,232.5,250.0,200.0,0.0,Apr.3 2026    18:10 (GMT+8)<Price Notice>,2026-04-03T13:01:34.344Z,mem_ddr5_udimm_16gb
2026-04-06T20:00:00.000Z,mem_ddr5_udimm_16gb,DDR5 UDIMM 16GB 4800/5600,module,222.5,240.0,200.0,-8.25,Apr.3 2026    18:10 (GMT+8)<Price Notice>,2026-04-06T13:01:27.520Z,mem_ddr5_udimm_16gb
2026-04-07T20:00:00.000Z,mem_ddr5_udimm_16gb,DDR5 UDIMM 16GB 4800/5600,module,222.5,240.0,200.0,-8.25,Apr.7 2026    18:10 (GMT+8)<Price Notice>,2026-04-07T13:02:09.145Z,mem_ddr5_udimm_16gb
2026-04-08T20:00:00.000Z,mem_ddr5_udimm_16gb,DDR5 UDIMM 16GB 4800/5600,module,222.5,240.0,200.0,-8.25,Apr.8 2026    18:10 (GMT+8)<Price Notice>,2026-04-08T13:03:47.228Z,mem_ddr5_udimm_16gb
2026-04-09T20:00:00.000Z,mem_ddr5_udimm_16gb,DDR5 UDIMM 16GB 4800/5600,module,222.5,240.0,200.0,-8.25,Apr.9 2026    18:10 (GMT+8)<Price Notice>,2026-04-09T13:02:15.428Z,mem_ddr5_udimm_16gb
2026-04-10T20:00:00.000Z,mem_ddr5_udimm_16gb,DDR5 UDIMM 16GB 4800/5600,module,222.5,240.0,200.0,-8.25,Apr.10 2026    18:10 (GMT+8)<Price Notice>,2026-04-10T13:02:23.314Z,mem_ddr5_udimm_16gb
2026-04-13T20:00:00.000Z,mem_ddr5_udimm_16gb,DDR5 UDIMM 16GB 4800/5600,module,222.5,240.0,200.0,-8.25,Apr.13 2026    18:10 (GMT+8)<Price Notice>,2026-04-13T13:02:06.056Z,mem_ddr5_udimm_16gb
2026-04-14T20:00:00.000Z,mem_ddr5_udimm_16gb,DDR5 UDIMM 16GB 4800/5600,module,222.5,240.0,200.0,-8.25,Apr.14 2026    18:10 (GMT+8)<Price Notice>,2026-04-14T13:04:52.138Z,mem_ddr5_udimm_16gb
2026-04-15T20:00:00.000Z,mem_ddr5_udimm_16gb,DDR5 UDIMM 16GB 4800/5600,module,222.5,240.0,200.0,-8.25,Apr.15 2026    18:10 (GMT+8)<Price Notice>,2026-04-15T13:02:44.049Z,mem_ddr5_udimm_16gb
2026-04-16T20:00:00.000Z,mem_ddr5_udimm_16gb,DDR5 UDIMM 16GB 4800/5600,module,222.5,240.0,200.0,-8.25,Apr.16 2026    18:10 (GMT+8)<Price Notice>,2026-04-16T13:02:05.895Z,mem_ddr5_udimm_16gb
2026-04-17T20:00:00.000Z,mem_ddr5_udimm_16gb,DDR5 UDIMM 16GB 4800/5600,module,222.5,240.0,200.0,-8.25,Apr.17 2026    18:10 (GMT+8)<Price Notice>,2026-04-17T13:02:40.681Z,mem_ddr5_udimm_16gb
2026-04-20T20:00:00.000Z,mem_ddr5_udimm_16gb,DDR5 UDIMM 16GB 4800/5600,module,219.0,230.0,200.0,-1.57,Apr.20 2026    18:10 (GMT+8)<Price Notice>,2026-04-20T13:02:05.258Z,mem_ddr5_udimm_16gb
2026-04-21T20:00:00.000Z,mem_ddr5_udimm_16gb,DDR5 UDIMM 16GB 4800/5600,module,219.0,230.0,200.0,-1.57,Apr.21 2026    18:10 (GMT+8)<Price Notice>,2026-04-21T13:03:22.460Z,mem_ddr5_udimm_16gb
2026-04-22T20:00:00.000Z,mem_ddr5_udimm_16gb,DDR5 UDIMM 16GB 4800/5600,module,219.0,230.0,200.0,-1.57,Apr.22 2026    18:10 (GMT+8)<Price Notice>,2026-04-22T13:02:12.507Z,mem_ddr5_udimm_16gb
2026-04-23T20:00:00.000Z,mem_ddr5_udimm_16gb,DDR5 UDIMM 16GB 4800/5600,module,219.0,230.0,200.0,-1.57,Apr.23 2026    18:10 (GMT+8)<Price Notice>,2026-04-23T13:02:19.395Z,mem_ddr5_udimm_16gb
2026-04-24T20:00:00.000Z,mem_ddr5_udimm_16gb,DDR5 UDIMM 16GB 4800/5600,module,219.0,230.0,200.0,-1.57,Apr.24 2026    18:10 (GMT+8)<Price Notice>,2026-04-24T13:02:50.329Z,mem_ddr5_udimm_16gb
2026-04-27T20:00:00.000Z,mem_ddr5_udimm_16gb,DDR5 UDIMM 16GB 4800/5600,module,218.5,225.0,195.0,-0.23,Apr.27 2026    18:10 (GMT+8)<Price Notice>,2026-04-27T13:02:40.910Z,mem_ddr5_udimm_16gb
2026-04-28T20:00:00.000Z,mem_ddr5_udimm_16gb,DDR5 UDIMM 16GB 4800/5600,module,218.5,225.0,195.0,-0.23,Apr.28 2026    18:10 (GMT+8)<Price Notice>,2026-04-28T13:03:58.866Z,mem_ddr5_udimm_16gb
2026-04-29T20:00:00.000Z,mem_ddr5_udimm_16gb,DDR5 UDIMM 16GB 4800/5600,module,218.5,225.0,195.0,-0.23,Apr.29 2026    18:10 (GMT+8)<Price Notice>,2026-04-29T13:03:44.805Z,mem_ddr5_udimm_16gb
2026-04-30T20:00:00.000Z,mem_ddr5_udimm_16gb,DDR5 UDIMM 16GB 4800/5600,module,218.5,225.0,195.0,-0.23,Apr.30 2026    18:10 (GMT+8)<Price Notice>,2026-04-30T13:01:45.662Z,mem_ddr5_udimm_16gb
2026-05-01T20:00:00.000Z,mem_ddr5_udimm_16gb,DDR5 UDIMM 16GB 4800/5600,module,218.5,225.0,195.0,-0.23,Apr.30 2026    18:10 (GMT+8)<Price Notice>,2026-05-01T13:01:43.473Z,mem_ddr5_udimm_16gb
2026-05-04T20:00:00.000Z,mem_ddr5_udimm_16gb,DDR5 UDIMM 16GB 4800/5600,module,216.0,220.0,194.0,-1.14,May.4 2026    18:10 (GMT+8)<Price Notice>,2026-05-04T13:02:45.538Z,mem_ddr5_udimm_16gb
2026-05-05T20:00:00.000Z,mem_ddr5_udimm_16gb,DDR5 UDIMM 16GB 4800/5600,module,216.0,220.0,194.0,-1.14,May.5 2026    18:10 (GMT+8)<Price Notice>,2026-05-05T13:03:09.557Z,mem_ddr5_udimm_16gb
2026-05-06T20:00:00.000Z,mem_ddr5_udimm_16gb,DDR5 UDIMM 16GB 4800/5600,module,216.0,220.0,194.0,-1.14,May.6 2026    18:10 (GMT+8)<Price Notice>,2026-05-06T13:02:08.033Z,mem_ddr5_udimm_16gb
2026-05-07T20:00:00.000Z,mem_ddr5_udimm_16gb,DDR5 UDIMM 16GB 4800/5600,module,216.0,220.0,194.0,-1.14,May.7 2026    18:10 (GMT+8)<Price Notice>,2026-05-07T13:02:08.956Z,mem_ddr5_udimm_16gb
2026-05-08T20:00:00.000Z,mem_ddr5_udimm_16gb,DDR5 UDIMM 16GB 4800/5600,module,216.0,220.0,194.0,-1.14,May.8 2026    18:10 (GMT+8)<Price Notice>,2026-05-08T13:02:22.956Z,mem_ddr5_udimm_16gb
2026-05-11T20:00:00.000Z,mem_ddr5_udimm_16gb,DDR5 UDIMM 16GB 4800/5600,module,215.5,218.0,193.0,-0.23,May.11 2026    18:10 (GMT+8)<Price Notice>,2026-05-11T13:02:05.832Z,mem_ddr5_udimm_16gb
2026-05-12T20:00:00.000Z,mem_ddr5_udimm_16gb,DDR5 UDIMM 16GB 4800/5600,module,215.5,218.0,193.0,-0.23,May.12 2026    18:10 (GMT+8)<Price Notice>,2026-05-12T13:02:55.027Z,mem_ddr5_udimm_16gb
2026-05-13T20:00:00.000Z,mem_ddr5_udimm_16gb,DDR5 UDIMM 16GB 4800/5600,module,215.5,218.0,193.0,-0.23,May.13 2026    18:10 (GMT+8)<Price Notice>,2026-05-13T13:01:40.598Z,mem_ddr5_udimm_16gb
2026-05-14T20:00:00.000Z,mem_ddr5_udimm_16gb,DDR5 UDIMM 16GB 4800/5600,module,215.5,218.0,193.0,-0.23,May.14 2026    18:10 (GMT+8)<Price Notice>,2026-05-14T13:01:13.286Z,mem_ddr5_udimm_16gb
2026-05-15T20:00:00.000Z,mem_ddr5_udimm_16gb,DDR5 UDIMM 16GB 4800/5600,module,215.5,218.0,193.0,-0.23,May.15 2026    18:10 (GMT+8)<Price Notice>,2026-05-15T13:02:27.546Z,mem_ddr5_udimm_16gb
2026-05-18T20:00:00.000Z,mem_ddr5_udimm_16gb,DDR5 UDIMM 16GB 4800/5600,module,215.0,220.0,195.0,-0.23,May.18 2026    18:10 (GMT+8)<Price Notice>,2026-05-18T13:02:54.638Z,mem_ddr5_udimm_16gb
2026-05-19T20:00:00.000Z,mem_ddr5_udimm_16gb,DDR5 UDIMM 16GB 4800/5600,module,215.0,220.0,195.0,-0.23,May.19 2026    18:10 (GMT+8)<Price Notice>,2026-05-19T13:02:12.976Z,mem_ddr5_udimm_16gb
2026-05-20T20:00:00.000Z,mem_ddr5_udimm_16gb,DDR5 UDIMM 16GB 4800/5600,module,215.0,220.0,195.0,-0.23,May.20 2026    18:10 (GMT+8)<Price Notice>,2026-05-20T13:01:53.920Z,mem_ddr5_udimm_16gb
2026-05-21T20:00:00.000Z,mem_ddr5_udimm_16gb,DDR5 UDIMM 16GB 4800/5600,module,215.0,220.0,195.0,-0.23,May.21 2026    18:10 (GMT+8)<Price Notice>,2026-05-21T13:02:12.407Z,mem_ddr5_udimm_16gb
2026-05-22T20:00:00.000Z,mem_ddr5_udimm_16gb,DDR5 UDIMM 16GB 4800/5600,module,215.0,220.0,195.0,-0.23,May.22 2026    18:10 (GMT+8)<Price Notice>,2026-05-22T13:02:03.111Z,mem_ddr5_udimm_16gb
2026-05-25T20:00:00.000Z,mem_ddr5_udimm_16gb,DDR5 UDIMM 16GB 4800/5600,module,214.0,220.0,200.0,-0.47,May.25 2026    18:10 (GMT+8)<Price Notice>,2026-05-25T13:01:11.616Z,mem_ddr5_udimm_16gb
2026-05-26T20:00:00.000Z,mem_ddr5_udimm_16gb,DDR5 UDIMM 16GB 4800/5600,module,214.0,220.0,200.0,-0.47,May.26 2026    18:10 (GMT+8)<Price Notice>,2026-05-26T13:02:17.041Z,mem_ddr5_udimm_16gb
2026-05-27T20:00:00.000Z,mem_ddr5_udimm_16gb,DDR5 UDIMM 16GB 4800/5600,module,214.0,220.0,200.0,-0.47,May.27 2026    18:10 (GMT+8)<Price Notice>,2026-05-27T13:01:31.331Z,mem_ddr5_udimm_16gb
2026-05-28T20:00:00.000Z,mem_ddr5_udimm_16gb,DDR5 UDIMM 16GB 4800/5600,module,214.0,220.0,200.0,-0.47,May.28 2026    18:10 (GMT+8)<Price Notice>,2026-05-28T13:03:26.760Z,mem_ddr5_udimm_16gb
2026-05-29T20:00:00.000Z,mem_ddr5_udimm_16gb,DDR5 UDIMM 16GB 4800/5600,module,214.0,220.0,200.0,-0.47,May.29 2026    18:10 (GMT+8)<Price Notice>,2026-05-29T13:01:36.615Z,mem_ddr5_udimm_16gb
2026-06-01T20:00:00.000Z,mem_ddr5_udimm_16gb,DDR5 UDIMM 16GB 4800/5600,module,212.5,220.0,205.0,-0.7,Jun.1 2026    18:10 (GMT+8)<Price Notice>,2026-06-01T13:02:23.114Z,mem_ddr5_udimm_16gb
2026-06-02T20:00:00.000Z,mem_ddr5_udimm_16gb,DDR5 UDIMM 16GB 4800/5600,module,212.5,220.0,205.0,-0.7,Jun.2 2026    18:10 (GMT+8)<Price Notice>,2026-06-02T13:01:46.503Z,mem_ddr5_udimm_16gb
2026-06-03T20:00:00.000Z,mem_ddr5_udimm_16gb,DDR5 UDIMM 16GB 4800/5600,module,212.5,220.0,205.0,-0.7,Jun.3 2026    18:10 (GMT+8)<Price Notice>,2026-06-03T13:01:27.103Z,mem_ddr5_udimm_16gb
2026-06-04T20:00:00.000Z,mem_ddr5_udimm_16gb,DDR5 UDIMM 16GB 4800/5600,module,212.5,220.0,205.0,-0.7,Jun.4 2026    18:10 (GMT+8)<Price Notice>,2026-06-04T13:02:15.709Z,mem_ddr5_udimm_16gb
2026-06-05T20:00:00.000Z,mem_ddr5_udimm_16gb,DDR5 UDIMM 16GB 4800/5600,module,212.5,220.0,205.0,-0.7,Jun.5 2026    18:10 (GMT+8)<Price Notice>,2026-06-05T13:02:40.269Z,mem_ddr5_udimm_16gb
2026-06-08T20:00:00.000Z,mem_ddr5_udimm_16gb,DDR5 UDIMM 16GB 4800/5600,module,211.0,218.0,203.0,-0.71,Jun.8 2026    18:10 (GMT+8)<Price Notice>,2026-06-08T13:01:50.898Z,mem_ddr5_udimm_16gb
2026-06-09T20:00:00.000Z,mem_ddr5_udimm_16gb,DDR5 UDIMM 16GB 4800/5600,module,211.0,218.0,203.0,-0.71,Jun.9 2026    18:10 (GMT+8)<Price Notice>,2026-06-09T13:02:08.889Z,mem_ddr5_udimm_16gb
2026-06-10T20:00:00.000Z,mem_ddr5_udimm_16gb,DDR5 UDIMM 16GB 4800/5600,module,211.0,218.0,203.0,-0.71,Jun.10 2026    18:10 (GMT+8)<Price Notice>,2026-06-10T13:02:20.696Z,mem_ddr5_udimm_16gb
2026-06-11T20:00:00.000Z,mem_ddr5_udimm_16gb,DDR5 UDIMM 16GB 4800/5600,module,211.0,218.0,203.0,-0.71,Jun.11 2026    18:10 (GMT+8)<Price Notice>,2026-06-11T13:02:09.646Z,mem_ddr5_udimm_16gb
2026-06-12T20:00:00.000Z,mem_ddr5_udimm_16gb,DDR5 UDIMM 16GB 4800/5600,module,211.0,218.0,203.0,-0.71,Jun.12 2026    18:10 (GMT+8)<Price Notice>,2026-06-12T13:02:56.198Z,mem_ddr5_udimm_16gb
2026-06-15T20:00:00.000Z,mem_ddr5_udimm_16gb,DDR5 UDIMM 16GB 4800/5600,module,209.0,217.0,200.0,-0.95,Jun.15 2026    18:10 (GMT+8)<Price Notice>,2026-06-15T13:02:10.420Z,mem_ddr5_udimm_16gb
2026-06-16T20:00:00.000Z,mem_ddr5_udimm_16gb,DDR5 UDIMM 16GB 4800/5600,module,209.0,217.0,200.0,-0.95,Jun.16 2026    18:10 (GMT+8)<Price Notice>,2026-06-16T13:03:09.279Z,mem_ddr5_udimm_16gb
2026-06-17T20:00:00.000Z,mem_ddr5_udimm_16gb,DDR5 UDIMM 16GB 4800/5600,module,209.0,217.0,200.0,-0.95,Jun.17 2026    18:10 (GMT+8)<Price Notice>,2026-06-17T13:02:31.302Z,mem_ddr5_udimm_16gb
2026-06-18T20:00:00.000Z,mem_ddr5_udimm_16gb,DDR5 UDIMM 16GB 4800/5600,module,209.0,217.0,200.0,-0.95,Jun.18 2026    18:10 (GMT+8)<Price Notice>,2026-06-18T13:01:33.279Z,mem_ddr5_udimm_16gb
2026-06-19T20:00:00.000Z,mem_ddr5_udimm_16gb,DDR5 UDIMM 16GB 4800/5600,module,209.0,217.0,200.0,-0.95,Jun.18 2026    18:10 (GMT+8)<Price Notice>,2026-06-19T13:02:38.118Z,mem_ddr5_udimm_16gb
2026-06-22T20:00:00.000Z,mem_ddr5_udimm_16gb,DDR5 UDIMM 16GB 4800/5600,module,209.0,215.0,200.0,0.0,Jun.22 2026    18:10 (GMT+8)<Price Notice>,2026-06-22T13:01:15.397Z,mem_ddr5_udimm_16gb
2026-06-23T20:00:00.000Z,mem_ddr5_udimm_16gb,DDR5 UDIMM 16GB 4800/5600,module,209.0,215.0,200.0,0.0,Jun.23 2026    18:10 (GMT+8)<Price Notice>,2026-06-23T13:01:13.955Z,mem_ddr5_udimm_16gb
2026-06-24T20:00:00.000Z,mem_ddr5_udimm_16gb,DDR5 UDIMM 16GB 4800/5600,module,209.0,215.0,200.0,0.0,Jun.24 2026    18:10 (GMT+8)<Price Notice>,2026-06-24T13:01:36.408Z,mem_ddr5_udimm_16gb
2026-06-25T20:00:00.000Z,mem_ddr5_udimm_16gb,DDR5 UDIMM 16GB 4800/5600,module,209.0,215.0,200.0,0.0,Jun.25 2026    18:10 (GMT+8)<Price Notice>,2026-06-25T13:03:32.627Z,mem_ddr5_udimm_16gb
2026-06-26T20:00:00.000Z,mem_ddr5_udimm_16gb,DDR5 UDIMM 16GB 4800/5600,module,209.0,215.0,200.0,0.0,Jun.26 2026    18:10 (GMT+8)<Price Notice>,2026-06-26T13:02:11.814Z,mem_ddr5_udimm_16gb
2026-06-29T20:00:00.000Z,mem_ddr5_udimm_16gb,DDR5 UDIMM 16GB 4800/5600,module,208.5,215.0,200.0,-0.24,Jun.29 2026    18:10 (GMT+8)<Price Notice>,2026-06-29T13:02:14.376Z,mem_ddr5_udimm_16gb
2026-06-30T20:00:00.000Z,mem_ddr5_udimm_16gb,DDR5 UDIMM 16GB 4800/5600,module,208.5,215.0,200.0,-0.24,Jun.30 2026    18:10 (GMT+8)<Price Notice>,2026-06-30T13:01:12.514Z,mem_ddr5_udimm_16gb
2026-07-01T20:00:00.000Z,mem_ddr5_udimm_16gb,DDR5 UDIMM 16GB 4800/5600,module,208.5,215.0,200.0,-0.24,Jul.1 2026    18:10 (GMT+8)<Price Notice>,2026-07-01T13:02:13.833Z,mem_ddr5_udimm_16gb
2026-07-02T20:00:00.000Z,mem_ddr5_udimm_16gb,DDR5 UDIMM 16GB 4800/5600,module,208.5,215.0,200.0,-0.24,Jul.2 2026    18:10 (GMT+8)<Price Notice>,2026-07-02T13:01:47.874Z,mem_ddr5_udimm_16gb
2026-07-03T20:00:00.000Z,mem_ddr5_udimm_16gb,DDR5 UDIMM 16GB 4800/5600,module,208.5,215.0,200.0,-0.24,Jul.3 2026    18:10 (GMT+8)<Price Notice>,2026-07-03T13:02:23.584Z,mem_ddr5_udimm_16gb
2026-07-06T20:00:00.000Z,mem_ddr5_udimm_16gb,DDR5 UDIMM 16GB 4800/5600,module,209.0,214.0,202.0,0.24,Jul.6 2026    18:10 (GMT+8)<Price Notice>,2026-07-06T13:01:52.377Z,mem_ddr5_udimm_16gb
2026-07-07T20:00:00.000Z,mem_ddr5_udimm_16gb,DDR5 UDIMM 16GB 4800/5600,module,209.0,214.0,202.0,0.24,Jul.7 2026    18:10 (GMT+8)<Price Notice>,2026-07-07T13:02:35.935Z,mem_ddr5_udimm_16gb
2026-07-08T20:00:00.000Z,mem_ddr5_udimm_16gb,DDR5 UDIMM 16GB 4800/5600,module,209.0,214.0,202.0,0.24,Jul.8 2026    18:10 (GMT+8)<Price Notice>,2026-07-08T13:02:29.977Z,mem_ddr5_udimm_16gb
2026-07-09T20:00:00.000Z,mem_ddr5_udimm_16gb,DDR5 UDIMM 16GB 4800/5600,module,209.0,214.0,202.0,0.24,Jul.9 2026    18:10 (GMT+8)<Price Notice>,2026-07-09T13:02:42.912Z,mem_ddr5_udimm_16gb
2026-07-10T20:00:00.000Z,mem_ddr5_udimm_16gb,DDR5 UDIMM 16GB 4800/5600,module,209.0,214.0,202.0,0.24,Jul.10 2026    18:10 (GMT+8)<Price Notice>,2026-07-10T13:02:07.843Z,mem_ddr5_udimm_16gb
2026-07-13T20:00:00.000Z,mem_ddr5_udimm_16gb,DDR5 UDIMM 16GB 4800/5600,module,209.0,215.0,202.0,0.0,Jul.13 2026    18:10 (GMT+8)<Price Notice>,2026-07-13T13:02:43.823Z,mem_ddr5_udimm_16gb
2026-07-14T20:00:00.000Z,mem_ddr5_udimm_16gb,DDR5 UDIMM 16GB 4800/5600,module,209.0,215.0,202.0,0.0,Jul.14 2026    18:10 (GMT+8)<Price Notice>,2026-07-14T13:01:15.324Z,mem_ddr5_udimm_16gb
2026-07-15T20:00:00.000Z,mem_ddr5_udimm_16gb,DDR5 UDIMM 16GB 4800/5600,module,209.0,215.0,202.0,0.0,Jul.15 2026    18:10 (GMT+8)<Price Notice>,2026-07-15T13:01:08.288Z,mem_ddr5_udimm_16gb
2026-07-16T20:00:00.000Z,mem_ddr5_udimm_16gb,DDR5 UDIMM 16GB 4800/5600,module,209.0,215.0,202.0,0.0,Jul.16 2026    18:10 (GMT+8)<Price Notice>,2026-07-16T13:02:46.897Z,mem_ddr5_udimm_16gb
2026-07-17T20:00:00.000Z,mem_ddr5_udimm_16gb,DDR5 UDIMM 16GB 4800/5600,module,209.0,215.0,202.0,0.0,Jul.17 2026    18:10 (GMT+8)<Price Notice>,2026-07-17T13:02:49.872Z,mem_ddr5_udimm_16gb
2026-07-20T20:00:00.000Z,mem_ddr5_udimm_16gb,DDR5 UDIMM 16GB 4800/5600,module,209.0,215.0,200.0,0.0,Jul.20 2026    18:10 (GMT+8)<Price Notice>,2026-07-20T13:01:22.659Z,mem_ddr5_udimm_16gb
2026-07-21T20:00:00.000Z,mem_ddr5_udimm_16gb,DDR5 UDIMM 16GB 4800/5600,module,209.0,215.0,200.0,0.0,Jul.21 2026    18:10 (GMT+8)<Price Notice>,2026-07-21T13:02:34.422Z,mem_ddr5_udimm_16gb
2026-07-22T20:00:00.000Z,mem_ddr5_udimm_16gb,DDR5 UDIMM 16GB 4800/5600,module,209.0,215.0,200.0,0.0,Jul.22 2026    18:10 (GMT+8)<Price Notice>,2026-07-22T13:02:43.978Z,mem_ddr5_udimm_16gb
2026-07-23T20:00:00.000Z,mem_ddr5_udimm_16gb,DDR5 UDIMM 16GB 4800/5600,module,209.0,215.0,200.0,0.0,Jul.23 2026    18:10 (GMT+8)<Price Notice>,2026-07-23T13:02:13.780Z,mem_ddr5_udimm_16gb
2026-07-24T20:00:00.000Z,mem_ddr5_udimm_16gb,DDR5 UDIMM 16GB 4800/5600,module,209.0,215.0,200.0,0.0,Jul.24 2026    18:10 (GMT+8)<Price Notice>,2026-07-24T13:02:28.533Z,mem_ddr5_udimm_16gb
2026-07-27T20:00:00.000Z,mem_ddr5_udimm_16gb,DDR5 UDIMM 16GB 4800/5600,module,211.0,220.0,200.0,0.96,Jul.27 2026    18:10 (GMT+8)<Price Notice>,2026-07-27T20:02:47.070Z,mem_ddr5_udimm_16gb
2026-07-28T20:00:00.000Z,mem_ddr5_udimm_16gb,DDR5 UDIMM 16GB 4800/5600,module,211.0,220.0,200.0,0.96,Jul.28 2026    18:10 (GMT+8)<Price Notice>,2026-07-28T20:02:31.411Z,mem_ddr5_udimm_16gb
2026-07-29T20:00:00.000Z,mem_ddr5_udimm_16gb,DDR5 UDIMM 16GB 4800/5600,module,211.0,220.0,200.0,0.96,Jul.29 2026    18:10 (GMT+8)<Price Notice>,2026-07-29T20:02:52.292Z,mem_ddr5_udimm_16gb
2026-07-30T20:00:00.000Z,mem_ddr5_udimm_16gb,DDR5 UDIMM 16GB 4800/5600,module,211.0,220.0,200.0,0.96,Jul.30 2026    18:10 (GMT+8)<Price Notice>,2026-07-30T20:02:11.453Z,mem_ddr5_udimm_16gb
2026-07-31T20:00:00.000Z,mem_ddr5_udimm_16gb,DDR5 UDIMM 16GB 4800/5600,module,211.0,220.0,200.0,0.96,Jul.31 2026    18:10 (GMT+8)<Price Notice>,2026-07-31T20:01:49.889Z,mem_ddr5_udimm_16gb
2026-08-03T20:00:00.000Z,mem_ddr5_udimm_16gb,DDR5 UDIMM 16GB 4800/5600,module,215.0,230.0,205.0,1.9,Aug.3 2026    18:10 (GMT+8)<Price Notice>,2026-08-03T20:01:22.877Z,mem_ddr5_udimm_16gb
2026-08-04T20:00:00.000Z,mem_ddr5_udimm_16gb,DDR5 UDIMM 16GB 4800/5600,module,215.0,230.0,205.0,1.9,Aug.4 2026    18:10 (GMT+8)<Price Notice>,2026-08-04T20:01:15.160Z,mem_ddr5_udimm_16gb
2026-08-05T20:00:00.000Z,mem_ddr5_udimm_16gb,DDR5 UDIMM 16GB 4800/5600,module,215.0,230.0,205.0,1.9,Aug.5 2026    18:10 (GMT+8)<Price Notice>,2026-08-05T20:02:43.953Z,mem_ddr5_udimm_16gb
2026-08-06T20:00:00.000Z,mem_ddr5_udimm_16gb,DDR5 UDIMM 16GB 4800/5600,module,215.0,230.0,205.0,1.9,Aug.6 2026    18:10 (GMT+8)<Price Notice>,2026-08-06T20:01:55.342Z,mem_ddr5_udimm_16gb
2026-08-07T20:00:00.000Z,mem_ddr5_udimm_16gb,DDR5 UDIMM 16GB 4800/5600,module,215.0,230.0,205.0,1.9,Aug.7 2026    18:10 (GMT+8)<Price Notice>,2026-08-07T20:02:31.314Z,mem_ddr5_udimm_16gb
2026-08-10T20:00:00.000Z,mem_ddr5_udimm_16gb,DDR5 UDIMM 16GB 4800/5600,module,222.5,240.0,210.0,3.49,Aug.10 2026    18:10 (GMT+8)<Price Notice>,2026-08-10T20:01:50.891Z,mem_ddr5_udimm_16gb
2026-08-11T20:00:00.000Z,mem_ddr5_udimm_16gb,DDR5 UDIMM 16GB 4800/5600,module,222.5,240.0,210.0,3.49,Aug.11 2026    18:10 (GMT+8)<Price Notice>,2026-08-11T20:02:04.894Z,mem_ddr5_udimm_16gb
2026-08-12T20:00:00.000Z,mem_ddr5_udimm_16gb,DDR5 UDIMM 16GB 4800/5600,module,222.5,240.0,210.0,3.49,Aug.12 2026    18:10 (GMT+8)<Price Notice>,2026-08-12T20:01:26.613Z,mem_ddr5_udimm_16gb
2026-08-13T20:00:00.000Z,mem_ddr5_udimm_16gb,DDR5 UDIMM 16GB 4800/5600,module,222.5,240.0,210.0,3.49,Aug.13 2026    18:10 (GMT+8)<Price Notice>,2026-08-13T20:02:28.391Z,mem_ddr5_udimm_16gb
2026-08-14T20:00:00.000Z,mem_ddr5_udimm_16gb,DDR5 UDIMM 16GB 4800/5600,module,222.5,240.0,210.0,3.49,Aug.14 2026    18:10 (GMT+8)<Price Notice>,2026-08-14T20:01:13.862Z,mem_ddr5_udimm_16gb
2026-08-17T20:00:00.000Z,mem_ddr5_udimm_16gb,DDR5 UDIMM 16GB 4800/5600,module,225.0,242.0,215.0,1.12,Aug.17 2026    18:10 (GMT+8)<Price Notice>,2026-08-17T20:01:36.925Z,mem_ddr5_udimm_16gb
2026-08-18T20:00:00.000Z,mem_ddr5_udimm_16gb,DDR5 UDIMM 16GB 4800/5600,module,225.0,242.0,215.0,1.12,Aug.18 2026    18:10 (GMT+8)<Price Notice>,2026-08-18T20:03:16.187Z,mem_ddr5_udimm_16gb
2026-08-19T20:00:00.000Z,mem_ddr5_udimm_16gb,DDR5 UDIMM 16GB 4800/5600,module,225.0,242.0,215.0,1.12,Aug.19 2026    18:10 (GMT+8)<Price Notice>,2026-08-19T20:02:20.844Z,mem_ddr5_udimm_16gb
2026-08-20T20:00:00.000Z,mem_ddr5_udimm_16gb,DDR5 UDIMM 16GB 4800/5600,module,225.0,242.0,215.0,1.12,Aug.20 2026    18:10 (GMT+8)<Price Notice>,2026-08-20T20:03:28.179Z,mem_ddr5_udimm_16gb
2026-08-21T20:00:00.000Z,mem_ddr5_udimm_16gb,DDR5 UDIMM 16GB 4800/5600,module,225.0,242.0,215.0,1.12,Aug.21 2026    18:10 (GMT+8)<Price Notice>,2026-08-21T20:02:16.258Z,mem_ddr5_udimm_16gb
2026-08-24T20:00:00.000Z,mem_ddr5_udimm_16gb,DDR5 UDIMM 16GB 4800/5600,module,227.5,245.0,215.0,1.11,Aug.24 2026    18:10 (GMT+8)<Price Notice>,2026-08-24T20:02:25.006Z,mem_ddr5_udimm_16gb
2026-08-25T20:00:00.000Z,mem_ddr5_udimm_16gb,DDR5 UDIMM 16GB 4800/5600,module,227.5,245.0,215.0,1.11,Aug.25 2026    18:10 (GMT+8)<Price Notice>,2026-08-25T20:02:53.059Z,mem_ddr5_udimm_16gb
2026-08-26T20:00:00.000Z,mem_ddr5_udimm_16gb,DDR5 UDIMM 16GB 4800/5600,module,227.5,245.0,215.0,1.11,Aug.26 2026    18:10 (GMT+8)<Price Notice>,2026-08-26T20:02:53.992Z,mem_ddr5_udimm_16gb
2026-08-27T20:00:00.000Z,mem_ddr5_udimm_16gb,DDR5 UDIMM 16GB 4800/5600,module,227.5,245.0,215.0,1.11,Aug.27 2026    18:10 (GMT+8)<Price Notice>,2026-08-27T20:02:14.743Z,mem_ddr5_udimm_16gb
2026-08-28T20:00:00.000Z,mem_ddr5_udimm_16gb,DDR5 UDIMM 16GB 4800/5600,module,227.5,245.0,215.0,1.11,Aug.28 2026    18:10 (GMT+8)<Price Notice>,2026-08-28T20:02:32.935Z,mem_ddr5_udimm_16gb
2026-08-31T20:00:00.000Z,mem_ddr5_udimm_16gb,DDR5 UDIMM 16GB 4800/5600,module,230.0,245.0,220.0,1.1,Aug.31 2026    18:10 (GMT+8)<Price Notice>,2026-08-31T20:02:02.069Z,mem_ddr5_udimm_16gb
