recorded_at,exact_timestamp,index_value,data_type,daily_stats,gpu_name
2025-09-23T00:00:00.000Z,2025-09-23T20:00:00.000Z,4.7,daily,"{'min_index': None, 'max_index': None, 'std_dev': None, 'samples_count': 0}",B200
2025-09-24T00:00:00.000Z,2025-09-24T20:00:00.000Z,4.7332,daily,"{'min_index': None, 'max_index': None, 'std_dev': None, 'samples_count': 0}",B200
2025-09-25T00:00:00.000Z,2025-09-25T20:00:00.000Z,4.7,daily,"{'min_index': None, 'max_index': None, 'std_dev': None, 'samples_count': 0}",B200
2025-09-26T00:00:00.000Z,2025-09-26T20:00:00.000Z,4.7,daily,"{'min_index': None, 'max_index': None, 'std_dev': None, 'samples_count': 0}",B200
2025-09-27T00:00:00.000Z,2025-09-27T20:00:00.000Z,4.7,daily,"{'min_index': None, 'max_index': None, 'std_dev': None, 'samples_count': 0}",B200
2025-09-28T00:00:00.000Z,2025-09-28T20:00:00.000Z,4.7,daily,"{'min_index': None, 'max_index': None, 'std_dev': None, 'samples_count': 0}",B200
2025-09-29T00:00:00.000Z,2025-09-29T20:00:00.000Z,4.7,daily,"{'min_index': None, 'max_index': None, 'std_dev': None, 'samples_count': 0}",B200
2025-09-30T00:00:00.000Z,2025-09-30T20:00:00.000Z,4.6449,daily,"{'min_index': None, 'max_index': None, 'std_dev': None, 'samples_count': 0}",B200
2025-10-01T00:00:00.000Z,2025-10-01T20:00:00.000Z,4.6978,daily,"{'min_index': None, 'max_index': None, 'std_dev': None, 'samples_count': 0}",B200
2025-10-02T00:00:00.000Z,2025-10-02T20:00:00.000Z,4.6574,daily,"{'min_index': None, 'max_index': None, 'std_dev': None, 'samples_count': 0}",B200
2025-10-03T00:00:00.000Z,2025-10-03T20:00:00.000Z,4.6438,daily,"{'min_index': None, 'max_index': None, 'std_dev': None, 'samples_count': 0}",B200
2025-10-04T00:00:00.000Z,2025-10-04T20:00:00.000Z,4.7,daily,"{'min_index': None, 'max_index': None, 'std_dev': None, 'samples_count': 0}",B200
2025-10-05T00:00:00.000Z,2025-10-05T20:00:00.000Z,4.7,daily,"{'min_index': None, 'max_index': None, 'std_dev': None, 'samples_count': 0}",B200
2025-10-06T00:00:00.000Z,2025-10-06T20:00:00.000Z,4.7,daily,"{'min_index': None, 'max_index': None, 'std_dev': None, 'samples_count': 0}",B200
2025-10-07T00:00:00.000Z,2025-10-07T20:00:00.000Z,4.7204,daily,"{'min_index': None, 'max_index': None, 'std_dev': None, 'samples_count': 0}",B200
2025-10-08T00:00:00.000Z,2025-10-08T20:00:00.000Z,4.6988,daily,"{'min_index': None, 'max_index': None, 'std_dev': None, 'samples_count': 0}",B200
2025-10-09T00:00:00.000Z,2025-10-09T20:00:00.000Z,4.6824,daily,"{'min_index': None, 'max_index': None, 'std_dev': None, 'samples_count': 0}",B200
2025-10-10T00:00:00.000Z,2025-10-10T20:00:00.000Z,4.6887,daily,"{'min_index': None, 'max_index': None, 'std_dev': None, 'samples_count': 0}",B200
2025-10-11T00:00:00.000Z,2025-10-11T20:00:00.000Z,4.6888,daily,"{'min_index': None, 'max_index': None, 'std_dev': None, 'samples_count': 0}",B200
2025-10-12T00:00:00.000Z,2025-10-12T20:00:00.000Z,4.7,daily,"{'min_index': None, 'max_index': None, 'std_dev': None, 'samples_count': 0}",B200
2025-10-13T00:00:00.000Z,2025-10-13T20:00:00.000Z,4.659,daily,"{'min_index': None, 'max_index': None, 'std_dev': None, 'samples_count': 0}",B200
2025-10-14T00:00:00.000Z,2025-10-14T20:00:00.000Z,4.6744,daily,"{'min_index': None, 'max_index': None, 'std_dev': None, 'samples_count': 0}",B200
2025-10-15T00:00:00.000Z,2025-10-15T20:00:00.000Z,4.6317,daily,"{'min_index': None, 'max_index': None, 'std_dev': None, 'samples_count': 0}",B200
2025-10-16T00:00:00.000Z,2025-10-16T20:00:00.000Z,4.6826,daily,"{'min_index': None, 'max_index': None, 'std_dev': None, 'samples_count': 0}",B200
2025-10-17T00:00:00.000Z,2025-10-17T20:00:00.000Z,4.5168,daily,"{'min_index': None, 'max_index': None, 'std_dev': None, 'samples_count': 0}",B200
2025-10-18T00:00:00.000Z,2025-10-18T20:00:00.000Z,4.5111,daily,"{'min_index': None, 'max_index': None, 'std_dev': None, 'samples_count': 0}",B200
2025-10-19T00:00:00.000Z,2025-10-19T20:00:00.000Z,4.3978,daily,"{'min_index': None, 'max_index': None, 'std_dev': None, 'samples_count': 0}",B200
2025-10-20T00:00:00.000Z,2025-10-20T20:00:00.000Z,3.6121,daily,"{'min_index': None, 'max_index': None, 'std_dev': None, 'samples_count': 0}",B200
2025-10-21T00:00:00.000Z,2025-10-21T20:00:00.000Z,3.9129,daily,"{'min_index': None, 'max_index': None, 'std_dev': None, 'samples_count': 0}",B200
2025-10-22T00:00:00.000Z,2025-10-22T20:00:00.000Z,3.8081,daily,"{'min_index': None, 'max_index': None, 'std_dev': None, 'samples_count': 0}",B200
2025-10-23T00:00:00.000Z,2025-10-23T20:00:00.000Z,2.9693,daily,"{'min_index': None, 'max_index': None, 'std_dev': None, 'samples_count': 0}",B200
2025-10-24T00:00:00.000Z,2025-10-24T20:00:00.000Z,3.0351,daily,"{'min_index': None, 'max_index': None, 'std_dev': None, 'samples_count': 0}",B200
2025-10-25T00:00:00.000Z,2025-10-25T20:00:00.000Z,3.4574,daily,"{'min_index': None, 'max_index': None, 'std_dev': None, 'samples_count': 0}",B200
2025-10-26T00:00:00.000Z,2025-10-26T20:00:00.000Z,3.0487,daily,"{'min_index': None, 'max_index': None, 'std_dev': None, 'samples_count': 0}",B200
2025-10-27T00:00:00.000Z,2025-10-27T20:00:00.000Z,3.0978,daily,"{'min_index': None, 'max_index': None, 'std_dev': None, 'samples_count': 0}",B200
2025-10-28T00:00:00.000Z,2025-10-28T20:00:00.000Z,3.3066,daily,"{'min_index': None, 'max_index': None, 'std_dev': None, 'samples_count': 0}",B200
2025-10-29T00:00:00.000Z,2025-10-29T20:00:00.000Z,3.2833,daily,"{'min_index': None, 'max_index': None, 'std_dev': None, 'samples_count': 0}",B200
2025-10-30T00:00:00.000Z,2025-10-30T20:00:00.000Z,3.3372,daily,"{'min_index': None, 'max_index': None, 'std_dev': None, 'samples_count': 0}",B200
2025-10-31T00:00:00.000Z,2025-10-31T20:00:00.000Z,3.7758,daily,"{'min_index': None, 'max_index': None, 'std_dev': None, 'samples_count': 0}",B200
2025-11-01T00:00:00.000Z,2025-11-01T20:00:00.000Z,3.594,daily,"{'min_index': None, 'max_index': None, 'std_dev': None, 'samples_count': 0}",B200
2025-11-02T00:00:00.000Z,2025-11-02T21:00:00.000Z,4.3915,daily,"{'min_index': None, 'max_index': None, 'std_dev': None, 'samples_count': 0}",B200
2025-11-03T00:00:00.000Z,2025-11-03T21:00:00.000Z,3.7804,daily,"{'min_index': None, 'max_index': None, 'std_dev': None, 'samples_count': 0}",B200
2025-11-04T00:00:00.000Z,2025-11-04T21:00:00.000Z,3.367,daily,"{'min_index': None, 'max_index': None, 'std_dev': None, 'samples_count': 0}",B200
2025-11-05T00:00:00.000Z,2025-11-05T21:00:00.000Z,2.9262,daily,"{'min_index': 2.8151, 'max_index': 3.4247, 'std_dev': 0.2704, 'samples_count': 24}",B200
2025-11-06T00:00:00.000Z,2025-11-06T21:00:00.000Z,2.9086,daily,"{'min_index': 2.8171, 'max_index': 3.0358, 'std_dev': 0.0538, 'samples_count': 24}",B200
2025-11-07T00:00:00.000Z,2025-11-07T21:00:00.000Z,3.0003,daily,"{'min_index': 2.8156, 'max_index': 3.4626, 'std_dev': 0.2352, 'samples_count': 24}",B200
2025-11-08T00:00:00.000Z,2025-11-08T21:00:00.000Z,2.8739,daily,"{'min_index': 2.8169, 'max_index': 3.2817, 'std_dev': 0.0921, 'samples_count': 24}",B200
2025-11-09T00:00:00.000Z,2025-11-09T21:00:00.000Z,2.8597,daily,"{'min_index': 2.8182, 'max_index': 3.2935, 'std_dev': 0.1042, 'samples_count': 24}",B200
2025-11-10T00:00:00.000Z,2025-11-10T21:00:00.000Z,3.0918,daily,"{'min_index': 2.9559, 'max_index': 3.292, 'std_dev': 0.1105, 'samples_count': 24}",B200
2025-11-11T00:00:00.000Z,2025-11-11T21:00:00.000Z,3.1789,daily,"{'min_index': 2.9563, 'max_index': 3.5661, 'std_dev': 0.1519, 'samples_count': 24}",B200
2025-11-12T00:00:00.000Z,2025-11-12T21:00:00.000Z,3.1753,daily,"{'min_index': 3.0175, 'max_index': 3.4012, 'std_dev': 0.0945, 'samples_count': 24}",B200
2025-11-13T00:00:00.000Z,2025-11-13T21:00:00.000Z,3.192,daily,"{'min_index': 2.9668, 'max_index': 3.4242, 'std_dev': 0.1048, 'samples_count': 24}",B200
2025-11-14T00:00:00.000Z,2025-11-14T21:00:00.000Z,3.0961,daily,"{'min_index': 2.957, 'max_index': 3.2933, 'std_dev': 0.1306, 'samples_count': 24}",B200
2025-11-15T00:00:00.000Z,2025-11-15T21:00:00.000Z,3.2422,daily,"{'min_index': 2.9609, 'max_index': 3.5994, 'std_dev': 0.131, 'samples_count': 24}",B200
2025-11-16T00:00:00.000Z,2025-11-16T21:00:00.000Z,3.1001,daily,"{'min_index': 2.9563, 'max_index': 3.2875, 'std_dev': 0.1227, 'samples_count': 24}",B200
2025-11-17T00:00:00.000Z,2025-11-17T21:00:00.000Z,3.1081,daily,"{'min_index': 2.8151, 'max_index': 3.2914, 'std_dev': 0.1754, 'samples_count': 24}",B200
2025-11-18T00:00:00.000Z,2025-11-18T21:00:00.000Z,3.0849,daily,"{'min_index': 2.8159, 'max_index': 3.3332, 'std_dev': 0.2256, 'samples_count': 18}",B200
2025-11-19T00:00:00.000Z,2025-11-19T21:00:00.000Z,3.3546,daily,"{'min_index': 3.3256, 'max_index': 3.6837, 'std_dev': 0.084, 'samples_count': 24}",B200
2025-11-20T00:00:00.000Z,2025-11-20T21:00:00.000Z,3.3715,daily,"{'min_index': 3.3255, 'max_index': 3.7036, 'std_dev': 0.1101, 'samples_count': 24}",B200
2025-11-21T00:00:00.000Z,2025-11-21T21:00:00.000Z,3.35,daily,"{'min_index': 3.3257, 'max_index': 3.5697, 'std_dev': 0.0658, 'samples_count': 24}",B200
2025-11-22T00:00:00.000Z,2025-11-22T21:00:00.000Z,3.33,daily,"{'min_index': 3.3259, 'max_index': 3.3343, 'std_dev': 0.0028, 'samples_count': 24}",B200
2025-11-23T00:00:00.000Z,2025-11-23T21:00:00.000Z,3.33,daily,"{'min_index': 3.3252, 'max_index': 3.3348, 'std_dev': 0.003, 'samples_count': 22}",B200
2025-11-24T00:00:00.000Z,2025-11-24T21:00:00.000Z,3.2388,daily,"{'min_index': 3.0964, 'max_index': 3.3348, 'std_dev': 0.0769, 'samples_count': 24}",B200
2025-11-25T00:00:00.000Z,2025-11-25T21:00:00.000Z,3.1729,daily,"{'min_index': 3.0401, 'max_index': 3.2097, 'std_dev': 0.0492, 'samples_count': 24}",B200
2025-11-26T00:00:00.000Z,2025-11-26T22:00:00.000Z,3.0495,daily,"{'min_index': 3.0062, 'max_index': 3.204, 'std_dev': 0.0669, 'samples_count': 24}",B200
2025-11-27T00:00:00.000Z,2025-11-27T21:00:00.000Z,3.0608,daily,"{'min_index': 3.0072, 'max_index': 3.2, 'std_dev': 0.0437, 'samples_count': 24}",B200
2025-11-28T00:00:00.000Z,2025-11-28T21:00:00.000Z,3.1254,daily,"{'min_index': 3.0085, 'max_index': 3.5306, 'std_dev': 0.1457, 'samples_count': 24}",B200
2025-11-29T00:00:00.000Z,2025-11-29T21:00:00.000Z,3.2725,daily,"{'min_index': 3.0062, 'max_index': 3.3639, 'std_dev': 0.1696, 'samples_count': 24}",B200
2025-11-30T00:00:00.000Z,2025-11-30T21:00:00.000Z,3.0479,daily,"{'min_index': 3.0065, 'max_index': 3.3552, 'std_dev': 0.0765, 'samples_count': 24}",B200
2025-12-01T00:00:00.000Z,2025-12-01T21:00:00.000Z,3.0175,daily,"{'min_index': 3.0052, 'max_index': 3.1145, 'std_dev': 0.032, 'samples_count': 24}",B200
2025-12-02T00:00:00.000Z,2025-12-02T21:00:00.000Z,3.0833,daily,"{'min_index': 2.9958, 'max_index': 3.1134, 'std_dev': 0.0305, 'samples_count': 24}",B200
2025-12-03T00:00:00.000Z,2025-12-03T21:00:00.000Z,2.9954,daily,"{'min_index': 2.8934, 'max_index': 3.0771, 'std_dev': 0.0269, 'samples_count': 24}",B200
2025-12-04T00:00:00.000Z,2025-12-04T21:00:00.000Z,3.0667,daily,"{'min_index': 3.0012, 'max_index': 3.2612, 'std_dev': 0.0435, 'samples_count': 24}",B200
2025-12-05T00:00:00.000Z,2025-12-05T21:00:00.000Z,3.0692,daily,"{'min_index': 2.8877, 'max_index': 3.0845, 'std_dev': 0.0444, 'samples_count': 24}",B200
2025-12-06T00:00:00.000Z,2025-12-06T21:00:00.000Z,3.0762,daily,"{'min_index': 2.9951, 'max_index': 3.0842, 'std_dev': 0.027, 'samples_count': 24}",B200
2025-12-07T00:00:00.000Z,2025-12-07T21:00:00.000Z,3.0292,daily,"{'min_index': 2.9956, 'max_index': 3.2292, 'std_dev': 0.0532, 'samples_count': 24}",B200
2025-12-08T00:00:00.000Z,2025-12-08T21:00:00.000Z,3.0567,daily,"{'min_index': 2.9961, 'max_index': 3.262, 'std_dev': 0.0845, 'samples_count': 24}",B200
2025-12-09T00:00:00.000Z,2025-12-09T21:00:00.000Z,3.1029,daily,"{'min_index': 3.0035, 'max_index': 3.2293, 'std_dev': 0.0446, 'samples_count': 24}",B200
2025-12-10T00:00:00.000Z,2025-12-10T21:00:00.000Z,3.0829,daily,"{'min_index': 2.9966, 'max_index': 3.2334, 'std_dev': 0.052, 'samples_count': 24}",B200
2025-12-11T00:00:00.000Z,2025-12-11T21:00:00.000Z,3.0396,daily,"{'min_index': 2.9968, 'max_index': 3.0845, 'std_dev': 0.0399, 'samples_count': 24}",B200
2025-12-12T00:00:00.000Z,2025-12-12T21:00:00.000Z,3.08,daily,"{'min_index': 3.0763, 'max_index': 3.0845, 'std_dev': 0.0026, 'samples_count': 23}",B200
2025-12-13T00:00:00.000Z,2025-12-13T21:00:00.000Z,3.0079,daily,"{'min_index': 2.8851, 'max_index': 3.0825, 'std_dev': 0.0848, 'samples_count': 24}",B200
2025-12-14T00:00:00.000Z,2025-12-14T21:00:00.000Z,2.9517,daily,"{'min_index': 2.887, 'max_index': 3.0842, 'std_dev': 0.0638, 'samples_count': 24}",B200
2025-12-15T00:00:00.000Z,2025-12-15T21:00:00.000Z,3.0533,daily,"{'min_index': 2.9968, 'max_index': 3.0842, 'std_dev': 0.036, 'samples_count': 24}",B200
2025-12-16T00:00:00.000Z,2025-12-16T21:00:00.000Z,3.0278,daily,"{'min_index': 2.9951, 'max_index': 3.0841, 'std_dev': 0.0395, 'samples_count': 23}",B200
2025-12-17T00:00:00.000Z,2025-12-17T21:00:00.000Z,3.08,daily,"{'min_index': 3.0754, 'max_index': 3.0846, 'std_dev': 0.0028, 'samples_count': 24}",B200
2025-12-18T00:00:00.000Z,2025-12-18T21:00:00.000Z,3.08,daily,"{'min_index': 3.0751, 'max_index': 3.0847, 'std_dev': 0.0029, 'samples_count': 24}",B200
2025-12-19T00:00:00.000Z,2025-12-19T21:00:00.000Z,3.08,daily,"{'min_index': 3.0751, 'max_index': 3.65, 'std_dev': 0.1424, 'samples_count': 24}",B200
2025-12-20T00:00:00.000Z,2025-12-20T21:00:00.000Z,3.65,daily,"{'min_index': 3.6454, 'max_index': 3.6546, 'std_dev': 0.0026, 'samples_count': 24}",B200
2025-12-21T00:00:00.000Z,2025-12-21T21:00:00.000Z,3.6542,daily,"{'min_index': 3.6453, 'max_index': 3.7489, 'std_dev': 0.0199, 'samples_count': 24}",B200
2025-12-22T00:00:00.000Z,2025-12-22T21:00:00.000Z,3.65,daily,"{'min_index': 3.6453, 'max_index': 3.6539, 'std_dev': 0.0029, 'samples_count': 24}",B200
2025-12-23T00:00:00.000Z,2025-12-23T21:00:00.000Z,3.65,daily,"{'min_index': 3.6456, 'max_index': 3.6549, 'std_dev': 0.0028, 'samples_count': 24}",B200
2025-12-24T00:00:00.000Z,2025-12-24T21:00:00.000Z,3.645,daily,"{'min_index': 3.6252, 'max_index': 3.6547, 'std_dev': 0.009, 'samples_count': 24}",B200
2025-12-25T00:00:00.000Z,2025-12-25T21:00:00.000Z,3.6783,daily,"{'min_index': 3.6307, 'max_index': 3.7543, 'std_dev': 0.0331, 'samples_count': 24}",B200
2025-12-26T00:00:00.000Z,2025-12-26T21:00:00.000Z,3.695,daily,"{'min_index': 3.6281, 'max_index': 3.7543, 'std_dev': 0.0352, 'samples_count': 24}",B200
2025-12-27T00:00:00.000Z,2025-12-27T21:00:00.000Z,3.6392,daily,"{'min_index': 3.5957, 'max_index': 3.6896, 'std_dev': 0.0239, 'samples_count': 24}",B200
2025-12-28T00:00:00.000Z,2025-12-28T21:00:00.000Z,3.6412,daily,"{'min_index': 3.5953, 'max_index': 3.6945, 'std_dev': 0.0436, 'samples_count': 24}",B200
2025-12-29T00:00:00.000Z,2025-12-29T21:00:00.000Z,3.6196,daily,"{'min_index': 3.5914, 'max_index': 3.6934, 'std_dev': 0.0349, 'samples_count': 24}",B200
2025-12-30T00:00:00.000Z,2025-12-30T21:00:00.000Z,3.6171,daily,"{'min_index': 3.5859, 'max_index': 3.6876, 'std_dev': 0.0331, 'samples_count': 24}",B200
2026-01-01T00:00:00.000Z,2026-01-01T21:00:00.000Z,3.6442,daily,"{'min_index': 3.586, 'max_index': 3.6681, 'std_dev': 0.0225, 'samples_count': 24}",B200
2026-01-02T00:00:00.000Z,2026-01-02T21:00:00.000Z,3.6325,daily,"{'min_index': 3.5927, 'max_index': 3.6542, 'std_dev': 0.0199, 'samples_count': 24}",B200
2026-01-03T00:00:00.000Z,2026-01-03T21:00:00.000Z,3.6583,daily,"{'min_index': 3.6055, 'max_index': 3.77, 'std_dev': 0.0409, 'samples_count': 24}",B200
2026-01-04T00:00:00.000Z,2026-01-04T21:00:00.000Z,3.67,daily,"{'min_index': 3.5671, 'max_index': 3.8868, 'std_dev': 0.0639, 'samples_count': 24}",B200
2026-01-05T00:00:00.000Z,2026-01-05T21:00:00.000Z,3.5817,daily,"{'min_index': 3.5655, 'max_index': 3.7651, 'std_dev': 0.0391, 'samples_count': 24}",B200
2026-01-06T00:00:00.000Z,2026-01-06T21:00:00.000Z,3.6608,daily,"{'min_index': 3.567, 'max_index': 3.8942, 'std_dev': 0.1136, 'samples_count': 24}",B200
2026-01-07T00:00:00.000Z,2026-01-07T21:00:00.000Z,3.6229,daily,"{'min_index': 3.5653, 'max_index': 3.8011, 'std_dev': 0.0609, 'samples_count': 24}",B200
2026-01-08T00:00:00.000Z,2026-01-08T21:00:00.000Z,3.5835,daily,"{'min_index': 3.5652, 'max_index': 3.8013, 'std_dev': 0.0464, 'samples_count': 24}",B200
2026-01-09T00:00:00.000Z,2026-01-09T21:00:00.000Z,3.2625,daily,"{'min_index': 2.8406, 'max_index': 3.5747, 'std_dev': 0.2863, 'samples_count': 24}",B200
2026-01-10T00:00:00.000Z,2026-01-10T21:00:00.000Z,2.9362,daily,"{'min_index': 2.6718, 'max_index': 3.2899, 'std_dev': 0.105, 'samples_count': 24}",B200
2026-01-11T00:00:00.000Z,2026-01-11T21:00:00.000Z,2.9933,daily,"{'min_index': 2.8384, 'max_index': 3.2904, 'std_dev': 0.086, 'samples_count': 24}",B200
2026-01-12T00:00:00.000Z,2026-01-12T21:00:00.000Z,3.0,daily,"{'min_index': 2.9458, 'max_index': 3.288, 'std_dev': 0.0699, 'samples_count': 24}",B200
2026-01-13T00:00:00.000Z,2026-01-13T21:00:00.000Z,3.1033,daily,"{'min_index': 2.9453, 'max_index': 3.5441, 'std_dev': 0.1872, 'samples_count': 24}",B200
2026-01-14T00:00:00.000Z,2026-01-14T21:00:00.000Z,2.9825,daily,"{'min_index': 2.8564, 'max_index': 3.2068, 'std_dev': 0.0761, 'samples_count': 24}",B200
2026-01-15T00:00:00.000Z,2026-01-15T21:00:00.000Z,3.0529,daily,"{'min_index': 2.8979, 'max_index': 3.4508, 'std_dev': 0.0976, 'samples_count': 24}",B200
2026-01-16T00:00:00.000Z,2026-01-16T21:00:00.000Z,2.9783,daily,"{'min_index': 2.8631, 'max_index': 3.1657, 'std_dev': 0.0718, 'samples_count': 24}",B200
2026-01-17T00:00:00.000Z,2026-01-17T21:00:00.000Z,3.0713,daily,"{'min_index': 2.863, 'max_index': 3.1742, 'std_dev': 0.0957, 'samples_count': 24}",B200
2026-01-18T00:00:00.000Z,2026-01-18T21:00:00.000Z,3.1933,daily,"{'min_index': 2.8976, 'max_index': 3.4532, 'std_dev': 0.0976, 'samples_count': 24}",B200
2026-01-19T00:00:00.000Z,2026-01-19T21:00:00.000Z,3.0142,daily,"{'min_index': 2.8563, 'max_index': 3.0545, 'std_dev': 0.0614, 'samples_count': 24}",B200
2026-01-20T00:00:00.000Z,2026-01-20T21:00:00.000Z,2.9483,daily,"{'min_index': 2.8554, 'max_index': 3.0534, 'std_dev': 0.0607, 'samples_count': 24}",B200
2026-01-21T00:00:00.000Z,2026-01-21T21:00:00.000Z,2.6492,daily,"{'min_index': 2.496, 'max_index': 2.953, 'std_dev': 0.1528, 'samples_count': 24}",B200
2026-01-22T00:00:00.000Z,2026-01-22T21:00:00.000Z,3.1162,daily,"{'min_index': 2.9109, 'max_index': 3.2198, 'std_dev': 0.0757, 'samples_count': 24}",B200
2026-01-23T00:00:00.000Z,2026-01-23T21:00:00.000Z,3.2083,daily,"{'min_index': 3.1969, 'max_index': 3.2242, 'std_dev': 0.0092, 'samples_count': 24}",B200
2026-01-24T00:00:00.000Z,2026-01-24T21:00:00.000Z,3.2125,daily,"{'min_index': 3.1952, 'max_index': 3.2627, 'std_dev': 0.017, 'samples_count': 24}",B200
2026-01-25T00:00:00.000Z,2026-01-25T21:00:00.000Z,3.065,daily,"{'min_index': 2.5411, 'max_index': 3.2952, 'std_dev': 0.301, 'samples_count': 24}",B200
2026-01-26T00:00:00.000Z,2026-01-26T21:00:00.000Z,3.0933,daily,"{'min_index': 2.7461, 'max_index': 3.3024, 'std_dev': 0.1694, 'samples_count': 24}",B200
2026-01-27T00:00:00.000Z,2026-01-27T21:00:00.000Z,3.2538,daily,"{'min_index': 2.8867, 'max_index': 3.4048, 'std_dev': 0.147, 'samples_count': 24}",B200
2026-01-28T00:00:00.000Z,2026-01-28T21:00:00.000Z,3.2938,daily,"{'min_index': 3.2179, 'max_index': 3.3584, 'std_dev': 0.0396, 'samples_count': 24}",B200
2026-01-29T00:00:00.000Z,2026-01-29T21:00:00.000Z,3.1779,daily,"{'min_index': 2.8315, 'max_index': 3.4932, 'std_dev': 0.2227, 'samples_count': 24}",B200
2026-01-30T00:00:00.000Z,2026-01-30T21:00:00.000Z,3.0129,daily,"{'min_index': 2.9458, 'max_index': 3.3272, 'std_dev': 0.0871, 'samples_count': 24}",B200
2026-01-31T00:00:00.000Z,2026-01-31T21:00:00.000Z,3.0096,daily,"{'min_index': 2.9019, 'max_index': 3.4874, 'std_dev': 0.1574, 'samples_count': 24}",B200
2026-02-01T00:00:00.000Z,2026-02-01T21:00:00.000Z,2.8921,daily,"{'min_index': 2.6514, 'max_index': 3.3229, 'std_dev': 0.1683, 'samples_count': 24}",B200
2026-02-02T00:00:00.000Z,2026-02-02T21:00:00.000Z,2.8975,daily,"{'min_index': 2.7769, 'max_index': 3.3885, 'std_dev': 0.1182, 'samples_count': 24}",B200
2026-02-03T00:00:00.000Z,2026-02-03T21:00:00.000Z,2.8879,daily,"{'min_index': 2.7752, 'max_index': 3.1822, 'std_dev': 0.1176, 'samples_count': 24}",B200
2026-02-04T00:00:00.000Z,2026-02-04T21:00:00.000Z,2.9617,daily,"{'min_index': 2.7472, 'max_index': 3.1766, 'std_dev': 0.138, 'samples_count': 24}",B200
2026-02-05T00:00:00.000Z,2026-02-05T21:00:00.000Z,2.8571,daily,"{'min_index': 2.7472, 'max_index': 3.0636, 'std_dev': 0.1285, 'samples_count': 24}",B200
2026-02-06T00:00:00.000Z,2026-02-06T21:00:00.000Z,2.8571,daily,"{'min_index': 2.7265, 'max_index': 3.06, 'std_dev': 0.0809, 'samples_count': 24}",B200
2026-02-07T00:00:00.000Z,2026-02-07T21:00:00.000Z,2.8254,daily,"{'min_index': 2.7358, 'max_index': 2.8743, 'std_dev': 0.0554, 'samples_count': 24}",B200
2026-02-08T00:00:00.000Z,2026-02-08T21:00:00.000Z,2.7479,daily,"{'min_index': 2.7057, 'max_index': 2.7945, 'std_dev': 0.0176, 'samples_count': 24}",B200
2026-02-09T00:00:00.000Z,2026-02-09T21:00:00.000Z,2.6563,daily,"{'min_index': 2.4559, 'max_index': 2.8891, 'std_dev': 0.1375, 'samples_count': 24}",B200
2026-02-10T00:00:00.000Z,2026-02-10T21:00:00.000Z,2.6925,daily,"{'min_index': 2.4632, 'max_index': 2.8401, 'std_dev': 0.0783, 'samples_count': 24}",B200
2026-02-11T00:00:00.000Z,2026-02-11T21:00:00.000Z,2.8496,daily,"{'min_index': 2.7261, 'max_index': 3.2231, 'std_dev': 0.1136, 'samples_count': 24}",B200
2026-02-12T00:00:00.000Z,2026-02-12T21:00:00.000Z,3.1508,daily,"{'min_index': 3.0294, 'max_index': 3.2956, 'std_dev': 0.0748, 'samples_count': 24}",B200
2026-02-13T00:00:00.000Z,2026-02-13T21:00:00.000Z,3.1012,daily,"{'min_index': 2.9703, 'max_index': 3.1645, 'std_dev': 0.0668, 'samples_count': 24}",B200
2026-02-14T00:00:00.000Z,2026-02-14T21:00:00.000Z,3.0392,daily,"{'min_index': 2.9755, 'max_index': 3.1326, 'std_dev': 0.0375, 'samples_count': 24}",B200
2026-02-15T00:00:00.000Z,2026-02-15T21:00:00.000Z,3.0021,daily,"{'min_index': 2.8594, 'max_index': 3.2052, 'std_dev': 0.0825, 'samples_count': 24}",B200
2026-02-16T00:00:00.000Z,2026-02-16T21:00:00.000Z,3.0079,daily,"{'min_index': 2.8557, 'max_index': 3.1603, 'std_dev': 0.089, 'samples_count': 24}",B200
2026-02-17T00:00:00.000Z,2026-02-17T21:00:00.000Z,2.9263,daily,"{'min_index': 2.8327, 'max_index': 3.079, 'std_dev': 0.09, 'samples_count': 24}",B200
2026-02-18T00:00:00.000Z,2026-02-18T21:00:00.000Z,2.9904,daily,"{'min_index': 2.9354, 'max_index': 3.093, 'std_dev': 0.053, 'samples_count': 24}",B200
2026-02-19T00:00:00.000Z,2026-02-19T21:00:00.000Z,3.0183,daily,"{'min_index': 2.6079, 'max_index': 3.09, 'std_dev': 0.0953, 'samples_count': 24}",B200
2026-02-20T00:00:00.000Z,2026-02-20T21:00:00.000Z,2.8071,daily,"{'min_index': 2.6554, 'max_index': 3.3087, 'std_dev': 0.2171, 'samples_count': 22}",B200
2026-02-21T00:00:00.000Z,2026-02-21T21:00:00.000Z,2.9342,daily,"{'min_index': 2.8556, 'max_index': 3.0725, 'std_dev': 0.0589, 'samples_count': 24}",B200
2026-02-22T00:00:00.000Z,2026-02-22T21:00:00.000Z,2.955,daily,"{'min_index': 2.8775, 'max_index': 3.1241, 'std_dev': 0.0746, 'samples_count': 24}",B200
2026-02-23T00:00:00.000Z,2026-02-23T21:00:00.000Z,3.0013,daily,"{'min_index': 2.9753, 'max_index': 3.1149, 'std_dev': 0.0274, 'samples_count': 24}",B200
2026-02-24T00:00:00.000Z,2026-02-24T21:00:00.000Z,3.0088,daily,"{'min_index': 2.9667, 'max_index': 3.1255, 'std_dev': 0.0421, 'samples_count': 24}",B200
2026-02-25T00:00:00.000Z,2026-02-25T21:00:00.000Z,3.0137,daily,"{'min_index': 2.9766, 'max_index': 3.2014, 'std_dev': 0.0405, 'samples_count': 24}",B200
2026-02-26T00:00:00.000Z,2026-02-26T21:00:00.000Z,3.0008,daily,"{'min_index': 2.9559, 'max_index': 3.0137, 'std_dev': 0.013, 'samples_count': 24}",B200
2026-02-27T00:00:00.000Z,2026-02-27T21:00:00.000Z,3.0579,daily,"{'min_index': 3.0299, 'max_index': 3.1326, 'std_dev': 0.0352, 'samples_count': 24}",B200
2026-02-28T00:00:00.000Z,2026-02-28T21:00:00.000Z,3.0471,daily,"{'min_index': 2.9575, 'max_index': 3.0974, 'std_dev': 0.0415, 'samples_count': 24}",B200
2026-03-01T00:00:00.000Z,2026-03-01T21:00:00.000Z,3.0271,daily,"{'min_index': 2.8935, 'max_index': 3.0625, 'std_dev': 0.0498, 'samples_count': 24}",B200
2026-03-02T00:00:00.000Z,2026-03-02T21:00:00.000Z,3.0088,daily,"{'min_index': 2.8397, 'max_index': 3.4178, 'std_dev': 0.1472, 'samples_count': 24}",B200
2026-03-03T00:00:00.000Z,2026-03-03T21:00:00.000Z,3.0721,daily,"{'min_index': 2.9832, 'max_index': 3.0544, 'std_dev': 0.0208, 'samples_count': 24}",B200
2026-03-04T00:00:00.000Z,2026-03-04T21:00:00.000Z,3.5092,daily,"{'min_index': 3.0469, 'max_index': 3.4047, 'std_dev': 0.1254, 'samples_count': 24}",B200
2026-03-05T00:00:00.000Z,2026-03-05T21:00:00.000Z,3.0646,daily,"{'min_index': 3.0451, 'max_index': 3.2399, 'std_dev': 0.0521, 'samples_count': 24}",B200
2026-03-06T00:00:00.000Z,2026-03-06T21:00:00.000Z,3.24,daily,"{'min_index': 3.2355, 'max_index': 3.2448, 'std_dev': 0.0031, 'samples_count': 23}",B200
2026-03-07T00:00:00.000Z,2026-03-07T21:00:00.000Z,3.245,daily,"{'min_index': 3.2354, 'max_index': 3.3048, 'std_dev': 0.0191, 'samples_count': 24}",B200
2026-03-08T00:00:00.000Z,2026-03-08T20:00:00.000Z,3.28,daily,"{'min_index': 3.2352, 'max_index': 3.3539, 'std_dev': 0.0386, 'samples_count': 24}",B200
2026-03-09T00:00:00.000Z,2026-03-09T20:00:00.000Z,3.3383,daily,"{'min_index': 3.2951, 'max_index': 3.3543, 'std_dev': 0.0195, 'samples_count': 24}",B200
2026-03-10T00:00:00.000Z,2026-03-10T20:00:00.000Z,3.35,daily,"{'min_index': 3.3452, 'max_index': 3.3747, 'std_dev': 0.007, 'samples_count': 24}",B200
2026-03-11T00:00:00.000Z,2026-03-11T20:00:00.000Z,3.3671,daily,"{'min_index': 3.3465, 'max_index': 3.3848, 'std_dev': 0.0132, 'samples_count': 24}",B200
2026-03-12T00:00:00.000Z,2026-03-12T20:00:00.000Z,3.3954,daily,"{'min_index': 3.2455, 'max_index': 3.7228, 'std_dev': 0.1653, 'samples_count': 24}",B200
2026-03-13T00:00:00.000Z,2026-03-13T20:00:00.000Z,3.4863,daily,"{'min_index': 3.2459, 'max_index': 3.7247, 'std_dev': 0.2128, 'samples_count': 24}",B200
2026-03-14T00:00:00.000Z,2026-03-14T20:00:00.000Z,3.515,daily,"{'min_index': 3.2453, 'max_index': 3.7238, 'std_dev': 0.2267, 'samples_count': 24}",B200
2026-03-15T00:00:00.000Z,2026-03-15T20:00:00.000Z,3.3654,daily,"{'min_index': 3.246, 'max_index': 3.6147, 'std_dev': 0.1728, 'samples_count': 24}",B200
2026-03-16T00:00:00.000Z,2026-03-16T20:00:00.000Z,3.3675,daily,"{'min_index': 3.2465, 'max_index': 3.6701, 'std_dev': 0.0957, 'samples_count': 24}",B200
2026-03-17T00:00:00.000Z,2026-03-17T20:00:00.000Z,3.3287,daily,"{'min_index': 3.2497, 'max_index': 3.6081, 'std_dev': 0.0825, 'samples_count': 24}",B200
2026-03-18T00:00:00.000Z,2026-03-18T20:00:00.000Z,3.3275,daily,"{'min_index': 3.246, 'max_index': 3.7625, 'std_dev': 0.1796, 'samples_count': 24}",B200
2026-03-19T00:00:00.000Z,2026-03-19T20:00:00.000Z,3.72,daily,"{'min_index': 3.3564, 'max_index': 3.7643, 'std_dev': 0.0947, 'samples_count': 24}",B200
2026-03-20T00:00:00.000Z,2026-03-20T20:00:00.000Z,3.5612,daily,"{'min_index': 3.3561, 'max_index': 3.9448, 'std_dev': 0.1957, 'samples_count': 24}",B200
2026-03-21T00:00:00.000Z,2026-03-21T20:00:00.000Z,3.44,daily,"{'min_index': 3.2459, 'max_index': 3.9263, 'std_dev': 0.2007, 'samples_count': 24}",B200
2026-03-22T00:00:00.000Z,2026-03-22T20:00:00.000Z,3.8904,daily,"{'min_index': 3.2462, 'max_index': 3.8895, 'std_dev': 0.2106, 'samples_count': 24}",B200
2026-03-23T00:00:00.000Z,2026-03-23T20:00:00.000Z,4.2104,daily,"{'min_index': 3.3884, 'max_index': 3.9313, 'std_dev': 0.1293, 'samples_count': 24}",B200
2026-03-24T00:00:00.000Z,2026-03-24T20:00:00.000Z,3.9712,daily,"{'min_index': 3.8151, 'max_index': 4.2027, 'std_dev': 0.0652, 'samples_count': 24}",B200
2026-03-25T00:00:00.000Z,2026-03-25T20:00:00.000Z,4.5338,daily,"{'min_index': 3.4169, 'max_index': 5.6638, 'std_dev': 0.7708, 'samples_count': 24}",B200
2026-03-26T00:00:00.000Z,2026-03-26T20:00:00.000Z,4.5871,daily,"{'min_index': 3.8819, 'max_index': 5.3439, 'std_dev': 0.307, 'samples_count': 18}",B200
2026-03-27T00:00:00.000Z,2026-03-27T20:00:00.000Z,4.766,daily,"{'min_index': 4.7481, 'max_index': 4.8407, 'std_dev': 0.0398, 'samples_count': 13}",B200
2026-03-28T00:00:00.000Z,2026-03-28T20:00:00.000Z,4.5921,daily,"{'min_index': 3.8758, 'max_index': 4.9273, 'std_dev': 0.3663, 'samples_count': 24}",B200
2026-03-29T00:00:00.000Z,2026-03-29T20:00:00.000Z,4.5788,daily,"{'min_index': 4.2257, 'max_index': 5.0233, 'std_dev': 0.3364, 'samples_count': 24}",B200
2026-03-30T00:00:00.000Z,2026-03-30T20:00:00.000Z,4.605,daily,"{'min_index': 4.0998, 'max_index': 5.0232, 'std_dev': 0.2731, 'samples_count': 24}",B200
2026-03-31T00:00:00.000Z,2026-03-31T20:00:00.000Z,4.6983,daily,"{'min_index': 4.1629, 'max_index': 4.9074, 'std_dev': 0.2461, 'samples_count': 24}",B200
2026-04-01T00:00:00.000Z,2026-04-01T20:00:00.000Z,4.6658,daily,"{'min_index': 4.2919, 'max_index': 4.9207, 'std_dev': 0.2439, 'samples_count': 24}",B200
2026-04-02T00:00:00.000Z,2026-04-02T20:00:00.000Z,4.3083,daily,"{'min_index': 3.9003, 'max_index': 4.917, 'std_dev': 0.2998, 'samples_count': 24}",B200
2026-04-03T00:00:00.000Z,2026-04-03T20:00:00.000Z,4.0517,daily,"{'min_index': 3.9033, 'max_index': 4.1742, 'std_dev': 0.0922, 'samples_count': 24}",B200
2026-04-04T00:00:00.000Z,2026-04-04T20:00:00.000Z,4.115,daily,"{'min_index': 4.046, 'max_index': 4.1977, 'std_dev': 0.0503, 'samples_count': 24}",B200
2026-04-05T00:00:00.000Z,2026-04-05T20:00:00.000Z,4.1075,daily,"{'min_index': 4.0378, 'max_index': 4.1442, 'std_dev': 0.0279, 'samples_count': 24}",B200
2026-04-06T00:00:00.000Z,2026-04-06T20:00:00.000Z,4.1271,daily,"{'min_index': 3.9609, 'max_index': 4.2344, 'std_dev': 0.0767, 'samples_count': 24}",B200
2026-04-07T00:00:00.000Z,2026-04-07T20:00:00.000Z,4.0771,daily,"{'min_index': 3.9573, 'max_index': 4.2199, 'std_dev': 0.0824, 'samples_count': 24}",B200
2026-04-08T00:00:00.000Z,2026-04-08T20:00:00.000Z,4.0704,daily,"{'min_index': 3.9606, 'max_index': 4.1898, 'std_dev': 0.0723, 'samples_count': 24}",B200
2026-04-09T00:00:00.000Z,2026-04-09T20:00:00.000Z,4.2088,daily,"{'min_index': 4.1046, 'max_index': 4.2719, 'std_dev': 0.0359, 'samples_count': 24}",B200
2026-04-10T00:00:00.000Z,2026-04-10T20:00:00.000Z,4.1742,daily,"{'min_index': 4.1073, 'max_index': 4.2615, 'std_dev': 0.0435, 'samples_count': 24}",B200
2026-04-11T00:00:00.000Z,2026-04-11T20:00:00.000Z,4.1521,daily,"{'min_index': 4.076, 'max_index': 4.253, 'std_dev': 0.0506, 'samples_count': 24}",B200
2026-04-12T00:00:00.000Z,2026-04-12T20:00:00.000Z,4.1312,daily,"{'min_index': 4.0738, 'max_index': 4.2928, 'std_dev': 0.0517, 'samples_count': 24}",B200
2026-04-13T00:00:00.000Z,2026-04-13T20:00:00.000Z,4.2562,daily,"{'min_index': 4.1671, 'max_index': 4.3389, 'std_dev': 0.044, 'samples_count': 24}",B200
2026-04-14T00:00:00.000Z,2026-04-14T20:00:00.000Z,4.2171,daily,"{'min_index': 4.0657, 'max_index': 4.3061, 'std_dev': 0.068, 'samples_count': 24}",B200
2026-04-15T00:00:00.000Z,2026-04-15T20:00:00.000Z,4.1238,daily,"{'min_index': 4.0822, 'max_index': 4.1747, 'std_dev': 0.0269, 'samples_count': 24}",B200
2026-04-16T00:00:00.000Z,2026-04-16T20:00:00.000Z,4.1108,daily,"{'min_index': 4.0481, 'max_index': 4.1816, 'std_dev': 0.0401, 'samples_count': 24}",B200
2026-04-17T00:00:00.000Z,2026-04-17T20:00:00.000Z,4.0792,daily,"{'min_index': 4.0243, 'max_index': 4.1456, 'std_dev': 0.0283, 'samples_count': 24}",B200
2026-04-18T00:00:00.000Z,2026-04-18T20:00:00.000Z,4.1021,daily,"{'min_index': 4.0016, 'max_index': 4.1644, 'std_dev': 0.0464, 'samples_count': 24}",B200
2026-04-19T00:00:00.000Z,2026-04-19T20:00:00.000Z,4.1629,daily,"{'min_index': 4.0485, 'max_index': 4.2844, 'std_dev': 0.0531, 'samples_count': 24}",B200
2026-04-20T00:00:00.000Z,2026-04-20T20:00:00.000Z,4.2904,daily,"{'min_index': 4.1964, 'max_index': 4.5296, 'std_dev': 0.0688, 'samples_count': 24}",B200
2026-04-21T00:00:00.000Z,2026-04-21T20:00:00.000Z,4.4287,daily,"{'min_index': 4.3021, 'max_index': 4.6312, 'std_dev': 0.0895, 'samples_count': 24}",B200
2026-04-22T00:00:00.000Z,2026-04-22T20:00:00.000Z,4.8058,daily,"{'min_index': 4.6037, 'max_index': 4.9644, 'std_dev': 0.0935, 'samples_count': 24}",B200
2026-04-23T00:00:00.000Z,2026-04-23T20:00:00.000Z,4.8525,daily,"{'min_index': 4.7363, 'max_index': 4.9188, 'std_dev': 0.057, 'samples_count': 24}",B200
2026-04-24T00:00:00.000Z,2026-04-24T20:00:00.000Z,4.8283,daily,"{'min_index': 4.798, 'max_index': 4.9329, 'std_dev': 0.0385, 'samples_count': 24}",B200
2026-04-25T00:00:00.000Z,2026-04-25T20:00:00.000Z,4.8154,daily,"{'min_index': 4.7683, 'max_index': 4.8738, 'std_dev': 0.0294, 'samples_count': 24}",B200
2026-04-26T00:00:00.000Z,2026-04-26T20:00:00.000Z,4.9538,daily,"{'min_index': 4.7816, 'max_index': 5.359, 'std_dev': 0.1114, 'samples_count': 24}",B200
2026-04-27T00:00:00.000Z,2026-04-27T20:00:00.000Z,5.2088,daily,"{'min_index': 5.0768, 'max_index': 5.4099, 'std_dev': 0.0811, 'samples_count': 24}",B200
2026-04-28T00:00:00.000Z,2026-04-28T20:00:00.000Z,5.0537,daily,"{'min_index': 5.0057, 'max_index': 5.1408, 'std_dev': 0.0401, 'samples_count': 24}",B200
2026-04-29T00:00:00.000Z,2026-04-29T20:00:00.000Z,5.0092,daily,"{'min_index': 4.9982, 'max_index': 5.0145, 'std_dev': 0.0042, 'samples_count': 24}",B200
2026-04-30T00:00:00.000Z,2026-04-30T20:00:00.000Z,5.0163,daily,"{'min_index': 4.9952, 'max_index': 5.0528, 'std_dev': 0.019, 'samples_count': 24}",B200
2026-05-01T00:00:00.000Z,2026-05-01T20:00:00.000Z,5.025,daily,"{'min_index': 4.8888, 'max_index': 5.1193, 'std_dev': 0.0418, 'samples_count': 24}",B200
2026-05-02T00:00:00.000Z,2026-05-02T20:00:00.000Z,5.1212,daily,"{'min_index': 5.0594, 'max_index': 5.147, 'std_dev': 0.0206, 'samples_count': 24}",B200
2026-05-03T00:00:00.000Z,2026-05-03T20:00:00.000Z,5.1692,daily,"{'min_index': 4.996, 'max_index': 5.4924, 'std_dev': 0.1253, 'samples_count': 24}",B200
2026-05-04T00:00:00.000Z,2026-05-04T20:00:00.000Z,5.3346,daily,"{'min_index': 5.1574, 'max_index': 5.4846, 'std_dev': 0.1232, 'samples_count': 24}",B200
2026-05-05T00:00:00.000Z,2026-05-05T20:00:00.000Z,5.2233,daily,"{'min_index': 5.0908, 'max_index': 5.3611, 'std_dev': 0.0843, 'samples_count': 24}",B200
2026-05-06T00:00:00.000Z,2026-05-06T20:00:00.000Z,5.2946,daily,"{'min_index': 5.1646, 'max_index': 5.431, 'std_dev': 0.0696, 'samples_count': 24}",B200
2026-05-07T00:00:00.000Z,2026-05-07T20:00:00.000Z,5.2179,daily,"{'min_index': 4.7405, 'max_index': 5.3766, 'std_dev': 0.1746, 'samples_count': 24}",B200
2026-05-08T00:00:00.000Z,2026-05-08T20:00:00.000Z,4.9271,daily,"{'min_index': 4.3091, 'max_index': 5.1243, 'std_dev': 0.1897, 'samples_count': 24}",B200
2026-05-09T00:00:00.000Z,2026-05-09T20:00:00.000Z,4.09,daily,"{'min_index': 3.5587, 'max_index': 4.3228, 'std_dev': 0.2023, 'samples_count': 24}",B200
2026-05-10T00:00:00.000Z,2026-05-10T20:00:00.000Z,3.8646,daily,"{'min_index': 3.7661, 'max_index': 4.0763, 'std_dev': 0.0808, 'samples_count': 24}",B200
2026-05-11T00:00:00.000Z,2026-05-11T20:00:00.000Z,4.2,daily,"{'min_index': 3.7902, 'max_index': 5.0814, 'std_dev': 0.5439, 'samples_count': 24}",B200
2026-05-12T00:00:00.000Z,2026-05-12T20:00:00.000Z,4.9892,daily,"{'min_index': 4.7189, 'max_index': 5.2583, 'std_dev': 0.0995, 'samples_count': 24}",B200
2026-05-13T00:00:00.000Z,2026-05-13T20:00:00.000Z,5.0838,daily,"{'min_index': 4.8752, 'max_index': 5.2938, 'std_dev': 0.1731, 'samples_count': 24}",B200
2026-05-14T00:00:00.000Z,2026-05-14T20:00:00.000Z,5.2204,daily,"{'min_index': 4.9408, 'max_index': 5.3948, 'std_dev': 0.1599, 'samples_count': 24}",B200
2026-05-15T00:00:00.000Z,2026-05-15T20:00:00.000Z,5.3404,daily,"{'min_index': 4.8898, 'max_index': 5.454, 'std_dev': 0.1361, 'samples_count': 24}",B200
2026-05-16T00:00:00.000Z,2026-05-16T20:00:00.000Z,5.6762,daily,"{'min_index': 5.4365, 'max_index': 5.7645, 'std_dev': 0.0843, 'samples_count': 24}",B200
2026-05-17T00:00:00.000Z,2026-05-17T20:00:00.000Z,5.7325,daily,"{'min_index': 5.7072, 'max_index': 5.834, 'std_dev': 0.037, 'samples_count': 24}",B200
2026-05-18T00:00:00.000Z,2026-05-18T20:00:00.000Z,5.8238,daily,"{'min_index': 5.7894, 'max_index': 5.854, 'std_dev': 0.0253, 'samples_count': 24}",B200
2026-05-19T00:00:00.000Z,2026-05-19T20:00:00.000Z,5.8246,daily,"{'min_index': 5.8035, 'max_index': 5.8534, 'std_dev': 0.0149, 'samples_count': 24}",B200
2026-05-20T00:00:00.000Z,2026-05-20T20:00:00.000Z,5.8312,daily,"{'min_index': 5.7918, 'max_index': 5.9653, 'std_dev': 0.0332, 'samples_count': 24}",B200
2026-05-21T00:00:00.000Z,2026-05-21T20:00:00.000Z,5.9458,daily,"{'min_index': 5.4309, 'max_index': 6.218, 'std_dev': 0.1583, 'samples_count': 24}",B200
2026-05-22T00:00:00.000Z,2026-05-22T20:00:00.000Z,5.9075,daily,"{'min_index': 5.4576, 'max_index': 6.2243, 'std_dev': 0.1624, 'samples_count': 24}",B200
2026-05-23T00:00:00.000Z,2026-05-23T20:00:00.000Z,5.7108,daily,"{'min_index': 5.4463, 'max_index': 5.9674, 'std_dev': 0.2149, 'samples_count': 24}",B200
2026-05-24T00:00:00.000Z,2026-05-24T20:00:00.000Z,5.7242,daily,"{'min_index': 5.4459, 'max_index': 5.98, 'std_dev': 0.2378, 'samples_count': 24}",B200
2026-05-25T00:00:00.000Z,2026-05-25T20:00:00.000Z,5.3379,daily,"{'min_index': 5.2355, 'max_index': 5.8803, 'std_dev': 0.1376, 'samples_count': 24}",B200
2026-05-26T00:00:00.000Z,2026-05-26T20:00:00.000Z,5.2654,daily,"{'min_index': 5.2362, 'max_index': 5.3192, 'std_dev': 0.0204, 'samples_count': 24}",B200
2026-05-27T00:00:00.000Z,2026-05-27T20:00:00.000Z,5.3071,daily,"{'min_index': 4.9273, 'max_index': 5.5628, 'std_dev': 0.2394, 'samples_count': 24}",B200
2026-05-28T00:00:00.000Z,2026-05-28T20:00:00.000Z,5.7017,daily,"{'min_index': 5.5453, 'max_index': 6.0038, 'std_dev': 0.2, 'samples_count': 24}",B200
2026-05-29T00:00:00.000Z,2026-05-29T20:00:00.000Z,5.9933,daily,"{'min_index': 5.8967, 'max_index': 6.1928, 'std_dev': 0.0532, 'samples_count': 24}",B200
2026-05-30T00:00:00.000Z,2026-05-30T20:00:00.000Z,6.1054,daily,"{'min_index': 5.9215, 'max_index': 6.1904, 'std_dev': 0.0939, 'samples_count': 24}",B200
2026-05-31T00:00:00.000Z,2026-05-31T20:00:00.000Z,6.1021,daily,"{'min_index': 5.7089, 'max_index': 6.2946, 'std_dev': 0.165, 'samples_count': 24}",B200
2026-06-01T00:00:00.000Z,2026-06-01T20:00:00.000Z,5.9929,daily,"{'min_index': 5.7105, 'max_index': 6.0541, 'std_dev': 0.1065, 'samples_count': 24}",B200
2026-06-02T00:00:00.000Z,2026-06-02T20:00:00.000Z,5.7021,daily,"{'min_index': 5.4562, 'max_index': 5.7442, 'std_dev': 0.0758, 'samples_count': 24}",B200
2026-06-03T00:00:00.000Z,2026-06-03T20:00:00.000Z,5.4542,daily,"{'min_index': 5.1471, 'max_index': 5.5776, 'std_dev': 0.1423, 'samples_count': 24}",B200
2026-06-04T00:00:00.000Z,2026-06-04T20:00:00.000Z,5.3083,daily,"{'min_index': 5.1459, 'max_index': 5.5799, 'std_dev': 0.103, 'samples_count': 24}",B200
2026-06-05T00:00:00.000Z,2026-06-05T20:00:00.000Z,5.3142,daily,"{'min_index': 5.1476, 'max_index': 5.5806, 'std_dev': 0.0898, 'samples_count': 24}",B200
2026-06-06T00:00:00.000Z,2026-06-06T20:00:00.000Z,5.1475,daily,"{'min_index': 5.0549, 'max_index': 5.303, 'std_dev': 0.0684, 'samples_count': 24}",B200
2026-06-07T00:00:00.000Z,2026-06-07T20:00:00.000Z,4.9475,daily,"{'min_index': 4.6586, 'max_index': 5.0978, 'std_dev': 0.1743, 'samples_count': 24}",B200
2026-06-08T00:00:00.000Z,2026-06-08T20:00:00.000Z,4.6646,daily,"{'min_index': 4.5975, 'max_index': 4.6849, 'std_dev': 0.0199, 'samples_count': 24}",B200
2026-06-09T00:00:00.000Z,2026-06-09T20:00:00.000Z,4.5517,daily,"{'min_index': 4.4171, 'max_index': 4.8377, 'std_dev': 0.1317, 'samples_count': 24}",B200
2026-06-10T00:00:00.000Z,2026-06-10T20:00:00.000Z,4.7942,daily,"{'min_index': 4.5986, 'max_index': 4.8339, 'std_dev': 0.0542, 'samples_count': 24}",B200
2026-06-11T00:00:00.000Z,2026-06-11T20:00:00.000Z,4.6075,daily,"{'min_index': 4.5153, 'max_index': 4.8246, 'std_dev': 0.0858, 'samples_count': 24}",B200
2026-06-12T00:00:00.000Z,2026-06-12T20:00:00.000Z,4.55,daily,"{'min_index': 4.49, 'max_index': 4.6764, 'std_dev': 0.0399, 'samples_count': 24}",B200
2026-06-13T00:00:00.000Z,2026-06-13T20:00:00.000Z,4.5233,daily,"{'min_index': 4.5087, 'max_index': 4.5522, 'std_dev': 0.0098, 'samples_count': 24}",B200
2026-06-14T00:00:00.000Z,2026-06-14T20:00:00.000Z,4.5342,daily,"{'min_index': 4.5251, 'max_index': 4.5544, 'std_dev': 0.0078, 'samples_count': 24}",B200
2026-06-15T00:00:00.000Z,2026-06-15T20:00:00.000Z,4.4975,daily,"{'min_index': 4.3187, 'max_index': 4.5345, 'std_dev': 0.0594, 'samples_count': 24}",B200
2026-06-16T00:00:00.000Z,2026-06-16T20:00:00.000Z,4.3808,daily,"{'min_index': 4.2393, 'max_index': 4.5284, 'std_dev': 0.0854, 'samples_count': 24}",B200
2026-06-17T00:00:00.000Z,2026-06-17T20:00:00.000Z,4.3654,daily,"{'min_index': 4.1897, 'max_index': 4.3833, 'std_dev': 0.0579, 'samples_count': 24}",B200
2026-06-18T00:00:00.000Z,2026-06-18T20:00:00.000Z,4.2242,daily,"{'min_index': 4.1563, 'max_index': 4.3362, 'std_dev': 0.0549, 'samples_count': 24}",B200
2026-06-19T00:00:00.000Z,2026-06-19T20:00:00.000Z,4.2983,daily,"{'min_index': 4.2304, 'max_index': 4.3433, 'std_dev': 0.03, 'samples_count': 24}",B200
2026-06-20T00:00:00.000Z,2026-06-20T20:00:00.000Z,4.2813,daily,"{'min_index': 4.1957, 'max_index': 4.3322, 'std_dev': 0.0533, 'samples_count': 24}",B200
2026-06-21T00:00:00.000Z,2026-06-21T20:00:00.000Z,4.2179,daily,"{'min_index': 4.1979, 'max_index': 4.2775, 'std_dev': 0.0229, 'samples_count': 24}",B200
2026-06-22T00:00:00.000Z,2026-06-22T20:00:00.000Z,4.2929,daily,"{'min_index': 4.2353, 'max_index': 4.4689, 'std_dev': 0.0816, 'samples_count': 24}",B200
2026-06-23T00:00:00.000Z,2026-06-23T20:00:00.000Z,4.3742,daily,"{'min_index': 4.2769, 'max_index': 4.4816, 'std_dev': 0.0629, 'samples_count': 24}",B200
2026-06-24T00:00:00.000Z,2026-06-24T20:00:00.000Z,4.4387,daily,"{'min_index': 4.3873, 'max_index': 4.4929, 'std_dev': 0.0353, 'samples_count': 24}",B200
2026-06-25T00:00:00.000Z,2026-06-25T20:00:00.000Z,4.4763,daily,"{'min_index': 4.369, 'max_index': 4.5876, 'std_dev': 0.0595, 'samples_count': 24}",B200
2026-06-26T00:00:00.000Z,2026-06-26T20:00:00.000Z,4.5,daily,"{'min_index': 4.4298, 'max_index': 4.5621, 'std_dev': 0.041, 'samples_count': 24}",B200
2026-06-27T00:00:00.000Z,2026-06-27T20:00:00.000Z,4.4162,daily,"{'min_index': 4.3668, 'max_index': 4.496, 'std_dev': 0.034, 'samples_count': 24}",B200
2026-06-28T00:00:00.000Z,2026-06-28T20:00:00.000Z,4.3804,daily,"{'min_index': 4.3567, 'max_index': 4.4141, 'std_dev': 0.0176, 'samples_count': 24}",B200
2026-06-29T00:00:00.000Z,2026-06-29T20:00:00.000Z,4.4142,daily,"{'min_index': 4.3324, 'max_index': 4.4814, 'std_dev': 0.047, 'samples_count': 24}",B200
2026-06-30T00:00:00.000Z,2026-06-30T20:00:00.000Z,4.4646,daily,"{'min_index': 4.326, 'max_index': 4.8756, 'std_dev': 0.1788, 'samples_count': 24}",B200
2026-07-01T00:00:00.000Z,2026-07-01T20:00:00.000Z,5.1458,daily,"{'min_index': 5.141, 'max_index': 5.2614, 'std_dev': 0.0281, 'samples_count': 24}",B200
2026-07-02T00:00:00.000Z,2026-07-02T20:00:00.000Z,5.1329,daily,"{'min_index': 5.0948, 'max_index': 5.1763, 'std_dev': 0.0211, 'samples_count': 24}",B200
2026-07-03T00:00:00.000Z,2026-07-03T20:00:00.000Z,5.1371,daily,"{'min_index': 5.1255, 'max_index': 5.153, 'std_dev': 0.0071, 'samples_count': 24}",B200
2026-07-04T00:00:00.000Z,2026-07-04T20:00:00.000Z,5.1367,daily,"{'min_index': 5.112, 'max_index': 5.1622, 'std_dev': 0.0114, 'samples_count': 24}",B200
2026-07-05T00:00:00.000Z,2026-07-05T20:00:00.000Z,5.14,daily,"{'min_index': 5.0968, 'max_index': 5.2181, 'std_dev': 0.0375, 'samples_count': 24}",B200
2026-07-06T00:00:00.000Z,2026-07-06T20:00:00.000Z,5.2171,daily,"{'min_index': 5.1736, 'max_index': 5.2611, 'std_dev': 0.0247, 'samples_count': 24}",B200
2026-07-07T00:00:00.000Z,2026-07-07T20:00:00.000Z,5.3012,daily,"{'min_index': 5.2214, 'max_index': 5.677, 'std_dev': 0.1129, 'samples_count': 24}",B200
2026-07-08T00:00:00.000Z,2026-07-08T20:00:00.000Z,5.74,daily,"{'min_index': 5.7383, 'max_index': 5.8117, 'std_dev': 0.0289, 'samples_count': 24}",B200
2026-07-09T00:00:00.000Z,2026-07-09T20:00:00.000Z,6.1487,daily,"{'min_index': 5.8574, 'max_index': 6.6933, 'std_dev': 0.3167, 'samples_count': 24}",B200
2026-07-10T00:00:00.000Z,2026-07-10T20:00:00.000Z,6.6854,daily,"{'min_index': 6.5962, 'max_index': 6.7414, 'std_dev': 0.031, 'samples_count': 24}",B200
2026-07-11T00:00:00.000Z,2026-07-11T20:00:00.000Z,6.7946,daily,"{'min_index': 6.716, 'max_index': 6.9809, 'std_dev': 0.0746, 'samples_count': 24}",B200
2026-07-12T00:00:00.000Z,2026-07-12T20:00:00.000Z,6.7542,daily,"{'min_index': 6.646, 'max_index': 6.8156, 'std_dev': 0.0462, 'samples_count': 24}",B200
2026-07-13T00:00:00.000Z,2026-07-13T20:00:00.000Z,6.9442,daily,"{'min_index': 6.6407, 'max_index': 7.3053, 'std_dev': 0.2619, 'samples_count': 24}",B200
2026-07-14T00:00:00.000Z,2026-07-14T20:00:00.000Z,7.2763,daily,"{'min_index': 7.2457, 'max_index': 7.2968, 'std_dev': 0.0139, 'samples_count': 24}",B200
2026-07-15T00:00:00.000Z,2026-07-15T20:00:00.000Z,7.2646,daily,"{'min_index': 7.1892, 'max_index': 7.316, 'std_dev': 0.0324, 'samples_count': 24}",B200
2026-07-16T00:00:00.000Z,2026-07-16T20:00:00.000Z,7.2471,daily,"{'min_index': 7.0271, 'max_index': 7.5619, 'std_dev': 0.1397, 'samples_count': 24}",B200
2026-07-17T00:00:00.000Z,2026-07-17T20:00:00.000Z,7.2408,daily,"{'min_index': 7.1729, 'max_index': 7.2677, 'std_dev': 0.0262, 'samples_count': 24}",B200
2026-07-18T00:00:00.000Z,2026-07-18T20:00:00.000Z,7.1621,daily,"{'min_index': 7.0473, 'max_index': 7.2171, 'std_dev': 0.0559, 'samples_count': 24}",B200
2026-07-19T00:00:00.000Z,2026-07-19T20:00:00.000Z,7.1404,daily,"{'min_index': 7.0736, 'max_index': 7.2919, 'std_dev': 0.0521, 'samples_count': 24}",B200
2026-07-20T00:00:00.000Z,2026-07-20T20:00:00.000Z,7.1192,daily,"{'min_index': 7.0564, 'max_index': 7.1974, 'std_dev': 0.0486, 'samples_count': 24}",B200
2026-07-21T00:00:00.000Z,2026-07-21T20:00:00.000Z,7.0462,daily,"{'min_index': 6.8701, 'max_index': 7.1718, 'std_dev': 0.125, 'samples_count': 24}",B200
2026-07-22T00:00:00.000Z,2026-07-22T20:00:00.000Z,6.9025,daily,"{'min_index': 6.7868, 'max_index': 6.9554, 'std_dev': 0.0488, 'samples_count': 24}",B200
2026-07-23T00:00:00.000Z,2026-07-23T20:00:00.000Z,6.7717,daily,"{'min_index': 6.7332, 'max_index': 6.8147, 'std_dev': 0.0249, 'samples_count': 24}",B200
2026-07-24T00:00:00.000Z,2026-07-24T20:00:00.000Z,6.7779,daily,"{'min_index': 6.7515, 'max_index': 6.8643, 'std_dev': 0.0305, 'samples_count': 24}",B200
2026-07-25T00:00:00.000Z,2026-07-25T20:00:00.000Z,6.7025,daily,"{'min_index': 6.6402, 'max_index': 6.7583, 'std_dev': 0.0272, 'samples_count': 24}",B200
2026-07-26T00:00:00.000Z,2026-07-26T20:00:00.000Z,6.5808,daily,"{'min_index': 6.5246, 'max_index': 6.6454, 'std_dev': 0.0227, 'samples_count': 24}",B200
2026-07-27T00:00:00.000Z,2026-07-27T20:00:00.000Z,6.5033,daily,"{'min_index': 6.4621, 'max_index': 6.5277, 'std_dev': 0.0161, 'samples_count': 24}",B200
2026-07-28T00:00:00.000Z,2026-07-28T20:00:00.000Z,6.4542,daily,"{'min_index': 6.3973, 'max_index': 6.4875, 'std_dev': 0.0242, 'samples_count': 24}",B200
2026-07-29T00:00:00.000Z,2026-07-29T20:00:00.000Z,6.4379,daily,"{'min_index': 6.3836, 'max_index': 6.474, 'std_dev': 0.0213, 'samples_count': 24}",B200
2026-07-30T00:00:00.000Z,2026-07-30T20:00:00.000Z,6.3692,daily,"{'min_index': 6.3239, 'max_index': 6.4372, 'std_dev': 0.033, 'samples_count': 24}",B200
2026-07-31T00:00:00.000Z,2026-07-31T20:00:00.000Z,6.4054,daily,"{'min_index': 6.3291, 'max_index': 6.5049, 'std_dev': 0.0438, 'samples_count': 24}",B200
2026-08-01T00:00:00.000Z,2026-08-01T20:00:00.000Z,6.4267,daily,"{'min_index': 6.3707, 'max_index': 6.4765, 'std_dev': 0.0251, 'samples_count': 24}",B200
2026-08-02T00:00:00.000Z,2026-08-02T20:00:00.000Z,6.3292,daily,"{'min_index': 6.0571, 'max_index': 6.3916, 'std_dev': 0.0986, 'samples_count': 24}",B200
2026-08-03T00:00:00.000Z,2026-08-03T20:00:00.000Z,6.0933,daily,"{'min_index': 6.0041, 'max_index': 6.1468, 'std_dev': 0.0383, 'samples_count': 24}",B200
2026-08-04T00:00:00.000Z,2026-08-04T20:00:00.000Z,5.9646,daily,"{'min_index': 5.832, 'max_index': 6.0192, 'std_dev': 0.0635, 'samples_count': 24}",B200
2026-08-05T00:00:00.000Z,2026-08-05T20:00:00.000Z,5.8412,daily,"{'min_index': 5.6741, 'max_index': 5.9236, 'std_dev': 0.0767, 'samples_count': 24}",B200
2026-08-06T00:00:00.000Z,2026-08-06T20:00:00.000Z,5.75,daily,"{'min_index': 5.707, 'max_index': 5.8358, 'std_dev': 0.0319, 'samples_count': 24}",B200
2026-08-07T00:00:00.000Z,2026-08-07T20:00:00.000Z,5.7646,daily,"{'min_index': 5.6786, 'max_index': 5.8295, 'std_dev': 0.0479, 'samples_count': 24}",B200
2026-08-08T00:00:00.000Z,2026-08-08T20:00:00.000Z,5.7263,daily,"{'min_index': 5.691, 'max_index': 5.7672, 'std_dev': 0.0231, 'samples_count': 24}",B200
2026-08-09T00:00:00.000Z,2026-08-09T20:00:00.000Z,5.6975,daily,"{'min_index': 5.6593, 'max_index': 5.7524, 'std_dev': 0.0254, 'samples_count': 24}",B200
2026-08-10T00:00:00.000Z,2026-08-10T20:00:00.000Z,5.6792,daily,"{'min_index': 5.5871, 'max_index': 5.7403, 'std_dev': 0.0453, 'samples_count': 24}",B200
2026-08-11T00:00:00.000Z,2026-08-11T20:00:00.000Z,5.7079,daily,"{'min_index': 5.6299, 'max_index': 5.8064, 'std_dev': 0.0504, 'samples_count': 24}",B200
2026-08-12T00:00:00.000Z,2026-08-12T20:00:00.000Z,5.7221,daily,"{'min_index': 5.6657, 'max_index': 5.879, 'std_dev': 0.0607, 'samples_count': 24}",B200
2026-08-13T00:00:00.000Z,2026-08-13T20:00:00.000Z,5.8238,daily,"{'min_index': 5.6997, 'max_index': 5.9472, 'std_dev': 0.0796, 'samples_count': 24}",B200
2026-08-14T00:00:00.000Z,2026-08-14T20:00:00.000Z,5.9988,daily,"{'min_index': 5.9321, 'max_index': 6.0946, 'std_dev': 0.0445, 'samples_count': 24}",B200
2026-08-15T00:00:00.000Z,2026-08-15T20:00:00.000Z,5.905,daily,"{'min_index': 5.8195, 'max_index': 6.0072, 'std_dev': 0.0558, 'samples_count': 24}",B200
2026-08-16T00:00:00.000Z,2026-08-16T20:00:00.000Z,5.9258,daily,"{'min_index': 5.8646, 'max_index': 6.0112, 'std_dev': 0.0426, 'samples_count': 24}",B200
2026-08-17T00:00:00.000Z,2026-08-17T20:00:00.000Z,6.165,daily,"{'min_index': 5.9449, 'max_index': 6.5524, 'std_dev': 0.2168, 'samples_count': 24}",B200
2026-08-18T00:00:00.000Z,2026-08-18T20:00:00.000Z,6.5979,daily,"{'min_index': 6.529, 'max_index': 6.6583, 'std_dev': 0.0333, 'samples_count': 24}",B200
2026-08-19T00:00:00.000Z,2026-08-19T20:00:00.000Z,6.6288,daily,"{'min_index': 6.5032, 'max_index': 6.8499, 'std_dev': 0.1029, 'samples_count': 24}",B200
2026-08-20T00:00:00.000Z,2026-08-20T20:00:00.000Z,6.8712,daily,"{'min_index': 6.7535, 'max_index': 7.0724, 'std_dev': 0.0793, 'samples_count': 24}",B200
2026-08-21T00:00:00.000Z,2026-08-21T20:00:00.000Z,6.9458,daily,"{'min_index': 6.825, 'max_index': 7.0886, 'std_dev': 0.0723, 'samples_count': 24}",B200
2026-08-22T00:00:00.000Z,2026-08-22T20:00:00.000Z,6.7365,daily,"{'min_index': 6.6116, 'max_index': 6.8367, 'std_dev': 0.0631, 'samples_count': 23}",B200
2026-08-23T00:00:00.000Z,2026-08-23T20:00:00.000Z,6.6433,daily,"{'min_index': 6.464, 'max_index': 6.6888, 'std_dev': 0.0625, 'samples_count': 24}",B200
2026-08-24T00:00:00.000Z,2026-08-24T20:00:00.000Z,6.5452,daily,"{'min_index': 6.4322, 'max_index': 6.6203, 'std_dev': 0.0495, 'samples_count': 23}",B200
2026-08-25T00:00:00.000Z,2026-08-25T20:00:00.000Z,6.4467,daily,"{'min_index': 6.4048, 'max_index': 6.5134, 'std_dev': 0.0282, 'samples_count': 24}",B200
2026-08-26T00:00:00.000Z,2026-08-26T20:00:00.000Z,6.2196,daily,"{'min_index': 6.0765, 'max_index': 6.4531, 'std_dev': 0.0765, 'samples_count': 24}",B200
2026-08-27T00:00:00.000Z,2026-08-27T20:00:00.000Z,6.0342,daily,"{'min_index': 5.9663, 'max_index': 6.0986, 'std_dev': 0.0343, 'samples_count': 24}",B200
2026-08-28T00:00:00.000Z,2026-08-28T20:00:00.000Z,6.0146,daily,"{'min_index': 5.9713, 'max_index': 6.0934, 'std_dev': 0.0439, 'samples_count': 24}",B200
2026-08-29T00:00:00.000Z,2026-08-29T20:00:00.000Z,6.0646,daily,"{'min_index': 6.0184, 'max_index': 6.1001, 'std_dev': 0.0237, 'samples_count': 24}",B200
2026-08-30T00:00:00.000Z,2026-08-30T20:00:00.000Z,6.0504,daily,"{'min_index': 6.0038, 'max_index': 6.1209, 'std_dev': 0.0273, 'samples_count': 24}",B200
2026-08-31T00:00:00.000Z,2026-08-31T20:00:00.000Z,6.0696,daily,"{'min_index': 6.0493, 'max_index': 6.4615, 'std_dev': 0.0798, 'samples_count': 24}",B200
2024-06-23T00:00:00.000Z,2024-06-23T20:00:00.000Z,3.15,daily,"{'min_index': 2.9591, 'max_index': 3.1541, 'std_dev': 0.06, 'samples_count': 9}",H100 SXM
2024-06-24T00:00:00.000Z,2024-06-24T20:00:00.000Z,3.1101,daily,"{'min_index': 3.0463, 'max_index': 3.1536, 'std_dev': 0.0443, 'samples_count': 24}",H100 SXM
2024-06-25T00:00:00.000Z,2024-06-25T20:00:00.000Z,3.1313,daily,"{'min_index': 3.0056, 'max_index': 3.1539, 'std_dev': 0.0378, 'samples_count': 24}",H100 SXM
2024-06-26T00:00:00.000Z,2024-06-26T20:00:00.000Z,3.1104,daily,"{'min_index': 3.0057, 'max_index': 3.1548, 'std_dev': 0.0564, 'samples_count': 24}",H100 SXM
2024-06-27T00:00:00.000Z,2024-06-27T20:00:00.000Z,3.1463,daily,"{'min_index': 3.0989, 'max_index': 3.1549, 'std_dev': 0.0131, 'samples_count': 24}",H100 SXM
2024-06-28T00:00:00.000Z,2024-06-28T20:00:00.000Z,3.1489,daily,"{'min_index': 3.1456, 'max_index': 3.1538, 'std_dev': 0.0027, 'samples_count': 24}",H100 SXM
2024-06-29T00:00:00.000Z,2024-06-29T20:00:00.000Z,3.15,daily,"{'min_index': 3.1453, 'max_index': 3.1543, 'std_dev': 0.0029, 'samples_count': 24}",H100 SXM
2024-06-30T00:00:00.000Z,2024-06-30T20:00:00.000Z,3.15,daily,"{'min_index': 3.146, 'max_index': 3.1546, 'std_dev': 0.0026, 'samples_count': 24}",H100 SXM
2024-07-01T00:00:00.000Z,2024-07-01T20:00:00.000Z,3.15,daily,"{'min_index': 3.1454, 'max_index': 3.1544, 'std_dev': 0.0028, 'samples_count': 24}",H100 SXM
2024-07-02T00:00:00.000Z,2024-07-02T20:00:00.000Z,3.15,daily,"{'min_index': 3.1451, 'max_index': 3.1543, 'std_dev': 0.0028, 'samples_count': 24}",H100 SXM
2024-07-03T00:00:00.000Z,2024-07-03T20:00:00.000Z,3.15,daily,"{'min_index': 3.1455, 'max_index': 3.1537, 'std_dev': 0.0023, 'samples_count': 24}",H100 SXM
2024-07-04T00:00:00.000Z,2024-07-04T20:00:00.000Z,3.15,daily,"{'min_index': 3.1458, 'max_index': 3.1544, 'std_dev': 0.0024, 'samples_count': 24}",H100 SXM
2024-07-05T00:00:00.000Z,2024-07-05T20:00:00.000Z,3.15,daily,"{'min_index': 3.1451, 'max_index': 3.1544, 'std_dev': 0.0031, 'samples_count': 24}",H100 SXM
2024-07-06T00:00:00.000Z,2024-07-06T20:00:00.000Z,3.15,daily,"{'min_index': 3.1451, 'max_index': 3.1545, 'std_dev': 0.0028, 'samples_count': 24}",H100 SXM
2024-07-07T00:00:00.000Z,2024-07-07T20:00:00.000Z,3.15,daily,"{'min_index': 3.1454, 'max_index': 3.1541, 'std_dev': 0.0021, 'samples_count': 24}",H100 SXM
2024-07-08T00:00:00.000Z,2024-07-08T20:00:00.000Z,3.15,daily,"{'min_index': 3.1456, 'max_index': 3.1548, 'std_dev': 0.003, 'samples_count': 24}",H100 SXM
2024-07-09T00:00:00.000Z,2024-07-09T20:00:00.000Z,3.15,daily,"{'min_index': 3.1454, 'max_index': 3.1543, 'std_dev': 0.0026, 'samples_count': 24}",H100 SXM
2024-07-10T00:00:00.000Z,2024-07-10T20:00:00.000Z,3.15,daily,"{'min_index': 3.1451, 'max_index': 3.1549, 'std_dev': 0.0032, 'samples_count': 24}",H100 SXM
2024-07-11T00:00:00.000Z,2024-07-11T20:00:00.000Z,3.1063,daily,"{'min_index': 2.8859, 'max_index': 3.1546, 'std_dev': 0.101, 'samples_count': 24}",H100 SXM
2024-07-12T00:00:00.000Z,2024-07-12T20:00:00.000Z,2.9148,daily,"{'min_index': 2.8853, 'max_index': 3.1527, 'std_dev': 0.0836, 'samples_count': 24}",H100 SXM
2024-07-13T00:00:00.000Z,2024-07-13T20:00:00.000Z,3.0016,daily,"{'min_index': 2.8949, 'max_index': 3.1079, 'std_dev': 0.0572, 'samples_count': 24}",H100 SXM
2024-07-14T00:00:00.000Z,2024-07-14T20:00:00.000Z,3.0355,daily,"{'min_index': 2.8868, 'max_index': 3.1538, 'std_dev': 0.0785, 'samples_count': 24}",H100 SXM
2024-07-15T00:00:00.000Z,2024-07-15T20:00:00.000Z,3.0747,daily,"{'min_index': 3.0361, 'max_index': 3.0842, 'std_dev': 0.0118, 'samples_count': 24}",H100 SXM
2024-07-16T00:00:00.000Z,2024-07-16T20:00:00.000Z,2.8723,daily,"{'min_index': 2.7452, 'max_index': 3.067, 'std_dev': 0.1041, 'samples_count': 24}",H100 SXM
2024-07-17T00:00:00.000Z,2024-07-17T20:00:00.000Z,2.7929,daily,"{'min_index': 2.6583, 'max_index': 3.0845, 'std_dev': 0.1267, 'samples_count': 24}",H100 SXM
2024-07-18T00:00:00.000Z,2024-07-18T20:00:00.000Z,2.8429,daily,"{'min_index': 2.6637, 'max_index': 3.0449, 'std_dev': 0.1101, 'samples_count': 24}",H100 SXM
2024-07-19T00:00:00.000Z,2024-07-19T20:00:00.000Z,2.753,daily,"{'min_index': 2.5692, 'max_index': 2.8838, 'std_dev': 0.0627, 'samples_count': 24}",H100 SXM
2024-07-20T00:00:00.000Z,2024-07-20T20:00:00.000Z,2.6955,daily,"{'min_index': 2.186, 'max_index': 2.7746, 'std_dev': 0.1559, 'samples_count': 24}",H100 SXM
2024-07-21T00:00:00.000Z,2024-07-21T20:00:00.000Z,2.8375,daily,"{'min_index': 2.7585, 'max_index': 2.8937, 'std_dev': 0.0431, 'samples_count': 24}",H100 SXM
2024-07-22T00:00:00.000Z,2024-07-22T20:00:00.000Z,2.7851,daily,"{'min_index': 2.6809, 'max_index': 2.8176, 'std_dev': 0.0215, 'samples_count': 24}",H100 SXM
2024-07-23T00:00:00.000Z,2024-07-23T20:00:00.000Z,2.7858,daily,"{'min_index': 2.7174, 'max_index': 2.8612, 'std_dev': 0.0511, 'samples_count': 24}",H100 SXM
2024-07-24T00:00:00.000Z,2024-07-24T20:00:00.000Z,2.8127,daily,"{'min_index': 2.6188, 'max_index': 3.2136, 'std_dev': 0.1843, 'samples_count': 24}",H100 SXM
2024-07-25T00:00:00.000Z,2024-07-25T20:00:00.000Z,2.7234,daily,"{'min_index': 2.59, 'max_index': 2.8924, 'std_dev': 0.0958, 'samples_count': 24}",H100 SXM
2024-07-26T00:00:00.000Z,2024-07-26T20:00:00.000Z,2.697,daily,"{'min_index': 2.6451, 'max_index': 2.8925, 'std_dev': 0.0689, 'samples_count': 24}",H100 SXM
2024-07-27T00:00:00.000Z,2024-07-27T20:00:00.000Z,2.7274,daily,"{'min_index': 2.6453, 'max_index': 2.8898, 'std_dev': 0.0832, 'samples_count': 24}",H100 SXM
2024-07-28T00:00:00.000Z,2024-07-28T20:00:00.000Z,2.6659,daily,"{'min_index': 2.6454, 'max_index': 2.781, 'std_dev': 0.0435, 'samples_count': 24}",H100 SXM
2024-07-29T00:00:00.000Z,2024-07-29T20:00:00.000Z,2.7227,daily,"{'min_index': 2.6453, 'max_index': 2.8906, 'std_dev': 0.0689, 'samples_count': 24}",H100 SXM
2024-07-30T00:00:00.000Z,2024-07-30T20:00:00.000Z,2.7279,daily,"{'min_index': 2.6464, 'max_index': 2.8808, 'std_dev': 0.0738, 'samples_count': 24}",H100 SXM
2024-07-31T00:00:00.000Z,2024-07-31T20:00:00.000Z,2.8449,daily,"{'min_index': 2.6464, 'max_index': 3.5392, 'std_dev': 0.1946, 'samples_count': 24}",H100 SXM
2024-08-01T00:00:00.000Z,2024-08-01T20:00:00.000Z,2.7763,daily,"{'min_index': 2.6452, 'max_index': 2.9866, 'std_dev': 0.0994, 'samples_count': 24}",H100 SXM
2024-08-02T00:00:00.000Z,2024-08-02T20:00:00.000Z,2.8179,daily,"{'min_index': 2.6455, 'max_index': 3.0877, 'std_dev': 0.1173, 'samples_count': 24}",H100 SXM
2024-08-03T00:00:00.000Z,2024-08-03T20:00:00.000Z,2.7547,daily,"{'min_index': 2.6451, 'max_index': 3.0223, 'std_dev': 0.1194, 'samples_count': 24}",H100 SXM
2024-08-04T00:00:00.000Z,2024-08-04T20:00:00.000Z,2.7454,daily,"{'min_index': 2.646, 'max_index': 2.8926, 'std_dev': 0.0907, 'samples_count': 24}",H100 SXM
2024-08-05T00:00:00.000Z,2024-08-05T20:00:00.000Z,2.8098,daily,"{'min_index': 2.696, 'max_index': 3.0405, 'std_dev': 0.0974, 'samples_count': 24}",H100 SXM
2024-08-06T00:00:00.000Z,2024-08-06T20:00:00.000Z,2.8105,daily,"{'min_index': 2.6959, 'max_index': 2.9938, 'std_dev': 0.0933, 'samples_count': 24}",H100 SXM
2024-08-07T00:00:00.000Z,2024-08-07T20:00:00.000Z,2.8011,daily,"{'min_index': 2.7156, 'max_index': 2.8858, 'std_dev': 0.063, 'samples_count': 24}",H100 SXM
2024-08-08T00:00:00.000Z,2024-08-08T20:00:00.000Z,2.8329,daily,"{'min_index': 2.7158, 'max_index': 3.18, 'std_dev': 0.1241, 'samples_count': 24}",H100 SXM
2024-08-09T00:00:00.000Z,2024-08-09T20:00:00.000Z,2.8407,daily,"{'min_index': 2.7486, 'max_index': 2.9947, 'std_dev': 0.0644, 'samples_count': 24}",H100 SXM
2024-08-10T00:00:00.000Z,2024-08-10T20:00:00.000Z,2.9764,daily,"{'min_index': 2.868, 'max_index': 3.1788, 'std_dev': 0.1003, 'samples_count': 24}",H100 SXM
2024-08-11T00:00:00.000Z,2024-08-11T20:00:00.000Z,2.9535,daily,"{'min_index': 2.8597, 'max_index': 3.069, 'std_dev': 0.0654, 'samples_count': 24}",H100 SXM
2024-08-12T00:00:00.000Z,2024-08-12T20:00:00.000Z,3.0118,daily,"{'min_index': 2.9008, 'max_index': 3.1769, 'std_dev': 0.0875, 'samples_count': 24}",H100 SXM
2024-08-13T00:00:00.000Z,2024-08-13T20:00:00.000Z,2.5957,daily,"{'min_index': 2.3843, 'max_index': 2.9854, 'std_dev': 0.1724, 'samples_count': 24}",H100 SXM
2024-08-14T00:00:00.000Z,2024-08-14T20:00:00.000Z,2.3832,daily,"{'min_index': 2.2534, 'max_index': 2.4349, 'std_dev': 0.0558, 'samples_count': 24}",H100 SXM
2024-08-15T00:00:00.000Z,2024-08-15T20:00:00.000Z,2.3285,daily,"{'min_index': 1.6352, 'max_index': 2.4338, 'std_dev': 0.2372, 'samples_count': 24}",H100 SXM
2024-08-16T00:00:00.000Z,2024-08-16T20:00:00.000Z,1.9804,daily,"{'min_index': 1.6584, 'max_index': 2.2535, 'std_dev': 0.155, 'samples_count': 24}",H100 SXM
2024-08-17T00:00:00.000Z,2024-08-17T20:00:00.000Z,2.0334,daily,"{'min_index': 1.7165, 'max_index': 2.2534, 'std_dev': 0.1905, 'samples_count': 24}",H100 SXM
2024-08-18T00:00:00.000Z,2024-08-18T20:00:00.000Z,2.0054,daily,"{'min_index': 1.6624, 'max_index': 2.2504, 'std_dev': 0.205, 'samples_count': 24}",H100 SXM
2024-08-19T00:00:00.000Z,2024-08-19T20:00:00.000Z,1.9693,daily,"{'min_index': 1.7095, 'max_index': 2.6993, 'std_dev': 0.286, 'samples_count': 24}",H100 SXM
2024-08-20T00:00:00.000Z,2024-08-20T20:00:00.000Z,2.6539,daily,"{'min_index': 2.4266, 'max_index': 2.8947, 'std_dev': 0.1979, 'samples_count': 24}",H100 SXM
2024-08-21T00:00:00.000Z,2024-08-21T20:00:00.000Z,2.8488,daily,"{'min_index': 2.7172, 'max_index': 2.8921, 'std_dev': 0.0622, 'samples_count': 24}",H100 SXM
2024-08-22T00:00:00.000Z,2024-08-22T20:00:00.000Z,2.7021,daily,"{'min_index': 2.4893, 'max_index': 2.8938, 'std_dev': 0.1128, 'samples_count': 24}",H100 SXM
2024-08-23T00:00:00.000Z,2024-08-23T20:00:00.000Z,2.6888,daily,"{'min_index': 2.4902, 'max_index': 2.9992, 'std_dev': 0.1408, 'samples_count': 24}",H100 SXM
2024-08-24T00:00:00.000Z,2024-08-24T20:00:00.000Z,2.8845,daily,"{'min_index': 2.886, 'max_index': 2.8945, 'std_dev': 0.0025, 'samples_count': 24}",H100 SXM
2024-08-25T00:00:00.000Z,2024-08-25T20:00:00.000Z,2.829,daily,"{'min_index': 2.5354, 'max_index': 2.8945, 'std_dev': 0.1587, 'samples_count': 24}",H100 SXM
2024-08-26T00:00:00.000Z,2024-08-26T20:00:00.000Z,2.799,daily,"{'min_index': 2.5532, 'max_index': 2.8946, 'std_dev': 0.0904, 'samples_count': 24}",H100 SXM
2024-08-27T00:00:00.000Z,2024-08-27T20:00:00.000Z,2.8716,daily,"{'min_index': 2.7171, 'max_index': 2.9247, 'std_dev': 0.0642, 'samples_count': 24}",H100 SXM
2024-08-28T00:00:00.000Z,2024-08-28T20:00:00.000Z,2.7943,daily,"{'min_index': 2.2687, 'max_index': 2.9534, 'std_dev': 0.2227, 'samples_count': 24}",H100 SXM
2024-08-29T00:00:00.000Z,2024-08-29T20:00:00.000Z,2.4622,daily,"{'min_index': 2.2688, 'max_index': 2.5943, 'std_dev': 0.1112, 'samples_count': 24}",H100 SXM
2024-08-30T00:00:00.000Z,2024-08-30T20:00:00.000Z,2.603,daily,"{'min_index': 2.4775, 'max_index': 2.7747, 'std_dev': 0.0681, 'samples_count': 24}",H100 SXM
2024-08-31T00:00:00.000Z,2024-08-31T20:00:00.000Z,2.4289,daily,"{'min_index': 2.3952, 'max_index': 2.4603, 'std_dev': 0.0128, 'samples_count': 24}",H100 SXM
2024-09-01T00:00:00.000Z,2024-09-01T20:00:00.000Z,2.4259,daily,"{'min_index': 2.3966, 'max_index': 2.5192, 'std_dev': 0.0439, 'samples_count': 24}",H100 SXM
2024-09-02T00:00:00.000Z,2024-09-02T20:00:00.000Z,2.5933,daily,"{'min_index': 2.3955, 'max_index': 2.6505, 'std_dev': 0.0698, 'samples_count': 24}",H100 SXM
2024-09-03T00:00:00.000Z,2024-09-03T20:00:00.000Z,2.5753,daily,"{'min_index': 2.4867, 'max_index': 2.6543, 'std_dev': 0.061, 'samples_count': 24}",H100 SXM
2024-09-04T00:00:00.000Z,2024-09-04T20:00:00.000Z,2.6718,daily,"{'min_index': 2.4986, 'max_index': 2.8244, 'std_dev': 0.0817, 'samples_count': 24}",H100 SXM
2024-09-05T00:00:00.000Z,2024-09-05T20:00:00.000Z,2.7969,daily,"{'min_index': 2.7547, 'max_index': 2.8714, 'std_dev': 0.0259, 'samples_count': 24}",H100 SXM
2024-09-06T00:00:00.000Z,2024-09-06T20:00:00.000Z,2.7456,daily,"{'min_index': 2.5006, 'max_index': 2.902, 'std_dev': 0.1324, 'samples_count': 24}",H100 SXM
2024-09-07T00:00:00.000Z,2024-09-07T20:00:00.000Z,2.7634,daily,"{'min_index': 2.7356, 'max_index': 2.852, 'std_dev': 0.0279, 'samples_count': 24}",H100 SXM
2024-09-08T00:00:00.000Z,2024-09-08T20:00:00.000Z,2.7631,daily,"{'min_index': 2.7269, 'max_index': 2.862, 'std_dev': 0.0325, 'samples_count': 24}",H100 SXM
2024-09-09T00:00:00.000Z,2024-09-09T20:00:00.000Z,2.8544,daily,"{'min_index': 2.7381, 'max_index': 3.1145, 'std_dev': 0.1147, 'samples_count': 24}",H100 SXM
2024-09-10T00:00:00.000Z,2024-09-10T20:00:00.000Z,2.9025,daily,"{'min_index': 2.6731, 'max_index': 3.1122, 'std_dev': 0.1355, 'samples_count': 24}",H100 SXM
2024-09-11T00:00:00.000Z,2024-09-11T20:00:00.000Z,2.716,daily,"{'min_index': 2.5569, 'max_index': 2.9231, 'std_dev': 0.1355, 'samples_count': 24}",H100 SXM
2024-09-12T00:00:00.000Z,2024-09-12T20:00:00.000Z,2.7343,daily,"{'min_index': 2.5201, 'max_index': 2.9229, 'std_dev': 0.11, 'samples_count': 24}",H100 SXM
2024-09-13T00:00:00.000Z,2024-09-13T20:00:00.000Z,2.8496,daily,"{'min_index': 2.5201, 'max_index': 3.1195, 'std_dev': 0.1591, 'samples_count': 24}",H100 SXM
2024-09-14T00:00:00.000Z,2024-09-14T20:00:00.000Z,2.6951,daily,"{'min_index': 2.5267, 'max_index': 2.877, 'std_dev': 0.0975, 'samples_count': 24}",H100 SXM
2024-09-15T00:00:00.000Z,2024-09-15T20:00:00.000Z,2.6263,daily,"{'min_index': 2.5288, 'max_index': 2.7514, 'std_dev': 0.0713, 'samples_count': 24}",H100 SXM
2024-09-16T00:00:00.000Z,2024-09-16T20:00:00.000Z,2.732,daily,"{'min_index': 2.5914, 'max_index': 2.8311, 'std_dev': 0.0461, 'samples_count': 24}",H100 SXM
2024-09-17T00:00:00.000Z,2024-09-17T20:00:00.000Z,2.781,daily,"{'min_index': 2.6245, 'max_index': 2.8141, 'std_dev': 0.0505, 'samples_count': 24}",H100 SXM
2024-09-18T00:00:00.000Z,2024-09-18T20:00:00.000Z,2.7418,daily,"{'min_index': 2.5362, 'max_index': 2.8812, 'std_dev': 0.108, 'samples_count': 24}",H100 SXM
2024-09-19T00:00:00.000Z,2024-09-19T20:00:00.000Z,2.585,daily,"{'min_index': 2.4869, 'max_index': 2.8523, 'std_dev': 0.1084, 'samples_count': 24}",H100 SXM
2024-09-20T00:00:00.000Z,2024-09-20T20:00:00.000Z,2.6311,daily,"{'min_index': 2.5303, 'max_index': 2.8029, 'std_dev': 0.0556, 'samples_count': 24}",H100 SXM
2024-09-21T00:00:00.000Z,2024-09-21T20:00:00.000Z,2.5979,daily,"{'min_index': 2.4682, 'max_index': 2.7745, 'std_dev': 0.0823, 'samples_count': 24}",H100 SXM
2024-09-22T00:00:00.000Z,2024-09-22T20:00:00.000Z,2.4923,daily,"{'min_index': 2.3887, 'max_index': 2.5575, 'std_dev': 0.0452, 'samples_count': 24}",H100 SXM
2024-09-23T00:00:00.000Z,2024-09-23T20:00:00.000Z,2.5171,daily,"{'min_index': 2.4338, 'max_index': 2.5797, 'std_dev': 0.0344, 'samples_count': 24}",H100 SXM
2024-09-24T00:00:00.000Z,2024-09-24T20:00:00.000Z,2.4552,daily,"{'min_index': 2.4358, 'max_index': 2.4602, 'std_dev': 0.0066, 'samples_count': 24}",H100 SXM
2024-09-25T00:00:00.000Z,2024-09-25T20:00:00.000Z,2.4345,daily,"{'min_index': 2.4192, 'max_index': 2.4538, 'std_dev': 0.0111, 'samples_count': 24}",H100 SXM
2024-09-26T00:00:00.000Z,2024-09-26T20:00:00.000Z,2.3784,daily,"{'min_index': 2.207, 'max_index': 2.4532, 'std_dev': 0.0812, 'samples_count': 24}",H100 SXM
2024-09-27T00:00:00.000Z,2024-09-27T20:00:00.000Z,2.4523,daily,"{'min_index': 2.442, 'max_index': 2.4633, 'std_dev': 0.006, 'samples_count': 24}",H100 SXM
2024-09-28T00:00:00.000Z,2024-09-28T20:00:00.000Z,2.4304,daily,"{'min_index': 2.2672, 'max_index': 2.5029, 'std_dev': 0.0771, 'samples_count': 24}",H100 SXM
2024-09-29T00:00:00.000Z,2024-09-29T20:00:00.000Z,2.39,daily,"{'min_index': 2.2764, 'max_index': 2.5138, 'std_dev': 0.0919, 'samples_count': 24}",H100 SXM
2024-09-30T00:00:00.000Z,2024-09-30T20:00:00.000Z,2.5493,daily,"{'min_index': 2.4924, 'max_index': 2.662, 'std_dev': 0.0626, 'samples_count': 24}",H100 SXM
2024-10-01T00:00:00.000Z,2024-10-01T20:00:00.000Z,2.5092,daily,"{'min_index': 2.4148, 'max_index': 2.5548, 'std_dev': 0.0486, 'samples_count': 24}",H100 SXM
2024-10-02T00:00:00.000Z,2024-10-02T20:00:00.000Z,2.4501,daily,"{'min_index': 2.4159, 'max_index': 2.5046, 'std_dev': 0.0358, 'samples_count': 24}",H100 SXM
2024-10-03T00:00:00.000Z,2024-10-03T20:00:00.000Z,2.4223,daily,"{'min_index': 2.4152, 'max_index': 2.4695, 'std_dev': 0.012, 'samples_count': 24}",H100 SXM
2024-10-04T00:00:00.000Z,2024-10-04T20:00:00.000Z,2.4568,daily,"{'min_index': 2.3885, 'max_index': 2.5039, 'std_dev': 0.034, 'samples_count': 24}",H100 SXM
2024-10-05T00:00:00.000Z,2024-10-05T20:00:00.000Z,2.4312,daily,"{'min_index': 2.4154, 'max_index': 2.4249, 'std_dev': 0.0031, 'samples_count': 24}",H100 SXM
2024-10-06T00:00:00.000Z,2024-10-06T20:00:00.000Z,2.4187,daily,"{'min_index': 2.4153, 'max_index': 2.5715, 'std_dev': 0.0426, 'samples_count': 24}",H100 SXM
2024-10-07T00:00:00.000Z,2024-10-07T20:00:00.000Z,2.4628,daily,"{'min_index': 2.416, 'max_index': 2.5085, 'std_dev': 0.0364, 'samples_count': 24}",H100 SXM
2024-10-08T00:00:00.000Z,2024-10-08T20:00:00.000Z,2.4891,daily,"{'min_index': 2.4952, 'max_index': 2.5111, 'std_dev': 0.0046, 'samples_count': 24}",H100 SXM
2024-10-09T00:00:00.000Z,2024-10-09T20:00:00.000Z,2.4993,daily,"{'min_index': 2.4154, 'max_index': 2.513, 'std_dev': 0.0243, 'samples_count': 24}",H100 SXM
2024-10-10T00:00:00.000Z,2024-10-10T20:00:00.000Z,2.4273,daily,"{'min_index': 2.4111, 'max_index': 2.4863, 'std_dev': 0.0202, 'samples_count': 24}",H100 SXM
2024-10-11T00:00:00.000Z,2024-10-11T20:00:00.000Z,2.4382,daily,"{'min_index': 2.4152, 'max_index': 2.479, 'std_dev': 0.0185, 'samples_count': 24}",H100 SXM
2024-10-12T00:00:00.000Z,2024-10-12T20:00:00.000Z,2.4467,daily,"{'min_index': 2.4161, 'max_index': 2.4942, 'std_dev': 0.0342, 'samples_count': 24}",H100 SXM
2024-10-13T00:00:00.000Z,2024-10-13T20:00:00.000Z,2.4438,daily,"{'min_index': 2.4162, 'max_index': 2.5214, 'std_dev': 0.0252, 'samples_count': 24}",H100 SXM
2024-10-14T00:00:00.000Z,2024-10-14T20:00:00.000Z,2.419,daily,"{'min_index': 2.4151, 'max_index': 2.4247, 'std_dev': 0.0028, 'samples_count': 24}",H100 SXM
2024-10-15T00:00:00.000Z,2024-10-15T20:00:00.000Z,2.4333,daily,"{'min_index': 2.3856, 'max_index': 2.5042, 'std_dev': 0.0417, 'samples_count': 24}",H100 SXM
2024-10-16T00:00:00.000Z,2024-10-16T20:00:00.000Z,2.4014,daily,"{'min_index': 2.3552, 'max_index': 2.444, 'std_dev': 0.0219, 'samples_count': 24}",H100 SXM
2024-10-17T00:00:00.000Z,2024-10-17T20:00:00.000Z,2.3916,daily,"{'min_index': 2.3588, 'max_index': 2.5003, 'std_dev': 0.0437, 'samples_count': 24}",H100 SXM
2024-10-18T00:00:00.000Z,2024-10-18T20:00:00.000Z,2.4356,daily,"{'min_index': 2.3661, 'max_index': 2.5013, 'std_dev': 0.0407, 'samples_count': 24}",H100 SXM
2024-10-19T00:00:00.000Z,2024-10-19T20:00:00.000Z,2.4093,daily,"{'min_index': 2.3952, 'max_index': 2.4613, 'std_dev': 0.0123, 'samples_count': 24}",H100 SXM
2024-10-20T00:00:00.000Z,2024-10-20T20:00:00.000Z,2.4362,daily,"{'min_index': 2.4054, 'max_index': 2.4739, 'std_dev': 0.0278, 'samples_count': 24}",H100 SXM
2024-10-21T00:00:00.000Z,2024-10-21T20:00:00.000Z,2.415,daily,"{'min_index': 2.408, 'max_index': 2.4249, 'std_dev': 0.0047, 'samples_count': 24}",H100 SXM
2024-10-22T00:00:00.000Z,2024-10-22T20:00:00.000Z,2.4187,daily,"{'min_index': 2.416, 'max_index': 2.4243, 'std_dev': 0.0023, 'samples_count': 24}",H100 SXM
2024-10-23T00:00:00.000Z,2024-10-23T20:00:00.000Z,2.4205,daily,"{'min_index': 2.4096, 'max_index': 2.4419, 'std_dev': 0.006, 'samples_count': 24}",H100 SXM
2024-10-24T00:00:00.000Z,2024-10-24T20:00:00.000Z,2.4188,daily,"{'min_index': 2.4152, 'max_index': 2.4348, 'std_dev': 0.0042, 'samples_count': 24}",H100 SXM
2024-10-25T00:00:00.000Z,2024-10-25T20:00:00.000Z,2.4195,daily,"{'min_index': 2.4156, 'max_index': 2.431, 'std_dev': 0.0034, 'samples_count': 24}",H100 SXM
2024-10-26T00:00:00.000Z,2024-10-26T20:00:00.000Z,2.4187,daily,"{'min_index': 2.4152, 'max_index': 2.4247, 'std_dev': 0.0029, 'samples_count': 24}",H100 SXM
2024-10-27T00:00:00.000Z,2024-10-27T20:00:00.000Z,2.4457,daily,"{'min_index': 2.4165, 'max_index': 2.5037, 'std_dev': 0.0358, 'samples_count': 24}",H100 SXM
2024-10-28T00:00:00.000Z,2024-10-28T20:00:00.000Z,2.4864,daily,"{'min_index': 2.4028, 'max_index': 2.5043, 'std_dev': 0.0214, 'samples_count': 24}",H100 SXM
2024-10-29T00:00:00.000Z,2024-10-29T20:00:00.000Z,2.4688,daily,"{'min_index': 2.4182, 'max_index': 2.4874, 'std_dev': 0.0172, 'samples_count': 24}",H100 SXM
2024-10-30T00:00:00.000Z,2024-10-30T20:00:00.000Z,2.4753,daily,"{'min_index': 2.3907, 'max_index': 2.5023, 'std_dev': 0.0305, 'samples_count': 24}",H100 SXM
2024-10-31T00:00:00.000Z,2024-10-31T20:00:00.000Z,2.435,daily,"{'min_index': 2.3877, 'max_index': 2.4635, 'std_dev': 0.0236, 'samples_count': 24}",H100 SXM
2024-11-01T00:00:00.000Z,2024-11-01T20:00:00.000Z,2.443,daily,"{'min_index': 2.4054, 'max_index': 2.5039, 'std_dev': 0.0389, 'samples_count': 24}",H100 SXM
2024-11-02T00:00:00.000Z,2024-11-02T20:00:00.000Z,2.4956,daily,"{'min_index': 2.4954, 'max_index': 2.5047, 'std_dev': 0.003, 'samples_count': 24}",H100 SXM
2024-11-03T00:00:00.000Z,2024-11-03T21:00:00.000Z,2.4933,daily,"{'min_index': 2.4806, 'max_index': 2.5039, 'std_dev': 0.0064, 'samples_count': 24}",H100 SXM
2024-11-04T00:00:00.000Z,2024-11-04T21:00:00.000Z,2.4884,daily,"{'min_index': 2.4662, 'max_index': 2.5028, 'std_dev': 0.0102, 'samples_count': 24}",H100 SXM
2024-11-05T00:00:00.000Z,2024-11-05T21:00:00.000Z,2.4747,daily,"{'min_index': 2.453, 'max_index': 2.5047, 'std_dev': 0.014, 'samples_count': 24}",H100 SXM
2024-11-06T00:00:00.000Z,2024-11-06T21:00:00.000Z,2.4683,daily,"{'min_index': 2.4553, 'max_index': 2.4834, 'std_dev': 0.0092, 'samples_count': 24}",H100 SXM
2024-11-07T00:00:00.000Z,2024-11-07T21:00:00.000Z,2.4609,daily,"{'min_index': 2.4552, 'max_index': 2.5046, 'std_dev': 0.0152, 'samples_count': 24}",H100 SXM
2024-11-08T00:00:00.000Z,2024-11-08T21:00:00.000Z,2.4863,daily,"{'min_index': 2.4657, 'max_index': 2.5027, 'std_dev': 0.0095, 'samples_count': 24}",H100 SXM
2024-11-09T00:00:00.000Z,2024-11-09T21:00:00.000Z,2.4914,daily,"{'min_index': 2.4842, 'max_index': 2.5044, 'std_dev': 0.006, 'samples_count': 24}",H100 SXM
2024-11-10T00:00:00.000Z,2024-11-10T21:00:00.000Z,2.493,daily,"{'min_index': 2.4767, 'max_index': 2.5029, 'std_dev': 0.0077, 'samples_count': 24}",H100 SXM
2024-11-11T00:00:00.000Z,2024-11-11T21:00:00.000Z,2.4757,daily,"{'min_index': 2.4578, 'max_index': 2.4944, 'std_dev': 0.0062, 'samples_count': 24}",H100 SXM
2024-11-12T00:00:00.000Z,2024-11-12T21:00:00.000Z,2.4765,daily,"{'min_index': 2.4612, 'max_index': 2.4955, 'std_dev': 0.0074, 'samples_count': 24}",H100 SXM
2024-11-13T00:00:00.000Z,2024-11-13T21:00:00.000Z,2.4652,daily,"{'min_index': 2.4455, 'max_index': 2.4806, 'std_dev': 0.0102, 'samples_count': 24}",H100 SXM
2024-11-14T00:00:00.000Z,2024-11-14T21:00:00.000Z,2.4584,daily,"{'min_index': 2.4177, 'max_index': 2.4834, 'std_dev': 0.022, 'samples_count': 24}",H100 SXM
2024-11-15T00:00:00.000Z,2024-11-15T21:00:00.000Z,2.4505,daily,"{'min_index': 2.397, 'max_index': 2.4847, 'std_dev': 0.0256, 'samples_count': 24}",H100 SXM
2024-11-16T00:00:00.000Z,2024-11-16T21:00:00.000Z,2.4596,daily,"{'min_index': 2.3964, 'max_index': 2.5031, 'std_dev': 0.0307, 'samples_count': 24}",H100 SXM
2024-11-17T00:00:00.000Z,2024-11-17T21:00:00.000Z,2.4815,daily,"{'min_index': 2.4387, 'max_index': 2.5029, 'std_dev': 0.021, 'samples_count': 24}",H100 SXM
2024-11-18T00:00:00.000Z,2024-11-18T21:00:00.000Z,2.3994,daily,"{'min_index': 2.2953, 'max_index': 2.4403, 'std_dev': 0.0456, 'samples_count': 24}",H100 SXM
2024-11-19T00:00:00.000Z,2024-11-19T21:00:00.000Z,2.3869,daily,"{'min_index': 2.3161, 'max_index': 2.4322, 'std_dev': 0.0348, 'samples_count': 24}",H100 SXM
2024-11-20T00:00:00.000Z,2024-11-20T21:00:00.000Z,2.4093,daily,"{'min_index': 2.3956, 'max_index': 2.4248, 'std_dev': 0.0105, 'samples_count': 24}",H100 SXM
2024-11-21T00:00:00.000Z,2024-11-21T21:00:00.000Z,2.3983,daily,"{'min_index': 2.3051, 'max_index': 2.4239, 'std_dev': 0.035, 'samples_count': 24}",H100 SXM
2024-11-22T00:00:00.000Z,2024-11-22T21:00:00.000Z,2.3713,daily,"{'min_index': 2.3419, 'max_index': 2.4046, 'std_dev': 0.0192, 'samples_count': 24}",H100 SXM
2024-11-23T00:00:00.000Z,2024-11-23T21:00:00.000Z,2.3864,daily,"{'min_index': 2.3412, 'max_index': 2.4048, 'std_dev': 0.017, 'samples_count': 24}",H100 SXM
2024-11-24T00:00:00.000Z,2024-11-24T21:00:00.000Z,2.3884,daily,"{'min_index': 2.3618, 'max_index': 2.4042, 'std_dev': 0.012, 'samples_count': 24}",H100 SXM
2024-11-25T00:00:00.000Z,2024-11-25T21:00:00.000Z,2.3983,daily,"{'min_index': 2.3599, 'max_index': 2.4332, 'std_dev': 0.0177, 'samples_count': 24}",H100 SXM
2024-11-26T00:00:00.000Z,2024-11-26T21:00:00.000Z,2.3794,daily,"{'min_index': 2.3463, 'max_index': 2.4113, 'std_dev': 0.0192, 'samples_count': 24}",H100 SXM
2024-11-27T00:00:00.000Z,2024-11-27T21:00:00.000Z,2.3995,daily,"{'min_index': 2.3952, 'max_index': 2.4093, 'std_dev': 0.0033, 'samples_count': 24}",H100 SXM
2024-11-28T00:00:00.000Z,2024-11-28T21:00:00.000Z,2.3942,daily,"{'min_index': 2.3222, 'max_index': 2.4208, 'std_dev': 0.0203, 'samples_count': 24}",H100 SXM
2024-11-29T00:00:00.000Z,2024-11-29T21:00:00.000Z,2.3962,daily,"{'min_index': 2.3766, 'max_index': 2.4077, 'std_dev': 0.0068, 'samples_count': 24}",H100 SXM
2024-11-30T00:00:00.000Z,2024-11-30T21:00:00.000Z,2.418,daily,"{'min_index': 2.3983, 'max_index': 2.4535, 'std_dev': 0.0134, 'samples_count': 24}",H100 SXM
2024-12-01T00:00:00.000Z,2024-12-01T21:00:00.000Z,2.4122,daily,"{'min_index': 2.3962, 'max_index': 2.4448, 'std_dev': 0.0167, 'samples_count': 24}",H100 SXM
2024-12-02T00:00:00.000Z,2024-12-02T21:00:00.000Z,2.4588,daily,"{'min_index': 2.4344, 'max_index': 2.4901, 'std_dev': 0.017, 'samples_count': 24}",H100 SXM
2024-12-03T00:00:00.000Z,2024-12-03T21:00:00.000Z,2.4746,daily,"{'min_index': 2.4654, 'max_index': 2.482, 'std_dev': 0.0035, 'samples_count': 24}",H100 SXM
2024-12-04T00:00:00.000Z,2024-12-04T21:00:00.000Z,2.4772,daily,"{'min_index': 2.4521, 'max_index': 2.4988, 'std_dev': 0.0108, 'samples_count': 24}",H100 SXM
2024-12-05T00:00:00.000Z,2024-12-05T21:00:00.000Z,2.4789,daily,"{'min_index': 2.4694, 'max_index': 2.5049, 'std_dev': 0.0101, 'samples_count': 24}",H100 SXM
2024-12-06T00:00:00.000Z,2024-12-06T21:00:00.000Z,2.4866,daily,"{'min_index': 2.4767, 'max_index': 2.5048, 'std_dev': 0.0097, 'samples_count': 24}",H100 SXM
2024-12-07T00:00:00.000Z,2024-12-07T21:00:00.000Z,2.4901,daily,"{'min_index': 2.4602, 'max_index': 2.5047, 'std_dev': 0.0133, 'samples_count': 24}",H100 SXM
2024-12-08T00:00:00.000Z,2024-12-08T21:00:00.000Z,2.4872,daily,"{'min_index': 2.4595, 'max_index': 2.5048, 'std_dev': 0.0118, 'samples_count': 24}",H100 SXM
2024-12-09T00:00:00.000Z,2024-12-09T21:00:00.000Z,2.4874,daily,"{'min_index': 2.4656, 'max_index': 2.5048, 'std_dev': 0.0112, 'samples_count': 24}",H100 SXM
2024-12-10T00:00:00.000Z,2024-12-10T21:00:00.000Z,2.3449,daily,"{'min_index': 2.2957, 'max_index': 2.4693, 'std_dev': 0.0418, 'samples_count': 24}",H100 SXM
2024-12-11T00:00:00.000Z,2024-12-11T21:00:00.000Z,2.2957,daily,"{'min_index': 2.2085, 'max_index': 2.3225, 'std_dev': 0.0223, 'samples_count': 24}",H100 SXM
2024-12-12T00:00:00.000Z,2024-12-12T21:00:00.000Z,2.2318,daily,"{'min_index': 2.1851, 'max_index': 2.3201, 'std_dev': 0.0331, 'samples_count': 24}",H100 SXM
2024-12-13T00:00:00.000Z,2024-12-13T21:00:00.000Z,2.2486,daily,"{'min_index': 2.1862, 'max_index': 2.3225, 'std_dev': 0.0443, 'samples_count': 24}",H100 SXM
2024-12-14T00:00:00.000Z,2024-12-14T21:00:00.000Z,2.2923,daily,"{'min_index': 2.2498, 'max_index': 2.4038, 'std_dev': 0.0428, 'samples_count': 24}",H100 SXM
2024-12-15T00:00:00.000Z,2024-12-15T21:00:00.000Z,2.3722,daily,"{'min_index': 2.2851, 'max_index': 2.4327, 'std_dev': 0.0429, 'samples_count': 24}",H100 SXM
2024-12-16T00:00:00.000Z,2024-12-16T21:00:00.000Z,2.3785,daily,"{'min_index': 2.2865, 'max_index': 2.4231, 'std_dev': 0.0457, 'samples_count': 24}",H100 SXM
2024-12-17T00:00:00.000Z,2024-12-17T21:00:00.000Z,2.3444,daily,"{'min_index': 2.2856, 'max_index': 2.4239, 'std_dev': 0.057, 'samples_count': 24}",H100 SXM
2024-12-18T00:00:00.000Z,2024-12-18T21:00:00.000Z,2.3451,daily,"{'min_index': 2.2892, 'max_index': 2.4227, 'std_dev': 0.0445, 'samples_count': 24}",H100 SXM
2024-12-19T00:00:00.000Z,2024-12-19T21:00:00.000Z,2.311,daily,"{'min_index': 2.2557, 'max_index': 2.3963, 'std_dev': 0.0399, 'samples_count': 24}",H100 SXM
2024-12-20T00:00:00.000Z,2024-12-20T21:00:00.000Z,2.2986,daily,"{'min_index': 2.2856, 'max_index': 2.3147, 'std_dev': 0.01, 'samples_count': 24}",H100 SXM
2024-12-21T00:00:00.000Z,2024-12-21T21:00:00.000Z,2.3329,daily,"{'min_index': 2.3077, 'max_index': 2.4894, 'std_dev': 0.0498, 'samples_count': 24}",H100 SXM
2024-12-22T00:00:00.000Z,2024-12-22T21:00:00.000Z,2.3096,daily,"{'min_index': 2.2564, 'max_index': 2.4038, 'std_dev': 0.0413, 'samples_count': 24}",H100 SXM
2024-12-23T00:00:00.000Z,2024-12-23T21:00:00.000Z,2.3158,daily,"{'min_index': 2.2853, 'max_index': 2.4008, 'std_dev': 0.0351, 'samples_count': 24}",H100 SXM
2024-12-24T00:00:00.000Z,2024-12-24T21:00:00.000Z,2.3512,daily,"{'min_index': 2.2916, 'max_index': 2.5036, 'std_dev': 0.0566, 'samples_count': 24}",H100 SXM
2024-12-25T00:00:00.000Z,2024-12-25T21:00:00.000Z,2.3782,daily,"{'min_index': 2.2854, 'max_index': 2.4935, 'std_dev': 0.0577, 'samples_count': 24}",H100 SXM
2024-12-26T00:00:00.000Z,2024-12-26T21:00:00.000Z,2.2904,daily,"{'min_index': 2.2852, 'max_index': 2.3103, 'std_dev': 0.005, 'samples_count': 24}",H100 SXM
2024-12-27T00:00:00.000Z,2024-12-27T21:00:00.000Z,2.2813,daily,"{'min_index': 2.2674, 'max_index': 2.2934, 'std_dev': 0.0073, 'samples_count': 24}",H100 SXM
2024-12-28T00:00:00.000Z,2024-12-28T21:00:00.000Z,2.2874,daily,"{'min_index': 2.273, 'max_index': 2.313, 'std_dev': 0.0085, 'samples_count': 24}",H100 SXM
2024-12-29T00:00:00.000Z,2024-12-29T21:00:00.000Z,2.3229,daily,"{'min_index': 2.2906, 'max_index': 2.3391, 'std_dev': 0.0098, 'samples_count': 24}",H100 SXM
2024-12-30T00:00:00.000Z,2024-12-30T21:00:00.000Z,2.33,daily,"{'min_index': 2.3256, 'max_index': 2.3347, 'std_dev': 0.0028, 'samples_count': 24}",H100 SXM
2025-01-01T00:00:00.000Z,2025-01-01T21:00:00.000Z,2.3384,daily,"{'min_index': 2.3251, 'max_index': 2.3714, 'std_dev': 0.0125, 'samples_count': 24}",H100 SXM
2025-01-02T00:00:00.000Z,2025-01-02T21:00:00.000Z,2.3369,daily,"{'min_index': 2.3261, 'max_index': 2.3777, 'std_dev': 0.0167, 'samples_count': 24}",H100 SXM
2025-01-03T00:00:00.000Z,2025-01-03T21:00:00.000Z,2.3483,daily,"{'min_index': 2.3251, 'max_index': 2.3929, 'std_dev': 0.0213, 'samples_count': 24}",H100 SXM
2025-01-04T00:00:00.000Z,2025-01-04T21:00:00.000Z,2.4128,daily,"{'min_index': 2.4067, 'max_index': 2.4913, 'std_dev': 0.0231, 'samples_count': 24}",H100 SXM
2025-01-05T00:00:00.000Z,2025-01-05T21:00:00.000Z,2.3827,daily,"{'min_index': 2.3256, 'max_index': 2.462, 'std_dev': 0.0409, 'samples_count': 24}",H100 SXM
2025-01-06T00:00:00.000Z,2025-01-06T21:00:00.000Z,2.3969,daily,"{'min_index': 2.3285, 'max_index': 2.4504, 'std_dev': 0.038, 'samples_count': 24}",H100 SXM
2025-01-07T00:00:00.000Z,2025-01-07T21:00:00.000Z,2.337,daily,"{'min_index': 2.2976, 'max_index': 2.3548, 'std_dev': 0.0182, 'samples_count': 24}",H100 SXM
2025-01-08T00:00:00.000Z,2025-01-08T21:00:00.000Z,2.3345,daily,"{'min_index': 2.2921, 'max_index': 2.3536, 'std_dev': 0.02, 'samples_count': 24}",H100 SXM
2025-01-09T00:00:00.000Z,2025-01-09T21:00:00.000Z,2.3036,daily,"{'min_index': 2.2853, 'max_index': 2.3314, 'std_dev': 0.0123, 'samples_count': 24}",H100 SXM
2025-01-10T00:00:00.000Z,2025-01-10T21:00:00.000Z,2.338,daily,"{'min_index': 2.2858, 'max_index': 2.5074, 'std_dev': 0.0669, 'samples_count': 24}",H100 SXM
2025-01-11T00:00:00.000Z,2025-01-11T21:00:00.000Z,2.2991,daily,"{'min_index': 2.2849, 'max_index': 2.3479, 'std_dev': 0.0148, 'samples_count': 24}",H100 SXM
2025-01-12T00:00:00.000Z,2025-01-12T21:00:00.000Z,2.279,daily,"{'min_index': 2.2567, 'max_index': 2.293, 'std_dev': 0.0125, 'samples_count': 24}",H100 SXM
2025-01-13T00:00:00.000Z,2025-01-13T21:00:00.000Z,2.2625,daily,"{'min_index': 2.1838, 'max_index': 2.2934, 'std_dev': 0.0279, 'samples_count': 24}",H100 SXM
2025-01-14T00:00:00.000Z,2025-01-14T21:00:00.000Z,2.2726,daily,"{'min_index': 2.2562, 'max_index': 2.291, 'std_dev': 0.0108, 'samples_count': 24}",H100 SXM
2025-01-15T00:00:00.000Z,2025-01-15T21:00:00.000Z,2.2722,daily,"{'min_index': 2.2054, 'max_index': 2.3416, 'std_dev': 0.034, 'samples_count': 24}",H100 SXM
2025-01-16T00:00:00.000Z,2025-01-16T21:00:00.000Z,2.3287,daily,"{'min_index': 2.2213, 'max_index': 2.3448, 'std_dev': 0.0371, 'samples_count': 24}",H100 SXM
2025-01-17T00:00:00.000Z,2025-01-17T21:00:00.000Z,2.26,daily,"{'min_index': 2.2081, 'max_index': 2.3045, 'std_dev': 0.0338, 'samples_count': 24}",H100 SXM
2025-01-18T00:00:00.000Z,2025-01-18T21:00:00.000Z,2.2423,daily,"{'min_index': 2.2055, 'max_index': 2.294, 'std_dev': 0.0247, 'samples_count': 24}",H100 SXM
2025-01-19T00:00:00.000Z,2025-01-19T21:00:00.000Z,2.2713,daily,"{'min_index': 2.1978, 'max_index': 2.3165, 'std_dev': 0.0309, 'samples_count': 24}",H100 SXM
2025-01-20T00:00:00.000Z,2025-01-20T21:00:00.000Z,2.2865,daily,"{'min_index': 2.2401, 'max_index': 2.3127, 'std_dev': 0.0195, 'samples_count': 24}",H100 SXM
2025-01-21T00:00:00.000Z,2025-01-21T21:00:00.000Z,2.2795,daily,"{'min_index': 2.2537, 'max_index': 2.3791, 'std_dev': 0.0416, 'samples_count': 24}",H100 SXM
2025-01-22T00:00:00.000Z,2025-01-22T21:00:00.000Z,2.3565,daily,"{'min_index': 2.2613, 'max_index': 2.4247, 'std_dev': 0.0567, 'samples_count': 24}",H100 SXM
2025-01-23T00:00:00.000Z,2025-01-23T21:00:00.000Z,2.271,daily,"{'min_index': 2.1454, 'max_index': 2.3146, 'std_dev': 0.0478, 'samples_count': 24}",H100 SXM
2025-01-24T00:00:00.000Z,2025-01-24T21:00:00.000Z,2.2588,daily,"{'min_index': 2.2052, 'max_index': 2.3214, 'std_dev': 0.0356, 'samples_count': 24}",H100 SXM
2025-01-25T00:00:00.000Z,2025-01-25T21:00:00.000Z,2.2657,daily,"{'min_index': 2.1882, 'max_index': 2.3047, 'std_dev': 0.0285, 'samples_count': 24}",H100 SXM
2025-01-26T00:00:00.000Z,2025-01-26T21:00:00.000Z,2.2455,daily,"{'min_index': 2.1801, 'max_index': 2.3137, 'std_dev': 0.0416, 'samples_count': 24}",H100 SXM
2025-01-27T00:00:00.000Z,2025-01-27T21:00:00.000Z,2.2653,daily,"{'min_index': 2.2557, 'max_index': 2.2942, 'std_dev': 0.0098, 'samples_count': 24}",H100 SXM
2025-01-28T00:00:00.000Z,2025-01-28T21:00:00.000Z,2.2421,daily,"{'min_index': 2.1655, 'max_index': 2.2818, 'std_dev': 0.0301, 'samples_count': 24}",H100 SXM
2025-01-29T00:00:00.000Z,2025-01-29T21:00:00.000Z,2.2673,daily,"{'min_index': 2.2471, 'max_index': 2.2911, 'std_dev': 0.0116, 'samples_count': 24}",H100 SXM
2025-01-30T00:00:00.000Z,2025-01-30T21:00:00.000Z,2.2659,daily,"{'min_index': 2.2551, 'max_index': 2.2926, 'std_dev': 0.011, 'samples_count': 24}",H100 SXM
2025-01-31T00:00:00.000Z,2025-01-31T21:00:00.000Z,2.2435,daily,"{'min_index': 2.1657, 'max_index': 2.3023, 'std_dev': 0.0449, 'samples_count': 24}",H100 SXM
2025-02-01T00:00:00.000Z,2025-02-01T21:00:00.000Z,2.1756,daily,"{'min_index': 2.1171, 'max_index': 2.2487, 'std_dev': 0.0286, 'samples_count': 24}",H100 SXM
2025-02-02T00:00:00.000Z,2025-02-02T21:00:00.000Z,2.1662,daily,"{'min_index': 2.1267, 'max_index': 2.1743, 'std_dev': 0.0109, 'samples_count': 24}",H100 SXM
2025-02-03T00:00:00.000Z,2025-02-03T21:00:00.000Z,2.1958,daily,"{'min_index': 2.1661, 'max_index': 2.2713, 'std_dev': 0.0345, 'samples_count': 24}",H100 SXM
2025-02-04T00:00:00.000Z,2025-02-04T21:00:00.000Z,2.2316,daily,"{'min_index': 2.2221, 'max_index': 2.2561, 'std_dev': 0.0088, 'samples_count': 24}",H100 SXM
2025-02-05T00:00:00.000Z,2025-02-05T21:00:00.000Z,2.2296,daily,"{'min_index': 2.2165, 'max_index': 2.2444, 'std_dev': 0.0056, 'samples_count': 24}",H100 SXM
2025-02-06T00:00:00.000Z,2025-02-06T21:00:00.000Z,2.2177,daily,"{'min_index': 2.1855, 'max_index': 2.25, 'std_dev': 0.0205, 'samples_count': 24}",H100 SXM
2025-02-07T00:00:00.000Z,2025-02-07T21:00:00.000Z,2.2063,daily,"{'min_index': 2.1715, 'max_index': 2.2338, 'std_dev': 0.019, 'samples_count': 24}",H100 SXM
2025-02-08T00:00:00.000Z,2025-02-08T21:00:00.000Z,2.203,daily,"{'min_index': 2.1654, 'max_index': 2.2349, 'std_dev': 0.0278, 'samples_count': 24}",H100 SXM
2025-02-09T00:00:00.000Z,2025-02-09T21:00:00.000Z,2.187,daily,"{'min_index': 2.1655, 'max_index': 2.2301, 'std_dev': 0.0212, 'samples_count': 24}",H100 SXM
2025-02-10T00:00:00.000Z,2025-02-10T21:00:00.000Z,2.1917,daily,"{'min_index': 2.1609, 'max_index': 2.2339, 'std_dev': 0.026, 'samples_count': 24}",H100 SXM
2025-02-11T00:00:00.000Z,2025-02-11T21:00:00.000Z,2.2212,daily,"{'min_index': 2.2044, 'max_index': 2.2545, 'std_dev': 0.0092, 'samples_count': 24}",H100 SXM
2025-02-12T00:00:00.000Z,2025-02-12T21:00:00.000Z,2.2094,daily,"{'min_index': 2.1662, 'max_index': 2.2592, 'std_dev': 0.0242, 'samples_count': 24}",H100 SXM
2025-02-13T00:00:00.000Z,2025-02-13T21:00:00.000Z,2.2044,daily,"{'min_index': 2.1753, 'max_index': 2.2488, 'std_dev': 0.0258, 'samples_count': 24}",H100 SXM
2025-02-14T00:00:00.000Z,2025-02-14T21:00:00.000Z,2.2289,daily,"{'min_index': 2.1861, 'max_index': 2.293, 'std_dev': 0.0209, 'samples_count': 24}",H100 SXM
2025-02-15T00:00:00.000Z,2025-02-15T21:00:00.000Z,2.2142,daily,"{'min_index': 2.1524, 'max_index': 2.2341, 'std_dev': 0.0213, 'samples_count': 24}",H100 SXM
2025-02-16T00:00:00.000Z,2025-02-16T21:00:00.000Z,2.231,daily,"{'min_index': 2.1836, 'max_index': 2.2635, 'std_dev': 0.0189, 'samples_count': 24}",H100 SXM
2025-02-17T00:00:00.000Z,2025-02-17T21:00:00.000Z,2.2385,daily,"{'min_index': 2.1892, 'max_index': 2.2624, 'std_dev': 0.0195, 'samples_count': 24}",H100 SXM
2025-02-18T00:00:00.000Z,2025-02-18T21:00:00.000Z,2.1985,daily,"{'min_index': 2.1095, 'max_index': 2.2314, 'std_dev': 0.0289, 'samples_count': 24}",H100 SXM
2025-02-19T00:00:00.000Z,2025-02-19T21:00:00.000Z,2.1932,daily,"{'min_index': 2.1654, 'max_index': 2.2326, 'std_dev': 0.0218, 'samples_count': 24}",H100 SXM
2025-02-20T00:00:00.000Z,2025-02-20T21:00:00.000Z,2.2185,daily,"{'min_index': 2.1847, 'max_index': 2.2348, 'std_dev': 0.0169, 'samples_count': 24}",H100 SXM
2025-02-21T00:00:00.000Z,2025-02-21T21:00:00.000Z,2.1695,daily,"{'min_index': 2.1301, 'max_index': 2.2107, 'std_dev': 0.0241, 'samples_count': 24}",H100 SXM
2025-02-22T00:00:00.000Z,2025-02-22T21:00:00.000Z,2.1793,daily,"{'min_index': 2.1515, 'max_index': 2.2112, 'std_dev': 0.0183, 'samples_count': 24}",H100 SXM
2025-02-23T00:00:00.000Z,2025-02-23T21:00:00.000Z,2.1613,daily,"{'min_index': 2.1274, 'max_index': 2.2038, 'std_dev': 0.0209, 'samples_count': 24}",H100 SXM
2025-02-24T00:00:00.000Z,2025-02-24T21:00:00.000Z,2.1524,daily,"{'min_index': 2.1121, 'max_index': 2.1982, 'std_dev': 0.0224, 'samples_count': 24}",H100 SXM
2025-02-25T00:00:00.000Z,2025-02-25T21:00:00.000Z,2.1498,daily,"{'min_index': 2.1327, 'max_index': 2.1931, 'std_dev': 0.0132, 'samples_count': 24}",H100 SXM
2025-02-26T00:00:00.000Z,2025-02-26T21:00:00.000Z,2.1755,daily,"{'min_index': 2.1263, 'max_index': 2.2214, 'std_dev': 0.0327, 'samples_count': 24}",H100 SXM
2025-02-27T00:00:00.000Z,2025-02-27T21:00:00.000Z,2.1804,daily,"{'min_index': 2.1593, 'max_index': 2.2002, 'std_dev': 0.0108, 'samples_count': 24}",H100 SXM
2025-02-28T00:00:00.000Z,2025-02-28T21:00:00.000Z,2.175,daily,"{'min_index': 2.1332, 'max_index': 2.2243, 'std_dev': 0.0182, 'samples_count': 24}",H100 SXM
2025-03-01T00:00:00.000Z,2025-03-01T21:00:00.000Z,2.2408,daily,"{'min_index': 2.2276, 'max_index': 2.2756, 'std_dev': 0.0118, 'samples_count': 24}",H100 SXM
2025-03-02T00:00:00.000Z,2025-03-02T21:00:00.000Z,2.2626,daily,"{'min_index': 2.2167, 'max_index': 2.2836, 'std_dev': 0.0147, 'samples_count': 24}",H100 SXM
2025-03-03T00:00:00.000Z,2025-03-03T21:00:00.000Z,2.2396,daily,"{'min_index': 2.2075, 'max_index': 2.2677, 'std_dev': 0.0189, 'samples_count': 24}",H100 SXM
2025-03-04T00:00:00.000Z,2025-03-04T21:00:00.000Z,2.2319,daily,"{'min_index': 2.1866, 'max_index': 2.2812, 'std_dev': 0.0274, 'samples_count': 24}",H100 SXM
2025-03-05T00:00:00.000Z,2025-03-05T21:00:00.000Z,2.2392,daily,"{'min_index': 2.2157, 'max_index': 2.2748, 'std_dev': 0.0224, 'samples_count': 24}",H100 SXM
2025-03-06T00:00:00.000Z,2025-03-06T21:00:00.000Z,2.2141,daily,"{'min_index': 2.1723, 'max_index': 2.2246, 'std_dev': 0.0102, 'samples_count': 24}",H100 SXM
2025-03-07T00:00:00.000Z,2025-03-07T21:00:00.000Z,2.2427,daily,"{'min_index': 2.2163, 'max_index': 2.3122, 'std_dev': 0.0306, 'samples_count': 24}",H100 SXM
2025-03-08T00:00:00.000Z,2025-03-08T21:00:00.000Z,2.2575,daily,"{'min_index': 2.2269, 'max_index': 2.2814, 'std_dev': 0.0136, 'samples_count': 24}",H100 SXM
2025-03-09T00:00:00.000Z,2025-03-09T20:00:00.000Z,2.2556,daily,"{'min_index': 2.218, 'max_index': 2.314, 'std_dev': 0.0321, 'samples_count': 24}",H100 SXM
2025-03-10T00:00:00.000Z,2025-03-10T20:00:00.000Z,2.2717,daily,"{'min_index': 2.2164, 'max_index': 2.3345, 'std_dev': 0.0341, 'samples_count': 24}",H100 SXM
2025-03-11T00:00:00.000Z,2025-03-11T20:00:00.000Z,2.2234,daily,"{'min_index': 2.1957, 'max_index': 2.2557, 'std_dev': 0.0119, 'samples_count': 24}",H100 SXM
2025-03-12T00:00:00.000Z,2025-03-12T20:00:00.000Z,2.2352,daily,"{'min_index': 2.2153, 'max_index': 2.3185, 'std_dev': 0.0252, 'samples_count': 24}",H100 SXM
2025-03-13T00:00:00.000Z,2025-03-13T20:00:00.000Z,2.2375,daily,"{'min_index': 2.1764, 'max_index': 2.3315, 'std_dev': 0.0328, 'samples_count': 24}",H100 SXM
2025-03-14T00:00:00.000Z,2025-03-14T20:00:00.000Z,2.2604,daily,"{'min_index': 2.2092, 'max_index': 2.3523, 'std_dev': 0.0495, 'samples_count': 24}",H100 SXM
2025-03-15T00:00:00.000Z,2025-03-15T20:00:00.000Z,2.3164,daily,"{'min_index': 2.2386, 'max_index': 2.3488, 'std_dev': 0.0348, 'samples_count': 24}",H100 SXM
2025-03-16T00:00:00.000Z,2025-03-16T20:00:00.000Z,2.2476,daily,"{'min_index': 2.2283, 'max_index': 2.262, 'std_dev': 0.0077, 'samples_count': 24}",H100 SXM
2025-03-17T00:00:00.000Z,2025-03-17T20:00:00.000Z,2.2369,daily,"{'min_index': 2.1856, 'max_index': 2.2542, 'std_dev': 0.0212, 'samples_count': 24}",H100 SXM
2025-03-18T00:00:00.000Z,2025-03-18T20:00:00.000Z,2.2214,daily,"{'min_index': 2.1867, 'max_index': 2.2658, 'std_dev': 0.0253, 'samples_count': 24}",H100 SXM
2025-03-19T00:00:00.000Z,2025-03-19T20:00:00.000Z,2.2183,daily,"{'min_index': 2.1862, 'max_index': 2.3397, 'std_dev': 0.0382, 'samples_count': 24}",H100 SXM
2025-03-20T00:00:00.000Z,2025-03-20T20:00:00.000Z,2.2847,daily,"{'min_index': 2.2479, 'max_index': 2.3346, 'std_dev': 0.0323, 'samples_count': 24}",H100 SXM
2025-03-21T00:00:00.000Z,2025-03-21T20:00:00.000Z,2.2803,daily,"{'min_index': 2.2312, 'max_index': 2.3341, 'std_dev': 0.0288, 'samples_count': 24}",H100 SXM
2025-03-22T00:00:00.000Z,2025-03-22T20:00:00.000Z,2.244,daily,"{'min_index': 2.2183, 'max_index': 2.3011, 'std_dev': 0.018, 'samples_count': 24}",H100 SXM
2025-03-23T00:00:00.000Z,2025-03-23T20:00:00.000Z,2.2679,daily,"{'min_index': 2.2333, 'max_index': 2.3002, 'std_dev': 0.0204, 'samples_count': 24}",H100 SXM
2025-03-24T00:00:00.000Z,2025-03-24T20:00:00.000Z,2.2481,daily,"{'min_index': 2.2253, 'max_index': 2.2757, 'std_dev': 0.0165, 'samples_count': 24}",H100 SXM
2025-03-25T00:00:00.000Z,2025-03-25T20:00:00.000Z,2.2108,daily,"{'min_index': 2.1188, 'max_index': 2.3079, 'std_dev': 0.0539, 'samples_count': 24}",H100 SXM
2025-03-26T00:00:00.000Z,2025-03-26T20:00:00.000Z,2.1806,daily,"{'min_index': 2.1244, 'max_index': 2.2457, 'std_dev': 0.0336, 'samples_count': 24}",H100 SXM
2025-03-27T00:00:00.000Z,2025-03-27T20:00:00.000Z,2.1902,daily,"{'min_index': 2.1398, 'max_index': 2.2727, 'std_dev': 0.0445, 'samples_count': 24}",H100 SXM
2025-03-28T00:00:00.000Z,2025-03-28T20:00:00.000Z,2.2216,daily,"{'min_index': 2.1159, 'max_index': 2.267, 'std_dev': 0.0371, 'samples_count': 24}",H100 SXM
2025-03-29T00:00:00.000Z,2025-03-29T20:00:00.000Z,2.1508,daily,"{'min_index': 2.0969, 'max_index': 2.2035, 'std_dev': 0.0375, 'samples_count': 24}",H100 SXM
2025-03-30T00:00:00.000Z,2025-03-30T20:00:00.000Z,2.1662,daily,"{'min_index': 2.0834, 'max_index': 2.2335, 'std_dev': 0.0469, 'samples_count': 24}",H100 SXM
2025-03-31T00:00:00.000Z,2025-03-31T20:00:00.000Z,2.1809,daily,"{'min_index': 2.0887, 'max_index': 2.2534, 'std_dev': 0.0387, 'samples_count': 24}",H100 SXM
2025-04-01T00:00:00.000Z,2025-04-01T20:00:00.000Z,2.1468,daily,"{'min_index': 2.0582, 'max_index': 2.2244, 'std_dev': 0.0451, 'samples_count': 24}",H100 SXM
2025-04-02T00:00:00.000Z,2025-04-02T20:00:00.000Z,2.1394,daily,"{'min_index': 2.0902, 'max_index': 2.2763, 'std_dev': 0.0492, 'samples_count': 24}",H100 SXM
2025-04-03T00:00:00.000Z,2025-04-03T20:00:00.000Z,2.1652,daily,"{'min_index': 2.0959, 'max_index': 2.1921, 'std_dev': 0.0303, 'samples_count': 24}",H100 SXM
2025-04-04T00:00:00.000Z,2025-04-04T20:00:00.000Z,2.1391,daily,"{'min_index': 2.1065, 'max_index': 2.1819, 'std_dev': 0.02, 'samples_count': 24}",H100 SXM
2025-04-05T00:00:00.000Z,2025-04-05T20:00:00.000Z,2.1056,daily,"{'min_index': 2.0561, 'max_index': 2.1636, 'std_dev': 0.0232, 'samples_count': 24}",H100 SXM
2025-04-06T00:00:00.000Z,2025-04-06T20:00:00.000Z,2.0956,daily,"{'min_index': 2.0426, 'max_index': 2.1605, 'std_dev': 0.0325, 'samples_count': 24}",H100 SXM
2025-04-07T00:00:00.000Z,2025-04-07T20:00:00.000Z,2.1174,daily,"{'min_index': 2.0649, 'max_index': 2.1869, 'std_dev': 0.033, 'samples_count': 24}",H100 SXM
2025-04-08T00:00:00.000Z,2025-04-08T20:00:00.000Z,2.1013,daily,"{'min_index': 2.0353, 'max_index': 2.1685, 'std_dev': 0.0316, 'samples_count': 24}",H100 SXM
2025-04-09T00:00:00.000Z,2025-04-09T20:00:00.000Z,2.143,daily,"{'min_index': 2.1161, 'max_index': 2.1829, 'std_dev': 0.0199, 'samples_count': 24}",H100 SXM
2025-04-10T00:00:00.000Z,2025-04-10T20:00:00.000Z,2.1356,daily,"{'min_index': 2.0788, 'max_index': 2.1777, 'std_dev': 0.0208, 'samples_count': 23}",H100 SXM
2025-04-11T00:00:00.000Z,2025-04-11T20:00:00.000Z,2.1623,daily,"{'min_index': 2.1459, 'max_index': 2.1846, 'std_dev': 0.0125, 'samples_count': 24}",H100 SXM
2025-04-12T00:00:00.000Z,2025-04-12T20:00:00.000Z,2.1297,daily,"{'min_index': 2.0902, 'max_index': 2.1727, 'std_dev': 0.0264, 'samples_count': 24}",H100 SXM
2025-04-13T00:00:00.000Z,2025-04-13T20:00:00.000Z,2.1319,daily,"{'min_index': 2.0897, 'max_index': 2.1816, 'std_dev': 0.031, 'samples_count': 24}",H100 SXM
2025-04-14T00:00:00.000Z,2025-04-14T20:00:00.000Z,2.0158,daily,"{'min_index': 1.8398, 'max_index': 2.1034, 'std_dev': 0.0585, 'samples_count': 24}",H100 SXM
2025-04-15T00:00:00.000Z,2025-04-15T20:00:00.000Z,2.0094,daily,"{'min_index': 1.8613, 'max_index': 2.0722, 'std_dev': 0.0549, 'samples_count': 24}",H100 SXM
2025-04-16T00:00:00.000Z,2025-04-16T20:00:00.000Z,1.9341,daily,"{'min_index': 1.8422, 'max_index': 2.0495, 'std_dev': 0.0572, 'samples_count': 24}",H100 SXM
2025-04-17T00:00:00.000Z,2025-04-17T20:00:00.000Z,2.0177,daily,"{'min_index': 1.989, 'max_index': 2.0906, 'std_dev': 0.0208, 'samples_count': 24}",H100 SXM
2025-04-18T00:00:00.000Z,2025-04-18T20:00:00.000Z,2.0344,daily,"{'min_index': 1.9972, 'max_index': 2.0798, 'std_dev': 0.0178, 'samples_count': 24}",H100 SXM
2025-04-19T00:00:00.000Z,2025-04-19T20:00:00.000Z,2.0246,daily,"{'min_index': 1.9559, 'max_index': 2.131, 'std_dev': 0.0384, 'samples_count': 24}",H100 SXM
2025-04-20T00:00:00.000Z,2025-04-20T20:00:00.000Z,1.9834,daily,"{'min_index': 1.9372, 'max_index': 2.0046, 'std_dev': 0.0158, 'samples_count': 24}",H100 SXM
2025-04-21T00:00:00.000Z,2025-04-21T20:00:00.000Z,1.969,daily,"{'min_index': 1.9068, 'max_index': 2.0021, 'std_dev': 0.0222, 'samples_count': 24}",H100 SXM
2025-04-22T00:00:00.000Z,2025-04-22T20:00:00.000Z,1.9374,daily,"{'min_index': 1.8523, 'max_index': 1.971, 'std_dev': 0.0413, 'samples_count': 24}",H100 SXM
2025-04-23T00:00:00.000Z,2025-04-23T20:00:00.000Z,1.9142,daily,"{'min_index': 1.8452, 'max_index': 2.0102, 'std_dev': 0.0493, 'samples_count': 24}",H100 SXM
2025-04-24T00:00:00.000Z,2025-04-24T20:00:00.000Z,2.0167,daily,"{'min_index': 1.9852, 'max_index': 2.1266, 'std_dev': 0.0381, 'samples_count': 24}",H100 SXM
2025-04-25T00:00:00.000Z,2025-04-25T20:00:00.000Z,2.0338,daily,"{'min_index': 1.9392, 'max_index': 2.1026, 'std_dev': 0.0358, 'samples_count': 24}",H100 SXM
2025-04-26T00:00:00.000Z,2025-04-26T20:00:00.000Z,1.9416,daily,"{'min_index': 1.8952, 'max_index': 2.0715, 'std_dev': 0.0436, 'samples_count': 24}",H100 SXM
2025-04-27T00:00:00.000Z,2025-04-27T20:00:00.000Z,2.0579,daily,"{'min_index': 1.9609, 'max_index': 2.1247, 'std_dev': 0.046, 'samples_count': 24}",H100 SXM
2025-04-28T00:00:00.000Z,2025-04-28T20:00:00.000Z,1.984,daily,"{'min_index': 1.9554, 'max_index': 2.0135, 'std_dev': 0.0181, 'samples_count': 24}",H100 SXM
2025-04-29T00:00:00.000Z,2025-04-29T20:00:00.000Z,1.9541,daily,"{'min_index': 1.9087, 'max_index': 1.9919, 'std_dev': 0.0173, 'samples_count': 24}",H100 SXM
2025-04-30T00:00:00.000Z,2025-04-30T20:00:00.000Z,1.931,daily,"{'min_index': 1.8958, 'max_index': 1.9674, 'std_dev': 0.0237, 'samples_count': 24}",H100 SXM
2025-05-01T00:00:00.000Z,2025-05-01T20:00:00.000Z,1.9286,daily,"{'min_index': 1.8982, 'max_index': 1.9624, 'std_dev': 0.0167, 'samples_count': 24}",H100 SXM
2025-05-02T00:00:00.000Z,2025-05-02T20:00:00.000Z,1.9181,daily,"{'min_index': 1.8956, 'max_index': 1.9699, 'std_dev': 0.0214, 'samples_count': 24}",H100 SXM
2025-05-03T00:00:00.000Z,2025-05-03T20:00:00.000Z,1.9576,daily,"{'min_index': 1.9315, 'max_index': 2.0007, 'std_dev': 0.0142, 'samples_count': 24}",H100 SXM
2025-05-04T00:00:00.000Z,2025-05-04T20:00:00.000Z,1.9475,daily,"{'min_index': 1.9199, 'max_index': 1.9717, 'std_dev': 0.0134, 'samples_count': 24}",H100 SXM
2025-05-05T00:00:00.000Z,2025-05-05T20:00:00.000Z,1.979,daily,"{'min_index': 1.9562, 'max_index': 2.0964, 'std_dev': 0.0488, 'samples_count': 24}",H100 SXM
2025-05-06T00:00:00.000Z,2025-05-06T20:00:00.000Z,2.0485,daily,"{'min_index': 2.0103, 'max_index': 2.0776, 'std_dev': 0.015, 'samples_count': 24}",H100 SXM
2025-05-07T00:00:00.000Z,2025-05-07T20:00:00.000Z,2.0582,daily,"{'min_index': 2.0262, 'max_index': 2.0861, 'std_dev': 0.0167, 'samples_count': 24}",H100 SXM
2025-05-08T00:00:00.000Z,2025-05-08T20:00:00.000Z,2.0417,daily,"{'min_index': 2.0057, 'max_index': 2.0913, 'std_dev': 0.0238, 'samples_count': 24}",H100 SXM
2025-05-09T00:00:00.000Z,2025-05-09T20:00:00.000Z,2.0271,daily,"{'min_index': 1.9961, 'max_index': 2.066, 'std_dev': 0.0184, 'samples_count': 24}",H100 SXM
2025-05-10T00:00:00.000Z,2025-05-10T20:00:00.000Z,2.0351,daily,"{'min_index': 2.008, 'max_index': 2.0799, 'std_dev': 0.0192, 'samples_count': 24}",H100 SXM
2025-05-11T00:00:00.000Z,2025-05-11T20:00:00.000Z,2.0383,daily,"{'min_index': 2.0152, 'max_index': 2.0543, 'std_dev': 0.0086, 'samples_count': 24}",H100 SXM
2025-05-12T00:00:00.000Z,2025-05-12T20:00:00.000Z,2.0333,daily,"{'min_index': 2.0101, 'max_index': 2.0723, 'std_dev': 0.0167, 'samples_count': 24}",H100 SXM
2025-05-13T00:00:00.000Z,2025-05-13T20:00:00.000Z,2.0524,daily,"{'min_index': 2.0253, 'max_index': 2.1034, 'std_dev': 0.0194, 'samples_count': 24}",H100 SXM
2025-05-14T00:00:00.000Z,2025-05-14T20:00:00.000Z,2.0451,daily,"{'min_index': 2.0062, 'max_index': 2.0786, 'std_dev': 0.02, 'samples_count': 24}",H100 SXM
2025-05-15T00:00:00.000Z,2025-05-15T20:00:00.000Z,2.047,daily,"{'min_index': 2.0077, 'max_index': 2.1002, 'std_dev': 0.019, 'samples_count': 24}",H100 SXM
2025-05-16T00:00:00.000Z,2025-05-16T20:00:00.000Z,2.0242,daily,"{'min_index': 2.0057, 'max_index': 2.0737, 'std_dev': 0.0183, 'samples_count': 24}",H100 SXM
2025-05-17T00:00:00.000Z,2025-05-17T20:00:00.000Z,2.0458,daily,"{'min_index': 1.9997, 'max_index': 2.103, 'std_dev': 0.0246, 'samples_count': 24}",H100 SXM
2025-05-18T00:00:00.000Z,2025-05-18T20:00:00.000Z,2.0256,daily,"{'min_index': 2.0058, 'max_index': 2.0435, 'std_dev': 0.0111, 'samples_count': 24}",H100 SXM
2025-05-19T00:00:00.000Z,2025-05-19T20:00:00.000Z,2.0277,daily,"{'min_index': 2.0053, 'max_index': 2.0653, 'std_dev': 0.0152, 'samples_count': 24}",H100 SXM
2025-05-20T00:00:00.000Z,2025-05-20T20:00:00.000Z,2.0209,daily,"{'min_index': 1.989, 'max_index': 2.0538, 'std_dev': 0.0174, 'samples_count': 24}",H100 SXM
2025-05-21T00:00:00.000Z,2025-05-21T20:00:00.000Z,2.0077,daily,"{'min_index': 1.9751, 'max_index': 2.0446, 'std_dev': 0.0142, 'samples_count': 24}",H100 SXM
2025-05-22T00:00:00.000Z,2025-05-22T20:00:00.000Z,2.0248,daily,"{'min_index': 1.9858, 'max_index': 2.0594, 'std_dev': 0.0233, 'samples_count': 24}",H100 SXM
2025-05-23T00:00:00.000Z,2025-05-23T20:00:00.000Z,2.0182,daily,"{'min_index': 1.9862, 'max_index': 2.0552, 'std_dev': 0.0158, 'samples_count': 24}",H100 SXM
2025-05-24T00:00:00.000Z,2025-05-24T20:00:00.000Z,2.001,daily,"{'min_index': 1.9753, 'max_index': 2.0247, 'std_dev': 0.0139, 'samples_count': 24}",H100 SXM
2025-05-25T00:00:00.000Z,2025-05-25T20:00:00.000Z,2.0045,daily,"{'min_index': 1.9912, 'max_index': 2.042, 'std_dev': 0.0092, 'samples_count': 24}",H100 SXM
2025-05-26T00:00:00.000Z,2025-05-26T20:00:00.000Z,2.0011,daily,"{'min_index': 1.9466, 'max_index': 2.0416, 'std_dev': 0.0262, 'samples_count': 24}",H100 SXM
2025-05-27T00:00:00.000Z,2025-05-27T20:00:00.000Z,1.9891,daily,"{'min_index': 1.9568, 'max_index': 2.0334, 'std_dev': 0.0186, 'samples_count': 24}",H100 SXM
2025-05-28T00:00:00.000Z,2025-05-28T20:00:00.000Z,1.9704,daily,"{'min_index': 1.9457, 'max_index': 1.9844, 'std_dev': 0.0134, 'samples_count': 24}",H100 SXM
2025-05-29T00:00:00.000Z,2025-05-29T20:00:00.000Z,1.9512,daily,"{'min_index': 1.9436, 'max_index': 1.9538, 'std_dev': 0.003, 'samples_count': 24}",H100 SXM
2025-05-30T00:00:00.000Z,2025-05-30T20:00:00.000Z,1.9499,daily,"{'min_index': 1.9377, 'max_index': 1.9547, 'std_dev': 0.0041, 'samples_count': 24}",H100 SXM
2025-05-31T00:00:00.000Z,2025-05-31T20:00:00.000Z,1.9519,daily,"{'min_index': 1.9379, 'max_index': 1.9729, 'std_dev': 0.0081, 'samples_count': 24}",H100 SXM
2025-06-01T00:00:00.000Z,2025-06-01T20:00:00.000Z,1.9472,daily,"{'min_index': 1.9274, 'max_index': 1.9623, 'std_dev': 0.008, 'samples_count': 24}",H100 SXM
2025-06-02T00:00:00.000Z,2025-06-02T20:00:00.000Z,1.9408,daily,"{'min_index': 1.9157, 'max_index': 1.9932, 'std_dev': 0.0194, 'samples_count': 24}",H100 SXM
2025-06-03T00:00:00.000Z,2025-06-03T20:00:00.000Z,1.9294,daily,"{'min_index': 1.9028, 'max_index': 1.9618, 'std_dev': 0.0145, 'samples_count': 24}",H100 SXM
2025-06-04T00:00:00.000Z,2025-06-04T20:00:00.000Z,1.9231,daily,"{'min_index': 1.9107, 'max_index': 1.937, 'std_dev': 0.0058, 'samples_count': 24}",H100 SXM
2025-06-05T00:00:00.000Z,2025-06-05T20:00:00.000Z,1.9275,daily,"{'min_index': 1.9167, 'max_index': 1.9655, 'std_dev': 0.0108, 'samples_count': 24}",H100 SXM
2025-06-06T00:00:00.000Z,2025-06-06T20:00:00.000Z,1.9282,daily,"{'min_index': 1.9181, 'max_index': 1.9712, 'std_dev': 0.0094, 'samples_count': 24}",H100 SXM
2025-06-07T00:00:00.000Z,2025-06-07T20:00:00.000Z,1.926,daily,"{'min_index': 1.8891, 'max_index': 1.9342, 'std_dev': 0.0098, 'samples_count': 24}",H100 SXM
2025-06-08T00:00:00.000Z,2025-06-08T20:00:00.000Z,1.9371,daily,"{'min_index': 1.9263, 'max_index': 1.9799, 'std_dev': 0.013, 'samples_count': 24}",H100 SXM
2025-06-09T00:00:00.000Z,2025-06-09T20:00:00.000Z,1.9483,daily,"{'min_index': 1.9094, 'max_index': 2.0218, 'std_dev': 0.0289, 'samples_count': 24}",H100 SXM
2025-06-10T00:00:00.000Z,2025-06-10T20:00:00.000Z,1.9307,daily,"{'min_index': 1.8979, 'max_index': 1.9516, 'std_dev': 0.0132, 'samples_count': 24}",H100 SXM
2025-06-11T00:00:00.000Z,2025-06-11T20:00:00.000Z,1.952,daily,"{'min_index': 1.8894, 'max_index': 2.0419, 'std_dev': 0.0408, 'samples_count': 24}",H100 SXM
2025-06-12T00:00:00.000Z,2025-06-12T20:00:00.000Z,1.9353,daily,"{'min_index': 1.9186, 'max_index': 2.0043, 'std_dev': 0.0213, 'samples_count': 24}",H100 SXM
2025-06-13T00:00:00.000Z,2025-06-13T20:00:00.000Z,1.8832,daily,"{'min_index': 1.8453, 'max_index': 2.0008, 'std_dev': 0.0313, 'samples_count': 24}",H100 SXM
2025-06-14T00:00:00.000Z,2025-06-14T20:00:00.000Z,1.876,daily,"{'min_index': 1.8458, 'max_index': 1.9849, 'std_dev': 0.036, 'samples_count': 24}",H100 SXM
2025-06-15T00:00:00.000Z,2025-06-15T20:00:00.000Z,1.8947,daily,"{'min_index': 1.846, 'max_index': 2.0337, 'std_dev': 0.0636, 'samples_count': 24}",H100 SXM
2025-06-16T00:00:00.000Z,2025-06-16T20:00:00.000Z,1.9229,daily,"{'min_index': 1.8553, 'max_index': 2.008, 'std_dev': 0.0523, 'samples_count': 24}",H100 SXM
2025-06-17T00:00:00.000Z,2025-06-17T20:00:00.000Z,1.9097,daily,"{'min_index': 1.8675, 'max_index': 1.9987, 'std_dev': 0.0418, 'samples_count': 24}",H100 SXM
2025-06-18T00:00:00.000Z,2025-06-18T20:00:00.000Z,1.9237,daily,"{'min_index': 1.866, 'max_index': 2.008, 'std_dev': 0.0365, 'samples_count': 24}",H100 SXM
2025-06-19T00:00:00.000Z,2025-06-19T20:00:00.000Z,1.9201,daily,"{'min_index': 1.8555, 'max_index': 2.0336, 'std_dev': 0.035, 'samples_count': 24}",H100 SXM
2025-06-20T00:00:00.000Z,2025-06-20T20:00:00.000Z,1.9339,daily,"{'min_index': 1.84, 'max_index': 2.0604, 'std_dev': 0.054, 'samples_count': 24}",H100 SXM
2025-06-21T00:00:00.000Z,2025-06-21T20:00:00.000Z,1.9359,daily,"{'min_index': 1.8161, 'max_index': 2.0225, 'std_dev': 0.0598, 'samples_count': 24}",H100 SXM
2025-06-22T00:00:00.000Z,2025-06-22T20:00:00.000Z,1.8802,daily,"{'min_index': 1.8159, 'max_index': 1.9472, 'std_dev': 0.0398, 'samples_count': 24}",H100 SXM
2025-06-23T00:00:00.000Z,2025-06-23T20:00:00.000Z,1.8673,daily,"{'min_index': 1.8353, 'max_index': 1.9137, 'std_dev': 0.0229, 'samples_count': 24}",H100 SXM
2025-06-24T00:00:00.000Z,2025-06-24T20:00:00.000Z,1.8907,daily,"{'min_index': 1.8063, 'max_index': 1.9969, 'std_dev': 0.0392, 'samples_count': 24}",H100 SXM
2025-06-25T00:00:00.000Z,2025-06-25T20:00:00.000Z,1.8744,daily,"{'min_index': 1.8196, 'max_index': 2.0192, 'std_dev': 0.0491, 'samples_count': 24}",H100 SXM
2025-06-26T00:00:00.000Z,2025-06-26T20:00:00.000Z,1.9483,daily,"{'min_index': 1.9055, 'max_index': 2.024, 'std_dev': 0.0412, 'samples_count': 24}",H100 SXM
2025-06-27T00:00:00.000Z,2025-06-27T20:00:00.000Z,1.9266,daily,"{'min_index': 1.9052, 'max_index': 2.0113, 'std_dev': 0.0355, 'samples_count': 24}",H100 SXM
2025-06-28T00:00:00.000Z,2025-06-28T20:00:00.000Z,1.968,daily,"{'min_index': 1.9123, 'max_index': 1.9818, 'std_dev': 0.0218, 'samples_count': 24}",H100 SXM
2025-06-29T00:00:00.000Z,2025-06-29T20:00:00.000Z,1.9309,daily,"{'min_index': 1.9009, 'max_index': 1.9816, 'std_dev': 0.0221, 'samples_count': 24}",H100 SXM
2025-06-30T00:00:00.000Z,2025-06-30T20:00:00.000Z,1.9046,daily,"{'min_index': 1.879, 'max_index': 1.9254, 'std_dev': 0.0096, 'samples_count': 24}",H100 SXM
2025-07-01T00:00:00.000Z,2025-07-01T20:00:00.000Z,1.9058,daily,"{'min_index': 1.8844, 'max_index': 1.9411, 'std_dev': 0.0114, 'samples_count': 24}",H100 SXM
2025-07-02T00:00:00.000Z,2025-07-02T20:00:00.000Z,1.8842,daily,"{'min_index': 1.8415, 'max_index': 1.9395, 'std_dev': 0.025, 'samples_count': 24}",H100 SXM
2025-07-03T00:00:00.000Z,2025-07-03T20:00:00.000Z,1.9128,daily,"{'min_index': 1.8971, 'max_index': 1.9723, 'std_dev': 0.0266, 'samples_count': 24}",H100 SXM
2025-07-04T00:00:00.000Z,2025-07-04T20:00:00.000Z,1.9074,daily,"{'min_index': 1.8854, 'max_index': 1.9248, 'std_dev': 0.0118, 'samples_count': 24}",H100 SXM
2025-07-05T00:00:00.000Z,2025-07-05T20:00:00.000Z,1.882,daily,"{'min_index': 1.851, 'max_index': 1.921, 'std_dev': 0.019, 'samples_count': 24}",H100 SXM
2025-07-06T00:00:00.000Z,2025-07-06T20:00:00.000Z,1.891,daily,"{'min_index': 1.8675, 'max_index': 1.9487, 'std_dev': 0.0173, 'samples_count': 24}",H100 SXM
2025-07-07T00:00:00.000Z,2025-07-07T20:00:00.000Z,1.872,daily,"{'min_index': 1.8461, 'max_index': 1.9079, 'std_dev': 0.0165, 'samples_count': 24}",H100 SXM
2025-07-08T00:00:00.000Z,2025-07-08T20:00:00.000Z,1.8745,daily,"{'min_index': 1.8459, 'max_index': 1.9189, 'std_dev': 0.0168, 'samples_count': 24}",H100 SXM
2025-07-09T00:00:00.000Z,2025-07-09T20:00:00.000Z,1.865,daily,"{'min_index': 1.8265, 'max_index': 1.9078, 'std_dev': 0.0169, 'samples_count': 24}",H100 SXM
2025-07-10T00:00:00.000Z,2025-07-10T20:00:00.000Z,1.834,daily,"{'min_index': 1.8054, 'max_index': 1.8597, 'std_dev': 0.0189, 'samples_count': 24}",H100 SXM
2025-07-11T00:00:00.000Z,2025-07-11T20:00:00.000Z,1.8364,daily,"{'min_index': 1.8221, 'max_index': 1.8645, 'std_dev': 0.0081, 'samples_count': 24}",H100 SXM
2025-07-12T00:00:00.000Z,2025-07-12T20:00:00.000Z,1.8599,daily,"{'min_index': 1.8387, 'max_index': 1.9765, 'std_dev': 0.0321, 'samples_count': 24}",H100 SXM
2025-07-13T00:00:00.000Z,2025-07-13T20:00:00.000Z,1.8484,daily,"{'min_index': 1.8356, 'max_index': 1.9274, 'std_dev': 0.0203, 'samples_count': 24}",H100 SXM
2025-07-14T00:00:00.000Z,2025-07-14T20:00:00.000Z,1.8692,daily,"{'min_index': 1.7943, 'max_index': 1.9292, 'std_dev': 0.0338, 'samples_count': 24}",H100 SXM
2025-07-15T00:00:00.000Z,2025-07-15T20:00:00.000Z,1.7976,daily,"{'min_index': 1.7705, 'max_index': 1.8981, 'std_dev': 0.0301, 'samples_count': 24}",H100 SXM
2025-07-16T00:00:00.000Z,2025-07-16T20:00:00.000Z,1.8475,daily,"{'min_index': 1.7878, 'max_index': 1.9258, 'std_dev': 0.0442, 'samples_count': 24}",H100 SXM
2025-07-17T00:00:00.000Z,2025-07-17T20:00:00.000Z,1.8229,daily,"{'min_index': 1.7867, 'max_index': 1.9316, 'std_dev': 0.0494, 'samples_count': 24}",H100 SXM
2025-07-18T00:00:00.000Z,2025-07-18T20:00:00.000Z,1.8547,daily,"{'min_index': 1.7857, 'max_index': 1.9338, 'std_dev': 0.0608, 'samples_count': 24}",H100 SXM
2025-07-19T00:00:00.000Z,2025-07-19T20:00:00.000Z,1.7913,daily,"{'min_index': 1.786, 'max_index': 1.8061, 'std_dev': 0.0046, 'samples_count': 24}",H100 SXM
2025-07-20T00:00:00.000Z,2025-07-20T20:00:00.000Z,1.7908,daily,"{'min_index': 1.774, 'max_index': 1.7947, 'std_dev': 0.0047, 'samples_count': 24}",H100 SXM
2025-07-21T00:00:00.000Z,2025-07-21T20:00:00.000Z,1.7639,daily,"{'min_index': 1.7261, 'max_index': 1.8024, 'std_dev': 0.0266, 'samples_count': 24}",H100 SXM
2025-07-22T00:00:00.000Z,2025-07-22T20:00:00.000Z,1.8053,daily,"{'min_index': 1.7871, 'max_index': 1.8488, 'std_dev': 0.0189, 'samples_count': 24}",H100 SXM
2025-07-23T00:00:00.000Z,2025-07-23T20:00:00.000Z,1.8241,daily,"{'min_index': 1.7604, 'max_index': 1.8558, 'std_dev': 0.0235, 'samples_count': 24}",H100 SXM
2025-07-24T00:00:00.000Z,2025-07-24T20:00:00.000Z,1.7967,daily,"{'min_index': 1.7567, 'max_index': 1.858, 'std_dev': 0.0304, 'samples_count': 24}",H100 SXM
2025-07-25T00:00:00.000Z,2025-07-25T20:00:00.000Z,1.8322,daily,"{'min_index': 1.8027, 'max_index': 1.894, 'std_dev': 0.029, 'samples_count': 24}",H100 SXM
2025-07-26T00:00:00.000Z,2025-07-26T20:00:00.000Z,1.8895,daily,"{'min_index': 1.8386, 'max_index': 1.9137, 'std_dev': 0.0179, 'samples_count': 24}",H100 SXM
2025-07-27T00:00:00.000Z,2025-07-27T20:00:00.000Z,1.8908,daily,"{'min_index': 1.8372, 'max_index': 1.9238, 'std_dev': 0.0212, 'samples_count': 24}",H100 SXM
2025-07-28T00:00:00.000Z,2025-07-28T20:00:00.000Z,1.8363,daily,"{'min_index': 1.7852, 'max_index': 1.9119, 'std_dev': 0.0371, 'samples_count': 24}",H100 SXM
2025-07-29T00:00:00.000Z,2025-07-29T20:00:00.000Z,1.7963,daily,"{'min_index': 1.7851, 'max_index': 1.8255, 'std_dev': 0.009, 'samples_count': 24}",H100 SXM
2025-07-30T00:00:00.000Z,2025-07-30T20:00:00.000Z,1.812,daily,"{'min_index': 1.7866, 'max_index': 1.8859, 'std_dev': 0.0264, 'samples_count': 24}",H100 SXM
2025-07-31T00:00:00.000Z,2025-07-31T20:00:00.000Z,1.7949,daily,"{'min_index': 1.7756, 'max_index': 1.8451, 'std_dev': 0.0137, 'samples_count': 24}",H100 SXM
2025-08-01T00:00:00.000Z,2025-08-01T20:00:00.000Z,1.8109,daily,"{'min_index': 1.7858, 'max_index': 1.8477, 'std_dev': 0.0199, 'samples_count': 24}",H100 SXM
2025-08-02T00:00:00.000Z,2025-08-02T20:00:00.000Z,1.8315,daily,"{'min_index': 1.7859, 'max_index': 1.8629, 'std_dev': 0.0304, 'samples_count': 24}",H100 SXM
2025-08-03T00:00:00.000Z,2025-08-03T20:00:00.000Z,1.8561,daily,"{'min_index': 1.7937, 'max_index': 1.92, 'std_dev': 0.0294, 'samples_count': 24}",H100 SXM
2025-08-04T00:00:00.000Z,2025-08-04T20:00:00.000Z,1.8519,daily,"{'min_index': 1.7895, 'max_index': 1.9161, 'std_dev': 0.0353, 'samples_count': 24}",H100 SXM
2025-08-05T00:00:00.000Z,2025-08-05T20:00:00.000Z,1.8586,daily,"{'min_index': 1.7885, 'max_index': 1.9159, 'std_dev': 0.0325, 'samples_count': 24}",H100 SXM
2025-08-06T00:00:00.000Z,2025-08-06T20:00:00.000Z,1.8267,daily,"{'min_index': 1.7853, 'max_index': 1.9243, 'std_dev': 0.0422, 'samples_count': 24}",H100 SXM
2025-08-07T00:00:00.000Z,2025-08-07T20:00:00.000Z,1.9212,daily,"{'min_index': 1.9159, 'max_index': 1.9573, 'std_dev': 0.0114, 'samples_count': 24}",H100 SXM
2025-08-08T00:00:00.000Z,2025-08-08T20:00:00.000Z,1.8919,daily,"{'min_index': 1.826, 'max_index': 1.9493, 'std_dev': 0.0381, 'samples_count': 24}",H100 SXM
2025-08-09T00:00:00.000Z,2025-08-09T20:00:00.000Z,1.8616,daily,"{'min_index': 1.8555, 'max_index': 1.8833, 'std_dev': 0.0059, 'samples_count': 24}",H100 SXM
2025-08-10T00:00:00.000Z,2025-08-10T20:00:00.000Z,1.8869,daily,"{'min_index': 1.8589, 'max_index': 1.9556, 'std_dev': 0.0307, 'samples_count': 24}",H100 SXM
2025-08-11T00:00:00.000Z,2025-08-11T20:00:00.000Z,1.8975,daily,"{'min_index': 1.8563, 'max_index': 1.9541, 'std_dev': 0.0307, 'samples_count': 24}",H100 SXM
2025-08-12T00:00:00.000Z,2025-08-12T20:00:00.000Z,1.9141,daily,"{'min_index': 1.891, 'max_index': 1.9392, 'std_dev': 0.0103, 'samples_count': 24}",H100 SXM
2025-08-13T00:00:00.000Z,2025-08-13T20:00:00.000Z,1.8954,daily,"{'min_index': 1.8571, 'max_index': 1.9338, 'std_dev': 0.0296, 'samples_count': 24}",H100 SXM
2025-08-14T00:00:00.000Z,2025-08-14T20:00:00.000Z,1.9317,daily,"{'min_index': 1.9127, 'max_index': 1.9436, 'std_dev': 0.0068, 'samples_count': 24}",H100 SXM
2025-08-15T00:00:00.000Z,2025-08-15T20:00:00.000Z,1.9329,daily,"{'min_index': 1.9257, 'max_index': 1.9517, 'std_dev': 0.0065, 'samples_count': 24}",H100 SXM
2025-08-16T00:00:00.000Z,2025-08-16T20:00:00.000Z,1.9402,daily,"{'min_index': 1.9253, 'max_index': 1.9544, 'std_dev': 0.0088, 'samples_count': 24}",H100 SXM
2025-08-17T00:00:00.000Z,2025-08-17T20:00:00.000Z,1.9345,daily,"{'min_index': 1.9257, 'max_index': 1.9495, 'std_dev': 0.0058, 'samples_count': 24}",H100 SXM
2025-08-18T00:00:00.000Z,2025-08-18T20:00:00.000Z,1.9422,daily,"{'min_index': 1.926, 'max_index': 1.9744, 'std_dev': 0.0121, 'samples_count': 24}",H100 SXM
2025-08-19T00:00:00.000Z,2025-08-19T20:00:00.000Z,1.9395,daily,"{'min_index': 1.896, 'max_index': 1.9625, 'std_dev': 0.0144, 'samples_count': 24}",H100 SXM
2025-08-20T00:00:00.000Z,2025-08-20T20:00:00.000Z,1.9624,daily,"{'min_index': 1.926, 'max_index': 1.9845, 'std_dev': 0.0167, 'samples_count': 24}",H100 SXM
2025-08-21T00:00:00.000Z,2025-08-21T20:00:00.000Z,1.9628,daily,"{'min_index': 1.9221, 'max_index': 1.9987, 'std_dev': 0.0155, 'samples_count': 24}",H100 SXM
2025-08-22T00:00:00.000Z,2025-08-22T20:00:00.000Z,1.9815,daily,"{'min_index': 1.9479, 'max_index': 2.0048, 'std_dev': 0.0183, 'samples_count': 24}",H100 SXM
2025-08-23T00:00:00.000Z,2025-08-23T20:00:00.000Z,1.9652,daily,"{'min_index': 1.9353, 'max_index': 2.0013, 'std_dev': 0.0175, 'samples_count': 24}",H100 SXM
2025-08-24T00:00:00.000Z,2025-08-24T20:00:00.000Z,1.9517,daily,"{'min_index': 1.9362, 'max_index': 1.9847, 'std_dev': 0.0146, 'samples_count': 24}",H100 SXM
2025-08-25T00:00:00.000Z,2025-08-25T20:00:00.000Z,1.9491,daily,"{'min_index': 1.9304, 'max_index': 1.983, 'std_dev': 0.0127, 'samples_count': 24}",H100 SXM
2025-08-26T00:00:00.000Z,2025-08-26T20:00:00.000Z,1.9665,daily,"{'min_index': 1.9408, 'max_index': 2.004, 'std_dev': 0.017, 'samples_count': 24}",H100 SXM
2025-08-27T00:00:00.000Z,2025-08-27T20:00:00.000Z,1.9631,daily,"{'min_index': 1.936, 'max_index': 1.9846, 'std_dev': 0.0149, 'samples_count': 24}",H100 SXM
2025-08-28T00:00:00.000Z,2025-08-28T20:00:00.000Z,1.9748,daily,"{'min_index': 1.9597, 'max_index': 1.9917, 'std_dev': 0.0079, 'samples_count': 24}",H100 SXM
2025-08-29T00:00:00.000Z,2025-08-29T20:00:00.000Z,1.9863,daily,"{'min_index': 1.9577, 'max_index': 1.9992, 'std_dev': 0.0107, 'samples_count': 24}",H100 SXM
2025-08-30T00:00:00.000Z,2025-08-30T20:00:00.000Z,1.9839,daily,"{'min_index': 1.9614, 'max_index': 2.0033, 'std_dev': 0.0106, 'samples_count': 24}",H100 SXM
2025-08-31T00:00:00.000Z,2025-08-31T20:00:00.000Z,1.9869,daily,"{'min_index': 1.9736, 'max_index': 2.0024, 'std_dev': 0.0081, 'samples_count': 24}",H100 SXM
2025-09-01T00:00:00.000Z,2025-09-01T20:00:00.000Z,1.9813,daily,"{'min_index': 1.9723, 'max_index': 1.9958, 'std_dev': 0.0052, 'samples_count': 24}",H100 SXM
2025-09-02T00:00:00.000Z,2025-09-02T20:00:00.000Z,1.9808,daily,"{'min_index': 1.9759, 'max_index': 1.9848, 'std_dev': 0.0033, 'samples_count': 24}",H100 SXM
2025-09-03T00:00:00.000Z,2025-09-03T20:00:00.000Z,1.9698,daily,"{'min_index': 1.9383, 'max_index': 1.9879, 'std_dev': 0.0134, 'samples_count': 24}",H100 SXM
2025-09-04T00:00:00.000Z,2025-09-04T20:00:00.000Z,1.9797,daily,"{'min_index': 1.9606, 'max_index': 1.9943, 'std_dev': 0.0094, 'samples_count': 24}",H100 SXM
2025-09-05T00:00:00.000Z,2025-09-05T20:00:00.000Z,1.9883,daily,"{'min_index': 1.9756, 'max_index': 2.034, 'std_dev': 0.0121, 'samples_count': 24}",H100 SXM
2025-09-06T00:00:00.000Z,2025-09-06T20:00:00.000Z,1.9809,daily,"{'min_index': 1.9624, 'max_index': 1.998, 'std_dev': 0.0084, 'samples_count': 24}",H100 SXM
2025-09-07T00:00:00.000Z,2025-09-07T20:00:00.000Z,1.9699,daily,"{'min_index': 1.9383, 'max_index': 2, 'std_dev': 0.0187, 'samples_count': 24}",H100 SXM
2025-09-08T00:00:00.000Z,2025-09-08T20:00:00.000Z,1.9633,daily,"{'min_index': 1.9359, 'max_index': 1.9845, 'std_dev': 0.0122, 'samples_count': 24}",H100 SXM
2025-09-09T00:00:00.000Z,2025-09-09T20:00:00.000Z,1.9503,daily,"{'min_index': 1.9245, 'max_index': 1.984, 'std_dev': 0.0135, 'samples_count': 24}",H100 SXM
2025-09-10T00:00:00.000Z,2025-09-10T20:00:00.000Z,1.953,daily,"{'min_index': 1.9452, 'max_index': 1.9823, 'std_dev': 0.0105, 'samples_count': 24}",H100 SXM
2025-09-11T00:00:00.000Z,2025-09-11T20:00:00.000Z,1.9668,daily,"{'min_index': 1.9258, 'max_index': 1.9834, 'std_dev': 0.0187, 'samples_count': 24}",H100 SXM
2025-09-12T00:00:00.000Z,2025-09-12T20:00:00.000Z,1.9577,daily,"{'min_index': 1.9462, 'max_index': 1.9785, 'std_dev': 0.0083, 'samples_count': 24}",H100 SXM
2025-09-13T00:00:00.000Z,2025-09-13T20:00:00.000Z,1.957,daily,"{'min_index': 1.8889, 'max_index': 1.984, 'std_dev': 0.0253, 'samples_count': 24}",H100 SXM
2025-09-14T00:00:00.000Z,2025-09-14T20:00:00.000Z,1.9111,daily,"{'min_index': 1.8631, 'max_index': 1.9482, 'std_dev': 0.0206, 'samples_count': 24}",H100 SXM
2025-09-15T00:00:00.000Z,2025-09-15T20:00:00.000Z,1.9279,daily,"{'min_index': 1.8887, 'max_index': 1.9707, 'std_dev': 0.0215, 'samples_count': 24}",H100 SXM
2025-09-16T00:00:00.000Z,2025-09-16T20:00:00.000Z,1.9662,daily,"{'min_index': 1.9308, 'max_index': 2.0036, 'std_dev': 0.0202, 'samples_count': 24}",H100 SXM
2025-09-17T00:00:00.000Z,2025-09-17T20:00:00.000Z,1.9629,daily,"{'min_index': 1.9458, 'max_index': 1.9824, 'std_dev': 0.0113, 'samples_count': 24}",H100 SXM
2025-09-18T00:00:00.000Z,2025-09-18T20:00:00.000Z,1.9381,daily,"{'min_index': 1.8647, 'max_index': 1.9534, 'std_dev': 0.0222, 'samples_count': 24}",H100 SXM
2025-09-19T00:00:00.000Z,2025-09-19T20:00:00.000Z,1.9166,daily,"{'min_index': 1.8797, 'max_index': 1.9478, 'std_dev': 0.0169, 'samples_count': 24}",H100 SXM
2025-09-20T00:00:00.000Z,2025-09-20T20:00:00.000Z,1.9299,daily,"{'min_index': 1.9251, 'max_index': 1.9446, 'std_dev': 0.0042, 'samples_count': 24}",H100 SXM
2025-09-21T00:00:00.000Z,2025-09-21T20:00:00.000Z,1.927,daily,"{'min_index': 1.8599, 'max_index': 1.954, 'std_dev': 0.0272, 'samples_count': 24}",H100 SXM
2025-09-22T00:00:00.000Z,2025-09-22T20:00:00.000Z,1.9485,daily,"{'min_index': 1.9213, 'max_index': 1.973, 'std_dev': 0.009, 'samples_count': 24}",H100 SXM
2025-09-23T00:00:00.000Z,2025-09-23T20:00:00.000Z,1.9428,daily,"{'min_index': 1.9247, 'max_index': 1.9516, 'std_dev': 0.008, 'samples_count': 24}",H100 SXM
2025-09-24T00:00:00.000Z,2025-09-24T20:00:00.000Z,1.9494,daily,"{'min_index': 1.9289, 'max_index': 1.9736, 'std_dev': 0.0115, 'samples_count': 24}",H100 SXM
2025-09-25T00:00:00.000Z,2025-09-25T20:00:00.000Z,1.9583,daily,"{'min_index': 1.9458, 'max_index': 1.9649, 'std_dev': 0.0055, 'samples_count': 24}",H100 SXM
2025-09-26T00:00:00.000Z,2025-09-26T20:00:00.000Z,1.9516,daily,"{'min_index': 1.9366, 'max_index': 1.962, 'std_dev': 0.0059, 'samples_count': 24}",H100 SXM
2025-09-27T00:00:00.000Z,2025-09-27T20:00:00.000Z,1.9308,daily,"{'min_index': 1.9094, 'max_index': 1.9454, 'std_dev': 0.0117, 'samples_count': 24}",H100 SXM
2025-09-28T00:00:00.000Z,2025-09-28T20:00:00.000Z,1.925,daily,"{'min_index': 1.906, 'max_index': 1.9677, 'std_dev': 0.0148, 'samples_count': 24}",H100 SXM
2025-09-29T00:00:00.000Z,2025-09-29T20:00:00.000Z,1.9423,daily,"{'min_index': 1.9118, 'max_index': 1.9724, 'std_dev': 0.0165, 'samples_count': 24}",H100 SXM
2025-09-30T00:00:00.000Z,2025-09-30T20:00:00.000Z,1.9316,daily,"{'min_index': 1.8633, 'max_index': 1.9523, 'std_dev': 0.0239, 'samples_count': 24}",H100 SXM
2025-10-01T00:00:00.000Z,2025-10-01T20:00:00.000Z,1.8859,daily,"{'min_index': 1.8575, 'max_index': 1.9096, 'std_dev': 0.0162, 'samples_count': 24}",H100 SXM
2025-10-02T00:00:00.000Z,2025-10-02T20:00:00.000Z,1.8874,daily,"{'min_index': 1.8284, 'max_index': 1.9106, 'std_dev': 0.022, 'samples_count': 24}",H100 SXM
2025-10-03T00:00:00.000Z,2025-10-03T20:00:00.000Z,1.9088,daily,"{'min_index': 1.856, 'max_index': 1.9348, 'std_dev': 0.0238, 'samples_count': 24}",H100 SXM
2025-10-04T00:00:00.000Z,2025-10-04T20:00:00.000Z,1.9272,daily,"{'min_index': 1.921, 'max_index': 1.9432, 'std_dev': 0.0048, 'samples_count': 24}",H100 SXM
2025-10-05T00:00:00.000Z,2025-10-05T20:00:00.000Z,1.9185,daily,"{'min_index': 1.8954, 'max_index': 1.94, 'std_dev': 0.0141, 'samples_count': 24}",H100 SXM
2025-10-06T00:00:00.000Z,2025-10-06T20:00:00.000Z,1.9214,daily,"{'min_index': 1.8969, 'max_index': 1.9525, 'std_dev': 0.0181, 'samples_count': 24}",H100 SXM
2025-10-07T00:00:00.000Z,2025-10-07T20:00:00.000Z,1.9444,daily,"{'min_index': 1.927, 'max_index': 1.9741, 'std_dev': 0.0097, 'samples_count': 24}",H100 SXM
2025-10-08T00:00:00.000Z,2025-10-08T20:00:00.000Z,1.9427,daily,"{'min_index': 1.9247, 'max_index': 1.9996, 'std_dev': 0.0147, 'samples_count': 24}",H100 SXM
2025-10-09T00:00:00.000Z,2025-10-09T20:00:00.000Z,1.9539,daily,"{'min_index': 1.9258, 'max_index': 2.0177, 'std_dev': 0.0305, 'samples_count': 24}",H100 SXM
2025-10-10T00:00:00.000Z,2025-10-10T20:00:00.000Z,1.9506,daily,"{'min_index': 1.9257, 'max_index': 2.0513, 'std_dev': 0.0358, 'samples_count': 24}",H100 SXM
2025-10-11T00:00:00.000Z,2025-10-11T20:00:00.000Z,1.9651,daily,"{'min_index': 1.9162, 'max_index': 2.0027, 'std_dev': 0.0211, 'samples_count': 24}",H100 SXM
2025-10-12T00:00:00.000Z,2025-10-12T20:00:00.000Z,1.9479,daily,"{'min_index': 1.9164, 'max_index': 2.0167, 'std_dev': 0.0274, 'samples_count': 24}",H100 SXM
2025-10-13T00:00:00.000Z,2025-10-13T20:00:00.000Z,1.9183,daily,"{'min_index': 1.8879, 'max_index': 1.9615, 'std_dev': 0.0171, 'samples_count': 24}",H100 SXM
2025-10-14T00:00:00.000Z,2025-10-14T20:00:00.000Z,1.9285,daily,"{'min_index': 1.9105, 'max_index': 1.9545, 'std_dev': 0.0143, 'samples_count': 24}",H100 SXM
2025-10-15T00:00:00.000Z,2025-10-15T20:00:00.000Z,1.9096,daily,"{'min_index': 1.8705, 'max_index': 1.9362, 'std_dev': 0.0194, 'samples_count': 24}",H100 SXM
2025-10-16T00:00:00.000Z,2025-10-16T20:00:00.000Z,1.8243,daily,"{'min_index': 1.6873, 'max_index': 1.8905, 'std_dev': 0.0753, 'samples_count': 24}",H100 SXM
2025-10-17T00:00:00.000Z,2025-10-17T20:00:00.000Z,1.863,daily,"{'min_index': 1.6783, 'max_index': 1.93, 'std_dev': 0.0705, 'samples_count': 24}",H100 SXM
2025-10-18T00:00:00.000Z,2025-10-18T20:00:00.000Z,1.832,daily,"{'min_index': 1.6906, 'max_index': 1.9035, 'std_dev': 0.0466, 'samples_count': 24}",H100 SXM
2025-10-19T00:00:00.000Z,2025-10-19T20:00:00.000Z,1.8742,daily,"{'min_index': 1.6752, 'max_index': 1.8845, 'std_dev': 0.0531, 'samples_count': 24}",H100 SXM
2025-10-20T00:00:00.000Z,2025-10-20T20:00:00.000Z,1.8444,daily,"{'min_index': 1.6751, 'max_index': 1.9134, 'std_dev': 0.0653, 'samples_count': 24}",H100 SXM
2025-10-21T00:00:00.000Z,2025-10-21T20:00:00.000Z,1.8837,daily,"{'min_index': 1.8662, 'max_index': 1.9393, 'std_dev': 0.0208, 'samples_count': 24}",H100 SXM
2025-10-22T00:00:00.000Z,2025-10-22T20:00:00.000Z,1.8909,daily,"{'min_index': 1.8653, 'max_index': 1.9249, 'std_dev': 0.0188, 'samples_count': 24}",H100 SXM
2025-10-23T00:00:00.000Z,2025-10-23T20:00:00.000Z,1.8833,daily,"{'min_index': 1.8562, 'max_index': 1.9011, 'std_dev': 0.0111, 'samples_count': 24}",H100 SXM
2025-10-24T00:00:00.000Z,2025-10-24T20:00:00.000Z,1.8742,daily,"{'min_index': 1.8487, 'max_index': 1.8878, 'std_dev': 0.0074, 'samples_count': 24}",H100 SXM
2025-10-25T00:00:00.000Z,2025-10-25T20:00:00.000Z,1.8467,daily,"{'min_index': 1.8155, 'max_index': 1.8736, 'std_dev': 0.0198, 'samples_count': 24}",H100 SXM
2025-10-26T00:00:00.000Z,2025-10-26T20:00:00.000Z,1.8574,daily,"{'min_index': 1.8303, 'max_index': 1.8742, 'std_dev': 0.0148, 'samples_count': 24}",H100 SXM
2025-10-27T00:00:00.000Z,2025-10-27T20:00:00.000Z,1.8693,daily,"{'min_index': 1.8455, 'max_index': 1.8747, 'std_dev': 0.0063, 'samples_count': 24}",H100 SXM
2025-10-28T00:00:00.000Z,2025-10-28T20:00:00.000Z,1.9074,daily,"{'min_index': 1.8706, 'max_index': 1.9348, 'std_dev': 0.0226, 'samples_count': 24}",H100 SXM
2025-10-29T00:00:00.000Z,2025-10-29T20:00:00.000Z,1.9273,daily,"{'min_index': 1.8795, 'max_index': 1.9345, 'std_dev': 0.0137, 'samples_count': 24}",H100 SXM
2025-10-30T00:00:00.000Z,2025-10-30T20:00:00.000Z,1.9198,daily,"{'min_index': 1.8897, 'max_index': 1.9348, 'std_dev': 0.012, 'samples_count': 24}",H100 SXM
2025-10-31T00:00:00.000Z,2025-10-31T20:00:00.000Z,1.9272,daily,"{'min_index': 1.8677, 'max_index': 1.9341, 'std_dev': 0.0209, 'samples_count': 24}",H100 SXM
2025-11-01T00:00:00.000Z,2025-11-01T20:00:00.000Z,1.8742,daily,"{'min_index': 1.8564, 'max_index': 1.8981, 'std_dev': 0.011, 'samples_count': 24}",H100 SXM
2025-11-02T00:00:00.000Z,2025-11-02T21:00:00.000Z,1.8995,daily,"{'min_index': 1.8464, 'max_index': 1.9346, 'std_dev': 0.027, 'samples_count': 24}",H100 SXM
2025-11-03T00:00:00.000Z,2025-11-03T21:00:00.000Z,1.8996,daily,"{'min_index': 1.8632, 'max_index': 1.9348, 'std_dev': 0.0236, 'samples_count': 24}",H100 SXM
2025-11-04T00:00:00.000Z,2025-11-04T21:00:00.000Z,1.868,daily,"{'min_index': 1.8253, 'max_index': 1.9239, 'std_dev': 0.0273, 'samples_count': 24}",H100 SXM
2025-11-05T00:00:00.000Z,2025-11-05T21:00:00.000Z,1.8935,daily,"{'min_index': 1.8736, 'max_index': 1.9314, 'std_dev': 0.0126, 'samples_count': 24}",H100 SXM
2025-11-06T00:00:00.000Z,2025-11-06T21:00:00.000Z,1.8857,daily,"{'min_index': 1.8378, 'max_index': 1.9239, 'std_dev': 0.0283, 'samples_count': 24}",H100 SXM
2025-11-07T00:00:00.000Z,2025-11-07T21:00:00.000Z,1.854,daily,"{'min_index': 1.8285, 'max_index': 1.9198, 'std_dev': 0.0195, 'samples_count': 24}",H100 SXM
2025-11-08T00:00:00.000Z,2025-11-08T21:00:00.000Z,1.8431,daily,"{'min_index': 1.8281, 'max_index': 1.8805, 'std_dev': 0.0153, 'samples_count': 24}",H100 SXM
2025-11-09T00:00:00.000Z,2025-11-09T21:00:00.000Z,1.8531,daily,"{'min_index': 1.8286, 'max_index': 1.8934, 'std_dev': 0.0191, 'samples_count': 24}",H100 SXM
2025-11-10T00:00:00.000Z,2025-11-10T21:00:00.000Z,1.8566,daily,"{'min_index': 1.8262, 'max_index': 1.9118, 'std_dev': 0.0303, 'samples_count': 24}",H100 SXM
2025-11-11T00:00:00.000Z,2025-11-11T21:00:00.000Z,1.8703,daily,"{'min_index': 1.8447, 'max_index': 1.8914, 'std_dev': 0.011, 'samples_count': 24}",H100 SXM
2025-11-12T00:00:00.000Z,2025-11-12T21:00:00.000Z,1.869,daily,"{'min_index': 1.8486, 'max_index': 1.8986, 'std_dev': 0.01, 'samples_count': 24}",H100 SXM
2025-11-13T00:00:00.000Z,2025-11-13T21:00:00.000Z,1.8759,daily,"{'min_index': 1.8658, 'max_index': 1.9319, 'std_dev': 0.02, 'samples_count': 24}",H100 SXM
2025-11-14T00:00:00.000Z,2025-11-14T21:00:00.000Z,1.909,daily,"{'min_index': 1.8686, 'max_index': 1.9329, 'std_dev': 0.0177, 'samples_count': 24}",H100 SXM
2025-11-15T00:00:00.000Z,2025-11-15T21:00:00.000Z,1.8726,daily,"{'min_index': 1.8654, 'max_index': 1.9129, 'std_dev': 0.0125, 'samples_count': 24}",H100 SXM
2025-11-16T00:00:00.000Z,2025-11-16T21:00:00.000Z,1.8872,daily,"{'min_index': 1.8565, 'max_index': 1.9044, 'std_dev': 0.0143, 'samples_count': 24}",H100 SXM
2025-11-17T00:00:00.000Z,2025-11-17T21:00:00.000Z,1.8651,daily,"{'min_index': 1.8067, 'max_index': 1.9127, 'std_dev': 0.0254, 'samples_count': 24}",H100 SXM
2025-11-18T00:00:00.000Z,2025-11-18T21:00:00.000Z,1.8705,daily,"{'min_index': 1.7856, 'max_index': 1.9146, 'std_dev': 0.0465, 'samples_count': 24}",H100 SXM
2025-11-19T00:00:00.000Z,2025-11-19T21:00:00.000Z,1.8708,daily,"{'min_index': 1.7903, 'max_index': 1.9115, 'std_dev': 0.0443, 'samples_count': 24}",H100 SXM
2025-11-20T00:00:00.000Z,2025-11-20T21:00:00.000Z,1.8762,daily,"{'min_index': 1.7944, 'max_index': 1.9148, 'std_dev': 0.037, 'samples_count': 24}",H100 SXM
2025-11-21T00:00:00.000Z,2025-11-21T21:00:00.000Z,1.9082,daily,"{'min_index': 1.8792, 'max_index': 1.9246, 'std_dev': 0.0128, 'samples_count': 24}",H100 SXM
2025-11-22T00:00:00.000Z,2025-11-22T21:00:00.000Z,1.829,daily,"{'min_index': 1.7686, 'max_index': 1.9026, 'std_dev': 0.0388, 'samples_count': 24}",H100 SXM
2025-11-23T00:00:00.000Z,2025-11-23T21:00:00.000Z,1.8254,daily,"{'min_index': 1.756, 'max_index': 1.8948, 'std_dev': 0.0401, 'samples_count': 22}",H100 SXM
2025-11-24T00:00:00.000Z,2025-11-24T21:00:00.000Z,1.8517,daily,"{'min_index': 1.7597, 'max_index': 1.9139, 'std_dev': 0.0517, 'samples_count': 24}",H100 SXM
2025-11-25T00:00:00.000Z,2025-11-25T21:00:00.000Z,1.8592,daily,"{'min_index': 1.7781, 'max_index': 1.9132, 'std_dev': 0.0421, 'samples_count': 24}",H100 SXM
2025-11-26T00:00:00.000Z,2025-11-26T22:00:00.000Z,1.8085,daily,"{'min_index': 1.7638, 'max_index': 1.8575, 'std_dev': 0.0285, 'samples_count': 24}",H100 SXM
2025-11-27T00:00:00.000Z,2025-11-27T21:00:00.000Z,1.8558,daily,"{'min_index': 1.7834, 'max_index': 1.9008, 'std_dev': 0.0268, 'samples_count': 24}",H100 SXM
2025-11-28T00:00:00.000Z,2025-11-28T21:00:00.000Z,1.8304,daily,"{'min_index': 1.7329, 'max_index': 1.9134, 'std_dev': 0.0676, 'samples_count': 24}",H100 SXM
2025-11-29T00:00:00.000Z,2025-11-29T21:00:00.000Z,1.7512,daily,"{'min_index': 1.7284, 'max_index': 1.7798, 'std_dev': 0.0156, 'samples_count': 24}",H100 SXM
2025-11-30T00:00:00.000Z,2025-11-30T21:00:00.000Z,1.7458,daily,"{'min_index': 1.7253, 'max_index': 1.8147, 'std_dev': 0.0249, 'samples_count': 24}",H100 SXM
2025-12-01T00:00:00.000Z,2025-12-01T21:00:00.000Z,1.825,daily,"{'min_index': 1.7766, 'max_index': 1.9073, 'std_dev': 0.0427, 'samples_count': 24}",H100 SXM
2025-12-02T00:00:00.000Z,2025-12-02T21:00:00.000Z,1.8121,daily,"{'min_index': 1.7812, 'max_index': 1.8636, 'std_dev': 0.0219, 'samples_count': 24}",H100 SXM
2025-12-03T00:00:00.000Z,2025-12-03T21:00:00.000Z,1.8162,daily,"{'min_index': 1.7952, 'max_index': 1.8513, 'std_dev': 0.0167, 'samples_count': 24}",H100 SXM
2025-12-04T00:00:00.000Z,2025-12-04T21:00:00.000Z,1.8283,daily,"{'min_index': 1.8027, 'max_index': 1.8567, 'std_dev': 0.0156, 'samples_count': 24}",H100 SXM
2025-12-05T00:00:00.000Z,2025-12-05T21:00:00.000Z,1.8046,daily,"{'min_index': 1.7815, 'max_index': 1.8279, 'std_dev': 0.0103, 'samples_count': 24}",H100 SXM
2025-12-06T00:00:00.000Z,2025-12-06T21:00:00.000Z,1.8071,daily,"{'min_index': 1.7941, 'max_index': 1.8196, 'std_dev': 0.0068, 'samples_count': 24}",H100 SXM
2025-12-07T00:00:00.000Z,2025-12-07T21:00:00.000Z,1.8242,daily,"{'min_index': 1.8065, 'max_index': 1.8424, 'std_dev': 0.0092, 'samples_count': 24}",H100 SXM
2025-12-08T00:00:00.000Z,2025-12-08T21:00:00.000Z,1.8254,daily,"{'min_index': 1.8023, 'max_index': 1.8345, 'std_dev': 0.0083, 'samples_count': 24}",H100 SXM
2025-12-09T00:00:00.000Z,2025-12-09T21:00:00.000Z,1.8337,daily,"{'min_index': 1.8158, 'max_index': 1.8579, 'std_dev': 0.0117, 'samples_count': 24}",H100 SXM
2025-12-10T00:00:00.000Z,2025-12-10T21:00:00.000Z,1.8337,daily,"{'min_index': 1.8154, 'max_index': 1.8646, 'std_dev': 0.0146, 'samples_count': 24}",H100 SXM
2025-12-11T00:00:00.000Z,2025-12-11T21:00:00.000Z,1.8267,daily,"{'min_index': 1.8053, 'max_index': 1.8719, 'std_dev': 0.0172, 'samples_count': 24}",H100 SXM
2025-12-12T00:00:00.000Z,2025-12-12T21:00:00.000Z,1.8365,daily,"{'min_index': 1.8014, 'max_index': 1.878, 'std_dev': 0.0155, 'samples_count': 23}",H100 SXM
2025-12-13T00:00:00.000Z,2025-12-13T21:00:00.000Z,1.8392,daily,"{'min_index': 1.8178, 'max_index': 1.8617, 'std_dev': 0.0134, 'samples_count': 24}",H100 SXM
2025-12-14T00:00:00.000Z,2025-12-14T21:00:00.000Z,1.8333,daily,"{'min_index': 1.7988, 'max_index': 1.8622, 'std_dev': 0.0196, 'samples_count': 24}",H100 SXM
2025-12-15T00:00:00.000Z,2025-12-15T21:00:00.000Z,1.8404,daily,"{'min_index': 1.8189, 'max_index': 1.8649, 'std_dev': 0.014, 'samples_count': 24}",H100 SXM
2025-12-16T00:00:00.000Z,2025-12-16T21:00:00.000Z,1.8417,daily,"{'min_index': 1.8173, 'max_index': 1.8642, 'std_dev': 0.0141, 'samples_count': 23}",H100 SXM
2025-12-17T00:00:00.000Z,2025-12-17T21:00:00.000Z,1.8275,daily,"{'min_index': 1.8064, 'max_index': 1.8639, 'std_dev': 0.0186, 'samples_count': 24}",H100 SXM
2025-12-18T00:00:00.000Z,2025-12-18T21:00:00.000Z,1.8587,daily,"{'min_index': 1.8289, 'max_index': 1.8724, 'std_dev': 0.0101, 'samples_count': 24}",H100 SXM
2025-12-19T00:00:00.000Z,2025-12-19T21:00:00.000Z,1.8362,daily,"{'min_index': 1.8033, 'max_index': 2.2071, 'std_dev': 0.1017, 'samples_count': 24}",H100 SXM
2025-12-20T00:00:00.000Z,2025-12-20T21:00:00.000Z,2.2133,daily,"{'min_index': 2.1897, 'max_index': 2.2332, 'std_dev': 0.0104, 'samples_count': 24}",H100 SXM
2025-12-21T00:00:00.000Z,2025-12-21T21:00:00.000Z,2.1967,daily,"{'min_index': 2.1586, 'max_index': 2.2225, 'std_dev': 0.0145, 'samples_count': 24}",H100 SXM
2025-12-22T00:00:00.000Z,2025-12-22T21:00:00.000Z,2.1538,daily,"{'min_index': 2.1354, 'max_index': 2.1642, 'std_dev': 0.01, 'samples_count': 24}",H100 SXM
2025-12-23T00:00:00.000Z,2025-12-23T21:00:00.000Z,2.1587,daily,"{'min_index': 2.1356, 'max_index': 2.1914, 'std_dev': 0.0109, 'samples_count': 24}",H100 SXM
2025-12-24T00:00:00.000Z,2025-12-24T21:00:00.000Z,2.1904,daily,"{'min_index': 2.1852, 'max_index': 2.1984, 'std_dev': 0.0033, 'samples_count': 24}",H100 SXM
2025-12-25T00:00:00.000Z,2025-12-25T21:00:00.000Z,2.1904,daily,"{'min_index': 2.1857, 'max_index': 2.2037, 'std_dev': 0.0039, 'samples_count': 24}",H100 SXM
2025-12-26T00:00:00.000Z,2025-12-26T21:00:00.000Z,2.1925,daily,"{'min_index': 2.1685, 'max_index': 2.2081, 'std_dev': 0.0077, 'samples_count': 24}",H100 SXM
2025-12-27T00:00:00.000Z,2025-12-27T21:00:00.000Z,2.1925,daily,"{'min_index': 2.1852, 'max_index': 2.2042, 'std_dev': 0.0049, 'samples_count': 24}",H100 SXM
2025-12-28T00:00:00.000Z,2025-12-28T21:00:00.000Z,2.1804,daily,"{'min_index': 2.1657, 'max_index': 2.1943, 'std_dev': 0.0105, 'samples_count': 24}",H100 SXM
2025-12-29T00:00:00.000Z,2025-12-29T21:00:00.000Z,2.185,daily,"{'min_index': 2.17, 'max_index': 2.1948, 'std_dev': 0.0071, 'samples_count': 24}",H100 SXM
2025-12-30T00:00:00.000Z,2025-12-30T21:00:00.000Z,2.1812,daily,"{'min_index': 2.1563, 'max_index': 2.1937, 'std_dev': 0.012, 'samples_count': 24}",H100 SXM
2026-01-01T00:00:00.000Z,2026-01-01T21:00:00.000Z,2.1704,daily,"{'min_index': 2.1564, 'max_index': 2.1912, 'std_dev': 0.0102, 'samples_count': 24}",H100 SXM
2026-01-02T00:00:00.000Z,2026-01-02T21:00:00.000Z,2.1846,daily,"{'min_index': 2.1599, 'max_index': 2.2033, 'std_dev': 0.0108, 'samples_count': 24}",H100 SXM
2026-01-03T00:00:00.000Z,2026-01-03T21:00:00.000Z,1.93,daily,"{'min_index': 1.7653, 'max_index': 2.1935, 'std_dev': 0.1461, 'samples_count': 24}",H100 SXM
2026-01-04T00:00:00.000Z,2026-01-04T21:00:00.000Z,1.805,daily,"{'min_index': 1.7365, 'max_index': 2.1358, 'std_dev': 0.0817, 'samples_count': 24}",H100 SXM
2026-01-05T00:00:00.000Z,2026-01-05T21:00:00.000Z,1.8088,daily,"{'min_index': 1.7383, 'max_index': 2.1719, 'std_dev': 0.0977, 'samples_count': 24}",H100 SXM
2026-01-06T00:00:00.000Z,2026-01-06T21:00:00.000Z,1.7583,daily,"{'min_index': 1.7276, 'max_index': 1.9055, 'std_dev': 0.0399, 'samples_count': 24}",H100 SXM
2026-01-07T00:00:00.000Z,2026-01-07T21:00:00.000Z,1.7329,daily,"{'min_index': 1.721, 'max_index': 1.7987, 'std_dev': 0.0142, 'samples_count': 24}",H100 SXM
2026-01-08T00:00:00.000Z,2026-01-08T21:00:00.000Z,1.7265,daily,"{'min_index': 1.7051, 'max_index': 1.7345, 'std_dev': 0.0096, 'samples_count': 24}",H100 SXM
2026-01-09T00:00:00.000Z,2026-01-09T21:00:00.000Z,1.6946,daily,"{'min_index': 1.6556, 'max_index': 1.7333, 'std_dev': 0.0244, 'samples_count': 24}",H100 SXM
2026-01-10T00:00:00.000Z,2026-01-10T21:00:00.000Z,1.6958,daily,"{'min_index': 1.6495, 'max_index': 1.7348, 'std_dev': 0.0275, 'samples_count': 24}",H100 SXM
2026-01-11T00:00:00.000Z,2026-01-11T21:00:00.000Z,1.6796,daily,"{'min_index': 1.6585, 'max_index': 1.7344, 'std_dev': 0.0165, 'samples_count': 24}",H100 SXM
2026-01-12T00:00:00.000Z,2026-01-12T21:00:00.000Z,1.6935,daily,"{'min_index': 1.6523, 'max_index': 1.7345, 'std_dev': 0.023, 'samples_count': 24}",H100 SXM
2026-01-13T00:00:00.000Z,2026-01-13T21:00:00.000Z,1.6979,daily,"{'min_index': 1.6751, 'max_index': 1.7298, 'std_dev': 0.0149, 'samples_count': 24}",H100 SXM
2026-01-14T00:00:00.000Z,2026-01-14T21:00:00.000Z,1.7337,daily,"{'min_index': 1.6953, 'max_index': 1.7521, 'std_dev': 0.0168, 'samples_count': 24}",H100 SXM
2026-01-15T00:00:00.000Z,2026-01-15T21:00:00.000Z,1.7296,daily,"{'min_index': 1.6955, 'max_index': 1.7511, 'std_dev': 0.0169, 'samples_count': 24}",H100 SXM
2026-01-16T00:00:00.000Z,2026-01-16T21:00:00.000Z,1.7358,daily,"{'min_index': 1.7054, 'max_index': 1.7785, 'std_dev': 0.016, 'samples_count': 24}",H100 SXM
2026-01-17T00:00:00.000Z,2026-01-17T21:00:00.000Z,1.7283,daily,"{'min_index': 1.7056, 'max_index': 1.7597, 'std_dev': 0.0121, 'samples_count': 24}",H100 SXM
2026-01-18T00:00:00.000Z,2026-01-18T21:00:00.000Z,1.7488,daily,"{'min_index': 1.7179, 'max_index': 1.7793, 'std_dev': 0.0117, 'samples_count': 24}",H100 SXM
2026-01-19T00:00:00.000Z,2026-01-19T21:00:00.000Z,1.7454,daily,"{'min_index': 1.696, 'max_index': 1.7547, 'std_dev': 0.0159, 'samples_count': 24}",H100 SXM
2026-01-20T00:00:00.000Z,2026-01-20T21:00:00.000Z,1.72,daily,"{'min_index': 1.6795, 'max_index': 1.7537, 'std_dev': 0.0218, 'samples_count': 24}",H100 SXM
2026-01-21T00:00:00.000Z,2026-01-21T21:00:00.000Z,1.7163,daily,"{'min_index': 1.669, 'max_index': 1.7519, 'std_dev': 0.0225, 'samples_count': 24}",H100 SXM
2026-01-22T00:00:00.000Z,2026-01-22T21:00:00.000Z,1.7171,daily,"{'min_index': 1.6967, 'max_index': 1.7807, 'std_dev': 0.0182, 'samples_count': 24}",H100 SXM
2026-01-23T00:00:00.000Z,2026-01-23T21:00:00.000Z,1.7142,daily,"{'min_index': 1.7057, 'max_index': 1.7798, 'std_dev': 0.0147, 'samples_count': 24}",H100 SXM
2026-01-24T00:00:00.000Z,2026-01-24T21:00:00.000Z,1.7237,daily,"{'min_index': 1.7053, 'max_index': 1.7629, 'std_dev': 0.0161, 'samples_count': 24}",H100 SXM
2026-01-25T00:00:00.000Z,2026-01-25T21:00:00.000Z,1.7067,daily,"{'min_index': 1.6962, 'max_index': 1.7726, 'std_dev': 0.0148, 'samples_count': 24}",H100 SXM
2026-01-26T00:00:00.000Z,2026-01-26T21:00:00.000Z,1.7121,daily,"{'min_index': 1.6958, 'max_index': 1.7519, 'std_dev': 0.0146, 'samples_count': 24}",H100 SXM
2026-01-27T00:00:00.000Z,2026-01-27T21:00:00.000Z,1.7275,daily,"{'min_index': 1.7015, 'max_index': 1.7612, 'std_dev': 0.0193, 'samples_count': 24}",H100 SXM
2026-01-28T00:00:00.000Z,2026-01-28T21:00:00.000Z,1.73,daily,"{'min_index': 1.7061, 'max_index': 1.7627, 'std_dev': 0.0178, 'samples_count': 24}",H100 SXM
2026-01-29T00:00:00.000Z,2026-01-29T21:00:00.000Z,1.7296,daily,"{'min_index': 1.7008, 'max_index': 1.7512, 'std_dev': 0.0146, 'samples_count': 24}",H100 SXM
2026-01-30T00:00:00.000Z,2026-01-30T21:00:00.000Z,1.7479,daily,"{'min_index': 1.7453, 'max_index': 1.7661, 'std_dev': 0.0046, 'samples_count': 24}",H100 SXM
2026-01-31T00:00:00.000Z,2026-01-31T21:00:00.000Z,1.7229,daily,"{'min_index': 1.6951, 'max_index': 1.7527, 'std_dev': 0.0155, 'samples_count': 24}",H100 SXM
2026-02-01T00:00:00.000Z,2026-02-01T21:00:00.000Z,1.7133,daily,"{'min_index': 1.6471, 'max_index': 1.7423, 'std_dev': 0.0189, 'samples_count': 24}",H100 SXM
2026-02-02T00:00:00.000Z,2026-02-02T21:00:00.000Z,1.6521,daily,"{'min_index': 1.601, 'max_index': 1.7025, 'std_dev': 0.0267, 'samples_count': 24}",H100 SXM
2026-02-03T00:00:00.000Z,2026-02-03T21:00:00.000Z,1.6325,daily,"{'min_index': 1.5643, 'max_index': 1.683, 'std_dev': 0.0272, 'samples_count': 24}",H100 SXM
2026-02-04T00:00:00.000Z,2026-02-04T21:00:00.000Z,1.6508,daily,"{'min_index': 1.5773, 'max_index': 1.6934, 'std_dev': 0.0314, 'samples_count': 24}",H100 SXM
2026-02-05T00:00:00.000Z,2026-02-05T21:00:00.000Z,1.6708,daily,"{'min_index': 1.6364, 'max_index': 1.7034, 'std_dev': 0.0141, 'samples_count': 24}",H100 SXM
2026-02-06T00:00:00.000Z,2026-02-06T21:00:00.000Z,1.6883,daily,"{'min_index': 1.6639, 'max_index': 1.7044, 'std_dev': 0.0096, 'samples_count': 24}",H100 SXM
2026-02-07T00:00:00.000Z,2026-02-07T21:00:00.000Z,1.7,daily,"{'min_index': 1.6895, 'max_index': 1.7104, 'std_dev': 0.0048, 'samples_count': 24}",H100 SXM
2026-02-08T00:00:00.000Z,2026-02-08T21:00:00.000Z,1.695,daily,"{'min_index': 1.67, 'max_index': 1.7037, 'std_dev': 0.0113, 'samples_count': 24}",H100 SXM
2026-02-09T00:00:00.000Z,2026-02-09T21:00:00.000Z,1.6687,daily,"{'min_index': 1.6473, 'max_index': 1.7043, 'std_dev': 0.0176, 'samples_count': 24}",H100 SXM
2026-02-10T00:00:00.000Z,2026-02-10T21:00:00.000Z,1.6746,daily,"{'min_index': 1.6473, 'max_index': 1.713, 'std_dev': 0.0215, 'samples_count': 24}",H100 SXM
2026-02-11T00:00:00.000Z,2026-02-11T21:00:00.000Z,1.6858,daily,"{'min_index': 1.6556, 'max_index': 1.7144, 'std_dev': 0.0158, 'samples_count': 24}",H100 SXM
2026-02-12T00:00:00.000Z,2026-02-12T21:00:00.000Z,1.6938,daily,"{'min_index': 1.6656, 'max_index': 1.7046, 'std_dev': 0.0122, 'samples_count': 24}",H100 SXM
2026-02-13T00:00:00.000Z,2026-02-13T21:00:00.000Z,1.7054,daily,"{'min_index': 1.6749, 'max_index': 1.7337, 'std_dev': 0.0141, 'samples_count': 24}",H100 SXM
2026-02-14T00:00:00.000Z,2026-02-14T21:00:00.000Z,1.6987,daily,"{'min_index': 1.6692, 'max_index': 1.7148, 'std_dev': 0.0101, 'samples_count': 24}",H100 SXM
2026-02-15T00:00:00.000Z,2026-02-15T21:00:00.000Z,1.6967,daily,"{'min_index': 1.6608, 'max_index': 1.7148, 'std_dev': 0.018, 'samples_count': 24}",H100 SXM
2026-02-16T00:00:00.000Z,2026-02-16T21:00:00.000Z,1.6763,daily,"{'min_index': 1.6454, 'max_index': 1.7111, 'std_dev': 0.0164, 'samples_count': 24}",H100 SXM
2026-02-17T00:00:00.000Z,2026-02-17T21:00:00.000Z,1.68,daily,"{'min_index': 1.6654, 'max_index': 1.7051, 'std_dev': 0.0149, 'samples_count': 24}",H100 SXM
2026-02-18T00:00:00.000Z,2026-02-18T21:00:00.000Z,1.6992,daily,"{'min_index': 1.6471, 'max_index': 1.7336, 'std_dev': 0.0288, 'samples_count': 24}",H100 SXM
2026-02-19T00:00:00.000Z,2026-02-19T21:00:00.000Z,1.6987,daily,"{'min_index': 1.6495, 'max_index': 1.7342, 'std_dev': 0.0362, 'samples_count': 24}",H100 SXM
2026-02-20T00:00:00.000Z,2026-02-20T21:00:00.000Z,1.651,daily,"{'min_index': 1.6163, 'max_index': 1.6676, 'std_dev': 0.0139, 'samples_count': 22}",H100 SXM
2026-02-21T00:00:00.000Z,2026-02-21T21:00:00.000Z,1.6496,daily,"{'min_index': 1.6463, 'max_index': 1.6541, 'std_dev': 0.0022, 'samples_count': 24}",H100 SXM
2026-02-22T00:00:00.000Z,2026-02-22T21:00:00.000Z,1.6517,daily,"{'min_index': 1.6454, 'max_index': 1.6729, 'std_dev': 0.0063, 'samples_count': 24}",H100 SXM
2026-02-23T00:00:00.000Z,2026-02-23T21:00:00.000Z,1.6546,daily,"{'min_index': 1.6453, 'max_index': 1.6749, 'std_dev': 0.0096, 'samples_count': 24}",H100 SXM
2026-02-24T00:00:00.000Z,2026-02-24T21:00:00.000Z,1.6638,daily,"{'min_index': 1.6462, 'max_index': 1.6728, 'std_dev': 0.0093, 'samples_count': 24}",H100 SXM
2026-02-25T00:00:00.000Z,2026-02-25T21:00:00.000Z,1.6587,daily,"{'min_index': 1.6455, 'max_index': 1.6748, 'std_dev': 0.01, 'samples_count': 24}",H100 SXM
2026-02-26T00:00:00.000Z,2026-02-26T21:00:00.000Z,1.6567,daily,"{'min_index': 1.6377, 'max_index': 1.6744, 'std_dev': 0.0111, 'samples_count': 24}",H100 SXM
2026-02-27T00:00:00.000Z,2026-02-27T21:00:00.000Z,1.6692,daily,"{'min_index': 1.6464, 'max_index': 1.69, 'std_dev': 0.0104, 'samples_count': 24}",H100 SXM
2026-02-28T00:00:00.000Z,2026-02-28T21:00:00.000Z,1.6387,daily,"{'min_index': 1.6156, 'max_index': 1.6712, 'std_dev': 0.0164, 'samples_count': 24}",H100 SXM
2026-03-01T00:00:00.000Z,2026-03-01T21:00:00.000Z,1.6679,daily,"{'min_index': 1.6457, 'max_index': 1.7038, 'std_dev': 0.016, 'samples_count': 24}",H100 SXM
2026-03-02T00:00:00.000Z,2026-03-02T21:00:00.000Z,1.6992,daily,"{'min_index': 1.6687, 'max_index': 1.7485, 'std_dev': 0.0254, 'samples_count': 24}",H100 SXM
2026-03-03T00:00:00.000Z,2026-03-03T21:00:00.000Z,1.7046,daily,"{'min_index': 1.668, 'max_index': 1.7547, 'std_dev': 0.0231, 'samples_count': 24}",H100 SXM
2026-03-04T00:00:00.000Z,2026-03-04T21:00:00.000Z,1.6854,daily,"{'min_index': 1.6673, 'max_index': 1.7256, 'std_dev': 0.0169, 'samples_count': 24}",H100 SXM
2026-03-05T00:00:00.000Z,2026-03-05T21:00:00.000Z,1.6908,daily,"{'min_index': 1.6681, 'max_index': 1.7179, 'std_dev': 0.0141, 'samples_count': 24}",H100 SXM
2026-03-06T00:00:00.000Z,2026-03-06T21:00:00.000Z,1.677,daily,"{'min_index': 1.624, 'max_index': 1.7303, 'std_dev': 0.0256, 'samples_count': 23}",H100 SXM
2026-03-07T00:00:00.000Z,2026-03-07T21:00:00.000Z,1.6754,daily,"{'min_index': 1.6569, 'max_index': 1.7122, 'std_dev': 0.0139, 'samples_count': 24}",H100 SXM
2026-03-08T00:00:00.000Z,2026-03-08T20:00:00.000Z,1.6833,daily,"{'min_index': 1.6572, 'max_index': 1.7298, 'std_dev': 0.0221, 'samples_count': 24}",H100 SXM
2026-03-09T00:00:00.000Z,2026-03-09T20:00:00.000Z,1.6712,daily,"{'min_index': 1.6551, 'max_index': 1.7063, 'std_dev': 0.0126, 'samples_count': 24}",H100 SXM
2026-03-10T00:00:00.000Z,2026-03-10T20:00:00.000Z,1.6887,daily,"{'min_index': 1.6586, 'max_index': 1.7343, 'std_dev': 0.0183, 'samples_count': 24}",H100 SXM
2026-03-11T00:00:00.000Z,2026-03-11T20:00:00.000Z,1.7017,daily,"{'min_index': 1.6554, 'max_index': 1.7548, 'std_dev': 0.0367, 'samples_count': 24}",H100 SXM
2026-03-12T00:00:00.000Z,2026-03-12T20:00:00.000Z,1.7475,daily,"{'min_index': 1.707, 'max_index': 1.7549, 'std_dev': 0.0095, 'samples_count': 24}",H100 SXM
2026-03-13T00:00:00.000Z,2026-03-13T20:00:00.000Z,1.75,daily,"{'min_index': 1.7078, 'max_index': 1.7545, 'std_dev': 0.0088, 'samples_count': 24}",H100 SXM
2026-03-14T00:00:00.000Z,2026-03-14T20:00:00.000Z,1.7325,daily,"{'min_index': 1.6786, 'max_index': 1.7525, 'std_dev': 0.0243, 'samples_count': 24}",H100 SXM
2026-03-15T00:00:00.000Z,2026-03-15T20:00:00.000Z,1.7337,daily,"{'min_index': 1.6751, 'max_index': 1.7542, 'std_dev': 0.0262, 'samples_count': 24}",H100 SXM
2026-03-16T00:00:00.000Z,2026-03-16T20:00:00.000Z,1.7204,daily,"{'min_index': 1.6834, 'max_index': 1.7548, 'std_dev': 0.0227, 'samples_count': 24}",H100 SXM
2026-03-17T00:00:00.000Z,2026-03-17T20:00:00.000Z,1.7071,daily,"{'min_index': 1.6663, 'max_index': 1.7483, 'std_dev': 0.0287, 'samples_count': 24}",H100 SXM
2026-03-18T00:00:00.000Z,2026-03-18T20:00:00.000Z,1.6912,daily,"{'min_index': 1.666, 'max_index': 1.7448, 'std_dev': 0.0151, 'samples_count': 24}",H100 SXM
2026-03-19T00:00:00.000Z,2026-03-19T20:00:00.000Z,1.6912,daily,"{'min_index': 1.6661, 'max_index': 1.7041, 'std_dev': 0.0123, 'samples_count': 24}",H100 SXM
2026-03-20T00:00:00.000Z,2026-03-20T20:00:00.000Z,1.6992,daily,"{'min_index': 1.6446, 'max_index': 1.754, 'std_dev': 0.0291, 'samples_count': 24}",H100 SXM
2026-03-21T00:00:00.000Z,2026-03-21T20:00:00.000Z,1.7121,daily,"{'min_index': 1.643, 'max_index': 1.7541, 'std_dev': 0.0299, 'samples_count': 24}",H100 SXM
2026-03-22T00:00:00.000Z,2026-03-22T20:00:00.000Z,1.68,daily,"{'min_index': 1.6361, 'max_index': 1.7347, 'std_dev': 0.0281, 'samples_count': 24}",H100 SXM
2026-03-23T00:00:00.000Z,2026-03-23T20:00:00.000Z,1.6846,daily,"{'min_index': 1.6654, 'max_index': 1.7279, 'std_dev': 0.0174, 'samples_count': 24}",H100 SXM
2026-03-24T00:00:00.000Z,2026-03-24T20:00:00.000Z,1.7179,daily,"{'min_index': 1.6703, 'max_index': 1.7462, 'std_dev': 0.0201, 'samples_count': 24}",H100 SXM
2026-03-25T00:00:00.000Z,2026-03-25T20:00:00.000Z,1.7225,daily,"{'min_index': 1.6796, 'max_index': 1.7444, 'std_dev': 0.0167, 'samples_count': 24}",H100 SXM
2026-03-26T00:00:00.000Z,2026-03-26T20:00:00.000Z,1.7095,daily,"{'min_index': 1.6254, 'max_index': 1.7562, 'std_dev': 0.0255, 'samples_count': 18}",H100 SXM
2026-03-27T00:00:00.000Z,2026-03-27T20:00:00.000Z,1.761,daily,"{'min_index': 1.7243, 'max_index': 1.7829, 'std_dev': 0.0156, 'samples_count': 13}",H100 SXM
2026-03-28T00:00:00.000Z,2026-03-28T20:00:00.000Z,1.7475,daily,"{'min_index': 1.6695, 'max_index': 1.7842, 'std_dev': 0.03, 'samples_count': 24}",H100 SXM
2026-03-29T00:00:00.000Z,2026-03-29T20:00:00.000Z,1.7408,daily,"{'min_index': 1.6678, 'max_index': 1.764, 'std_dev': 0.0275, 'samples_count': 24}",H100 SXM
2026-03-30T00:00:00.000Z,2026-03-30T20:00:00.000Z,1.7692,daily,"{'min_index': 1.7465, 'max_index': 1.7827, 'std_dev': 0.0092, 'samples_count': 24}",H100 SXM
2026-03-31T00:00:00.000Z,2026-03-31T20:00:00.000Z,1.7642,daily,"{'min_index': 1.7463, 'max_index': 1.7837, 'std_dev': 0.0098, 'samples_count': 24}",H100 SXM
2026-04-01T00:00:00.000Z,2026-04-01T20:00:00.000Z,1.7737,daily,"{'min_index': 1.7652, 'max_index': 1.7822, 'std_dev': 0.0045, 'samples_count': 24}",H100 SXM
2026-04-02T00:00:00.000Z,2026-04-02T20:00:00.000Z,1.7721,daily,"{'min_index': 1.7652, 'max_index': 1.7845, 'std_dev': 0.005, 'samples_count': 24}",H100 SXM
2026-04-03T00:00:00.000Z,2026-04-03T20:00:00.000Z,1.7717,daily,"{'min_index': 1.7665, 'max_index': 1.8017, 'std_dev': 0.0108, 'samples_count': 24}",H100 SXM
2026-04-04T00:00:00.000Z,2026-04-04T20:00:00.000Z,1.7813,daily,"{'min_index': 1.7653, 'max_index': 1.8021, 'std_dev': 0.0115, 'samples_count': 24}",H100 SXM
2026-04-05T00:00:00.000Z,2026-04-05T20:00:00.000Z,1.7667,daily,"{'min_index': 1.709, 'max_index': 1.7881, 'std_dev': 0.0162, 'samples_count': 24}",H100 SXM
2026-04-06T00:00:00.000Z,2026-04-06T20:00:00.000Z,1.7725,daily,"{'min_index': 1.7653, 'max_index': 1.7957, 'std_dev': 0.0071, 'samples_count': 24}",H100 SXM
2026-04-07T00:00:00.000Z,2026-04-07T20:00:00.000Z,1.7708,daily,"{'min_index': 1.7468, 'max_index': 1.7896, 'std_dev': 0.0112, 'samples_count': 24}",H100 SXM
2026-04-08T00:00:00.000Z,2026-04-08T20:00:00.000Z,1.7525,daily,"{'min_index': 1.7109, 'max_index': 1.7779, 'std_dev': 0.0226, 'samples_count': 24}",H100 SXM
2026-04-09T00:00:00.000Z,2026-04-09T20:00:00.000Z,1.7517,daily,"{'min_index': 1.692, 'max_index': 1.7874, 'std_dev': 0.0225, 'samples_count': 24}",H100 SXM
2026-04-10T00:00:00.000Z,2026-04-10T20:00:00.000Z,1.7617,daily,"{'min_index': 1.7354, 'max_index': 1.7933, 'std_dev': 0.0129, 'samples_count': 24}",H100 SXM
2026-04-11T00:00:00.000Z,2026-04-11T20:00:00.000Z,1.7663,daily,"{'min_index': 1.7307, 'max_index': 1.788, 'std_dev': 0.0134, 'samples_count': 24}",H100 SXM
2026-04-12T00:00:00.000Z,2026-04-12T20:00:00.000Z,1.7567,daily,"{'min_index': 1.7304, 'max_index': 1.7716, 'std_dev': 0.0107, 'samples_count': 24}",H100 SXM
2026-04-13T00:00:00.000Z,2026-04-13T20:00:00.000Z,1.7675,daily,"{'min_index': 1.7461, 'max_index': 1.7811, 'std_dev': 0.0088, 'samples_count': 24}",H100 SXM
2026-04-14T00:00:00.000Z,2026-04-14T20:00:00.000Z,1.77,daily,"{'min_index': 1.6758, 'max_index': 1.8244, 'std_dev': 0.0371, 'samples_count': 24}",H100 SXM
2026-04-15T00:00:00.000Z,2026-04-15T20:00:00.000Z,1.7862,daily,"{'min_index': 1.7552, 'max_index': 1.8043, 'std_dev': 0.014, 'samples_count': 24}",H100 SXM
2026-04-16T00:00:00.000Z,2026-04-16T20:00:00.000Z,1.7971,daily,"{'min_index': 1.7645, 'max_index': 1.819, 'std_dev': 0.0155, 'samples_count': 24}",H100 SXM
2026-04-17T00:00:00.000Z,2026-04-17T20:00:00.000Z,1.7717,daily,"{'min_index': 1.7266, 'max_index': 1.8087, 'std_dev': 0.0246, 'samples_count': 24}",H100 SXM
2026-04-18T00:00:00.000Z,2026-04-18T20:00:00.000Z,1.7512,daily,"{'min_index': 1.7065, 'max_index': 1.7947, 'std_dev': 0.0235, 'samples_count': 24}",H100 SXM
2026-04-19T00:00:00.000Z,2026-04-19T20:00:00.000Z,1.74,daily,"{'min_index': 1.7152, 'max_index': 1.7616, 'std_dev': 0.0132, 'samples_count': 24}",H100 SXM
2026-04-20T00:00:00.000Z,2026-04-20T20:00:00.000Z,1.7829,daily,"{'min_index': 1.7352, 'max_index': 1.8626, 'std_dev': 0.0413, 'samples_count': 24}",H100 SXM
2026-04-21T00:00:00.000Z,2026-04-21T20:00:00.000Z,1.8058,daily,"{'min_index': 1.7517, 'max_index': 1.8525, 'std_dev': 0.0299, 'samples_count': 24}",H100 SXM
2026-04-22T00:00:00.000Z,2026-04-22T20:00:00.000Z,1.8308,daily,"{'min_index': 1.7678, 'max_index': 1.8628, 'std_dev': 0.0228, 'samples_count': 24}",H100 SXM
2026-04-23T00:00:00.000Z,2026-04-23T20:00:00.000Z,1.8521,daily,"{'min_index': 1.7968, 'max_index': 1.9034, 'std_dev': 0.0321, 'samples_count': 24}",H100 SXM
2026-04-24T00:00:00.000Z,2026-04-24T20:00:00.000Z,1.8996,daily,"{'min_index': 1.8716, 'max_index': 1.9141, 'std_dev': 0.0124, 'samples_count': 24}",H100 SXM
2026-04-25T00:00:00.000Z,2026-04-25T20:00:00.000Z,1.8613,daily,"{'min_index': 1.836, 'max_index': 1.8937, 'std_dev': 0.0145, 'samples_count': 24}",H100 SXM
2026-04-26T00:00:00.000Z,2026-04-26T20:00:00.000Z,1.8571,daily,"{'min_index': 1.8285, 'max_index': 1.896, 'std_dev': 0.0149, 'samples_count': 24}",H100 SXM
2026-04-27T00:00:00.000Z,2026-04-27T20:00:00.000Z,1.8746,daily,"{'min_index': 1.8445, 'max_index': 1.9188, 'std_dev': 0.0213, 'samples_count': 24}",H100 SXM
2026-04-28T00:00:00.000Z,2026-04-28T20:00:00.000Z,1.9187,daily,"{'min_index': 1.8753, 'max_index': 1.9443, 'std_dev': 0.0206, 'samples_count': 24}",H100 SXM
2026-04-29T00:00:00.000Z,2026-04-29T20:00:00.000Z,1.9492,daily,"{'min_index': 1.9269, 'max_index': 1.9743, 'std_dev': 0.016, 'samples_count': 24}",H100 SXM
2026-04-30T00:00:00.000Z,2026-04-30T20:00:00.000Z,1.9821,daily,"{'min_index': 1.9404, 'max_index': 2.0323, 'std_dev': 0.0296, 'samples_count': 24}",H100 SXM
2026-05-01T00:00:00.000Z,2026-05-01T20:00:00.000Z,2.2829,daily,"{'min_index': 2.293, 'max_index': 2.4259, 'std_dev': 0.0318, 'samples_count': 24}",H100 SXM
2026-05-02T00:00:00.000Z,2026-05-02T20:00:00.000Z,2.3383,daily,"{'min_index': 2.2969, 'max_index': 2.4941, 'std_dev': 0.0607, 'samples_count': 24}",H100 SXM
2026-05-03T00:00:00.000Z,2026-05-03T20:00:00.000Z,2.3933,daily,"{'min_index': 2.2865, 'max_index': 2.5331, 'std_dev': 0.0597, 'samples_count': 24}",H100 SXM
2026-05-04T00:00:00.000Z,2026-05-04T20:00:00.000Z,2.4054,daily,"{'min_index': 2.3612, 'max_index': 2.4843, 'std_dev': 0.0298, 'samples_count': 24}",H100 SXM
2026-05-05T00:00:00.000Z,2026-05-05T20:00:00.000Z,2.4279,daily,"{'min_index': 2.3661, 'max_index': 2.612, 'std_dev': 0.0747, 'samples_count': 24}",H100 SXM
2026-05-06T00:00:00.000Z,2026-05-06T20:00:00.000Z,2.6362,daily,"{'min_index': 2.5111, 'max_index': 2.7369, 'std_dev': 0.0659, 'samples_count': 24}",H100 SXM
2026-05-07T00:00:00.000Z,2026-05-07T20:00:00.000Z,2.7833,daily,"{'min_index': 2.7275, 'max_index': 2.8779, 'std_dev': 0.0465, 'samples_count': 24}",H100 SXM
2026-05-08T00:00:00.000Z,2026-05-08T20:00:00.000Z,2.7783,daily,"{'min_index': 2.7256, 'max_index': 2.8147, 'std_dev': 0.0274, 'samples_count': 24}",H100 SXM
2026-05-09T00:00:00.000Z,2026-05-09T20:00:00.000Z,2.7317,daily,"{'min_index': 2.6891, 'max_index': 2.7628, 'std_dev': 0.0198, 'samples_count': 24}",H100 SXM
2026-05-10T00:00:00.000Z,2026-05-10T20:00:00.000Z,2.7492,daily,"{'min_index': 2.6767, 'max_index': 2.774, 'std_dev': 0.0343, 'samples_count': 24}",H100 SXM
2026-05-11T00:00:00.000Z,2026-05-11T20:00:00.000Z,2.7425,daily,"{'min_index': 2.6218, 'max_index': 2.9105, 'std_dev': 0.1013, 'samples_count': 24}",H100 SXM
2026-05-12T00:00:00.000Z,2026-05-12T20:00:00.000Z,2.8992,daily,"{'min_index': 2.7592, 'max_index': 2.9908, 'std_dev': 0.0505, 'samples_count': 24}",H100 SXM
2026-05-13T00:00:00.000Z,2026-05-13T20:00:00.000Z,2.9388,daily,"{'min_index': 2.8372, 'max_index': 3.0428, 'std_dev': 0.0613, 'samples_count': 24}",H100 SXM
2026-05-14T00:00:00.000Z,2026-05-14T20:00:00.000Z,3.045,daily,"{'min_index': 3.0253, 'max_index': 3.0781, 'std_dev': 0.0161, 'samples_count': 24}",H100 SXM
2026-05-15T00:00:00.000Z,2026-05-15T20:00:00.000Z,3.135,daily,"{'min_index': 3.0623, 'max_index': 3.1828, 'std_dev': 0.0342, 'samples_count': 24}",H100 SXM
2026-05-16T00:00:00.000Z,2026-05-16T20:00:00.000Z,3.1896,daily,"{'min_index': 3.0779, 'max_index': 3.2326, 'std_dev': 0.0445, 'samples_count': 24}",H100 SXM
2026-05-17T00:00:00.000Z,2026-05-17T20:00:00.000Z,3.2017,daily,"{'min_index': 3.1132, 'max_index': 3.2115, 'std_dev': 0.0196, 'samples_count': 24}",H100 SXM
2026-05-18T00:00:00.000Z,2026-05-18T20:00:00.000Z,3.1479,daily,"{'min_index': 3.0053, 'max_index': 3.2693, 'std_dev': 0.0786, 'samples_count': 24}",H100 SXM
2026-05-19T00:00:00.000Z,2026-05-19T20:00:00.000Z,3.24,daily,"{'min_index': 3.0736, 'max_index': 3.4446, 'std_dev': 0.1246, 'samples_count': 24}",H100 SXM
2026-05-20T00:00:00.000Z,2026-05-20T20:00:00.000Z,3.2012,daily,"{'min_index': 2.9509, 'max_index': 3.4301, 'std_dev': 0.1457, 'samples_count': 24}",H100 SXM
2026-05-21T00:00:00.000Z,2026-05-21T20:00:00.000Z,3.0625,daily,"{'min_index': 2.9241, 'max_index': 3.1307, 'std_dev': 0.056, 'samples_count': 24}",H100 SXM
2026-05-22T00:00:00.000Z,2026-05-22T20:00:00.000Z,3.0396,daily,"{'min_index': 2.9192, 'max_index': 3.1539, 'std_dev': 0.0792, 'samples_count': 24}",H100 SXM
2026-05-23T00:00:00.000Z,2026-05-23T20:00:00.000Z,3.0258,daily,"{'min_index': 2.9079, 'max_index': 3.1339, 'std_dev': 0.0853, 'samples_count': 24}",H100 SXM
2026-05-24T00:00:00.000Z,2026-05-24T20:00:00.000Z,3.0775,daily,"{'min_index': 3.0377, 'max_index': 3.1227, 'std_dev': 0.0258, 'samples_count': 24}",H100 SXM
2026-05-25T00:00:00.000Z,2026-05-25T20:00:00.000Z,2.8479,daily,"{'min_index': 2.6109, 'max_index': 3.0414, 'std_dev': 0.1528, 'samples_count': 24}",H100 SXM
2026-05-26T00:00:00.000Z,2026-05-26T20:00:00.000Z,2.6288,daily,"{'min_index': 2.5495, 'max_index': 2.7034, 'std_dev': 0.0381, 'samples_count': 24}",H100 SXM
2026-05-27T00:00:00.000Z,2026-05-27T20:00:00.000Z,2.7646,daily,"{'min_index': 2.5922, 'max_index': 2.8847, 'std_dev': 0.0991, 'samples_count': 24}",H100 SXM
2026-05-28T00:00:00.000Z,2026-05-28T20:00:00.000Z,2.8096,daily,"{'min_index': 2.7089, 'max_index': 3.083, 'std_dev': 0.1164, 'samples_count': 24}",H100 SXM
2026-05-29T00:00:00.000Z,2026-05-29T20:00:00.000Z,2.9875,daily,"{'min_index': 2.8422, 'max_index': 3.1859, 'std_dev': 0.1243, 'samples_count': 24}",H100 SXM
2026-05-30T00:00:00.000Z,2026-05-30T20:00:00.000Z,3.0054,daily,"{'min_index': 2.9512, 'max_index': 3.0256, 'std_dev': 0.0216, 'samples_count': 24}",H100 SXM
2026-05-31T00:00:00.000Z,2026-05-31T20:00:00.000Z,2.9429,daily,"{'min_index': 2.7929, 'max_index': 3.0004, 'std_dev': 0.0486, 'samples_count': 24}",H100 SXM
2026-06-01T00:00:00.000Z,2026-06-01T20:00:00.000Z,2.7746,daily,"{'min_index': 2.7286, 'max_index': 2.8274, 'std_dev': 0.0291, 'samples_count': 24}",H100 SXM
2026-06-02T00:00:00.000Z,2026-06-02T20:00:00.000Z,2.7408,daily,"{'min_index': 2.6715, 'max_index': 2.803, 'std_dev': 0.0303, 'samples_count': 24}",H100 SXM
2026-06-03T00:00:00.000Z,2026-06-03T20:00:00.000Z,2.6896,daily,"{'min_index': 2.649, 'max_index': 2.7679, 'std_dev': 0.032, 'samples_count': 24}",H100 SXM
2026-06-04T00:00:00.000Z,2026-06-04T20:00:00.000Z,2.6946,daily,"{'min_index': 2.6494, 'max_index': 2.7247, 'std_dev': 0.0241, 'samples_count': 24}",H100 SXM
2026-06-05T00:00:00.000Z,2026-06-05T20:00:00.000Z,2.9146,daily,"{'min_index': 2.7231, 'max_index': 3.0937, 'std_dev': 0.1308, 'samples_count': 24}",H100 SXM
2026-06-06T00:00:00.000Z,2026-06-06T20:00:00.000Z,3.1738,daily,"{'min_index': 3.1271, 'max_index': 3.2822, 'std_dev': 0.0445, 'samples_count': 24}",H100 SXM
2026-06-07T00:00:00.000Z,2026-06-07T20:00:00.000Z,3.1529,daily,"{'min_index': 3.1022, 'max_index': 3.2615, 'std_dev': 0.0431, 'samples_count': 24}",H100 SXM
2026-06-08T00:00:00.000Z,2026-06-08T20:00:00.000Z,3.0979,daily,"{'min_index': 2.9454, 'max_index': 3.1676, 'std_dev': 0.0696, 'samples_count': 24}",H100 SXM
2026-06-09T00:00:00.000Z,2026-06-09T20:00:00.000Z,3.0133,daily,"{'min_index': 2.8715, 'max_index': 3.0922, 'std_dev': 0.0614, 'samples_count': 24}",H100 SXM
2026-06-10T00:00:00.000Z,2026-06-10T20:00:00.000Z,2.9104,daily,"{'min_index': 2.7855, 'max_index': 3.0108, 'std_dev': 0.0723, 'samples_count': 24}",H100 SXM
2026-06-11T00:00:00.000Z,2026-06-11T20:00:00.000Z,2.7408,daily,"{'min_index': 2.632, 'max_index': 2.8928, 'std_dev': 0.07, 'samples_count': 24}",H100 SXM
2026-06-12T00:00:00.000Z,2026-06-12T20:00:00.000Z,2.6746,daily,"{'min_index': 2.6165, 'max_index': 2.7433, 'std_dev': 0.0406, 'samples_count': 24}",H100 SXM
2026-06-13T00:00:00.000Z,2026-06-13T20:00:00.000Z,2.5925,daily,"{'min_index': 2.5237, 'max_index': 2.6871, 'std_dev': 0.0475, 'samples_count': 24}",H100 SXM
2026-06-14T00:00:00.000Z,2026-06-14T20:00:00.000Z,2.5371,daily,"{'min_index': 2.4503, 'max_index': 2.5755, 'std_dev': 0.0267, 'samples_count': 24}",H100 SXM
2026-06-15T00:00:00.000Z,2026-06-15T20:00:00.000Z,2.4846,daily,"{'min_index': 2.3877, 'max_index': 2.5601, 'std_dev': 0.0436, 'samples_count': 24}",H100 SXM
2026-06-16T00:00:00.000Z,2026-06-16T20:00:00.000Z,2.4779,daily,"{'min_index': 2.4158, 'max_index': 2.5539, 'std_dev': 0.0369, 'samples_count': 24}",H100 SXM
2026-06-17T00:00:00.000Z,2026-06-17T20:00:00.000Z,2.4254,daily,"{'min_index': 2.3264, 'max_index': 2.4861, 'std_dev': 0.044, 'samples_count': 24}",H100 SXM
2026-06-18T00:00:00.000Z,2026-06-18T20:00:00.000Z,2.4154,daily,"{'min_index': 2.3589, 'max_index': 2.4584, 'std_dev': 0.0277, 'samples_count': 24}",H100 SXM
2026-06-19T00:00:00.000Z,2026-06-19T20:00:00.000Z,2.3983,daily,"{'min_index': 2.2893, 'max_index': 2.4353, 'std_dev': 0.0445, 'samples_count': 24}",H100 SXM
2026-06-20T00:00:00.000Z,2026-06-20T20:00:00.000Z,2.3408,daily,"{'min_index': 2.3016, 'max_index': 2.3869, 'std_dev': 0.0275, 'samples_count': 24}",H100 SXM
2026-06-21T00:00:00.000Z,2026-06-21T20:00:00.000Z,2.2921,daily,"{'min_index': 2.2313, 'max_index': 2.3516, 'std_dev': 0.0255, 'samples_count': 24}",H100 SXM
2026-06-22T00:00:00.000Z,2026-06-22T20:00:00.000Z,2.3096,daily,"{'min_index': 2.2415, 'max_index': 2.4084, 'std_dev': 0.0397, 'samples_count': 24}",H100 SXM
2026-06-23T00:00:00.000Z,2026-06-23T20:00:00.000Z,2.3125,daily,"{'min_index': 2.2158, 'max_index': 2.4375, 'std_dev': 0.05, 'samples_count': 24}",H100 SXM
2026-06-24T00:00:00.000Z,2026-06-24T20:00:00.000Z,2.3413,daily,"{'min_index': 2.2683, 'max_index': 2.5024, 'std_dev': 0.0733, 'samples_count': 24}",H100 SXM
2026-06-25T00:00:00.000Z,2026-06-25T20:00:00.000Z,2.3904,daily,"{'min_index': 2.3251, 'max_index': 2.5268, 'std_dev': 0.0635, 'samples_count': 24}",H100 SXM
2026-06-26T00:00:00.000Z,2026-06-26T20:00:00.000Z,2.4388,daily,"{'min_index': 2.3198, 'max_index': 2.5663, 'std_dev': 0.0635, 'samples_count': 24}",H100 SXM
2026-06-27T00:00:00.000Z,2026-06-27T20:00:00.000Z,2.5271,daily,"{'min_index': 2.4308, 'max_index': 2.6446, 'std_dev': 0.0719, 'samples_count': 24}",H100 SXM
2026-06-28T00:00:00.000Z,2026-06-28T20:00:00.000Z,2.4512,daily,"{'min_index': 2.2769, 'max_index': 2.6174, 'std_dev': 0.1012, 'samples_count': 24}",H100 SXM
2026-06-29T00:00:00.000Z,2026-06-29T20:00:00.000Z,2.4458,daily,"{'min_index': 2.2926, 'max_index': 2.6035, 'std_dev': 0.1078, 'samples_count': 24}",H100 SXM
2026-06-30T00:00:00.000Z,2026-06-30T20:00:00.000Z,2.4613,daily,"{'min_index': 2.376, 'max_index': 2.6003, 'std_dev': 0.0787, 'samples_count': 24}",H100 SXM
2026-07-01T00:00:00.000Z,2026-07-01T20:00:00.000Z,2.4854,daily,"{'min_index': 2.3894, 'max_index': 2.6306, 'std_dev': 0.0821, 'samples_count': 24}",H100 SXM
2026-07-02T00:00:00.000Z,2026-07-02T20:00:00.000Z,2.5663,daily,"{'min_index': 2.4293, 'max_index': 2.6874, 'std_dev': 0.0903, 'samples_count': 24}",H100 SXM
2026-07-03T00:00:00.000Z,2026-07-03T20:00:00.000Z,2.6354,daily,"{'min_index': 2.4802, 'max_index': 2.7118, 'std_dev': 0.0732, 'samples_count': 24}",H100 SXM
2026-07-04T00:00:00.000Z,2026-07-04T20:00:00.000Z,2.5492,daily,"{'min_index': 2.4626, 'max_index': 2.707, 'std_dev': 0.0865, 'samples_count': 24}",H100 SXM
2026-07-05T00:00:00.000Z,2026-07-05T20:00:00.000Z,2.5737,daily,"{'min_index': 2.4463, 'max_index': 2.7413, 'std_dev': 0.0912, 'samples_count': 24}",H100 SXM
2026-07-06T00:00:00.000Z,2026-07-06T20:00:00.000Z,2.5017,daily,"{'min_index': 2.3766, 'max_index': 2.6646, 'std_dev': 0.0828, 'samples_count': 24}",H100 SXM
2026-07-07T00:00:00.000Z,2026-07-07T20:00:00.000Z,2.4833,daily,"{'min_index': 2.3925, 'max_index': 2.6114, 'std_dev': 0.0616, 'samples_count': 24}",H100 SXM
2026-07-08T00:00:00.000Z,2026-07-08T20:00:00.000Z,2.4588,daily,"{'min_index': 2.3926, 'max_index': 2.6002, 'std_dev': 0.0543, 'samples_count': 24}",H100 SXM
2026-07-09T00:00:00.000Z,2026-07-09T20:00:00.000Z,2.4813,daily,"{'min_index': 2.3385, 'max_index': 2.5918, 'std_dev': 0.0697, 'samples_count': 24}",H100 SXM
2026-07-10T00:00:00.000Z,2026-07-10T20:00:00.000Z,2.5154,daily,"{'min_index': 2.4417, 'max_index': 2.6362, 'std_dev': 0.0674, 'samples_count': 24}",H100 SXM
2026-07-11T00:00:00.000Z,2026-07-11T20:00:00.000Z,2.5038,daily,"{'min_index': 2.4015, 'max_index': 2.6092, 'std_dev': 0.0683, 'samples_count': 24}",H100 SXM
2026-07-12T00:00:00.000Z,2026-07-12T20:00:00.000Z,2.5488,daily,"{'min_index': 2.44, 'max_index': 2.6375, 'std_dev': 0.0699, 'samples_count': 24}",H100 SXM
2026-07-13T00:00:00.000Z,2026-07-13T20:00:00.000Z,2.6096,daily,"{'min_index': 2.4634, 'max_index': 2.7141, 'std_dev': 0.0716, 'samples_count': 24}",H100 SXM
2026-07-14T00:00:00.000Z,2026-07-14T20:00:00.000Z,2.505,daily,"{'min_index': 2.4319, 'max_index': 2.6587, 'std_dev': 0.0556, 'samples_count': 24}",H100 SXM
2026-07-15T00:00:00.000Z,2026-07-15T20:00:00.000Z,2.6529,daily,"{'min_index': 2.4966, 'max_index': 2.753, 'std_dev': 0.0711, 'samples_count': 24}",H100 SXM
2026-07-16T00:00:00.000Z,2026-07-16T20:00:00.000Z,2.6858,daily,"{'min_index': 2.5821, 'max_index': 2.792, 'std_dev': 0.0652, 'samples_count': 24}",H100 SXM
2026-07-17T00:00:00.000Z,2026-07-17T20:00:00.000Z,2.6538,daily,"{'min_index': 2.5453, 'max_index': 2.7931, 'std_dev': 0.0729, 'samples_count': 24}",H100 SXM
2026-07-18T00:00:00.000Z,2026-07-18T20:00:00.000Z,2.6717,daily,"{'min_index': 2.5184, 'max_index': 2.7833, 'std_dev': 0.0802, 'samples_count': 24}",H100 SXM
2026-07-19T00:00:00.000Z,2026-07-19T20:00:00.000Z,2.7104,daily,"{'min_index': 2.5958, 'max_index': 2.7736, 'std_dev': 0.0464, 'samples_count': 24}",H100 SXM
2026-07-20T00:00:00.000Z,2026-07-20T20:00:00.000Z,2.6846,daily,"{'min_index': 2.5476, 'max_index': 2.7427, 'std_dev': 0.0549, 'samples_count': 24}",H100 SXM
2026-07-21T00:00:00.000Z,2026-07-21T20:00:00.000Z,2.7267,daily,"{'min_index': 2.597, 'max_index': 2.8301, 'std_dev': 0.0596, 'samples_count': 24}",H100 SXM
2026-07-22T00:00:00.000Z,2026-07-22T20:00:00.000Z,2.6967,daily,"{'min_index': 2.5395, 'max_index': 2.8101, 'std_dev': 0.0704, 'samples_count': 24}",H100 SXM
2026-07-23T00:00:00.000Z,2026-07-23T20:00:00.000Z,2.6971,daily,"{'min_index': 2.5105, 'max_index': 2.8704, 'std_dev': 0.1024, 'samples_count': 24}",H100 SXM
2026-07-24T00:00:00.000Z,2026-07-24T20:00:00.000Z,2.7329,daily,"{'min_index': 2.5666, 'max_index': 2.7932, 'std_dev': 0.0684, 'samples_count': 24}",H100 SXM
2026-07-25T00:00:00.000Z,2026-07-25T20:00:00.000Z,2.6775,daily,"{'min_index': 2.5148, 'max_index': 2.8182, 'std_dev': 0.0666, 'samples_count': 24}",H100 SXM
2026-07-26T00:00:00.000Z,2026-07-26T20:00:00.000Z,2.6046,daily,"{'min_index': 2.4904, 'max_index': 2.7922, 'std_dev': 0.0947, 'samples_count': 24}",H100 SXM
2026-07-27T00:00:00.000Z,2026-07-27T20:00:00.000Z,2.7183,daily,"{'min_index': 2.5977, 'max_index': 2.8205, 'std_dev': 0.057, 'samples_count': 24}",H100 SXM
2026-07-28T00:00:00.000Z,2026-07-28T20:00:00.000Z,2.7804,daily,"{'min_index': 2.6554, 'max_index': 2.8728, 'std_dev': 0.0572, 'samples_count': 24}",H100 SXM
2026-07-29T00:00:00.000Z,2026-07-29T20:00:00.000Z,2.6888,daily,"{'min_index': 2.5011, 'max_index': 2.9008, 'std_dev': 0.0932, 'samples_count': 24}",H100 SXM
2026-07-30T00:00:00.000Z,2026-07-30T20:00:00.000Z,2.7479,daily,"{'min_index': 2.5914, 'max_index': 2.9118, 'std_dev': 0.0849, 'samples_count': 24}",H100 SXM
2026-07-31T00:00:00.000Z,2026-07-31T20:00:00.000Z,2.7637,daily,"{'min_index': 2.5674, 'max_index': 2.8445, 'std_dev': 0.0613, 'samples_count': 24}",H100 SXM
2026-08-01T00:00:00.000Z,2026-08-01T20:00:00.000Z,2.6942,daily,"{'min_index': 2.5071, 'max_index': 2.8431, 'std_dev': 0.086, 'samples_count': 24}",H100 SXM
2026-08-02T00:00:00.000Z,2026-08-02T20:00:00.000Z,2.6012,daily,"{'min_index': 2.4697, 'max_index': 2.722, 'std_dev': 0.0822, 'samples_count': 24}",H100 SXM
2026-08-03T00:00:00.000Z,2026-08-03T20:00:00.000Z,2.6437,daily,"{'min_index': 2.4599, 'max_index': 2.8437, 'std_dev': 0.0966, 'samples_count': 24}",H100 SXM
2026-08-04T00:00:00.000Z,2026-08-04T20:00:00.000Z,2.6796,daily,"{'min_index': 2.5287, 'max_index': 2.7959, 'std_dev': 0.0714, 'samples_count': 24}",H100 SXM
2026-08-05T00:00:00.000Z,2026-08-05T20:00:00.000Z,2.6958,daily,"{'min_index': 2.4786, 'max_index': 2.8576, 'std_dev': 0.1004, 'samples_count': 24}",H100 SXM
2026-08-06T00:00:00.000Z,2026-08-06T20:00:00.000Z,2.7204,daily,"{'min_index': 2.6237, 'max_index': 2.8088, 'std_dev': 0.0553, 'samples_count': 24}",H100 SXM
2026-08-07T00:00:00.000Z,2026-08-07T20:00:00.000Z,2.6808,daily,"{'min_index': 2.5069, 'max_index': 2.8377, 'std_dev': 0.0865, 'samples_count': 24}",H100 SXM
2026-08-08T00:00:00.000Z,2026-08-08T20:00:00.000Z,2.6563,daily,"{'min_index': 2.4626, 'max_index': 2.8358, 'std_dev': 0.117, 'samples_count': 24}",H100 SXM
2026-08-09T00:00:00.000Z,2026-08-09T20:00:00.000Z,2.5263,daily,"{'min_index': 2.4427, 'max_index': 2.6585, 'std_dev': 0.0746, 'samples_count': 24}",H100 SXM
2026-08-10T00:00:00.000Z,2026-08-10T20:00:00.000Z,2.5642,daily,"{'min_index': 2.4119, 'max_index': 2.7794, 'std_dev': 0.1101, 'samples_count': 24}",H100 SXM
2026-08-11T00:00:00.000Z,2026-08-11T20:00:00.000Z,2.6683,daily,"{'min_index': 2.4538, 'max_index': 2.8382, 'std_dev': 0.0917, 'samples_count': 24}",H100 SXM
2026-08-12T00:00:00.000Z,2026-08-12T20:00:00.000Z,2.7163,daily,"{'min_index': 2.5557, 'max_index': 2.9073, 'std_dev': 0.0992, 'samples_count': 24}",H100 SXM
2026-08-13T00:00:00.000Z,2026-08-13T20:00:00.000Z,2.7275,daily,"{'min_index': 2.5889, 'max_index': 2.8327, 'std_dev': 0.0656, 'samples_count': 24}",H100 SXM
2026-08-14T00:00:00.000Z,2026-08-14T20:00:00.000Z,2.7938,daily,"{'min_index': 2.6413, 'max_index': 2.9196, 'std_dev': 0.0588, 'samples_count': 24}",H100 SXM
2026-08-15T00:00:00.000Z,2026-08-15T20:00:00.000Z,2.6596,daily,"{'min_index': 2.4802, 'max_index': 2.8432, 'std_dev': 0.1016, 'samples_count': 24}",H100 SXM
2026-08-16T00:00:00.000Z,2026-08-16T20:00:00.000Z,2.6417,daily,"{'min_index': 2.5375, 'max_index': 2.7567, 'std_dev': 0.0593, 'samples_count': 24}",H100 SXM
2026-08-17T00:00:00.000Z,2026-08-17T20:00:00.000Z,2.7404,daily,"{'min_index': 2.4915, 'max_index': 3.1055, 'std_dev': 0.1511, 'samples_count': 24}",H100 SXM
2026-08-18T00:00:00.000Z,2026-08-18T20:00:00.000Z,3.0396,daily,"{'min_index': 2.7678, 'max_index': 3.1831, 'std_dev': 0.1056, 'samples_count': 24}",H100 SXM
2026-08-19T00:00:00.000Z,2026-08-19T20:00:00.000Z,2.9263,daily,"{'min_index': 2.8489, 'max_index': 3.1101, 'std_dev': 0.076, 'samples_count': 24}",H100 SXM
2026-08-20T00:00:00.000Z,2026-08-20T20:00:00.000Z,2.9004,daily,"{'min_index': 2.6162, 'max_index': 3.0522, 'std_dev': 0.1046, 'samples_count': 24}",H100 SXM
2026-08-21T00:00:00.000Z,2026-08-21T20:00:00.000Z,2.8796,daily,"{'min_index': 2.7474, 'max_index': 2.9833, 'std_dev': 0.0558, 'samples_count': 24}",H100 SXM
2026-08-22T00:00:00.000Z,2026-08-22T20:00:00.000Z,2.6826,daily,"{'min_index': 2.4711, 'max_index': 2.8894, 'std_dev': 0.1029, 'samples_count': 23}",H100 SXM
2026-08-23T00:00:00.000Z,2026-08-23T20:00:00.000Z,2.8675,daily,"{'min_index': 2.6874, 'max_index': 2.9653, 'std_dev': 0.0685, 'samples_count': 24}",H100 SXM
2026-08-24T00:00:00.000Z,2026-08-24T20:00:00.000Z,2.9991,daily,"{'min_index': 2.8095, 'max_index': 3.1822, 'std_dev': 0.0951, 'samples_count': 23}",H100 SXM
2026-08-25T00:00:00.000Z,2026-08-25T20:00:00.000Z,2.9679,daily,"{'min_index': 2.6551, 'max_index': 3.116, 'std_dev': 0.1299, 'samples_count': 24}",H100 SXM
2026-08-26T00:00:00.000Z,2026-08-26T20:00:00.000Z,2.6792,daily,"{'min_index': 2.4904, 'max_index': 2.8261, 'std_dev': 0.0919, 'samples_count': 24}",H100 SXM
2026-08-27T00:00:00.000Z,2026-08-27T20:00:00.000Z,2.76,daily,"{'min_index': 2.5881, 'max_index': 3.0732, 'std_dev': 0.1231, 'samples_count': 24}",H100 SXM
2026-08-28T00:00:00.000Z,2026-08-28T20:00:00.000Z,2.9342,daily,"{'min_index': 2.7223, 'max_index': 3.2071, 'std_dev': 0.1264, 'samples_count': 24}",H100 SXM
2026-08-29T00:00:00.000Z,2026-08-29T20:00:00.000Z,2.8729,daily,"{'min_index': 2.733, 'max_index': 3.0989, 'std_dev': 0.1108, 'samples_count': 24}",H100 SXM
2026-08-30T00:00:00.000Z,2026-08-30T20:00:00.000Z,3.0083,daily,"{'min_index': 2.7952, 'max_index': 3.2124, 'std_dev': 0.1159, 'samples_count': 24}",H100 SXM
2026-08-31T00:00:00.000Z,2026-08-31T20:00:00.000Z,2.9704,daily,"{'min_index': 2.6695, 'max_index': 3.1534, 'std_dev': 0.1388, 'samples_count': 24}",H100 SXM
2025-01-23T00:00:00.000Z,2025-01-23T21:00:00.000Z,3.5823,daily,"{'min_index': 3.5651, 'max_index': 3.5836, 'std_dev': 0.0051, 'samples_count': 8}",H200
2025-01-24T00:00:00.000Z,2025-01-24T21:00:00.000Z,3.6361,daily,"{'min_index': 3.5656, 'max_index': 3.7681, 'std_dev': 0.0485, 'samples_count': 24}",H200
2025-01-25T00:00:00.000Z,2025-01-25T21:00:00.000Z,3.6623,daily,"{'min_index': 3.6461, 'max_index': 3.6642, 'std_dev': 0.0055, 'samples_count': 24}",H200
2025-01-26T00:00:00.000Z,2025-01-26T21:00:00.000Z,3.6539,daily,"{'min_index': 3.6459, 'max_index': 3.6649, 'std_dev': 0.0054, 'samples_count': 24}",H200
2025-01-27T00:00:00.000Z,2025-01-27T21:00:00.000Z,3.555,daily,"{'min_index': 3.2659, 'max_index': 3.6624, 'std_dev': 0.1615, 'samples_count': 24}",H200
2025-01-28T00:00:00.000Z,2025-01-28T21:00:00.000Z,3.6426,daily,"{'min_index': 3.4627, 'max_index': 3.6644, 'std_dev': 0.0594, 'samples_count': 24}",H200
2025-01-29T00:00:00.000Z,2025-01-29T21:00:00.000Z,3.3092,daily,"{'min_index': 3.0789, 'max_index': 3.5686, 'std_dev': 0.1285, 'samples_count': 24}",H200
2025-01-30T00:00:00.000Z,2025-01-30T21:00:00.000Z,3.5468,daily,"{'min_index': 3.4457, 'max_index': 3.6593, 'std_dev': 0.0676, 'samples_count': 24}",H200
2025-01-31T00:00:00.000Z,2025-01-31T21:00:00.000Z,3.5977,daily,"{'min_index': 3.5657, 'max_index': 3.6644, 'std_dev': 0.0349, 'samples_count': 24}",H200
2025-02-01T00:00:00.000Z,2025-02-01T21:00:00.000Z,3.6609,daily,"{'min_index': 3.6458, 'max_index': 3.6749, 'std_dev': 0.0052, 'samples_count': 24}",H200
2025-02-02T00:00:00.000Z,2025-02-02T21:00:00.000Z,3.6551,daily,"{'min_index': 3.6464, 'max_index': 3.6647, 'std_dev': 0.0059, 'samples_count': 24}",H200
2025-02-03T00:00:00.000Z,2025-02-03T21:00:00.000Z,3.6627,daily,"{'min_index': 3.6555, 'max_index': 3.6734, 'std_dev': 0.0043, 'samples_count': 24}",H200
2025-02-04T00:00:00.000Z,2025-02-04T21:00:00.000Z,3.6537,daily,"{'min_index': 3.4909, 'max_index': 3.6808, 'std_dev': 0.0456, 'samples_count': 24}",H200
2025-02-05T00:00:00.000Z,2025-02-05T21:00:00.000Z,3.5593,daily,"{'min_index': 3.3316, 'max_index': 3.6743, 'std_dev': 0.1059, 'samples_count': 24}",H200
2025-02-06T00:00:00.000Z,2025-02-06T21:00:00.000Z,3.3148,daily,"{'min_index': 2.9972, 'max_index': 3.554, 'std_dev': 0.2218, 'samples_count': 24}",H200
2025-02-07T00:00:00.000Z,2025-02-07T21:00:00.000Z,3.0215,daily,"{'min_index': 2.9955, 'max_index': 3.0724, 'std_dev': 0.0277, 'samples_count': 24}",H200
2025-02-08T00:00:00.000Z,2025-02-08T21:00:00.000Z,3.0668,daily,"{'min_index': 3.0651, 'max_index': 3.0749, 'std_dev': 0.0031, 'samples_count': 24}",H200
2025-02-09T00:00:00.000Z,2025-02-09T21:00:00.000Z,3.0668,daily,"{'min_index': 3.0653, 'max_index': 3.0749, 'std_dev': 0.003, 'samples_count': 24}",H200
2025-02-10T00:00:00.000Z,2025-02-10T21:00:00.000Z,3.0942,daily,"{'min_index': 3.0563, 'max_index': 3.1416, 'std_dev': 0.0345, 'samples_count': 24}",H200
2025-02-11T00:00:00.000Z,2025-02-11T21:00:00.000Z,3.1382,daily,"{'min_index': 3.1059, 'max_index': 3.172, 'std_dev': 0.0154, 'samples_count': 24}",H200
2025-02-12T00:00:00.000Z,2025-02-12T21:00:00.000Z,3.1751,daily,"{'min_index': 3.1667, 'max_index': 3.1942, 'std_dev': 0.0087, 'samples_count': 24}",H200
2025-02-13T00:00:00.000Z,2025-02-13T21:00:00.000Z,3.1925,daily,"{'min_index': 3.1857, 'max_index': 3.2018, 'std_dev': 0.0048, 'samples_count': 24}",H200
2025-02-14T00:00:00.000Z,2025-02-14T21:00:00.000Z,3.1743,daily,"{'min_index': 3.1356, 'max_index': 3.1939, 'std_dev': 0.016, 'samples_count': 24}",H200
2025-02-15T00:00:00.000Z,2025-02-15T21:00:00.000Z,3.1567,daily,"{'min_index': 3.1365, 'max_index': 3.1729, 'std_dev': 0.0128, 'samples_count': 24}",H200
2025-02-16T00:00:00.000Z,2025-02-16T21:00:00.000Z,3.153,daily,"{'min_index': 3.1367, 'max_index': 3.174, 'std_dev': 0.009, 'samples_count': 24}",H200
2025-02-17T00:00:00.000Z,2025-02-17T21:00:00.000Z,3.1617,daily,"{'min_index': 3.1452, 'max_index': 3.174, 'std_dev': 0.0098, 'samples_count': 24}",H200
2025-02-18T00:00:00.000Z,2025-02-18T21:00:00.000Z,3.1724,daily,"{'min_index': 3.1655, 'max_index': 3.1941, 'std_dev': 0.0068, 'samples_count': 24}",H200
2025-02-19T00:00:00.000Z,2025-02-19T21:00:00.000Z,3.1746,daily,"{'min_index': 3.1658, 'max_index': 3.1948, 'std_dev': 0.0094, 'samples_count': 24}",H200
2025-02-20T00:00:00.000Z,2025-02-20T21:00:00.000Z,3.1788,daily,"{'min_index': 3.1631, 'max_index': 3.1938, 'std_dev': 0.0112, 'samples_count': 24}",H200
2025-02-21T00:00:00.000Z,2025-02-21T21:00:00.000Z,3.1951,daily,"{'min_index': 3.1652, 'max_index': 3.2335, 'std_dev': 0.0285, 'samples_count': 24}",H200
2025-02-22T00:00:00.000Z,2025-02-22T21:00:00.000Z,3.2283,daily,"{'min_index': 3.2092, 'max_index': 3.2438, 'std_dev': 0.0082, 'samples_count': 24}",H200
2025-02-23T00:00:00.000Z,2025-02-23T21:00:00.000Z,3.2294,daily,"{'min_index': 3.2205, 'max_index': 3.2337, 'std_dev': 0.0034, 'samples_count': 24}",H200
2025-02-24T00:00:00.000Z,2025-02-24T21:00:00.000Z,3.2289,daily,"{'min_index': 3.2052, 'max_index': 3.2528, 'std_dev': 0.0097, 'samples_count': 24}",H200
2025-02-25T00:00:00.000Z,2025-02-25T21:00:00.000Z,3.2229,daily,"{'min_index': 3.1778, 'max_index': 3.2345, 'std_dev': 0.0177, 'samples_count': 24}",H200
2025-02-26T00:00:00.000Z,2025-02-26T21:00:00.000Z,3.2059,daily,"{'min_index': 3.1782, 'max_index': 3.2333, 'std_dev': 0.015, 'samples_count': 24}",H200
2025-02-27T00:00:00.000Z,2025-02-27T21:00:00.000Z,3.184,daily,"{'min_index': 3.1756, 'max_index': 3.2225, 'std_dev': 0.0134, 'samples_count': 24}",H200
2025-02-28T00:00:00.000Z,2025-02-28T21:00:00.000Z,3.2076,daily,"{'min_index': 3.1688, 'max_index': 3.2724, 'std_dev': 0.0318, 'samples_count': 24}",H200
2025-03-01T00:00:00.000Z,2025-03-01T21:00:00.000Z,3.2732,daily,"{'min_index': 3.1966, 'max_index': 3.3351, 'std_dev': 0.044, 'samples_count': 24}",H200
2025-03-02T00:00:00.000Z,2025-03-02T21:00:00.000Z,3.2545,daily,"{'min_index': 3.2223, 'max_index': 3.2918, 'std_dev': 0.0189, 'samples_count': 24}",H200
2025-03-03T00:00:00.000Z,2025-03-03T21:00:00.000Z,3.2177,daily,"{'min_index': 3.1952, 'max_index': 3.254, 'std_dev': 0.0179, 'samples_count': 24}",H200
2025-03-04T00:00:00.000Z,2025-03-04T21:00:00.000Z,3.3523,daily,"{'min_index': 3.2665, 'max_index': 3.5419, 'std_dev': 0.0596, 'samples_count': 24}",H200
2025-03-05T00:00:00.000Z,2025-03-05T21:00:00.000Z,3.3823,daily,"{'min_index': 3.3539, 'max_index': 3.4103, 'std_dev': 0.0144, 'samples_count': 24}",H200
2025-03-06T00:00:00.000Z,2025-03-06T21:00:00.000Z,3.4275,daily,"{'min_index': 3.3959, 'max_index': 3.5126, 'std_dev': 0.0404, 'samples_count': 24}",H200
2025-03-07T00:00:00.000Z,2025-03-07T21:00:00.000Z,3.5202,daily,"{'min_index': 3.3993, 'max_index': 4.4974, 'std_dev': 0.2231, 'samples_count': 24}",H200
2025-03-08T00:00:00.000Z,2025-03-08T21:00:00.000Z,3.492,daily,"{'min_index': 3.3393, 'max_index': 3.5906, 'std_dev': 0.0849, 'samples_count': 24}",H200
2025-03-09T00:00:00.000Z,2025-03-09T20:00:00.000Z,3.437,daily,"{'min_index': 3.3361, 'max_index': 3.5887, 'std_dev': 0.0951, 'samples_count': 24}",H200
2025-03-10T00:00:00.000Z,2025-03-10T20:00:00.000Z,3.5642,daily,"{'min_index': 3.4455, 'max_index': 3.5941, 'std_dev': 0.0419, 'samples_count': 24}",H200
2025-03-11T00:00:00.000Z,2025-03-11T20:00:00.000Z,3.5059,daily,"{'min_index': 3.4369, 'max_index': 3.5927, 'std_dev': 0.0589, 'samples_count': 24}",H200
2025-03-12T00:00:00.000Z,2025-03-12T20:00:00.000Z,3.561,daily,"{'min_index': 3.4704, 'max_index': 3.5945, 'std_dev': 0.0419, 'samples_count': 24}",H200
2025-03-13T00:00:00.000Z,2025-03-13T20:00:00.000Z,3.5511,daily,"{'min_index': 3.4403, 'max_index': 3.5935, 'std_dev': 0.0465, 'samples_count': 24}",H200
2025-03-14T00:00:00.000Z,2025-03-14T20:00:00.000Z,3.5676,daily,"{'min_index': 3.5097, 'max_index': 3.5928, 'std_dev': 0.0265, 'samples_count': 24}",H200
2025-03-15T00:00:00.000Z,2025-03-15T20:00:00.000Z,3.5634,daily,"{'min_index': 3.458, 'max_index': 3.5934, 'std_dev': 0.0364, 'samples_count': 24}",H200
2025-03-16T00:00:00.000Z,2025-03-16T20:00:00.000Z,3.4697,daily,"{'min_index': 3.3611, 'max_index': 3.5746, 'std_dev': 0.0518, 'samples_count': 24}",H200
2025-03-17T00:00:00.000Z,2025-03-17T20:00:00.000Z,3.4071,daily,"{'min_index': 3.3313, 'max_index': 3.4702, 'std_dev': 0.0411, 'samples_count': 24}",H200
2025-03-18T00:00:00.000Z,2025-03-18T20:00:00.000Z,3.4337,daily,"{'min_index': 3.3377, 'max_index': 3.5907, 'std_dev': 0.074, 'samples_count': 24}",H200
2025-03-19T00:00:00.000Z,2025-03-19T20:00:00.000Z,3.6,daily,"{'min_index': 3.4508, 'max_index': 3.6446, 'std_dev': 0.0639, 'samples_count': 24}",H200
2025-03-20T00:00:00.000Z,2025-03-20T20:00:00.000Z,3.5486,daily,"{'min_index': 3.4457, 'max_index': 3.6446, 'std_dev': 0.0856, 'samples_count': 24}",H200
2025-03-21T00:00:00.000Z,2025-03-21T20:00:00.000Z,3.5041,daily,"{'min_index': 3.3815, 'max_index': 3.6011, 'std_dev': 0.0625, 'samples_count': 24}",H200
2025-03-22T00:00:00.000Z,2025-03-22T20:00:00.000Z,3.5312,daily,"{'min_index': 3.3809, 'max_index': 3.5944, 'std_dev': 0.0752, 'samples_count': 24}",H200
2025-03-23T00:00:00.000Z,2025-03-23T20:00:00.000Z,3.4322,daily,"{'min_index': 3.3799, 'max_index': 3.5838, 'std_dev': 0.0571, 'samples_count': 24}",H200
2025-03-24T00:00:00.000Z,2025-03-24T20:00:00.000Z,3.536,daily,"{'min_index': 3.3854, 'max_index': 3.8088, 'std_dev': 0.1515, 'samples_count': 24}",H200
2025-03-25T00:00:00.000Z,2025-03-25T20:00:00.000Z,3.5578,daily,"{'min_index': 3.4484, 'max_index': 3.6346, 'std_dev': 0.0557, 'samples_count': 24}",H200
2025-03-26T00:00:00.000Z,2025-03-26T20:00:00.000Z,3.5555,daily,"{'min_index': 3.4208, 'max_index': 3.9937, 'std_dev': 0.0968, 'samples_count': 24}",H200
2025-03-27T00:00:00.000Z,2025-03-27T20:00:00.000Z,3.6229,daily,"{'min_index': 3.3496, 'max_index': 4.4716, 'std_dev': 0.395, 'samples_count': 24}",H200
2025-03-28T00:00:00.000Z,2025-03-28T20:00:00.000Z,3.3791,daily,"{'min_index': 3.3566, 'max_index': 3.3945, 'std_dev': 0.0077, 'samples_count': 24}",H200
2025-03-29T00:00:00.000Z,2025-03-29T20:00:00.000Z,3.3896,daily,"{'min_index': 3.3657, 'max_index': 3.5423, 'std_dev': 0.0655, 'samples_count': 24}",H200
2025-03-30T00:00:00.000Z,2025-03-30T20:00:00.000Z,3.5417,daily,"{'min_index': 3.3773, 'max_index': 3.5729, 'std_dev': 0.0339, 'samples_count': 24}",H200
2025-03-31T00:00:00.000Z,2025-03-31T20:00:00.000Z,3.4389,daily,"{'min_index': 3.3671, 'max_index': 3.5979, 'std_dev': 0.0518, 'samples_count': 24}",H200
2025-04-01T00:00:00.000Z,2025-04-01T20:00:00.000Z,3.5489,daily,"{'min_index': 3.3729, 'max_index': 3.6108, 'std_dev': 0.0844, 'samples_count': 24}",H200
2025-04-02T00:00:00.000Z,2025-04-02T20:00:00.000Z,3.4732,daily,"{'min_index': 3.366, 'max_index': 3.6042, 'std_dev': 0.0663, 'samples_count': 24}",H200
2025-04-03T00:00:00.000Z,2025-04-03T20:00:00.000Z,3.3717,daily,"{'min_index': 3.3326, 'max_index': 3.5829, 'std_dev': 0.0651, 'samples_count': 24}",H200
2025-04-04T00:00:00.000Z,2025-04-04T20:00:00.000Z,3.441,daily,"{'min_index': 3.3317, 'max_index': 3.5974, 'std_dev': 0.0888, 'samples_count': 24}",H200
2025-04-05T00:00:00.000Z,2025-04-05T20:00:00.000Z,3.4566,daily,"{'min_index': 3.3401, 'max_index': 3.5915, 'std_dev': 0.0508, 'samples_count': 24}",H200
2025-04-06T00:00:00.000Z,2025-04-06T20:00:00.000Z,3.5373,daily,"{'min_index': 3.46, 'max_index': 3.5974, 'std_dev': 0.0332, 'samples_count': 24}",H200
2025-04-07T00:00:00.000Z,2025-04-07T20:00:00.000Z,3.5041,daily,"{'min_index': 3.3851, 'max_index': 3.5647, 'std_dev': 0.0424, 'samples_count': 24}",H200
2025-04-08T00:00:00.000Z,2025-04-08T20:00:00.000Z,3.5004,daily,"{'min_index': 3.3016, 'max_index': 3.6279, 'std_dev': 0.0832, 'samples_count': 24}",H200
2025-04-09T00:00:00.000Z,2025-04-09T20:00:00.000Z,3.3956,daily,"{'min_index': 3.0663, 'max_index': 3.6268, 'std_dev': 0.1883, 'samples_count': 24}",H200
2025-04-10T00:00:00.000Z,2025-04-10T20:00:00.000Z,3.0822,daily,"{'min_index': 3.0504, 'max_index': 3.1025, 'std_dev': 0.0143, 'samples_count': 23}",H200
2025-04-11T00:00:00.000Z,2025-04-11T20:00:00.000Z,3.1155,daily,"{'min_index': 3.049, 'max_index': 3.2001, 'std_dev': 0.0556, 'samples_count': 24}",H200
2025-04-12T00:00:00.000Z,2025-04-12T20:00:00.000Z,3.1788,daily,"{'min_index': 3.1178, 'max_index': 3.1983, 'std_dev': 0.0195, 'samples_count': 24}",H200
2025-04-13T00:00:00.000Z,2025-04-13T20:00:00.000Z,3.1825,daily,"{'min_index': 3.1437, 'max_index': 3.214, 'std_dev': 0.0169, 'samples_count': 24}",H200
2025-04-14T00:00:00.000Z,2025-04-14T20:00:00.000Z,3.1932,daily,"{'min_index': 3.1588, 'max_index': 3.2243, 'std_dev': 0.0216, 'samples_count': 24}",H200
2025-04-15T00:00:00.000Z,2025-04-15T20:00:00.000Z,3.1393,daily,"{'min_index': 3.1154, 'max_index': 3.157, 'std_dev': 0.0102, 'samples_count': 24}",H200
2025-04-16T00:00:00.000Z,2025-04-16T20:00:00.000Z,3.1327,daily,"{'min_index': 3.1062, 'max_index': 3.1417, 'std_dev': 0.0086, 'samples_count': 24}",H200
2025-04-17T00:00:00.000Z,2025-04-17T20:00:00.000Z,3.1554,daily,"{'min_index': 3.1255, 'max_index': 3.2234, 'std_dev': 0.04, 'samples_count': 24}",H200
2025-04-18T00:00:00.000Z,2025-04-18T20:00:00.000Z,3.1944,daily,"{'min_index': 3.1054, 'max_index': 3.2498, 'std_dev': 0.0366, 'samples_count': 24}",H200
2025-04-19T00:00:00.000Z,2025-04-19T20:00:00.000Z,3.174,daily,"{'min_index': 3.1395, 'max_index': 3.2034, 'std_dev': 0.0146, 'samples_count': 24}",H200
2025-04-20T00:00:00.000Z,2025-04-20T20:00:00.000Z,3.1756,daily,"{'min_index': 3.1396, 'max_index': 3.2143, 'std_dev': 0.0192, 'samples_count': 24}",H200
2025-04-21T00:00:00.000Z,2025-04-21T20:00:00.000Z,3.1687,daily,"{'min_index': 3.1161, 'max_index': 3.2155, 'std_dev': 0.0276, 'samples_count': 24}",H200
2025-04-22T00:00:00.000Z,2025-04-22T20:00:00.000Z,3.1494,daily,"{'min_index': 3.1247, 'max_index': 3.1945, 'std_dev': 0.0224, 'samples_count': 24}",H200
2025-04-23T00:00:00.000Z,2025-04-23T20:00:00.000Z,3.1485,daily,"{'min_index': 3.1158, 'max_index': 3.1631, 'std_dev': 0.0144, 'samples_count': 24}",H200
2025-04-24T00:00:00.000Z,2025-04-24T20:00:00.000Z,3.1311,daily,"{'min_index': 3.116, 'max_index': 3.1348, 'std_dev': 0.0046, 'samples_count': 24}",H200
2025-04-25T00:00:00.000Z,2025-04-25T20:00:00.000Z,3.1231,daily,"{'min_index': 3.0868, 'max_index': 3.1543, 'std_dev': 0.0174, 'samples_count': 24}",H200
2025-04-26T00:00:00.000Z,2025-04-26T20:00:00.000Z,3.0867,daily,"{'min_index': 3.0599, 'max_index': 3.113, 'std_dev': 0.0121, 'samples_count': 24}",H200
2025-04-27T00:00:00.000Z,2025-04-27T20:00:00.000Z,3.0785,daily,"{'min_index': 3.0385, 'max_index': 3.1132, 'std_dev': 0.0213, 'samples_count': 24}",H200
2025-04-28T00:00:00.000Z,2025-04-28T20:00:00.000Z,3.0424,daily,"{'min_index': 3.0272, 'max_index': 3.0642, 'std_dev': 0.0107, 'samples_count': 24}",H200
2025-04-29T00:00:00.000Z,2025-04-29T20:00:00.000Z,3.0488,daily,"{'min_index': 3.0302, 'max_index': 3.0546, 'std_dev': 0.0051, 'samples_count': 24}",H200
2025-04-30T00:00:00.000Z,2025-04-30T20:00:00.000Z,3.0676,daily,"{'min_index': 3.0459, 'max_index': 3.1341, 'std_dev': 0.0242, 'samples_count': 24}",H200
2025-05-01T00:00:00.000Z,2025-05-01T20:00:00.000Z,3.1023,daily,"{'min_index': 3.0816, 'max_index': 3.1038, 'std_dev': 0.0043, 'samples_count': 24}",H200
2025-05-02T00:00:00.000Z,2025-05-02T20:00:00.000Z,3.1157,daily,"{'min_index': 3.0957, 'max_index': 3.1521, 'std_dev': 0.0172, 'samples_count': 24}",H200
2025-05-03T00:00:00.000Z,2025-05-03T20:00:00.000Z,3.1356,daily,"{'min_index': 3.1153, 'max_index': 3.1592, 'std_dev': 0.0106, 'samples_count': 24}",H200
2025-05-04T00:00:00.000Z,2025-05-04T20:00:00.000Z,3.1339,daily,"{'min_index': 3.1156, 'max_index': 3.1937, 'std_dev': 0.0254, 'samples_count': 24}",H200
2025-05-05T00:00:00.000Z,2025-05-05T20:00:00.000Z,3.1722,daily,"{'min_index': 3.1266, 'max_index': 3.2244, 'std_dev': 0.0367, 'samples_count': 24}",H200
2025-05-06T00:00:00.000Z,2025-05-06T20:00:00.000Z,3.1872,daily,"{'min_index': 3.147, 'max_index': 3.1948, 'std_dev': 0.0132, 'samples_count': 24}",H200
2025-05-07T00:00:00.000Z,2025-05-07T20:00:00.000Z,3.1685,daily,"{'min_index': 3.1164, 'max_index': 3.1943, 'std_dev': 0.0196, 'samples_count': 24}",H200
2025-05-08T00:00:00.000Z,2025-05-08T20:00:00.000Z,3.1573,daily,"{'min_index': 3.1298, 'max_index': 3.1648, 'std_dev': 0.0078, 'samples_count': 24}",H200
2025-05-09T00:00:00.000Z,2025-05-09T20:00:00.000Z,3.1519,daily,"{'min_index': 3.1151, 'max_index': 3.1645, 'std_dev': 0.0158, 'samples_count': 24}",H200
2025-05-10T00:00:00.000Z,2025-05-10T20:00:00.000Z,3.1157,daily,"{'min_index': 3.1008, 'max_index': 3.1349, 'std_dev': 0.0101, 'samples_count': 24}",H200
2025-05-11T00:00:00.000Z,2025-05-11T20:00:00.000Z,3.1204,daily,"{'min_index': 3.0954, 'max_index': 3.1346, 'std_dev': 0.0103, 'samples_count': 24}",H200
2025-05-12T00:00:00.000Z,2025-05-12T20:00:00.000Z,3.1387,daily,"{'min_index': 3.0674, 'max_index': 3.194, 'std_dev': 0.0352, 'samples_count': 24}",H200
2025-05-13T00:00:00.000Z,2025-05-13T20:00:00.000Z,3.1948,daily,"{'min_index': 3.1851, 'max_index': 3.2131, 'std_dev': 0.0078, 'samples_count': 24}",H200
2025-05-14T00:00:00.000Z,2025-05-14T20:00:00.000Z,3.1921,daily,"{'min_index': 3.123, 'max_index': 3.2238, 'std_dev': 0.0251, 'samples_count': 24}",H200
2025-05-15T00:00:00.000Z,2025-05-15T20:00:00.000Z,3.21,daily,"{'min_index': 3.1672, 'max_index': 3.2243, 'std_dev': 0.0143, 'samples_count': 24}",H200
2025-05-16T00:00:00.000Z,2025-05-16T20:00:00.000Z,3.1845,daily,"{'min_index': 3.1161, 'max_index': 3.2216, 'std_dev': 0.0308, 'samples_count': 24}",H200
2025-05-17T00:00:00.000Z,2025-05-17T20:00:00.000Z,3.138,daily,"{'min_index': 3.0951, 'max_index': 3.1729, 'std_dev': 0.0284, 'samples_count': 24}",H200
2025-05-18T00:00:00.000Z,2025-05-18T20:00:00.000Z,3.1416,daily,"{'min_index': 3.0973, 'max_index': 3.1718, 'std_dev': 0.0225, 'samples_count': 24}",H200
2025-05-19T00:00:00.000Z,2025-05-19T20:00:00.000Z,3.1176,daily,"{'min_index': 3.0959, 'max_index': 3.1695, 'std_dev': 0.0202, 'samples_count': 24}",H200
2025-05-20T00:00:00.000Z,2025-05-20T20:00:00.000Z,3.1216,daily,"{'min_index': 3.0994, 'max_index': 3.1684, 'std_dev': 0.02, 'samples_count': 24}",H200
2025-05-21T00:00:00.000Z,2025-05-21T20:00:00.000Z,3.1266,daily,"{'min_index': 3.0953, 'max_index': 3.1697, 'std_dev': 0.022, 'samples_count': 24}",H200
2025-05-22T00:00:00.000Z,2025-05-22T20:00:00.000Z,3.1062,daily,"{'min_index': 3.0814, 'max_index': 3.1687, 'std_dev': 0.0218, 'samples_count': 24}",H200
2025-05-23T00:00:00.000Z,2025-05-23T20:00:00.000Z,3.1188,daily,"{'min_index': 3.0653, 'max_index': 3.1699, 'std_dev': 0.0292, 'samples_count': 24}",H200
2025-05-24T00:00:00.000Z,2025-05-24T20:00:00.000Z,3.0736,daily,"{'min_index': 3.0654, 'max_index': 3.0902, 'std_dev': 0.0056, 'samples_count': 24}",H200
2025-05-25T00:00:00.000Z,2025-05-25T20:00:00.000Z,3.067,daily,"{'min_index': 3.066, 'max_index': 3.0932, 'std_dev': 0.0054, 'samples_count': 24}",H200
2025-05-26T00:00:00.000Z,2025-05-26T20:00:00.000Z,3.0881,daily,"{'min_index': 3.0487, 'max_index': 3.1247, 'std_dev': 0.0261, 'samples_count': 24}",H200
2025-05-27T00:00:00.000Z,2025-05-27T20:00:00.000Z,3.092,daily,"{'min_index': 3.0659, 'max_index': 3.1048, 'std_dev': 0.0146, 'samples_count': 24}",H200
2025-05-28T00:00:00.000Z,2025-05-28T20:00:00.000Z,3.0796,daily,"{'min_index': 3.0656, 'max_index': 3.1047, 'std_dev': 0.0132, 'samples_count': 24}",H200
2025-05-29T00:00:00.000Z,2025-05-29T20:00:00.000Z,3.0744,daily,"{'min_index': 3.0482, 'max_index': 3.0879, 'std_dev': 0.0081, 'samples_count': 24}",H200
2025-05-30T00:00:00.000Z,2025-05-30T20:00:00.000Z,3.0626,daily,"{'min_index': 3.0493, 'max_index': 3.0747, 'std_dev': 0.0068, 'samples_count': 24}",H200
2025-05-31T00:00:00.000Z,2025-05-31T20:00:00.000Z,3.0311,daily,"{'min_index': 2.8652, 'max_index': 3.0736, 'std_dev': 0.0431, 'samples_count': 24}",H200
2025-06-01T00:00:00.000Z,2025-06-01T20:00:00.000Z,3.0596,daily,"{'min_index': 3.0213, 'max_index': 3.074, 'std_dev': 0.0147, 'samples_count': 24}",H200
2025-06-02T00:00:00.000Z,2025-06-02T20:00:00.000Z,3.0425,daily,"{'min_index': 2.9566, 'max_index': 3.0747, 'std_dev': 0.0462, 'samples_count': 24}",H200
2025-06-03T00:00:00.000Z,2025-06-03T20:00:00.000Z,2.98,daily,"{'min_index': 2.9566, 'max_index': 3.0805, 'std_dev': 0.0332, 'samples_count': 24}",H200
2025-06-04T00:00:00.000Z,2025-06-04T20:00:00.000Z,2.9965,daily,"{'min_index': 2.7547, 'max_index': 3.087, 'std_dev': 0.0792, 'samples_count': 24}",H200
2025-06-05T00:00:00.000Z,2025-06-05T20:00:00.000Z,2.9933,daily,"{'min_index': 2.8681, 'max_index': 3.1031, 'std_dev': 0.0792, 'samples_count': 24}",H200
2025-06-06T00:00:00.000Z,2025-06-06T20:00:00.000Z,2.9826,daily,"{'min_index': 2.9154, 'max_index': 3.0973, 'std_dev': 0.0542, 'samples_count': 24}",H200
2025-06-07T00:00:00.000Z,2025-06-07T20:00:00.000Z,2.9376,daily,"{'min_index': 2.9158, 'max_index': 2.9724, 'std_dev': 0.018, 'samples_count': 24}",H200
2025-06-08T00:00:00.000Z,2025-06-08T20:00:00.000Z,2.9689,daily,"{'min_index': 2.9129, 'max_index': 3.0291, 'std_dev': 0.0338, 'samples_count': 24}",H200
2025-06-09T00:00:00.000Z,2025-06-09T20:00:00.000Z,2.9223,daily,"{'min_index': 2.8375, 'max_index': 3.0311, 'std_dev': 0.034, 'samples_count': 24}",H200
2025-06-10T00:00:00.000Z,2025-06-10T20:00:00.000Z,2.9441,daily,"{'min_index': 2.893, 'max_index': 3.0305, 'std_dev': 0.0412, 'samples_count': 24}",H200
2025-06-11T00:00:00.000Z,2025-06-11T20:00:00.000Z,2.9721,daily,"{'min_index': 2.9203, 'max_index': 2.9842, 'std_dev': 0.0228, 'samples_count': 24}",H200
2025-06-12T00:00:00.000Z,2025-06-12T20:00:00.000Z,2.933,daily,"{'min_index': 2.9165, 'max_index': 2.9831, 'std_dev': 0.0208, 'samples_count': 24}",H200
2025-06-13T00:00:00.000Z,2025-06-13T20:00:00.000Z,2.9519,daily,"{'min_index': 2.9163, 'max_index': 2.9819, 'std_dev': 0.0242, 'samples_count': 24}",H200
2025-06-14T00:00:00.000Z,2025-06-14T20:00:00.000Z,2.9518,daily,"{'min_index': 2.8962, 'max_index': 3.0691, 'std_dev': 0.049, 'samples_count': 24}",H200
2025-06-15T00:00:00.000Z,2025-06-15T20:00:00.000Z,2.9612,daily,"{'min_index': 2.8878, 'max_index': 3.0535, 'std_dev': 0.0508, 'samples_count': 24}",H200
2025-06-16T00:00:00.000Z,2025-06-16T20:00:00.000Z,2.9406,daily,"{'min_index': 2.9155, 'max_index': 2.9836, 'std_dev': 0.0222, 'samples_count': 24}",H200
2025-06-17T00:00:00.000Z,2025-06-17T20:00:00.000Z,2.9357,daily,"{'min_index': 2.9151, 'max_index': 2.9789, 'std_dev': 0.0206, 'samples_count': 24}",H200
2025-06-18T00:00:00.000Z,2025-06-18T20:00:00.000Z,2.9343,daily,"{'min_index': 2.9163, 'max_index': 2.9845, 'std_dev': 0.0239, 'samples_count': 24}",H200
2025-06-19T00:00:00.000Z,2025-06-19T20:00:00.000Z,2.9497,daily,"{'min_index': 2.9162, 'max_index': 2.9847, 'std_dev': 0.0261, 'samples_count': 24}",H200
2025-06-20T00:00:00.000Z,2025-06-20T20:00:00.000Z,2.9248,daily,"{'min_index': 2.9152, 'max_index': 2.9245, 'std_dev': 0.003, 'samples_count': 24}",H200
2025-06-21T00:00:00.000Z,2025-06-21T20:00:00.000Z,2.9347,daily,"{'min_index': 2.9162, 'max_index': 3.0154, 'std_dev': 0.0281, 'samples_count': 24}",H200
2025-06-22T00:00:00.000Z,2025-06-22T20:00:00.000Z,2.9474,daily,"{'min_index': 2.899, 'max_index': 2.9822, 'std_dev': 0.0306, 'samples_count': 24}",H200
2025-06-23T00:00:00.000Z,2025-06-23T20:00:00.000Z,2.9288,daily,"{'min_index': 2.9041, 'max_index': 2.9283, 'std_dev': 0.0049, 'samples_count': 24}",H200
2025-06-24T00:00:00.000Z,2025-06-24T20:00:00.000Z,2.9231,daily,"{'min_index': 2.9053, 'max_index': 2.9247, 'std_dev': 0.0046, 'samples_count': 24}",H200
2025-06-25T00:00:00.000Z,2025-06-25T20:00:00.000Z,2.9246,daily,"{'min_index': 2.9156, 'max_index': 2.924, 'std_dev': 0.0023, 'samples_count': 24}",H200
2025-06-26T00:00:00.000Z,2025-06-26T20:00:00.000Z,2.9246,daily,"{'min_index': 2.9152, 'max_index': 2.9248, 'std_dev': 0.0034, 'samples_count': 24}",H200
2025-06-27T00:00:00.000Z,2025-06-27T20:00:00.000Z,2.9246,daily,"{'min_index': 2.9152, 'max_index': 2.9242, 'std_dev': 0.0029, 'samples_count': 24}",H200
2025-06-28T00:00:00.000Z,2025-06-28T20:00:00.000Z,2.9246,daily,"{'min_index': 2.9158, 'max_index': 2.9247, 'std_dev': 0.0025, 'samples_count': 24}",H200
2025-06-29T00:00:00.000Z,2025-06-29T20:00:00.000Z,2.9246,daily,"{'min_index': 2.9153, 'max_index': 2.9246, 'std_dev': 0.0029, 'samples_count': 24}",H200
2025-06-30T00:00:00.000Z,2025-06-30T20:00:00.000Z,2.9246,daily,"{'min_index': 2.9156, 'max_index': 2.9256, 'std_dev': 0.0029, 'samples_count': 24}",H200
2025-07-01T00:00:00.000Z,2025-07-01T20:00:00.000Z,2.9287,daily,"{'min_index': 2.9155, 'max_index': 2.9542, 'std_dev': 0.0106, 'samples_count': 24}",H200
2025-07-02T00:00:00.000Z,2025-07-02T20:00:00.000Z,2.9324,daily,"{'min_index': 2.9154, 'max_index': 2.994, 'std_dev': 0.0219, 'samples_count': 24}",H200
2025-07-03T00:00:00.000Z,2025-07-03T20:00:00.000Z,2.9541,daily,"{'min_index': 2.9228, 'max_index': 3.0016, 'std_dev': 0.0233, 'samples_count': 24}",H200
2025-07-04T00:00:00.000Z,2025-07-04T20:00:00.000Z,2.9278,daily,"{'min_index': 2.9155, 'max_index': 2.9345, 'std_dev': 0.0052, 'samples_count': 24}",H200
2025-07-05T00:00:00.000Z,2025-07-05T20:00:00.000Z,2.9256,daily,"{'min_index': 2.9159, 'max_index': 2.9393, 'std_dev': 0.0051, 'samples_count': 24}",H200
2025-07-06T00:00:00.000Z,2025-07-06T20:00:00.000Z,2.923,daily,"{'min_index': 2.8974, 'max_index': 2.9247, 'std_dev': 0.0053, 'samples_count': 24}",H200
2025-07-07T00:00:00.000Z,2025-07-07T20:00:00.000Z,2.9246,daily,"{'min_index': 2.9154, 'max_index': 2.9248, 'std_dev': 0.0027, 'samples_count': 24}",H200
2025-07-08T00:00:00.000Z,2025-07-08T20:00:00.000Z,2.9224,daily,"{'min_index': 2.8893, 'max_index': 2.9241, 'std_dev': 0.0068, 'samples_count': 24}",H200
2025-07-09T00:00:00.000Z,2025-07-09T20:00:00.000Z,2.9072,daily,"{'min_index': 2.8197, 'max_index': 2.9249, 'std_dev': 0.0341, 'samples_count': 24}",H200
2025-07-10T00:00:00.000Z,2025-07-10T20:00:00.000Z,2.8806,daily,"{'min_index': 2.8191, 'max_index': 2.9248, 'std_dev': 0.0352, 'samples_count': 24}",H200
2025-07-11T00:00:00.000Z,2025-07-11T20:00:00.000Z,2.8546,daily,"{'min_index': 2.8167, 'max_index': 2.9145, 'std_dev': 0.0321, 'samples_count': 24}",H200
2025-07-12T00:00:00.000Z,2025-07-12T20:00:00.000Z,2.8485,daily,"{'min_index': 2.8165, 'max_index': 2.8885, 'std_dev': 0.0243, 'samples_count': 24}",H200
2025-07-13T00:00:00.000Z,2025-07-13T20:00:00.000Z,2.836,daily,"{'min_index': 2.8169, 'max_index': 2.9, 'std_dev': 0.025, 'samples_count': 24}",H200
2025-07-14T00:00:00.000Z,2025-07-14T20:00:00.000Z,2.8535,daily,"{'min_index': 2.8165, 'max_index': 2.8886, 'std_dev': 0.027, 'samples_count': 24}",H200
2025-07-15T00:00:00.000Z,2025-07-15T20:00:00.000Z,2.8624,daily,"{'min_index': 2.8199, 'max_index': 2.9129, 'std_dev': 0.022, 'samples_count': 24}",H200
2025-07-16T00:00:00.000Z,2025-07-16T20:00:00.000Z,2.8681,daily,"{'min_index': 2.8228, 'max_index': 2.8849, 'std_dev': 0.0163, 'samples_count': 24}",H200
2025-07-17T00:00:00.000Z,2025-07-17T20:00:00.000Z,2.8622,daily,"{'min_index': 2.8154, 'max_index': 2.8945, 'std_dev': 0.0297, 'samples_count': 24}",H200
2025-07-18T00:00:00.000Z,2025-07-18T20:00:00.000Z,2.8517,daily,"{'min_index': 2.82, 'max_index': 2.8957, 'std_dev': 0.0222, 'samples_count': 24}",H200
2025-07-19T00:00:00.000Z,2025-07-19T20:00:00.000Z,2.8649,daily,"{'min_index': 2.8183, 'max_index': 2.9299, 'std_dev': 0.0309, 'samples_count': 24}",H200
2025-07-20T00:00:00.000Z,2025-07-20T20:00:00.000Z,2.827,daily,"{'min_index': 2.8005, 'max_index': 2.8425, 'std_dev': 0.0085, 'samples_count': 24}",H200
2025-07-21T00:00:00.000Z,2025-07-21T20:00:00.000Z,2.8263,daily,"{'min_index': 2.8155, 'max_index': 2.8487, 'std_dev': 0.0082, 'samples_count': 24}",H200
2025-07-22T00:00:00.000Z,2025-07-22T20:00:00.000Z,2.825,daily,"{'min_index': 2.8151, 'max_index': 2.8313, 'std_dev': 0.0037, 'samples_count': 24}",H200
2025-07-23T00:00:00.000Z,2025-07-23T20:00:00.000Z,2.8244,daily,"{'min_index': 2.8151, 'max_index': 2.8243, 'std_dev': 0.0027, 'samples_count': 24}",H200
2025-07-24T00:00:00.000Z,2025-07-24T20:00:00.000Z,2.7993,daily,"{'min_index': 2.7089, 'max_index': 2.8233, 'std_dev': 0.0352, 'samples_count': 24}",H200
2025-07-25T00:00:00.000Z,2025-07-25T20:00:00.000Z,2.7937,daily,"{'min_index': 2.7452, 'max_index': 2.8425, 'std_dev': 0.0276, 'samples_count': 24}",H200
2025-07-26T00:00:00.000Z,2025-07-26T20:00:00.000Z,2.8293,daily,"{'min_index': 2.7796, 'max_index': 2.8629, 'std_dev': 0.0163, 'samples_count': 24}",H200
2025-07-27T00:00:00.000Z,2025-07-27T20:00:00.000Z,2.8208,daily,"{'min_index': 2.7824, 'max_index': 2.8362, 'std_dev': 0.0104, 'samples_count': 24}",H200
2025-07-28T00:00:00.000Z,2025-07-28T20:00:00.000Z,2.8052,daily,"{'min_index': 2.7654, 'max_index': 2.8629, 'std_dev': 0.0282, 'samples_count': 24}",H200
2025-07-29T00:00:00.000Z,2025-07-29T20:00:00.000Z,2.7924,daily,"{'min_index': 2.7056, 'max_index': 2.8241, 'std_dev': 0.04, 'samples_count': 24}",H200
2025-07-30T00:00:00.000Z,2025-07-30T20:00:00.000Z,2.7376,daily,"{'min_index': 2.708, 'max_index': 2.7715, 'std_dev': 0.0195, 'samples_count': 24}",H200
2025-07-31T00:00:00.000Z,2025-07-31T20:00:00.000Z,2.7624,daily,"{'min_index': 2.7069, 'max_index': 2.8222, 'std_dev': 0.0437, 'samples_count': 24}",H200
2025-08-01T00:00:00.000Z,2025-08-01T20:00:00.000Z,2.7976,daily,"{'min_index': 2.7673, 'max_index': 2.8249, 'std_dev': 0.0188, 'samples_count': 24}",H200
2025-08-02T00:00:00.000Z,2025-08-02T20:00:00.000Z,2.8181,daily,"{'min_index': 2.7859, 'max_index': 2.8287, 'std_dev': 0.0092, 'samples_count': 24}",H200
2025-08-03T00:00:00.000Z,2025-08-03T20:00:00.000Z,2.8182,daily,"{'min_index': 2.7883, 'max_index': 2.8229, 'std_dev': 0.0093, 'samples_count': 24}",H200
2025-08-04T00:00:00.000Z,2025-08-04T20:00:00.000Z,2.7921,daily,"{'min_index': 2.7178, 'max_index': 2.8231, 'std_dev': 0.0362, 'samples_count': 24}",H200
2025-08-05T00:00:00.000Z,2025-08-05T20:00:00.000Z,2.7498,daily,"{'min_index': 2.7094, 'max_index': 2.823, 'std_dev': 0.0365, 'samples_count': 24}",H200
2025-08-06T00:00:00.000Z,2025-08-06T20:00:00.000Z,2.8055,daily,"{'min_index': 2.766, 'max_index': 2.8243, 'std_dev': 0.0195, 'samples_count': 24}",H200
2025-08-07T00:00:00.000Z,2025-08-07T20:00:00.000Z,2.7617,daily,"{'min_index': 2.7155, 'max_index': 2.8089, 'std_dev': 0.021, 'samples_count': 24}",H200
2025-08-08T00:00:00.000Z,2025-08-08T20:00:00.000Z,2.7649,daily,"{'min_index': 2.7337, 'max_index': 2.8167, 'std_dev': 0.0253, 'samples_count': 24}",H200
2025-08-09T00:00:00.000Z,2025-08-09T20:00:00.000Z,2.7897,daily,"{'min_index': 2.7611, 'max_index': 2.8239, 'std_dev': 0.0208, 'samples_count': 24}",H200
2025-08-10T00:00:00.000Z,2025-08-10T20:00:00.000Z,2.75,daily,"{'min_index': 2.7084, 'max_index': 2.8241, 'std_dev': 0.0316, 'samples_count': 24}",H200
2025-08-11T00:00:00.000Z,2025-08-11T20:00:00.000Z,2.7253,daily,"{'min_index': 2.7157, 'max_index': 2.8044, 'std_dev': 0.0196, 'samples_count': 24}",H200
2025-08-12T00:00:00.000Z,2025-08-12T20:00:00.000Z,2.7975,daily,"{'min_index': 2.7459, 'max_index': 2.8241, 'std_dev': 0.0224, 'samples_count': 24}",H200
2025-08-13T00:00:00.000Z,2025-08-13T20:00:00.000Z,2.7783,daily,"{'min_index': 2.647, 'max_index': 2.8235, 'std_dev': 0.0746, 'samples_count': 24}",H200
2025-08-14T00:00:00.000Z,2025-08-14T20:00:00.000Z,2.6649,daily,"{'min_index': 2.6455, 'max_index': 2.7267, 'std_dev': 0.0227, 'samples_count': 24}",H200
2025-08-15T00:00:00.000Z,2025-08-15T20:00:00.000Z,2.6983,daily,"{'min_index': 2.6571, 'max_index': 2.7279, 'std_dev': 0.0188, 'samples_count': 24}",H200
2025-08-16T00:00:00.000Z,2025-08-16T20:00:00.000Z,2.6736,daily,"{'min_index': 2.6336, 'max_index': 2.726, 'std_dev': 0.0241, 'samples_count': 24}",H200
2025-08-17T00:00:00.000Z,2025-08-17T20:00:00.000Z,2.7095,daily,"{'min_index': 2.6458, 'max_index': 2.7537, 'std_dev': 0.0367, 'samples_count': 24}",H200
2025-08-18T00:00:00.000Z,2025-08-18T20:00:00.000Z,2.67,daily,"{'min_index': 2.6512, 'max_index': 2.751, 'std_dev': 0.0261, 'samples_count': 24}",H200
2025-08-19T00:00:00.000Z,2025-08-19T20:00:00.000Z,2.6705,daily,"{'min_index': 2.6292, 'max_index': 2.6931, 'std_dev': 0.0177, 'samples_count': 24}",H200
2025-08-20T00:00:00.000Z,2025-08-20T20:00:00.000Z,2.6697,daily,"{'min_index': 2.6277, 'max_index': 2.7435, 'std_dev': 0.0353, 'samples_count': 24}",H200
2025-08-21T00:00:00.000Z,2025-08-21T20:00:00.000Z,2.6826,daily,"{'min_index': 2.6479, 'max_index': 2.7285, 'std_dev': 0.0244, 'samples_count': 24}",H200
2025-08-22T00:00:00.000Z,2025-08-22T20:00:00.000Z,2.6641,daily,"{'min_index': 2.646, 'max_index': 2.6848, 'std_dev': 0.0145, 'samples_count': 24}",H200
2025-08-23T00:00:00.000Z,2025-08-23T20:00:00.000Z,2.6525,daily,"{'min_index': 2.6368, 'max_index': 2.6849, 'std_dev': 0.0098, 'samples_count': 24}",H200
2025-08-24T00:00:00.000Z,2025-08-24T20:00:00.000Z,2.6759,daily,"{'min_index': 2.6479, 'max_index': 2.7512, 'std_dev': 0.0231, 'samples_count': 24}",H200
2025-08-25T00:00:00.000Z,2025-08-25T20:00:00.000Z,2.666,daily,"{'min_index': 2.6267, 'max_index': 2.68, 'std_dev': 0.0139, 'samples_count': 24}",H200
2025-08-26T00:00:00.000Z,2025-08-26T20:00:00.000Z,2.6432,daily,"{'min_index': 2.6179, 'max_index': 2.6838, 'std_dev': 0.0136, 'samples_count': 24}",H200
2025-08-27T00:00:00.000Z,2025-08-27T20:00:00.000Z,2.6434,daily,"{'min_index': 2.6253, 'max_index': 2.6728, 'std_dev': 0.0131, 'samples_count': 24}",H200
2025-08-28T00:00:00.000Z,2025-08-28T20:00:00.000Z,2.6433,daily,"{'min_index': 2.6253, 'max_index': 2.6544, 'std_dev': 0.0091, 'samples_count': 24}",H200
2025-08-29T00:00:00.000Z,2025-08-29T20:00:00.000Z,2.6557,daily,"{'min_index': 2.6278, 'max_index': 2.701, 'std_dev': 0.0217, 'samples_count': 24}",H200
2025-08-30T00:00:00.000Z,2025-08-30T20:00:00.000Z,2.6717,daily,"{'min_index': 2.6257, 'max_index': 2.7024, 'std_dev': 0.0318, 'samples_count': 24}",H200
2025-08-31T00:00:00.000Z,2025-08-31T20:00:00.000Z,2.6391,daily,"{'min_index': 2.5969, 'max_index': 2.7135, 'std_dev': 0.0252, 'samples_count': 24}",H200
2025-09-01T00:00:00.000Z,2025-09-01T20:00:00.000Z,2.6226,daily,"{'min_index': 2.5759, 'max_index': 2.6642, 'std_dev': 0.0257, 'samples_count': 24}",H200
2025-09-02T00:00:00.000Z,2025-09-02T20:00:00.000Z,2.6198,daily,"{'min_index': 2.5957, 'max_index': 2.6549, 'std_dev': 0.0164, 'samples_count': 24}",H200
2025-09-03T00:00:00.000Z,2025-09-03T20:00:00.000Z,2.6082,daily,"{'min_index': 2.5809, 'max_index': 2.644, 'std_dev': 0.0212, 'samples_count': 24}",H200
2025-09-04T00:00:00.000Z,2025-09-04T20:00:00.000Z,2.5844,daily,"{'min_index': 2.5559, 'max_index': 2.622, 'std_dev': 0.0217, 'samples_count': 24}",H200
2025-09-05T00:00:00.000Z,2025-09-05T20:00:00.000Z,2.5582,daily,"{'min_index': 2.5451, 'max_index': 2.5647, 'std_dev': 0.0059, 'samples_count': 24}",H200
2025-09-06T00:00:00.000Z,2025-09-06T20:00:00.000Z,2.5619,daily,"{'min_index': 2.5451, 'max_index': 2.5749, 'std_dev': 0.0073, 'samples_count': 24}",H200
2025-09-07T00:00:00.000Z,2025-09-07T20:00:00.000Z,2.5649,daily,"{'min_index': 2.5464, 'max_index': 2.5748, 'std_dev': 0.0063, 'samples_count': 24}",H200
2025-09-08T00:00:00.000Z,2025-09-08T20:00:00.000Z,2.5692,daily,"{'min_index': 2.5557, 'max_index': 2.5843, 'std_dev': 0.0073, 'samples_count': 24}",H200
2025-09-09T00:00:00.000Z,2025-09-09T20:00:00.000Z,2.5769,daily,"{'min_index': 2.5558, 'max_index': 2.6217, 'std_dev': 0.0139, 'samples_count': 24}",H200
2025-09-10T00:00:00.000Z,2025-09-10T20:00:00.000Z,2.5646,daily,"{'min_index': 2.5551, 'max_index': 2.5837, 'std_dev': 0.0053, 'samples_count': 24}",H200
2025-09-11T00:00:00.000Z,2025-09-11T20:00:00.000Z,2.5743,daily,"{'min_index': 2.5556, 'max_index': 2.6229, 'std_dev': 0.0245, 'samples_count': 24}",H200
2025-09-12T00:00:00.000Z,2025-09-12T20:00:00.000Z,2.5908,daily,"{'min_index': 2.5554, 'max_index': 2.626, 'std_dev': 0.0253, 'samples_count': 24}",H200
2025-09-13T00:00:00.000Z,2025-09-13T20:00:00.000Z,2.5769,daily,"{'min_index': 2.5558, 'max_index': 2.5947, 'std_dev': 0.0128, 'samples_count': 24}",H200
2025-09-14T00:00:00.000Z,2025-09-14T20:00:00.000Z,2.5642,daily,"{'min_index': 2.5552, 'max_index': 2.5736, 'std_dev': 0.0053, 'samples_count': 24}",H200
2025-09-15T00:00:00.000Z,2025-09-15T20:00:00.000Z,2.5632,daily,"{'min_index': 2.5551, 'max_index': 2.5647, 'std_dev': 0.0026, 'samples_count': 24}",H200
2025-09-16T00:00:00.000Z,2025-09-16T20:00:00.000Z,2.5645,daily,"{'min_index': 2.5559, 'max_index': 2.5747, 'std_dev': 0.0061, 'samples_count': 24}",H200
2025-09-17T00:00:00.000Z,2025-09-17T20:00:00.000Z,2.57,daily,"{'min_index': 2.5567, 'max_index': 2.5794, 'std_dev': 0.0056, 'samples_count': 24}",H200
2025-09-18T00:00:00.000Z,2025-09-18T20:00:00.000Z,2.5874,daily,"{'min_index': 2.5712, 'max_index': 2.6149, 'std_dev': 0.014, 'samples_count': 24}",H200
2025-09-19T00:00:00.000Z,2025-09-19T20:00:00.000Z,2.6032,daily,"{'min_index': 2.579, 'max_index': 2.6142, 'std_dev': 0.0109, 'samples_count': 24}",H200
2025-09-20T00:00:00.000Z,2025-09-20T20:00:00.000Z,2.6068,daily,"{'min_index': 2.5954, 'max_index': 2.6144, 'std_dev': 0.0057, 'samples_count': 24}",H200
2025-09-21T00:00:00.000Z,2025-09-21T20:00:00.000Z,2.6186,daily,"{'min_index': 2.5966, 'max_index': 2.6446, 'std_dev': 0.0159, 'samples_count': 24}",H200
2025-09-22T00:00:00.000Z,2025-09-22T20:00:00.000Z,2.6352,daily,"{'min_index': 2.6252, 'max_index': 2.6926, 'std_dev': 0.0127, 'samples_count': 24}",H200
2025-09-23T00:00:00.000Z,2025-09-23T20:00:00.000Z,2.6144,daily,"{'min_index': 2.5872, 'max_index': 2.6418, 'std_dev': 0.0163, 'samples_count': 24}",H200
2025-09-24T00:00:00.000Z,2025-09-24T20:00:00.000Z,2.6158,daily,"{'min_index': 2.5952, 'max_index': 2.6418, 'std_dev': 0.0162, 'samples_count': 24}",H200
2025-09-25T00:00:00.000Z,2025-09-25T20:00:00.000Z,2.615,daily,"{'min_index': 2.5869, 'max_index': 2.6395, 'std_dev': 0.0153, 'samples_count': 24}",H200
2025-09-26T00:00:00.000Z,2025-09-26T20:00:00.000Z,2.6163,daily,"{'min_index': 2.5974, 'max_index': 2.6348, 'std_dev': 0.0121, 'samples_count': 24}",H200
2025-09-27T00:00:00.000Z,2025-09-27T20:00:00.000Z,2.6068,daily,"{'min_index': 2.5912, 'max_index': 2.6148, 'std_dev': 0.0066, 'samples_count': 24}",H200
2025-09-28T00:00:00.000Z,2025-09-28T20:00:00.000Z,2.5791,daily,"{'min_index': 2.5465, 'max_index': 2.6112, 'std_dev': 0.0193, 'samples_count': 24}",H200
2025-09-29T00:00:00.000Z,2025-09-29T20:00:00.000Z,2.5913,daily,"{'min_index': 2.5863, 'max_index': 2.6405, 'std_dev': 0.0166, 'samples_count': 24}",H200
2025-09-30T00:00:00.000Z,2025-09-30T20:00:00.000Z,2.61,daily,"{'min_index': 2.5855, 'max_index': 2.713, 'std_dev': 0.0366, 'samples_count': 24}",H200
2025-10-01T00:00:00.000Z,2025-10-01T20:00:00.000Z,2.6521,daily,"{'min_index': 2.5734, 'max_index': 2.7067, 'std_dev': 0.0384, 'samples_count': 24}",H200
2025-10-02T00:00:00.000Z,2025-10-02T20:00:00.000Z,2.5918,daily,"{'min_index': 2.5415, 'max_index': 2.6386, 'std_dev': 0.0312, 'samples_count': 24}",H200
2025-10-03T00:00:00.000Z,2025-10-03T20:00:00.000Z,2.5866,daily,"{'min_index': 2.5592, 'max_index': 2.6141, 'std_dev': 0.0154, 'samples_count': 24}",H200
2025-10-04T00:00:00.000Z,2025-10-04T20:00:00.000Z,2.5733,daily,"{'min_index': 2.5501, 'max_index': 2.5846, 'std_dev': 0.0085, 'samples_count': 24}",H200
2025-10-05T00:00:00.000Z,2025-10-05T20:00:00.000Z,2.5565,daily,"{'min_index': 2.5283, 'max_index': 2.5835, 'std_dev': 0.0111, 'samples_count': 24}",H200
2025-10-06T00:00:00.000Z,2025-10-06T20:00:00.000Z,2.5507,daily,"{'min_index': 2.5453, 'max_index': 2.5543, 'std_dev': 0.0029, 'samples_count': 24}",H200
2025-10-07T00:00:00.000Z,2025-10-07T20:00:00.000Z,2.5611,daily,"{'min_index': 2.546, 'max_index': 2.6631, 'std_dev': 0.0313, 'samples_count': 24}",H200
2025-10-08T00:00:00.000Z,2025-10-08T20:00:00.000Z,2.5848,daily,"{'min_index': 2.5355, 'max_index': 2.6394, 'std_dev': 0.0233, 'samples_count': 24}",H200
2025-10-09T00:00:00.000Z,2025-10-09T20:00:00.000Z,2.5788,daily,"{'min_index': 2.5155, 'max_index': 2.6734, 'std_dev': 0.0296, 'samples_count': 24}",H200
2025-10-10T00:00:00.000Z,2025-10-10T20:00:00.000Z,2.5453,daily,"{'min_index': 2.5179, 'max_index': 2.5734, 'std_dev': 0.0152, 'samples_count': 24}",H200
2025-10-11T00:00:00.000Z,2025-10-11T20:00:00.000Z,2.5607,daily,"{'min_index': 2.5458, 'max_index': 2.6162, 'std_dev': 0.0205, 'samples_count': 24}",H200
2025-10-12T00:00:00.000Z,2025-10-12T20:00:00.000Z,2.5472,daily,"{'min_index': 2.5154, 'max_index': 2.5713, 'std_dev': 0.0134, 'samples_count': 24}",H200
2025-10-13T00:00:00.000Z,2025-10-13T20:00:00.000Z,2.525,daily,"{'min_index': 2.5152, 'max_index': 2.5468, 'std_dev': 0.0086, 'samples_count': 24}",H200
2025-10-14T00:00:00.000Z,2025-10-14T20:00:00.000Z,2.5237,daily,"{'min_index': 2.5155, 'max_index': 2.5531, 'std_dev': 0.0105, 'samples_count': 24}",H200
2025-10-15T00:00:00.000Z,2025-10-15T20:00:00.000Z,2.5245,daily,"{'min_index': 2.5151, 'max_index': 2.5374, 'std_dev': 0.0062, 'samples_count': 24}",H200
2025-10-16T00:00:00.000Z,2025-10-16T20:00:00.000Z,2.5191,daily,"{'min_index': 2.5151, 'max_index': 2.5338, 'std_dev': 0.0038, 'samples_count': 24}",H200
2025-10-17T00:00:00.000Z,2025-10-17T20:00:00.000Z,2.5344,daily,"{'min_index': 2.5153, 'max_index': 2.5624, 'std_dev': 0.0138, 'samples_count': 24}",H200
2025-10-18T00:00:00.000Z,2025-10-18T20:00:00.000Z,2.5476,daily,"{'min_index': 2.5274, 'max_index': 2.5657, 'std_dev': 0.0095, 'samples_count': 24}",H200
2025-10-19T00:00:00.000Z,2025-10-19T20:00:00.000Z,2.5749,daily,"{'min_index': 2.5547, 'max_index': 2.6136, 'std_dev': 0.0132, 'samples_count': 24}",H200
2025-10-20T00:00:00.000Z,2025-10-20T20:00:00.000Z,2.5596,daily,"{'min_index': 2.5412, 'max_index': 2.5813, 'std_dev': 0.0096, 'samples_count': 24}",H200
2025-10-21T00:00:00.000Z,2025-10-21T20:00:00.000Z,2.552,daily,"{'min_index': 2.5453, 'max_index': 2.5601, 'std_dev': 0.0035, 'samples_count': 24}",H200
2025-10-22T00:00:00.000Z,2025-10-22T20:00:00.000Z,2.5507,daily,"{'min_index': 2.5459, 'max_index': 2.5762, 'std_dev': 0.0068, 'samples_count': 24}",H200
2025-10-23T00:00:00.000Z,2025-10-23T20:00:00.000Z,2.5582,daily,"{'min_index': 2.5453, 'max_index': 2.5845, 'std_dev': 0.0113, 'samples_count': 24}",H200
2025-10-24T00:00:00.000Z,2025-10-24T20:00:00.000Z,2.5495,daily,"{'min_index': 2.5225, 'max_index': 2.5807, 'std_dev': 0.0129, 'samples_count': 24}",H200
2025-10-25T00:00:00.000Z,2025-10-25T20:00:00.000Z,2.5354,daily,"{'min_index': 2.5051, 'max_index': 2.5815, 'std_dev': 0.0211, 'samples_count': 24}",H200
2025-10-26T00:00:00.000Z,2025-10-26T20:00:00.000Z,2.522,daily,"{'min_index': 2.5068, 'max_index': 2.549, 'std_dev': 0.0122, 'samples_count': 24}",H200
2025-10-27T00:00:00.000Z,2025-10-27T20:00:00.000Z,2.5125,daily,"{'min_index': 2.4959, 'max_index': 2.521, 'std_dev': 0.005, 'samples_count': 24}",H200
2025-10-28T00:00:00.000Z,2025-10-28T20:00:00.000Z,2.5122,daily,"{'min_index': 2.5054, 'max_index': 2.5147, 'std_dev': 0.003, 'samples_count': 24}",H200
2025-10-29T00:00:00.000Z,2025-10-29T20:00:00.000Z,2.5052,daily,"{'min_index': 2.4111, 'max_index': 2.5142, 'std_dev': 0.0225, 'samples_count': 24}",H200
2025-10-30T00:00:00.000Z,2025-10-30T20:00:00.000Z,2.5047,daily,"{'min_index': 2.4067, 'max_index': 2.517, 'std_dev': 0.0238, 'samples_count': 24}",H200
2025-10-31T00:00:00.000Z,2025-10-31T20:00:00.000Z,2.5122,daily,"{'min_index': 2.5056, 'max_index': 2.5148, 'std_dev': 0.0031, 'samples_count': 24}",H200
2025-11-01T00:00:00.000Z,2025-11-01T20:00:00.000Z,2.5143,daily,"{'min_index': 2.5052, 'max_index': 2.5419, 'std_dev': 0.0096, 'samples_count': 24}",H200
2025-11-02T00:00:00.000Z,2025-11-02T21:00:00.000Z,2.5265,daily,"{'min_index': 2.5052, 'max_index': 2.5444, 'std_dev': 0.0136, 'samples_count': 24}",H200
2025-11-03T00:00:00.000Z,2025-11-03T21:00:00.000Z,2.5135,daily,"{'min_index': 2.5052, 'max_index': 2.5366, 'std_dev': 0.0075, 'samples_count': 24}",H200
2025-11-04T00:00:00.000Z,2025-11-04T21:00:00.000Z,2.507,daily,"{'min_index': 2.4141, 'max_index': 2.539, 'std_dev': 0.0285, 'samples_count': 24}",H200
2025-11-05T00:00:00.000Z,2025-11-05T21:00:00.000Z,2.5166,daily,"{'min_index': 2.5054, 'max_index': 2.5446, 'std_dev': 0.0105, 'samples_count': 24}",H200
2025-11-06T00:00:00.000Z,2025-11-06T21:00:00.000Z,2.5527,daily,"{'min_index': 2.5109, 'max_index': 2.5884, 'std_dev': 0.017, 'samples_count': 24}",H200
2025-11-07T00:00:00.000Z,2025-11-07T21:00:00.000Z,2.5762,daily,"{'min_index': 2.5657, 'max_index': 2.6002, 'std_dev': 0.0105, 'samples_count': 24}",H200
2025-11-08T00:00:00.000Z,2025-11-08T21:00:00.000Z,2.5829,daily,"{'min_index': 2.5638, 'max_index': 2.6232, 'std_dev': 0.017, 'samples_count': 24}",H200
2025-11-09T00:00:00.000Z,2025-11-09T21:00:00.000Z,2.5772,daily,"{'min_index': 2.5581, 'max_index': 2.5936, 'std_dev': 0.0107, 'samples_count': 24}",H200
2025-11-10T00:00:00.000Z,2025-11-10T21:00:00.000Z,2.555,daily,"{'min_index': 2.5156, 'max_index': 2.574, 'std_dev': 0.0156, 'samples_count': 24}",H200
2025-11-11T00:00:00.000Z,2025-11-11T21:00:00.000Z,2.5246,daily,"{'min_index': 2.5058, 'max_index': 2.5707, 'std_dev': 0.0162, 'samples_count': 24}",H200
2025-11-12T00:00:00.000Z,2025-11-12T21:00:00.000Z,2.5225,daily,"{'min_index': 2.5056, 'max_index': 2.5823, 'std_dev': 0.0205, 'samples_count': 24}",H200
2025-11-13T00:00:00.000Z,2025-11-13T21:00:00.000Z,2.5526,daily,"{'min_index': 2.511, 'max_index': 2.5963, 'std_dev': 0.0221, 'samples_count': 24}",H200
2025-11-14T00:00:00.000Z,2025-11-14T21:00:00.000Z,2.5651,daily,"{'min_index': 2.5477, 'max_index': 2.6235, 'std_dev': 0.0153, 'samples_count': 24}",H200
2025-11-15T00:00:00.000Z,2025-11-15T21:00:00.000Z,2.5842,daily,"{'min_index': 2.5461, 'max_index': 2.6363, 'std_dev': 0.0183, 'samples_count': 24}",H200
2025-11-16T00:00:00.000Z,2025-11-16T21:00:00.000Z,2.5492,daily,"{'min_index': 2.5053, 'max_index': 2.6042, 'std_dev': 0.027, 'samples_count': 24}",H200
2025-11-17T00:00:00.000Z,2025-11-17T21:00:00.000Z,2.5664,daily,"{'min_index': 2.5367, 'max_index': 2.6204, 'std_dev': 0.0248, 'samples_count': 24}",H200
2025-11-18T00:00:00.000Z,2025-11-18T21:00:00.000Z,2.6253,daily,"{'min_index': 2.6034, 'max_index': 2.6693, 'std_dev': 0.0161, 'samples_count': 24}",H200
2025-11-19T00:00:00.000Z,2025-11-19T21:00:00.000Z,2.6516,daily,"{'min_index': 2.6163, 'max_index': 2.7322, 'std_dev': 0.0343, 'samples_count': 24}",H200
2025-11-20T00:00:00.000Z,2025-11-20T21:00:00.000Z,2.728,daily,"{'min_index': 2.7031, 'max_index': 2.7348, 'std_dev': 0.009, 'samples_count': 24}",H200
2025-11-21T00:00:00.000Z,2025-11-21T21:00:00.000Z,2.7276,daily,"{'min_index': 2.6965, 'max_index': 2.734, 'std_dev': 0.0092, 'samples_count': 24}",H200
2025-11-22T00:00:00.000Z,2025-11-22T21:00:00.000Z,2.7146,daily,"{'min_index': 2.6953, 'max_index': 2.7347, 'std_dev': 0.0144, 'samples_count': 24}",H200
2025-11-23T00:00:00.000Z,2025-11-23T21:00:00.000Z,2.7022,daily,"{'min_index': 2.6953, 'max_index': 2.704, 'std_dev': 0.0027, 'samples_count': 22}",H200
2025-11-24T00:00:00.000Z,2025-11-24T21:00:00.000Z,2.7,daily,"{'min_index': 2.6951, 'max_index': 2.7043, 'std_dev': 0.0029, 'samples_count': 24}",H200
2025-11-25T00:00:00.000Z,2025-11-25T21:00:00.000Z,2.7,daily,"{'min_index': 2.6954, 'max_index': 2.7039, 'std_dev': 0.0027, 'samples_count': 24}",H200
2025-11-26T00:00:00.000Z,2025-11-26T22:00:00.000Z,2.6715,daily,"{'min_index': 2.6317, 'max_index': 2.7049, 'std_dev': 0.0245, 'samples_count': 24}",H200
2025-11-27T00:00:00.000Z,2025-11-27T21:00:00.000Z,2.6367,daily,"{'min_index': 2.3946, 'max_index': 2.6941, 'std_dev': 0.0735, 'samples_count': 24}",H200
2025-11-28T00:00:00.000Z,2025-11-28T21:00:00.000Z,2.6771,daily,"{'min_index': 2.6664, 'max_index': 2.6871, 'std_dev': 0.0068, 'samples_count': 24}",H200
2025-11-29T00:00:00.000Z,2025-11-29T21:00:00.000Z,2.6183,daily,"{'min_index': 2.419, 'max_index': 2.6746, 'std_dev': 0.0909, 'samples_count': 24}",H200
2025-11-30T00:00:00.000Z,2025-11-30T21:00:00.000Z,2.6346,daily,"{'min_index': 2.4155, 'max_index': 2.6676, 'std_dev': 0.0465, 'samples_count': 24}",H200
2025-12-01T00:00:00.000Z,2025-12-01T21:00:00.000Z,2.6521,daily,"{'min_index': 2.6354, 'max_index': 2.6903, 'std_dev': 0.0183, 'samples_count': 24}",H200
2025-12-02T00:00:00.000Z,2025-12-02T21:00:00.000Z,2.6692,daily,"{'min_index': 2.577, 'max_index': 2.6919, 'std_dev': 0.0216, 'samples_count': 24}",H200
2025-12-03T00:00:00.000Z,2025-12-03T21:00:00.000Z,2.5938,daily,"{'min_index': 2.5397, 'max_index': 2.6686, 'std_dev': 0.0372, 'samples_count': 24}",H200
2025-12-04T00:00:00.000Z,2025-12-04T21:00:00.000Z,2.565,daily,"{'min_index': 2.5353, 'max_index': 2.5646, 'std_dev': 0.0083, 'samples_count': 24}",H200
2025-12-05T00:00:00.000Z,2025-12-05T21:00:00.000Z,2.5508,daily,"{'min_index': 2.502, 'max_index': 2.5636, 'std_dev': 0.0155, 'samples_count': 24}",H200
2025-12-06T00:00:00.000Z,2025-12-06T21:00:00.000Z,2.5417,daily,"{'min_index': 2.5085, 'max_index': 2.5638, 'std_dev': 0.0152, 'samples_count': 24}",H200
2025-12-07T00:00:00.000Z,2025-12-07T21:00:00.000Z,2.5142,daily,"{'min_index': 2.4731, 'max_index': 2.5288, 'std_dev': 0.0114, 'samples_count': 24}",H200
2025-12-08T00:00:00.000Z,2025-12-08T21:00:00.000Z,2.475,daily,"{'min_index': 2.4055, 'max_index': 2.5413, 'std_dev': 0.0469, 'samples_count': 24}",H200
2025-12-09T00:00:00.000Z,2025-12-09T21:00:00.000Z,2.4333,daily,"{'min_index': 2.4051, 'max_index': 2.5085, 'std_dev': 0.0274, 'samples_count': 24}",H200
2025-12-10T00:00:00.000Z,2025-12-10T21:00:00.000Z,2.3638,daily,"{'min_index': 2.2568, 'max_index': 2.537, 'std_dev': 0.0712, 'samples_count': 24}",H200
2025-12-11T00:00:00.000Z,2025-12-11T21:00:00.000Z,2.4263,daily,"{'min_index': 2.2741, 'max_index': 2.5572, 'std_dev': 0.1006, 'samples_count': 24}",H200
2025-12-12T00:00:00.000Z,2025-12-12T21:00:00.000Z,2.4726,daily,"{'min_index': 2.4323, 'max_index': 2.5635, 'std_dev': 0.0366, 'samples_count': 23}",H200
2025-12-13T00:00:00.000Z,2025-12-13T21:00:00.000Z,2.3767,daily,"{'min_index': 2.1871, 'max_index': 2.4776, 'std_dev': 0.0916, 'samples_count': 24}",H200
2025-12-14T00:00:00.000Z,2025-12-14T21:00:00.000Z,2.3054,daily,"{'min_index': 2.2709, 'max_index': 2.4575, 'std_dev': 0.0455, 'samples_count': 24}",H200
2025-12-15T00:00:00.000Z,2025-12-15T21:00:00.000Z,2.2946,daily,"{'min_index': 2.2652, 'max_index': 2.4096, 'std_dev': 0.0354, 'samples_count': 24}",H200
2025-12-16T00:00:00.000Z,2025-12-16T21:00:00.000Z,2.3839,daily,"{'min_index': 2.2806, 'max_index': 2.4826, 'std_dev': 0.0601, 'samples_count': 23}",H200
2025-12-17T00:00:00.000Z,2025-12-17T21:00:00.000Z,2.4658,daily,"{'min_index': 2.4447, 'max_index': 2.5243, 'std_dev': 0.0255, 'samples_count': 24}",H200
2025-12-18T00:00:00.000Z,2025-12-18T21:00:00.000Z,2.5088,daily,"{'min_index': 2.4861, 'max_index': 2.5509, 'std_dev': 0.0179, 'samples_count': 24}",H200
2025-12-19T00:00:00.000Z,2025-12-19T21:00:00.000Z,2.4942,daily,"{'min_index': 2.4453, 'max_index': 2.7484, 'std_dev': 0.0766, 'samples_count': 24}",H200
2025-12-20T00:00:00.000Z,2025-12-20T21:00:00.000Z,2.7338,daily,"{'min_index': 2.7163, 'max_index': 2.7427, 'std_dev': 0.0088, 'samples_count': 24}",H200
2025-12-21T00:00:00.000Z,2025-12-21T21:00:00.000Z,2.64,daily,"{'min_index': 2.538, 'max_index': 2.7416, 'std_dev': 0.0671, 'samples_count': 24}",H200
2025-12-22T00:00:00.000Z,2025-12-22T21:00:00.000Z,2.51,daily,"{'min_index': 2.3154, 'max_index': 2.8119, 'std_dev': 0.1531, 'samples_count': 24}",H200
2025-12-23T00:00:00.000Z,2025-12-23T21:00:00.000Z,2.4629,daily,"{'min_index': 2.3181, 'max_index': 2.4946, 'std_dev': 0.0491, 'samples_count': 24}",H200
2025-12-24T00:00:00.000Z,2025-12-24T21:00:00.000Z,2.4875,daily,"{'min_index': 2.4739, 'max_index': 2.4939, 'std_dev': 0.0055, 'samples_count': 24}",H200
2025-12-25T00:00:00.000Z,2025-12-25T21:00:00.000Z,2.475,daily,"{'min_index': 2.4509, 'max_index': 2.5127, 'std_dev': 0.0127, 'samples_count': 24}",H200
2025-12-26T00:00:00.000Z,2025-12-26T21:00:00.000Z,2.4679,daily,"{'min_index': 2.4245, 'max_index': 2.4847, 'std_dev': 0.0146, 'samples_count': 24}",H200
2025-12-27T00:00:00.000Z,2025-12-27T21:00:00.000Z,2.4258,daily,"{'min_index': 2.4104, 'max_index': 2.4561, 'std_dev': 0.0126, 'samples_count': 24}",H200
2025-12-28T00:00:00.000Z,2025-12-28T21:00:00.000Z,2.4083,daily,"{'min_index': 2.3517, 'max_index': 2.4211, 'std_dev': 0.0203, 'samples_count': 24}",H200
2025-12-29T00:00:00.000Z,2025-12-29T21:00:00.000Z,2.4142,daily,"{'min_index': 2.3807, 'max_index': 2.4488, 'std_dev': 0.0131, 'samples_count': 24}",H200
2025-12-30T00:00:00.000Z,2025-12-30T21:00:00.000Z,2.3254,daily,"{'min_index': 2.1989, 'max_index': 2.4016, 'std_dev': 0.0665, 'samples_count': 24}",H200
2026-01-01T00:00:00.000Z,2026-01-01T21:00:00.000Z,2.27,daily,"{'min_index': 2.2344, 'max_index': 2.3038, 'std_dev': 0.0184, 'samples_count': 24}",H200
2026-01-02T00:00:00.000Z,2026-01-02T21:00:00.000Z,2.2837,daily,"{'min_index': 2.2252, 'max_index': 2.4237, 'std_dev': 0.0536, 'samples_count': 24}",H200
2026-01-03T00:00:00.000Z,2026-01-03T21:00:00.000Z,2.3671,daily,"{'min_index': 2.2282, 'max_index': 2.4197, 'std_dev': 0.047, 'samples_count': 24}",H200
2026-01-04T00:00:00.000Z,2026-01-04T21:00:00.000Z,2.4,daily,"{'min_index': 2.3754, 'max_index': 2.423, 'std_dev': 0.0148, 'samples_count': 24}",H200
2026-01-05T00:00:00.000Z,2026-01-05T21:00:00.000Z,2.3708,daily,"{'min_index': 2.3568, 'max_index': 2.4246, 'std_dev': 0.0173, 'samples_count': 24}",H200
2026-01-06T00:00:00.000Z,2026-01-06T21:00:00.000Z,2.3325,daily,"{'min_index': 2.1953, 'max_index': 2.4536, 'std_dev': 0.0665, 'samples_count': 24}",H200
2026-01-07T00:00:00.000Z,2026-01-07T21:00:00.000Z,2.28,daily,"{'min_index': 2.2551, 'max_index': 2.4346, 'std_dev': 0.0371, 'samples_count': 24}",H200
2026-01-08T00:00:00.000Z,2026-01-08T21:00:00.000Z,2.2809,daily,"{'min_index': 2.2553, 'max_index': 2.361, 'std_dev': 0.0297, 'samples_count': 24}",H200
2026-01-09T00:00:00.000Z,2026-01-09T21:00:00.000Z,2.2733,daily,"{'min_index': 2.227, 'max_index': 2.2963, 'std_dev': 0.0187, 'samples_count': 24}",H200
2026-01-10T00:00:00.000Z,2026-01-10T21:00:00.000Z,2.2446,daily,"{'min_index': 2.2071, 'max_index': 2.3136, 'std_dev': 0.0222, 'samples_count': 24}",H200
2026-01-11T00:00:00.000Z,2026-01-11T21:00:00.000Z,2.2487,daily,"{'min_index': 2.2094, 'max_index': 2.3082, 'std_dev': 0.0168, 'samples_count': 24}",H200
2026-01-12T00:00:00.000Z,2026-01-12T21:00:00.000Z,2.26,daily,"{'min_index': 2.2316, 'max_index': 2.2985, 'std_dev': 0.0162, 'samples_count': 24}",H200
2026-01-13T00:00:00.000Z,2026-01-13T21:00:00.000Z,2.2667,daily,"{'min_index': 2.2317, 'max_index': 2.3036, 'std_dev': 0.0209, 'samples_count': 24}",H200
2026-01-14T00:00:00.000Z,2026-01-14T21:00:00.000Z,2.2867,daily,"{'min_index': 2.2555, 'max_index': 2.3046, 'std_dev': 0.0175, 'samples_count': 24}",H200
2026-01-15T00:00:00.000Z,2026-01-15T21:00:00.000Z,2.28,daily,"{'min_index': 2.2129, 'max_index': 2.3025, 'std_dev': 0.0228, 'samples_count': 24}",H200
2026-01-16T00:00:00.000Z,2026-01-16T21:00:00.000Z,2.2904,daily,"{'min_index': 2.2601, 'max_index': 2.3047, 'std_dev': 0.0124, 'samples_count': 24}",H200
2026-01-17T00:00:00.000Z,2026-01-17T21:00:00.000Z,2.2958,daily,"{'min_index': 2.2587, 'max_index': 2.3045, 'std_dev': 0.0089, 'samples_count': 24}",H200
2026-01-18T00:00:00.000Z,2026-01-18T21:00:00.000Z,2.3,daily,"{'min_index': 2.2424, 'max_index': 2.4199, 'std_dev': 0.0413, 'samples_count': 24}",H200
2026-01-19T00:00:00.000Z,2026-01-19T21:00:00.000Z,2.2687,daily,"{'min_index': 2.2505, 'max_index': 2.2998, 'std_dev': 0.0136, 'samples_count': 24}",H200
2026-01-20T00:00:00.000Z,2026-01-20T21:00:00.000Z,2.2783,daily,"{'min_index': 2.2658, 'max_index': 2.3047, 'std_dev': 0.0143, 'samples_count': 24}",H200
2026-01-21T00:00:00.000Z,2026-01-21T21:00:00.000Z,2.2746,daily,"{'min_index': 2.2476, 'max_index': 2.3038, 'std_dev': 0.017, 'samples_count': 24}",H200
2026-01-22T00:00:00.000Z,2026-01-22T21:00:00.000Z,2.2246,daily,"{'min_index': 2.1859, 'max_index': 2.2966, 'std_dev': 0.0349, 'samples_count': 24}",H200
2026-01-23T00:00:00.000Z,2026-01-23T21:00:00.000Z,2.2458,daily,"{'min_index': 2.1987, 'max_index': 2.298, 'std_dev': 0.0268, 'samples_count': 24}",H200
2026-01-24T00:00:00.000Z,2026-01-24T21:00:00.000Z,2.2396,daily,"{'min_index': 2.1968, 'max_index': 2.2734, 'std_dev': 0.0261, 'samples_count': 24}",H200
2026-01-25T00:00:00.000Z,2026-01-25T21:00:00.000Z,2.2117,daily,"{'min_index': 2.1968, 'max_index': 2.2585, 'std_dev': 0.0169, 'samples_count': 24}",H200
2026-01-26T00:00:00.000Z,2026-01-26T21:00:00.000Z,2.2279,daily,"{'min_index': 2.1952, 'max_index': 2.2649, 'std_dev': 0.0295, 'samples_count': 24}",H200
2026-01-27T00:00:00.000Z,2026-01-27T21:00:00.000Z,2.2579,daily,"{'min_index': 2.1951, 'max_index': 2.3637, 'std_dev': 0.0614, 'samples_count': 24}",H200
2026-01-28T00:00:00.000Z,2026-01-28T21:00:00.000Z,2.2813,daily,"{'min_index': 2.2135, 'max_index': 2.3739, 'std_dev': 0.0443, 'samples_count': 24}",H200
2026-01-29T00:00:00.000Z,2026-01-29T21:00:00.000Z,2.2633,daily,"{'min_index': 2.2085, 'max_index': 2.384, 'std_dev': 0.0306, 'samples_count': 24}",H200
2026-01-30T00:00:00.000Z,2026-01-30T21:00:00.000Z,2.2475,daily,"{'min_index': 2.2094, 'max_index': 2.3952, 'std_dev': 0.0368, 'samples_count': 24}",H200
2026-01-31T00:00:00.000Z,2026-01-31T21:00:00.000Z,2.2775,daily,"{'min_index': 2.2627, 'max_index': 2.4159, 'std_dev': 0.0292, 'samples_count': 24}",H200
2026-02-01T00:00:00.000Z,2026-02-01T21:00:00.000Z,2.2829,daily,"{'min_index': 2.2588, 'max_index': 2.4224, 'std_dev': 0.033, 'samples_count': 24}",H200
2026-02-02T00:00:00.000Z,2026-02-02T21:00:00.000Z,2.2929,daily,"{'min_index': 2.2677, 'max_index': 2.3235, 'std_dev': 0.0193, 'samples_count': 24}",H200
2026-02-03T00:00:00.000Z,2026-02-03T21:00:00.000Z,2.2704,daily,"{'min_index': 2.1988, 'max_index': 2.2839, 'std_dev': 0.0256, 'samples_count': 24}",H200
2026-02-04T00:00:00.000Z,2026-02-04T21:00:00.000Z,2.2083,daily,"{'min_index': 2.1762, 'max_index': 2.2584, 'std_dev': 0.032, 'samples_count': 24}",H200
2026-02-05T00:00:00.000Z,2026-02-05T21:00:00.000Z,2.2504,daily,"{'min_index': 2.19, 'max_index': 2.2764, 'std_dev': 0.0205, 'samples_count': 24}",H200
2026-02-06T00:00:00.000Z,2026-02-06T21:00:00.000Z,2.2687,daily,"{'min_index': 2.1816, 'max_index': 2.4047, 'std_dev': 0.0718, 'samples_count': 24}",H200
2026-02-07T00:00:00.000Z,2026-02-07T21:00:00.000Z,2.2462,daily,"{'min_index': 2.1765, 'max_index': 2.4345, 'std_dev': 0.053, 'samples_count': 24}",H200
2026-02-08T00:00:00.000Z,2026-02-08T21:00:00.000Z,2.2662,daily,"{'min_index': 2.2453, 'max_index': 2.3264, 'std_dev': 0.0168, 'samples_count': 24}",H200
2026-02-09T00:00:00.000Z,2026-02-09T21:00:00.000Z,2.2725,daily,"{'min_index': 2.2484, 'max_index': 2.3578, 'std_dev': 0.0289, 'samples_count': 24}",H200
2026-02-10T00:00:00.000Z,2026-02-10T21:00:00.000Z,2.2604,daily,"{'min_index': 2.2459, 'max_index': 2.2781, 'std_dev': 0.0087, 'samples_count': 24}",H200
2026-02-11T00:00:00.000Z,2026-02-11T21:00:00.000Z,2.2846,daily,"{'min_index': 2.2381, 'max_index': 2.43, 'std_dev': 0.0504, 'samples_count': 24}",H200
2026-02-12T00:00:00.000Z,2026-02-12T21:00:00.000Z,2.2258,daily,"{'min_index': 2.1258, 'max_index': 2.2548, 'std_dev': 0.0303, 'samples_count': 24}",H200
2026-02-13T00:00:00.000Z,2026-02-13T21:00:00.000Z,2.1971,daily,"{'min_index': 2.118, 'max_index': 2.3638, 'std_dev': 0.062, 'samples_count': 24}",H200
2026-02-14T00:00:00.000Z,2026-02-14T21:00:00.000Z,2.1967,daily,"{'min_index': 2.1309, 'max_index': 2.2613, 'std_dev': 0.0293, 'samples_count': 24}",H200
2026-02-15T00:00:00.000Z,2026-02-15T21:00:00.000Z,2.2175,daily,"{'min_index': 2.1347, 'max_index': 2.3582, 'std_dev': 0.0516, 'samples_count': 24}",H200
2026-02-16T00:00:00.000Z,2026-02-16T21:00:00.000Z,2.2142,daily,"{'min_index': 2.1516, 'max_index': 2.2548, 'std_dev': 0.027, 'samples_count': 24}",H200
2026-02-17T00:00:00.000Z,2026-02-17T21:00:00.000Z,2.2342,daily,"{'min_index': 2.2157, 'max_index': 2.2545, 'std_dev': 0.0152, 'samples_count': 24}",H200
2026-02-18T00:00:00.000Z,2026-02-18T21:00:00.000Z,2.2325,daily,"{'min_index': 2.2151, 'max_index': 2.3257, 'std_dev': 0.0236, 'samples_count': 24}",H200
2026-02-19T00:00:00.000Z,2026-02-19T21:00:00.000Z,2.2325,daily,"{'min_index': 2.2171, 'max_index': 2.2535, 'std_dev': 0.0145, 'samples_count': 24}",H200
2026-02-20T00:00:00.000Z,2026-02-20T21:00:00.000Z,2.2343,daily,"{'min_index': 2.2151, 'max_index': 2.3435, 'std_dev': 0.0332, 'samples_count': 22}",H200
2026-02-21T00:00:00.000Z,2026-02-21T21:00:00.000Z,2.2262,daily,"{'min_index': 2.216, 'max_index': 2.2518, 'std_dev': 0.0133, 'samples_count': 24}",H200
2026-02-22T00:00:00.000Z,2026-02-22T21:00:00.000Z,2.2521,daily,"{'min_index': 2.2239, 'max_index': 2.3444, 'std_dev': 0.0328, 'samples_count': 24}",H200
2026-02-23T00:00:00.000Z,2026-02-23T21:00:00.000Z,2.27,daily,"{'min_index': 2.2187, 'max_index': 2.3769, 'std_dev': 0.0429, 'samples_count': 24}",H200
2026-02-24T00:00:00.000Z,2026-02-24T21:00:00.000Z,2.2646,daily,"{'min_index': 2.2155, 'max_index': 2.3842, 'std_dev': 0.0642, 'samples_count': 24}",H200
2026-02-25T00:00:00.000Z,2026-02-25T21:00:00.000Z,2.3092,daily,"{'min_index': 2.2158, 'max_index': 2.3817, 'std_dev': 0.0634, 'samples_count': 24}",H200
2026-02-26T00:00:00.000Z,2026-02-26T21:00:00.000Z,2.2821,daily,"{'min_index': 2.2213, 'max_index': 2.4149, 'std_dev': 0.0652, 'samples_count': 24}",H200
2026-02-27T00:00:00.000Z,2026-02-27T21:00:00.000Z,2.3029,daily,"{'min_index': 2.2167, 'max_index': 2.4725, 'std_dev': 0.0793, 'samples_count': 24}",H200
2026-02-28T00:00:00.000Z,2026-02-28T21:00:00.000Z,2.4213,daily,"{'min_index': 2.3465, 'max_index': 2.4746, 'std_dev': 0.0564, 'samples_count': 24}",H200
2026-03-01T00:00:00.000Z,2026-03-01T21:00:00.000Z,2.335,daily,"{'min_index': 2.3154, 'max_index': 2.354, 'std_dev': 0.0159, 'samples_count': 24}",H200
2026-03-02T00:00:00.000Z,2026-03-02T21:00:00.000Z,2.3737,daily,"{'min_index': 2.3161, 'max_index': 2.4727, 'std_dev': 0.0636, 'samples_count': 24}",H200
2026-03-03T00:00:00.000Z,2026-03-03T21:00:00.000Z,2.4221,daily,"{'min_index': 2.342, 'max_index': 2.4747, 'std_dev': 0.0583, 'samples_count': 24}",H200
2026-03-04T00:00:00.000Z,2026-03-04T21:00:00.000Z,2.4454,daily,"{'min_index': 2.3399, 'max_index': 2.5049, 'std_dev': 0.0603, 'samples_count': 24}",H200
2026-03-05T00:00:00.000Z,2026-03-05T21:00:00.000Z,2.4121,daily,"{'min_index': 2.3364, 'max_index': 2.4994, 'std_dev': 0.0631, 'samples_count': 24}",H200
2026-03-06T00:00:00.000Z,2026-03-06T21:00:00.000Z,2.4248,daily,"{'min_index': 2.3291, 'max_index': 2.5037, 'std_dev': 0.0691, 'samples_count': 23}",H200
2026-03-07T00:00:00.000Z,2026-03-07T21:00:00.000Z,2.4108,daily,"{'min_index': 2.3463, 'max_index': 2.5019, 'std_dev': 0.0691, 'samples_count': 24}",H200
2026-03-08T00:00:00.000Z,2026-03-08T20:00:00.000Z,2.3883,daily,"{'min_index': 2.3298, 'max_index': 2.5048, 'std_dev': 0.0587, 'samples_count': 24}",H200
2026-03-09T00:00:00.000Z,2026-03-09T20:00:00.000Z,2.425,daily,"{'min_index': 2.3308, 'max_index': 2.5042, 'std_dev': 0.0661, 'samples_count': 24}",H200
2026-03-10T00:00:00.000Z,2026-03-10T20:00:00.000Z,2.4017,daily,"{'min_index': 2.3291, 'max_index': 2.4984, 'std_dev': 0.0575, 'samples_count': 24}",H200
2026-03-11T00:00:00.000Z,2026-03-11T20:00:00.000Z,2.4396,daily,"{'min_index': 2.3858, 'max_index': 2.5031, 'std_dev': 0.0418, 'samples_count': 24}",H200
2026-03-12T00:00:00.000Z,2026-03-12T20:00:00.000Z,2.4725,daily,"{'min_index': 2.4353, 'max_index': 2.503, 'std_dev': 0.0263, 'samples_count': 24}",H200
2026-03-13T00:00:00.000Z,2026-03-13T20:00:00.000Z,2.4783,daily,"{'min_index': 2.4358, 'max_index': 2.5422, 'std_dev': 0.0272, 'samples_count': 24}",H200
2026-03-14T00:00:00.000Z,2026-03-14T20:00:00.000Z,2.4942,daily,"{'min_index': 2.4357, 'max_index': 2.5448, 'std_dev': 0.027, 'samples_count': 24}",H200
2026-03-15T00:00:00.000Z,2026-03-15T20:00:00.000Z,2.5263,daily,"{'min_index': 2.4766, 'max_index': 2.572, 'std_dev': 0.0227, 'samples_count': 24}",H200
2026-03-16T00:00:00.000Z,2026-03-16T20:00:00.000Z,2.54,daily,"{'min_index': 2.4781, 'max_index': 2.5963, 'std_dev': 0.0253, 'samples_count': 24}",H200
2026-03-17T00:00:00.000Z,2026-03-17T20:00:00.000Z,2.5967,daily,"{'min_index': 2.5734, 'max_index': 2.6512, 'std_dev': 0.0234, 'samples_count': 24}",H200
2026-03-18T00:00:00.000Z,2026-03-18T20:00:00.000Z,2.6346,daily,"{'min_index': 2.586, 'max_index': 2.6548, 'std_dev': 0.0233, 'samples_count': 24}",H200
2026-03-19T00:00:00.000Z,2026-03-19T20:00:00.000Z,2.65,daily,"{'min_index': 2.6453, 'max_index': 2.6549, 'std_dev': 0.0034, 'samples_count': 24}",H200
2026-03-20T00:00:00.000Z,2026-03-20T20:00:00.000Z,2.6263,daily,"{'min_index': 2.578, 'max_index': 2.6545, 'std_dev': 0.0283, 'samples_count': 24}",H200
2026-03-21T00:00:00.000Z,2026-03-21T20:00:00.000Z,2.5933,daily,"{'min_index': 2.5688, 'max_index': 2.6462, 'std_dev': 0.0183, 'samples_count': 24}",H200
2026-03-22T00:00:00.000Z,2026-03-22T20:00:00.000Z,2.5875,daily,"{'min_index': 2.566, 'max_index': 2.6134, 'std_dev': 0.0116, 'samples_count': 24}",H200
2026-03-23T00:00:00.000Z,2026-03-23T20:00:00.000Z,2.5838,daily,"{'min_index': 2.5606, 'max_index': 2.6549, 'std_dev': 0.0183, 'samples_count': 24}",H200
2026-03-24T00:00:00.000Z,2026-03-24T20:00:00.000Z,2.5329,daily,"{'min_index': 2.4522, 'max_index': 2.6083, 'std_dev': 0.0471, 'samples_count': 24}",H200
2026-03-25T00:00:00.000Z,2026-03-25T20:00:00.000Z,2.485,daily,"{'min_index': 2.4466, 'max_index': 2.5229, 'std_dev': 0.0199, 'samples_count': 24}",H200
2026-03-26T00:00:00.000Z,2026-03-26T20:00:00.000Z,2.4552,daily,"{'min_index': 2.3727, 'max_index': 2.497, 'std_dev': 0.0305, 'samples_count': 18}",H200
2026-03-27T00:00:00.000Z,2026-03-27T20:00:00.000Z,2.489,daily,"{'min_index': 2.4483, 'max_index': 2.5431, 'std_dev': 0.0229, 'samples_count': 13}",H200
2026-03-28T00:00:00.000Z,2026-03-28T20:00:00.000Z,2.5196,daily,"{'min_index': 2.4451, 'max_index': 2.5916, 'std_dev': 0.032, 'samples_count': 24}",H200
2026-03-29T00:00:00.000Z,2026-03-29T20:00:00.000Z,2.475,daily,"{'min_index': 2.4467, 'max_index': 2.4946, 'std_dev': 0.0195, 'samples_count': 24}",H200
2026-03-30T00:00:00.000Z,2026-03-30T20:00:00.000Z,2.4937,daily,"{'min_index': 2.4464, 'max_index': 2.5323, 'std_dev': 0.0235, 'samples_count': 24}",H200
2026-03-31T00:00:00.000Z,2026-03-31T20:00:00.000Z,2.5529,daily,"{'min_index': 2.5259, 'max_index': 2.6088, 'std_dev': 0.0264, 'samples_count': 24}",H200
2026-04-01T00:00:00.000Z,2026-04-01T20:00:00.000Z,2.5921,daily,"{'min_index': 2.5715, 'max_index': 2.631, 'std_dev': 0.0159, 'samples_count': 24}",H200
2026-04-02T00:00:00.000Z,2026-04-02T20:00:00.000Z,2.5913,daily,"{'min_index': 2.5652, 'max_index': 2.6484, 'std_dev': 0.0266, 'samples_count': 24}",H200
2026-04-03T00:00:00.000Z,2026-04-03T20:00:00.000Z,2.575,daily,"{'min_index': 2.5651, 'max_index': 2.5932, 'std_dev': 0.0065, 'samples_count': 24}",H200
2026-04-04T00:00:00.000Z,2026-04-04T20:00:00.000Z,2.5762,daily,"{'min_index': 2.5653, 'max_index': 2.6455, 'std_dev': 0.0176, 'samples_count': 24}",H200
2026-04-05T00:00:00.000Z,2026-04-05T20:00:00.000Z,2.575,daily,"{'min_index': 2.5539, 'max_index': 2.6254, 'std_dev': 0.0146, 'samples_count': 24}",H200
2026-04-06T00:00:00.000Z,2026-04-06T20:00:00.000Z,2.5758,daily,"{'min_index': 2.5512, 'max_index': 2.6335, 'std_dev': 0.0175, 'samples_count': 24}",H200
2026-04-07T00:00:00.000Z,2026-04-07T20:00:00.000Z,2.5896,daily,"{'min_index': 2.5707, 'max_index': 2.6043, 'std_dev': 0.0108, 'samples_count': 24}",H200
2026-04-08T00:00:00.000Z,2026-04-08T20:00:00.000Z,2.5854,daily,"{'min_index': 2.5556, 'max_index': 2.6145, 'std_dev': 0.0207, 'samples_count': 24}",H200
2026-04-09T00:00:00.000Z,2026-04-09T20:00:00.000Z,2.6354,daily,"{'min_index': 2.5868, 'max_index': 2.6945, 'std_dev': 0.0452, 'samples_count': 24}",H200
2026-04-10T00:00:00.000Z,2026-04-10T20:00:00.000Z,2.7842,daily,"{'min_index': 2.6555, 'max_index': 3.1836, 'std_dev': 0.152, 'samples_count': 24}",H200
2026-04-11T00:00:00.000Z,2026-04-11T20:00:00.000Z,2.6837,daily,"{'min_index': 2.5572, 'max_index': 2.9314, 'std_dev': 0.1095, 'samples_count': 24}",H200
2026-04-12T00:00:00.000Z,2026-04-12T20:00:00.000Z,2.595,daily,"{'min_index': 2.5756, 'max_index': 2.6132, 'std_dev': 0.0129, 'samples_count': 24}",H200
2026-04-13T00:00:00.000Z,2026-04-13T20:00:00.000Z,2.6325,daily,"{'min_index': 2.577, 'max_index': 2.7219, 'std_dev': 0.0389, 'samples_count': 24}",H200
2026-04-14T00:00:00.000Z,2026-04-14T20:00:00.000Z,2.8342,daily,"{'min_index': 2.5952, 'max_index': 3.2217, 'std_dev': 0.2062, 'samples_count': 24}",H200
2026-04-15T00:00:00.000Z,2026-04-15T20:00:00.000Z,3.0354,daily,"{'min_index': 2.899, 'max_index': 3.1305, 'std_dev': 0.0712, 'samples_count': 24}",H200
2026-04-16T00:00:00.000Z,2026-04-16T20:00:00.000Z,3.085,daily,"{'min_index': 2.9389, 'max_index': 3.2542, 'std_dev': 0.0967, 'samples_count': 24}",H200
2026-04-17T00:00:00.000Z,2026-04-17T20:00:00.000Z,3.1483,daily,"{'min_index': 2.9156, 'max_index': 3.3207, 'std_dev': 0.1094, 'samples_count': 24}",H200
2026-04-18T00:00:00.000Z,2026-04-18T20:00:00.000Z,3.3633,daily,"{'min_index': 2.9463, 'max_index': 3.6712, 'std_dev': 0.2941, 'samples_count': 24}",H200
2026-04-19T00:00:00.000Z,2026-04-19T20:00:00.000Z,3.6283,daily,"{'min_index': 3.5369, 'max_index': 3.6929, 'std_dev': 0.0495, 'samples_count': 24}",H200
2026-04-20T00:00:00.000Z,2026-04-20T20:00:00.000Z,3.7813,daily,"{'min_index': 3.6844, 'max_index': 3.9194, 'std_dev': 0.0749, 'samples_count': 24}",H200
2026-04-21T00:00:00.000Z,2026-04-21T20:00:00.000Z,3.8217,daily,"{'min_index': 3.7393, 'max_index': 3.8728, 'std_dev': 0.0366, 'samples_count': 24}",H200
2026-04-22T00:00:00.000Z,2026-04-22T20:00:00.000Z,3.8075,daily,"{'min_index': 3.6078, 'max_index': 3.8731, 'std_dev': 0.0656, 'samples_count': 24}",H200
2026-04-23T00:00:00.000Z,2026-04-23T20:00:00.000Z,3.6454,daily,"{'min_index': 3.532, 'max_index': 3.8063, 'std_dev': 0.0883, 'samples_count': 24}",H200
2026-04-24T00:00:00.000Z,2026-04-24T20:00:00.000Z,3.5854,daily,"{'min_index': 3.269, 'max_index': 3.8713, 'std_dev': 0.2147, 'samples_count': 24}",H200
2026-04-25T00:00:00.000Z,2026-04-25T20:00:00.000Z,3.2025,daily,"{'min_index': 3.1024, 'max_index': 3.2958, 'std_dev': 0.0645, 'samples_count': 24}",H200
2026-04-26T00:00:00.000Z,2026-04-26T20:00:00.000Z,3.1517,daily,"{'min_index': 3.1019, 'max_index': 3.1891, 'std_dev': 0.0218, 'samples_count': 24}",H200
2026-04-27T00:00:00.000Z,2026-04-27T20:00:00.000Z,3.1546,daily,"{'min_index': 3.0105, 'max_index': 3.4435, 'std_dev': 0.1194, 'samples_count': 24}",H200
2026-04-28T00:00:00.000Z,2026-04-28T20:00:00.000Z,3.3363,daily,"{'min_index': 3.2467, 'max_index': 3.5029, 'std_dev': 0.0546, 'samples_count': 24}",H200
2026-04-29T00:00:00.000Z,2026-04-29T20:00:00.000Z,3.4775,daily,"{'min_index': 3.2791, 'max_index': 3.7733, 'std_dev': 0.1774, 'samples_count': 24}",H200
2026-04-30T00:00:00.000Z,2026-04-30T20:00:00.000Z,3.7912,daily,"{'min_index': 3.6585, 'max_index': 4.1635, 'std_dev': 0.1218, 'samples_count': 24}",H200
2026-05-01T00:00:00.000Z,2026-05-01T20:00:00.000Z,4.0888,daily,"{'min_index': 3.9173, 'max_index': 4.3299, 'std_dev': 0.1035, 'samples_count': 24}",H200
2026-05-02T00:00:00.000Z,2026-05-02T20:00:00.000Z,3.9571,daily,"{'min_index': 3.724, 'max_index': 4.0708, 'std_dev': 0.1314, 'samples_count': 24}",H200
2026-05-03T00:00:00.000Z,2026-05-03T20:00:00.000Z,3.8467,daily,"{'min_index': 3.6999, 'max_index': 4.1111, 'std_dev': 0.1419, 'samples_count': 24}",H200
2026-05-04T00:00:00.000Z,2026-05-04T20:00:00.000Z,4.04,daily,"{'min_index': 3.9257, 'max_index': 4.1619, 'std_dev': 0.0731, 'samples_count': 24}",H200
2026-05-05T00:00:00.000Z,2026-05-05T20:00:00.000Z,4.07,daily,"{'min_index': 3.8586, 'max_index': 4.1647, 'std_dev': 0.094, 'samples_count': 24}",H200
2026-05-06T00:00:00.000Z,2026-05-06T20:00:00.000Z,4.1321,daily,"{'min_index': 3.9795, 'max_index': 4.1625, 'std_dev': 0.036, 'samples_count': 24}",H200
2026-05-07T00:00:00.000Z,2026-05-07T20:00:00.000Z,4.0217,daily,"{'min_index': 3.9176, 'max_index': 4.1383, 'std_dev': 0.0687, 'samples_count': 24}",H200
2026-05-08T00:00:00.000Z,2026-05-08T20:00:00.000Z,3.9721,daily,"{'min_index': 3.7853, 'max_index': 4.1081, 'std_dev': 0.1007, 'samples_count': 24}",H200
2026-05-09T00:00:00.000Z,2026-05-09T20:00:00.000Z,4.17,daily,"{'min_index': 4.1177, 'max_index': 4.2519, 'std_dev': 0.0416, 'samples_count': 24}",H200
2026-05-10T00:00:00.000Z,2026-05-10T20:00:00.000Z,4.2479,daily,"{'min_index': 4.1869, 'max_index': 4.2818, 'std_dev': 0.0169, 'samples_count': 24}",H200
2026-05-11T00:00:00.000Z,2026-05-11T20:00:00.000Z,4.1767,daily,"{'min_index': 3.9751, 'max_index': 4.2089, 'std_dev': 0.0592, 'samples_count': 24}",H200
2026-05-12T00:00:00.000Z,2026-05-12T20:00:00.000Z,4.2296,daily,"{'min_index': 4.1856, 'max_index': 4.3092, 'std_dev': 0.0387, 'samples_count': 24}",H200
2026-05-13T00:00:00.000Z,2026-05-13T20:00:00.000Z,4.4408,daily,"{'min_index': 4.3471, 'max_index': 4.4948, 'std_dev': 0.0405, 'samples_count': 24}",H200
2026-05-14T00:00:00.000Z,2026-05-14T20:00:00.000Z,4.4925,daily,"{'min_index': 4.476, 'max_index': 4.7684, 'std_dev': 0.0779, 'samples_count': 24}",H200
2026-05-15T00:00:00.000Z,2026-05-15T20:00:00.000Z,4.9642,daily,"{'min_index': 4.7199, 'max_index': 5.7305, 'std_dev': 0.3072, 'samples_count': 24}",H200
2026-05-16T00:00:00.000Z,2026-05-16T20:00:00.000Z,6.3975,daily,"{'min_index': 5.8205, 'max_index': 7.5527, 'std_dev': 0.5162, 'samples_count': 24}",H200
2026-05-17T00:00:00.000Z,2026-05-17T20:00:00.000Z,7.0137,daily,"{'min_index': 6.3267, 'max_index': 7.5911, 'std_dev': 0.3889, 'samples_count': 24}",H200
2026-05-18T00:00:00.000Z,2026-05-18T20:00:00.000Z,5.72,daily,"{'min_index': 4.7058, 'max_index': 6.1975, 'std_dev': 0.5795, 'samples_count': 24}",H200
2026-05-19T00:00:00.000Z,2026-05-19T20:00:00.000Z,4.7217,daily,"{'min_index': 4.4107, 'max_index': 4.7637, 'std_dev': 0.0907, 'samples_count': 24}",H200
2026-05-20T00:00:00.000Z,2026-05-20T20:00:00.000Z,4.7621,daily,"{'min_index': 4.7553, 'max_index': 5.5462, 'std_dev': 0.238, 'samples_count': 24}",H200
2026-05-21T00:00:00.000Z,2026-05-21T20:00:00.000Z,5.7888,daily,"{'min_index': 4.8476, 'max_index': 6.4935, 'std_dev': 0.6135, 'samples_count': 24}",H200
2026-05-22T00:00:00.000Z,2026-05-22T20:00:00.000Z,5.0683,daily,"{'min_index': 4.8518, 'max_index': 5.9857, 'std_dev': 0.2531, 'samples_count': 24}",H200
2026-05-23T00:00:00.000Z,2026-05-23T20:00:00.000Z,5.415,daily,"{'min_index': 4.3663, 'max_index': 6.3655, 'std_dev': 0.4557, 'samples_count': 24}",H200
2026-05-24T00:00:00.000Z,2026-05-24T20:00:00.000Z,4.385,daily,"{'min_index': 4.1205, 'max_index': 4.3741, 'std_dev': 0.056, 'samples_count': 24}",H200
2026-05-25T00:00:00.000Z,2026-05-25T20:00:00.000Z,4.105,daily,"{'min_index': 3.8857, 'max_index': 4.2795, 'std_dev': 0.1172, 'samples_count': 24}",H200
2026-05-26T00:00:00.000Z,2026-05-26T20:00:00.000Z,3.9937,daily,"{'min_index': 3.9139, 'max_index': 4.0925, 'std_dev': 0.0542, 'samples_count': 24}",H200
2026-05-27T00:00:00.000Z,2026-05-27T20:00:00.000Z,3.8979,daily,"{'min_index': 3.8552, 'max_index': 3.9393, 'std_dev': 0.0253, 'samples_count': 24}",H200
2026-05-28T00:00:00.000Z,2026-05-28T20:00:00.000Z,3.9308,daily,"{'min_index': 3.8848, 'max_index': 3.9862, 'std_dev': 0.0286, 'samples_count': 24}",H200
2026-05-29T00:00:00.000Z,2026-05-29T20:00:00.000Z,3.9983,daily,"{'min_index': 3.9408, 'max_index': 4.1478, 'std_dev': 0.0632, 'samples_count': 24}",H200
2026-05-30T00:00:00.000Z,2026-05-30T20:00:00.000Z,4.3129,daily,"{'min_index': 4.1373, 'max_index': 4.7498, 'std_dev': 0.1867, 'samples_count': 24}",H200
2026-05-31T00:00:00.000Z,2026-05-31T20:00:00.000Z,5.025,daily,"{'min_index': 4.7547, 'max_index': 5.4456, 'std_dev': 0.2025, 'samples_count': 24}",H200
2026-06-01T00:00:00.000Z,2026-06-01T20:00:00.000Z,4.6571,daily,"{'min_index': 4.2953, 'max_index': 5.0597, 'std_dev': 0.2881, 'samples_count': 24}",H200
2026-06-02T00:00:00.000Z,2026-06-02T20:00:00.000Z,4.1221,daily,"{'min_index': 3.9173, 'max_index': 4.2978, 'std_dev': 0.1243, 'samples_count': 24}",H200
2026-06-03T00:00:00.000Z,2026-06-03T20:00:00.000Z,3.9146,daily,"{'min_index': 3.9009, 'max_index': 3.9303, 'std_dev': 0.0088, 'samples_count': 24}",H200
2026-06-04T00:00:00.000Z,2026-06-04T20:00:00.000Z,3.9292,daily,"{'min_index': 3.9032, 'max_index': 3.9646, 'std_dev': 0.0165, 'samples_count': 24}",H200
2026-06-05T00:00:00.000Z,2026-06-05T20:00:00.000Z,4.3671,daily,"{'min_index': 3.8978, 'max_index': 4.852, 'std_dev': 0.3856, 'samples_count': 24}",H200
2026-06-06T00:00:00.000Z,2026-06-06T20:00:00.000Z,4.7083,daily,"{'min_index': 4.6656, 'max_index': 4.7741, 'std_dev': 0.0262, 'samples_count': 24}",H200
2026-06-07T00:00:00.000Z,2026-06-07T20:00:00.000Z,4.7067,daily,"{'min_index': 4.6362, 'max_index': 4.7598, 'std_dev': 0.0312, 'samples_count': 24}",H200
2026-06-08T00:00:00.000Z,2026-06-08T20:00:00.000Z,4.5992,daily,"{'min_index': 4.0384, 'max_index': 4.8707, 'std_dev': 0.262, 'samples_count': 24}",H200
2026-06-09T00:00:00.000Z,2026-06-09T20:00:00.000Z,4.1283,daily,"{'min_index': 3.8878, 'max_index': 4.6909, 'std_dev': 0.1544, 'samples_count': 24}",H200
2026-06-10T00:00:00.000Z,2026-06-10T20:00:00.000Z,3.785,daily,"{'min_index': 3.6255, 'max_index': 3.9715, 'std_dev': 0.0976, 'samples_count': 24}",H200
2026-06-11T00:00:00.000Z,2026-06-11T20:00:00.000Z,3.795,daily,"{'min_index': 3.6157, 'max_index': 3.8859, 'std_dev': 0.063, 'samples_count': 24}",H200
2026-06-12T00:00:00.000Z,2026-06-12T20:00:00.000Z,3.7813,daily,"{'min_index': 3.6571, 'max_index': 3.8631, 'std_dev': 0.0502, 'samples_count': 24}",H200
2026-06-13T00:00:00.000Z,2026-06-13T20:00:00.000Z,3.6692,daily,"{'min_index': 3.4763, 'max_index': 3.7524, 'std_dev': 0.0883, 'samples_count': 24}",H200
2026-06-14T00:00:00.000Z,2026-06-14T20:00:00.000Z,3.5746,daily,"{'min_index': 3.5184, 'max_index': 3.6525, 'std_dev': 0.0404, 'samples_count': 24}",H200
2026-06-15T00:00:00.000Z,2026-06-15T20:00:00.000Z,3.5929,daily,"{'min_index': 3.5259, 'max_index': 3.6358, 'std_dev': 0.0284, 'samples_count': 24}",H200
2026-06-16T00:00:00.000Z,2026-06-16T20:00:00.000Z,3.5967,daily,"{'min_index': 3.4698, 'max_index': 3.6425, 'std_dev': 0.0375, 'samples_count': 24}",H200
2026-06-17T00:00:00.000Z,2026-06-17T20:00:00.000Z,3.5079,daily,"{'min_index': 3.4083, 'max_index': 3.5912, 'std_dev': 0.0553, 'samples_count': 24}",H200
2026-06-18T00:00:00.000Z,2026-06-18T20:00:00.000Z,3.4692,daily,"{'min_index': 3.4295, 'max_index': 3.497, 'std_dev': 0.0158, 'samples_count': 24}",H200
2026-06-19T00:00:00.000Z,2026-06-19T20:00:00.000Z,3.4954,daily,"{'min_index': 3.4342, 'max_index': 3.5932, 'std_dev': 0.0454, 'samples_count': 24}",H200
2026-06-20T00:00:00.000Z,2026-06-20T20:00:00.000Z,3.4629,daily,"{'min_index': 3.3804, 'max_index': 3.5815, 'std_dev': 0.0499, 'samples_count': 24}",H200
2026-06-21T00:00:00.000Z,2026-06-21T20:00:00.000Z,3.4325,daily,"{'min_index': 3.3665, 'max_index': 3.4956, 'std_dev': 0.034, 'samples_count': 24}",H200
2026-06-22T00:00:00.000Z,2026-06-22T20:00:00.000Z,3.4396,daily,"{'min_index': 3.3831, 'max_index': 3.5424, 'std_dev': 0.0347, 'samples_count': 24}",H200
2026-06-23T00:00:00.000Z,2026-06-23T20:00:00.000Z,3.3796,daily,"{'min_index': 3.3104, 'max_index': 3.4412, 'std_dev': 0.0366, 'samples_count': 24}",H200
2026-06-24T00:00:00.000Z,2026-06-24T20:00:00.000Z,3.3454,daily,"{'min_index': 2.9134, 'max_index': 3.4724, 'std_dev': 0.1776, 'samples_count': 24}",H200
2026-06-25T00:00:00.000Z,2026-06-25T20:00:00.000Z,2.9921,daily,"{'min_index': 2.636, 'max_index': 3.6006, 'std_dev': 0.3556, 'samples_count': 24}",H200
2026-06-26T00:00:00.000Z,2026-06-26T20:00:00.000Z,3.4879,daily,"{'min_index': 3.4109, 'max_index': 3.5509, 'std_dev': 0.0407, 'samples_count': 24}",H200
2026-06-27T00:00:00.000Z,2026-06-27T20:00:00.000Z,3.5746,daily,"{'min_index': 3.5225, 'max_index': 3.6398, 'std_dev': 0.0353, 'samples_count': 24}",H200
2026-06-28T00:00:00.000Z,2026-06-28T20:00:00.000Z,3.5708,daily,"{'min_index': 3.5089, 'max_index': 3.6502, 'std_dev': 0.0316, 'samples_count': 24}",H200
2026-06-29T00:00:00.000Z,2026-06-29T20:00:00.000Z,3.6054,daily,"{'min_index': 3.5664, 'max_index': 3.6695, 'std_dev': 0.0277, 'samples_count': 24}",H200
2026-06-30T00:00:00.000Z,2026-06-30T20:00:00.000Z,3.6463,daily,"{'min_index': 3.5677, 'max_index': 3.804, 'std_dev': 0.078, 'samples_count': 24}",H200
2026-07-01T00:00:00.000Z,2026-07-01T20:00:00.000Z,3.8908,daily,"{'min_index': 3.7769, 'max_index': 3.991, 'std_dev': 0.0612, 'samples_count': 24}",H200
2026-07-02T00:00:00.000Z,2026-07-02T20:00:00.000Z,4.0208,daily,"{'min_index': 3.8592, 'max_index': 4.1242, 'std_dev': 0.0571, 'samples_count': 24}",H200
2026-07-03T00:00:00.000Z,2026-07-03T20:00:00.000Z,4.0571,daily,"{'min_index': 3.9501, 'max_index': 4.11, 'std_dev': 0.0431, 'samples_count': 24}",H200
2026-07-04T00:00:00.000Z,2026-07-04T20:00:00.000Z,4.0175,daily,"{'min_index': 3.9136, 'max_index': 4.0811, 'std_dev': 0.0502, 'samples_count': 24}",H200
2026-07-05T00:00:00.000Z,2026-07-05T20:00:00.000Z,4.0346,daily,"{'min_index': 3.963, 'max_index': 4.1033, 'std_dev': 0.0323, 'samples_count': 24}",H200
2026-07-06T00:00:00.000Z,2026-07-06T20:00:00.000Z,4.1021,daily,"{'min_index': 3.9901, 'max_index': 4.237, 'std_dev': 0.0612, 'samples_count': 24}",H200
2026-07-07T00:00:00.000Z,2026-07-07T20:00:00.000Z,4.0054,daily,"{'min_index': 3.9262, 'max_index': 4.097, 'std_dev': 0.0474, 'samples_count': 24}",H200
2026-07-08T00:00:00.000Z,2026-07-08T20:00:00.000Z,4.1021,daily,"{'min_index': 4.0178, 'max_index': 4.2303, 'std_dev': 0.0629, 'samples_count': 24}",H200
2026-07-09T00:00:00.000Z,2026-07-09T20:00:00.000Z,4.2067,daily,"{'min_index': 4.0301, 'max_index': 4.3358, 'std_dev': 0.0815, 'samples_count': 24}",H200
2026-07-10T00:00:00.000Z,2026-07-10T20:00:00.000Z,4.2692,daily,"{'min_index': 4.1446, 'max_index': 4.4633, 'std_dev': 0.0963, 'samples_count': 24}",H200
2026-07-11T00:00:00.000Z,2026-07-11T20:00:00.000Z,4.4683,daily,"{'min_index': 4.3243, 'max_index': 4.5659, 'std_dev': 0.0675, 'samples_count': 24}",H200
2026-07-12T00:00:00.000Z,2026-07-12T20:00:00.000Z,4.3896,daily,"{'min_index': 4.2468, 'max_index': 4.5332, 'std_dev': 0.0647, 'samples_count': 24}",H200
2026-07-13T00:00:00.000Z,2026-07-13T20:00:00.000Z,4.3921,daily,"{'min_index': 4.2676, 'max_index': 4.5116, 'std_dev': 0.0793, 'samples_count': 24}",H200
2026-07-14T00:00:00.000Z,2026-07-14T20:00:00.000Z,4.3563,daily,"{'min_index': 4.228, 'max_index': 4.4787, 'std_dev': 0.0634, 'samples_count': 24}",H200
2026-07-15T00:00:00.000Z,2026-07-15T20:00:00.000Z,4.6196,daily,"{'min_index': 4.5158, 'max_index': 4.871, 'std_dev': 0.1035, 'samples_count': 24}",H200
2026-07-16T00:00:00.000Z,2026-07-16T20:00:00.000Z,4.7671,daily,"{'min_index': 4.4881, 'max_index': 4.8962, 'std_dev': 0.0925, 'samples_count': 24}",H200
2026-07-17T00:00:00.000Z,2026-07-17T20:00:00.000Z,4.7912,daily,"{'min_index': 4.4524, 'max_index': 5.0372, 'std_dev': 0.1756, 'samples_count': 24}",H200
2026-07-18T00:00:00.000Z,2026-07-18T20:00:00.000Z,4.7792,daily,"{'min_index': 4.6281, 'max_index': 4.8799, 'std_dev': 0.0665, 'samples_count': 24}",H200
2026-07-19T00:00:00.000Z,2026-07-19T20:00:00.000Z,4.9013,daily,"{'min_index': 4.8044, 'max_index': 5.1078, 'std_dev': 0.0763, 'samples_count': 24}",H200
2026-07-20T00:00:00.000Z,2026-07-20T20:00:00.000Z,4.9875,daily,"{'min_index': 4.7582, 'max_index': 5.1993, 'std_dev': 0.1076, 'samples_count': 24}",H200
2026-07-21T00:00:00.000Z,2026-07-21T20:00:00.000Z,4.9625,daily,"{'min_index': 4.7827, 'max_index': 5.232, 'std_dev': 0.1147, 'samples_count': 24}",H200
2026-07-22T00:00:00.000Z,2026-07-22T20:00:00.000Z,4.84,daily,"{'min_index': 4.5219, 'max_index': 5.0951, 'std_dev': 0.1946, 'samples_count': 24}",H200
2026-07-23T00:00:00.000Z,2026-07-23T20:00:00.000Z,4.6604,daily,"{'min_index': 4.4675, 'max_index': 4.7991, 'std_dev': 0.0917, 'samples_count': 24}",H200
2026-07-24T00:00:00.000Z,2026-07-24T20:00:00.000Z,4.5467,daily,"{'min_index': 4.174, 'max_index': 4.8153, 'std_dev': 0.1863, 'samples_count': 24}",H200
2026-07-25T00:00:00.000Z,2026-07-25T20:00:00.000Z,4.5508,daily,"{'min_index': 4.4662, 'max_index': 4.6864, 'std_dev': 0.0679, 'samples_count': 24}",H200
2026-07-26T00:00:00.000Z,2026-07-26T20:00:00.000Z,4.8629,daily,"{'min_index': 4.6573, 'max_index': 5.1771, 'std_dev': 0.1416, 'samples_count': 24}",H200
2026-07-27T00:00:00.000Z,2026-07-27T20:00:00.000Z,5.3058,daily,"{'min_index': 5.1396, 'max_index': 5.5684, 'std_dev': 0.1259, 'samples_count': 24}",H200
2026-07-28T00:00:00.000Z,2026-07-28T20:00:00.000Z,5.0004,daily,"{'min_index': 4.6089, 'max_index': 5.2046, 'std_dev': 0.1577, 'samples_count': 24}",H200
2026-07-29T00:00:00.000Z,2026-07-29T20:00:00.000Z,4.9813,daily,"{'min_index': 4.8331, 'max_index': 5.1916, 'std_dev': 0.0834, 'samples_count': 24}",H200
2026-07-30T00:00:00.000Z,2026-07-30T20:00:00.000Z,5.3987,daily,"{'min_index': 5.0771, 'max_index': 5.7606, 'std_dev': 0.2113, 'samples_count': 24}",H200
2026-07-31T00:00:00.000Z,2026-07-31T20:00:00.000Z,5.6183,daily,"{'min_index': 5.2869, 'max_index': 5.832, 'std_dev': 0.1304, 'samples_count': 24}",H200
2026-08-01T00:00:00.000Z,2026-08-01T20:00:00.000Z,5.2496,daily,"{'min_index': 4.7504, 'max_index': 5.5978, 'std_dev': 0.2564, 'samples_count': 24}",H200
2026-08-02T00:00:00.000Z,2026-08-02T20:00:00.000Z,4.8171,daily,"{'min_index': 4.4074, 'max_index': 5.2874, 'std_dev': 0.2529, 'samples_count': 24}",H200
2026-08-03T00:00:00.000Z,2026-08-03T20:00:00.000Z,4.3646,daily,"{'min_index': 4.2297, 'max_index': 4.5175, 'std_dev': 0.0832, 'samples_count': 24}",H200
2026-08-04T00:00:00.000Z,2026-08-04T20:00:00.000Z,4.5362,daily,"{'min_index': 4.2728, 'max_index': 4.7417, 'std_dev': 0.1463, 'samples_count': 24}",H200
2026-08-05T00:00:00.000Z,2026-08-05T20:00:00.000Z,4.8075,daily,"{'min_index': 4.638, 'max_index': 4.92, 'std_dev': 0.0859, 'samples_count': 24}",H200
2026-08-06T00:00:00.000Z,2026-08-06T20:00:00.000Z,4.9179,daily,"{'min_index': 4.7737, 'max_index': 5.1704, 'std_dev': 0.1091, 'samples_count': 24}",H200
2026-08-07T00:00:00.000Z,2026-08-07T20:00:00.000Z,4.8292,daily,"{'min_index': 4.5125, 'max_index': 5.0026, 'std_dev': 0.148, 'samples_count': 24}",H200
2026-08-08T00:00:00.000Z,2026-08-08T20:00:00.000Z,4.555,daily,"{'min_index': 4.4204, 'max_index': 4.6538, 'std_dev': 0.0731, 'samples_count': 24}",H200
2026-08-09T00:00:00.000Z,2026-08-09T20:00:00.000Z,4.665,daily,"{'min_index': 4.5299, 'max_index': 5.0214, 'std_dev': 0.1177, 'samples_count': 24}",H200
2026-08-10T00:00:00.000Z,2026-08-10T20:00:00.000Z,4.6662,daily,"{'min_index': 4.2853, 'max_index': 4.8753, 'std_dev': 0.209, 'samples_count': 24}",H200
2026-08-11T00:00:00.000Z,2026-08-11T20:00:00.000Z,4.4917,daily,"{'min_index': 4.2796, 'max_index': 4.6946, 'std_dev': 0.1022, 'samples_count': 24}",H200
2026-08-12T00:00:00.000Z,2026-08-12T20:00:00.000Z,4.51,daily,"{'min_index': 4.3962, 'max_index': 4.6031, 'std_dev': 0.0556, 'samples_count': 24}",H200
2026-08-13T00:00:00.000Z,2026-08-13T20:00:00.000Z,4.7046,daily,"{'min_index': 4.6465, 'max_index': 4.9155, 'std_dev': 0.0677, 'samples_count': 24}",H200
2026-08-14T00:00:00.000Z,2026-08-14T20:00:00.000Z,4.8633,daily,"{'min_index': 4.7935, 'max_index': 4.9598, 'std_dev': 0.0451, 'samples_count': 24}",H200
2026-08-15T00:00:00.000Z,2026-08-15T20:00:00.000Z,4.9375,daily,"{'min_index': 4.8316, 'max_index': 5.1371, 'std_dev': 0.0806, 'samples_count': 24}",H200
2026-08-16T00:00:00.000Z,2026-08-16T20:00:00.000Z,4.7517,daily,"{'min_index': 4.5406, 'max_index': 5.0079, 'std_dev': 0.1288, 'samples_count': 24}",H200
2026-08-17T00:00:00.000Z,2026-08-17T20:00:00.000Z,4.9967,daily,"{'min_index': 4.9061, 'max_index': 5.1634, 'std_dev': 0.0743, 'samples_count': 24}",H200
2026-08-18T00:00:00.000Z,2026-08-18T20:00:00.000Z,5.1104,daily,"{'min_index': 4.9562, 'max_index': 5.4126, 'std_dev': 0.1388, 'samples_count': 24}",H200
2026-08-19T00:00:00.000Z,2026-08-19T20:00:00.000Z,5.2879,daily,"{'min_index': 5.1519, 'max_index': 5.5151, 'std_dev': 0.082, 'samples_count': 24}",H200
2026-08-20T00:00:00.000Z,2026-08-20T20:00:00.000Z,5.4358,daily,"{'min_index': 5.2465, 'max_index': 5.627, 'std_dev': 0.0926, 'samples_count': 24}",H200
2026-08-21T00:00:00.000Z,2026-08-21T20:00:00.000Z,5.0929,daily,"{'min_index': 4.7717, 'max_index': 5.3857, 'std_dev': 0.18, 'samples_count': 24}",H200
2026-08-22T00:00:00.000Z,2026-08-22T20:00:00.000Z,4.8535,daily,"{'min_index': 4.4499, 'max_index': 4.9884, 'std_dev': 0.1328, 'samples_count': 23}",H200
2026-08-23T00:00:00.000Z,2026-08-23T20:00:00.000Z,4.42,daily,"{'min_index': 4.1854, 'max_index': 4.6108, 'std_dev': 0.1115, 'samples_count': 24}",H200
2026-08-24T00:00:00.000Z,2026-08-24T20:00:00.000Z,4.33,daily,"{'min_index': 4.1426, 'max_index': 4.4633, 'std_dev': 0.0995, 'samples_count': 23}",H200
2026-08-25T00:00:00.000Z,2026-08-25T20:00:00.000Z,4.2637,daily,"{'min_index': 4.0983, 'max_index': 4.4962, 'std_dev': 0.125, 'samples_count': 24}",H200
2026-08-26T00:00:00.000Z,2026-08-26T20:00:00.000Z,4.2442,daily,"{'min_index': 4.1082, 'max_index': 4.3919, 'std_dev': 0.0806, 'samples_count': 24}",H200
2026-08-27T00:00:00.000Z,2026-08-27T20:00:00.000Z,4.2904,daily,"{'min_index': 4.0682, 'max_index': 4.4377, 'std_dev': 0.1075, 'samples_count': 24}",H200
2026-08-28T00:00:00.000Z,2026-08-28T20:00:00.000Z,4.4879,daily,"{'min_index': 4.2705, 'max_index': 4.8439, 'std_dev': 0.1836, 'samples_count': 24}",H200
2026-08-29T00:00:00.000Z,2026-08-29T20:00:00.000Z,4.4379,daily,"{'min_index': 4.2536, 'max_index': 4.7064, 'std_dev': 0.0983, 'samples_count': 24}",H200
2026-08-30T00:00:00.000Z,2026-08-30T20:00:00.000Z,4.4992,daily,"{'min_index': 4.2918, 'max_index': 4.6726, 'std_dev': 0.0993, 'samples_count': 24}",H200
2026-08-31T00:00:00.000Z,2026-08-31T20:00:00.000Z,4.4212,daily,"{'min_index': 4.2569, 'max_index': 4.608, 'std_dev': 0.1093, 'samples_count': 24}",H200
2024-01-01T00:00:00.000Z,2024-01-01T21:00:00.000Z,1.6547,daily,"{'min_index': 1.6365, 'max_index': 1.7032, 'std_dev': 0.0237, 'samples_count': 24}",A100 SXM4
2024-01-02T00:00:00.000Z,2024-01-02T21:00:00.000Z,1.6767,daily,"{'min_index': 1.64, 'max_index': 1.7104, 'std_dev': 0.0182, 'samples_count': 24}",A100 SXM4
2024-01-03T00:00:00.000Z,2024-01-03T21:00:00.000Z,1.6817,daily,"{'min_index': 1.6379, 'max_index': 1.7224, 'std_dev': 0.0203, 'samples_count': 24}",A100 SXM4
2024-01-04T00:00:00.000Z,2024-01-04T21:00:00.000Z,1.6526,daily,"{'min_index': 1.5239, 'max_index': 1.7036, 'std_dev': 0.0436, 'samples_count': 24}",A100 SXM4
2024-01-05T00:00:00.000Z,2024-01-05T21:00:00.000Z,1.6368,daily,"{'min_index': 1.5657, 'max_index': 1.7005, 'std_dev': 0.0417, 'samples_count': 24}",A100 SXM4
2024-01-06T00:00:00.000Z,2024-01-06T21:00:00.000Z,1.6373,daily,"{'min_index': 1.5558, 'max_index': 1.7092, 'std_dev': 0.0449, 'samples_count': 24}",A100 SXM4
2024-01-07T00:00:00.000Z,2024-01-07T21:00:00.000Z,1.6762,daily,"{'min_index': 1.5918, 'max_index': 1.7425, 'std_dev': 0.0402, 'samples_count': 24}",A100 SXM4
2024-01-08T00:00:00.000Z,2024-01-08T21:00:00.000Z,1.6721,daily,"{'min_index': 1.6269, 'max_index': 1.7509, 'std_dev': 0.0427, 'samples_count': 24}",A100 SXM4
2024-01-09T00:00:00.000Z,2024-01-09T21:00:00.000Z,1.6356,daily,"{'min_index': 1.616, 'max_index': 1.6845, 'std_dev': 0.0131, 'samples_count': 24}",A100 SXM4
2024-01-10T00:00:00.000Z,2024-01-10T21:00:00.000Z,1.6197,daily,"{'min_index': 1.591, 'max_index': 1.6345, 'std_dev': 0.0143, 'samples_count': 24}",A100 SXM4
2024-01-11T00:00:00.000Z,2024-01-11T21:00:00.000Z,1.6151,daily,"{'min_index': 1.5893, 'max_index': 1.6515, 'std_dev': 0.0212, 'samples_count': 24}",A100 SXM4
2024-01-12T00:00:00.000Z,2024-01-12T21:00:00.000Z,1.6077,daily,"{'min_index': 1.5861, 'max_index': 1.6504, 'std_dev': 0.0232, 'samples_count': 24}",A100 SXM4
2024-01-13T00:00:00.000Z,2024-01-13T21:00:00.000Z,1.6057,daily,"{'min_index': 1.5852, 'max_index': 1.6782, 'std_dev': 0.0224, 'samples_count': 24}",A100 SXM4
2024-01-14T00:00:00.000Z,2024-01-14T21:00:00.000Z,1.669,daily,"{'min_index': 1.617, 'max_index': 1.7409, 'std_dev': 0.037, 'samples_count': 24}",A100 SXM4
2024-01-15T00:00:00.000Z,2024-01-15T21:00:00.000Z,1.6707,daily,"{'min_index': 1.6086, 'max_index': 1.7371, 'std_dev': 0.0353, 'samples_count': 24}",A100 SXM4
2024-01-16T00:00:00.000Z,2024-01-16T21:00:00.000Z,1.6543,daily,"{'min_index': 1.606, 'max_index': 1.6919, 'std_dev': 0.0289, 'samples_count': 24}",A100 SXM4
2024-01-17T00:00:00.000Z,2024-01-17T21:00:00.000Z,1.6753,daily,"{'min_index': 1.6155, 'max_index': 1.751, 'std_dev': 0.0363, 'samples_count': 24}",A100 SXM4
2024-01-18T00:00:00.000Z,2024-01-18T21:00:00.000Z,1.6623,daily,"{'min_index': 1.5346, 'max_index': 1.7635, 'std_dev': 0.0554, 'samples_count': 24}",A100 SXM4
2024-01-19T00:00:00.000Z,2024-01-19T21:00:00.000Z,1.674,daily,"{'min_index': 1.6086, 'max_index': 1.7229, 'std_dev': 0.0326, 'samples_count': 24}",A100 SXM4
2024-01-20T00:00:00.000Z,2024-01-20T21:00:00.000Z,1.5967,daily,"{'min_index': 1.5852, 'max_index': 1.6516, 'std_dev': 0.0159, 'samples_count': 24}",A100 SXM4
2024-01-21T00:00:00.000Z,2024-01-21T21:00:00.000Z,1.6772,daily,"{'min_index': 1.6191, 'max_index': 1.714, 'std_dev': 0.0275, 'samples_count': 24}",A100 SXM4
2024-01-22T00:00:00.000Z,2024-01-22T21:00:00.000Z,1.6306,daily,"{'min_index': 1.612, 'max_index': 1.6931, 'std_dev': 0.0212, 'samples_count': 24}",A100 SXM4
2024-01-23T00:00:00.000Z,2024-01-23T21:00:00.000Z,1.6565,daily,"{'min_index': 1.6256, 'max_index': 1.7047, 'std_dev': 0.0311, 'samples_count': 24}",A100 SXM4
2024-01-24T00:00:00.000Z,2024-01-24T21:00:00.000Z,1.6307,daily,"{'min_index': 1.612, 'max_index': 1.6342, 'std_dev': 0.0045, 'samples_count': 24}",A100 SXM4
2024-01-25T00:00:00.000Z,2024-01-25T21:00:00.000Z,1.6332,daily,"{'min_index': 1.6238, 'max_index': 1.6407, 'std_dev': 0.0037, 'samples_count': 24}",A100 SXM4
2024-01-26T00:00:00.000Z,2024-01-26T21:00:00.000Z,1.6221,daily,"{'min_index': 1.6057, 'max_index': 1.6553, 'std_dev': 0.0109, 'samples_count': 24}",A100 SXM4
2024-01-27T00:00:00.000Z,2024-01-27T21:00:00.000Z,1.6181,daily,"{'min_index': 1.6057, 'max_index': 1.6241, 'std_dev': 0.0054, 'samples_count': 24}",A100 SXM4
2024-01-28T00:00:00.000Z,2024-01-28T21:00:00.000Z,1.6215,daily,"{'min_index': 1.6052, 'max_index': 1.6335, 'std_dev': 0.008, 'samples_count': 24}",A100 SXM4
2024-01-29T00:00:00.000Z,2024-01-29T21:00:00.000Z,1.6212,daily,"{'min_index': 1.609, 'max_index': 1.6247, 'std_dev': 0.0039, 'samples_count': 24}",A100 SXM4
2024-01-30T00:00:00.000Z,2024-01-30T21:00:00.000Z,1.6368,daily,"{'min_index': 1.6098, 'max_index': 1.7039, 'std_dev': 0.0277, 'samples_count': 24}",A100 SXM4
2024-01-31T00:00:00.000Z,2024-01-31T21:00:00.000Z,1.6336,daily,"{'min_index': 1.617, 'max_index': 1.6779, 'std_dev': 0.0107, 'samples_count': 24}",A100 SXM4
2024-02-01T00:00:00.000Z,2024-02-01T21:00:00.000Z,1.6263,daily,"{'min_index': 1.6094, 'max_index': 1.6343, 'std_dev': 0.0071, 'samples_count': 24}",A100 SXM4
2024-02-02T00:00:00.000Z,2024-02-02T21:00:00.000Z,1.5748,daily,"{'min_index': 1.3863, 'max_index': 1.6348, 'std_dev': 0.1035, 'samples_count': 24}",A100 SXM4
2024-02-03T00:00:00.000Z,2024-02-03T21:00:00.000Z,1.5689,daily,"{'min_index': 1.4042, 'max_index': 1.6246, 'std_dev': 0.07, 'samples_count': 24}",A100 SXM4
2024-02-04T00:00:00.000Z,2024-02-04T21:00:00.000Z,1.625,daily,"{'min_index': 1.5713, 'max_index': 1.6644, 'std_dev': 0.0238, 'samples_count': 24}",A100 SXM4
2024-02-05T00:00:00.000Z,2024-02-05T21:00:00.000Z,1.6144,daily,"{'min_index': 1.5888, 'max_index': 1.6319, 'std_dev': 0.011, 'samples_count': 24}",A100 SXM4
2024-02-06T00:00:00.000Z,2024-02-06T21:00:00.000Z,1.619,daily,"{'min_index': 1.5796, 'max_index': 1.6872, 'std_dev': 0.03, 'samples_count': 24}",A100 SXM4
2024-02-07T00:00:00.000Z,2024-02-07T21:00:00.000Z,1.6256,daily,"{'min_index': 1.5385, 'max_index': 1.6866, 'std_dev': 0.0379, 'samples_count': 24}",A100 SXM4
2024-02-08T00:00:00.000Z,2024-02-08T21:00:00.000Z,1.6059,daily,"{'min_index': 1.5859, 'max_index': 1.6317, 'std_dev': 0.0168, 'samples_count': 24}",A100 SXM4
2024-02-09T00:00:00.000Z,2024-02-09T21:00:00.000Z,1.4747,daily,"{'min_index': 1.4253, 'max_index': 1.6224, 'std_dev': 0.0602, 'samples_count': 24}",A100 SXM4
2024-02-10T00:00:00.000Z,2024-02-10T21:00:00.000Z,1.5693,daily,"{'min_index': 1.4182, 'max_index': 1.6299, 'std_dev': 0.0768, 'samples_count': 24}",A100 SXM4
2024-02-11T00:00:00.000Z,2024-02-11T21:00:00.000Z,1.4833,daily,"{'min_index': 1.4275, 'max_index': 1.6154, 'std_dev': 0.0416, 'samples_count': 24}",A100 SXM4
2024-02-12T00:00:00.000Z,2024-02-12T21:00:00.000Z,1.4588,daily,"{'min_index': 1.4259, 'max_index': 1.5212, 'std_dev': 0.0338, 'samples_count': 24}",A100 SXM4
2024-02-13T00:00:00.000Z,2024-02-13T21:00:00.000Z,1.4883,daily,"{'min_index': 1.4293, 'max_index': 1.5437, 'std_dev': 0.0378, 'samples_count': 24}",A100 SXM4
2024-02-14T00:00:00.000Z,2024-02-14T21:00:00.000Z,1.4929,daily,"{'min_index': 1.4308, 'max_index': 1.5359, 'std_dev': 0.024, 'samples_count': 24}",A100 SXM4
2024-02-15T00:00:00.000Z,2024-02-15T21:00:00.000Z,1.4875,daily,"{'min_index': 1.4179, 'max_index': 1.5147, 'std_dev': 0.0243, 'samples_count': 24}",A100 SXM4
2024-02-16T00:00:00.000Z,2024-02-16T21:00:00.000Z,1.4591,daily,"{'min_index': 1.3902, 'max_index': 1.5245, 'std_dev': 0.0476, 'samples_count': 24}",A100 SXM4
2024-02-17T00:00:00.000Z,2024-02-17T21:00:00.000Z,1.4814,daily,"{'min_index': 1.3898, 'max_index': 1.5634, 'std_dev': 0.0436, 'samples_count': 24}",A100 SXM4
2024-02-18T00:00:00.000Z,2024-02-18T21:00:00.000Z,1.4737,daily,"{'min_index': 1.4145, 'max_index': 1.5099, 'std_dev': 0.0309, 'samples_count': 24}",A100 SXM4
2024-02-19T00:00:00.000Z,2024-02-19T21:00:00.000Z,1.5184,daily,"{'min_index': 1.412, 'max_index': 1.5829, 'std_dev': 0.0513, 'samples_count': 24}",A100 SXM4
2024-02-20T00:00:00.000Z,2024-02-20T21:00:00.000Z,1.559,daily,"{'min_index': 1.5007, 'max_index': 1.5887, 'std_dev': 0.0261, 'samples_count': 24}",A100 SXM4
2024-02-21T00:00:00.000Z,2024-02-21T21:00:00.000Z,1.5774,daily,"{'min_index': 1.5499, 'max_index': 1.5994, 'std_dev': 0.0112, 'samples_count': 24}",A100 SXM4
2024-02-22T00:00:00.000Z,2024-02-22T21:00:00.000Z,1.5653,daily,"{'min_index': 1.5132, 'max_index': 1.5916, 'std_dev': 0.0209, 'samples_count': 24}",A100 SXM4
2024-02-23T00:00:00.000Z,2024-02-23T21:00:00.000Z,1.5617,daily,"{'min_index': 1.5419, 'max_index': 1.5882, 'std_dev': 0.0108, 'samples_count': 24}",A100 SXM4
2024-02-24T00:00:00.000Z,2024-02-24T21:00:00.000Z,1.4766,daily,"{'min_index': 1.3928, 'max_index': 1.5309, 'std_dev': 0.0374, 'samples_count': 24}",A100 SXM4
2024-02-25T00:00:00.000Z,2024-02-25T21:00:00.000Z,1.5353,daily,"{'min_index': 1.4862, 'max_index': 1.5844, 'std_dev': 0.0386, 'samples_count': 24}",A100 SXM4
2024-02-26T00:00:00.000Z,2024-02-26T21:00:00.000Z,1.5767,daily,"{'min_index': 1.5452, 'max_index': 1.5836, 'std_dev': 0.0079, 'samples_count': 24}",A100 SXM4
2024-02-27T00:00:00.000Z,2024-02-27T21:00:00.000Z,1.5452,daily,"{'min_index': 1.53, 'max_index': 1.5474, 'std_dev': 0.0047, 'samples_count': 24}",A100 SXM4
2024-02-28T00:00:00.000Z,2024-02-28T21:00:00.000Z,1.5339,daily,"{'min_index': 1.496, 'max_index': 1.552, 'std_dev': 0.0128, 'samples_count': 24}",A100 SXM4
2024-02-29T00:00:00.000Z,2024-02-29T21:00:00.000Z,1.5525,daily,"{'min_index': 1.5358, 'max_index': 1.5838, 'std_dev': 0.0151, 'samples_count': 24}",A100 SXM4
2024-03-01T00:00:00.000Z,2024-03-01T21:00:00.000Z,1.5484,daily,"{'min_index': 1.5208, 'max_index': 1.5844, 'std_dev': 0.0167, 'samples_count': 24}",A100 SXM4
2024-03-02T00:00:00.000Z,2024-03-02T21:00:00.000Z,1.5409,daily,"{'min_index': 1.5224, 'max_index': 1.5819, 'std_dev': 0.0119, 'samples_count': 24}",A100 SXM4
2024-03-03T00:00:00.000Z,2024-03-03T21:00:00.000Z,1.5623,daily,"{'min_index': 1.5457, 'max_index': 1.5833, 'std_dev': 0.012, 'samples_count': 24}",A100 SXM4
2024-03-04T00:00:00.000Z,2024-03-04T21:00:00.000Z,1.5606,daily,"{'min_index': 1.5177, 'max_index': 1.5821, 'std_dev': 0.0173, 'samples_count': 24}",A100 SXM4
2024-03-05T00:00:00.000Z,2024-03-05T21:00:00.000Z,1.5609,daily,"{'min_index': 1.5239, 'max_index': 1.6543, 'std_dev': 0.0266, 'samples_count': 24}",A100 SXM4
2024-03-06T00:00:00.000Z,2024-03-06T21:00:00.000Z,1.5614,daily,"{'min_index': 1.5362, 'max_index': 1.5762, 'std_dev': 0.0141, 'samples_count': 24}",A100 SXM4
2024-03-07T00:00:00.000Z,2024-03-07T21:00:00.000Z,1.5529,daily,"{'min_index': 1.5361, 'max_index': 1.5824, 'std_dev': 0.0179, 'samples_count': 24}",A100 SXM4
2024-03-08T00:00:00.000Z,2024-03-08T21:00:00.000Z,1.5727,daily,"{'min_index': 1.5557, 'max_index': 1.5846, 'std_dev': 0.0093, 'samples_count': 24}",A100 SXM4
2024-03-09T00:00:00.000Z,2024-03-09T21:00:00.000Z,1.5492,daily,"{'min_index': 1.5278, 'max_index': 1.5745, 'std_dev': 0.0158, 'samples_count': 24}",A100 SXM4
2024-03-10T00:00:00.000Z,2024-03-10T20:00:00.000Z,1.5417,daily,"{'min_index': 1.5361, 'max_index': 1.5803, 'std_dev': 0.0133, 'samples_count': 24}",A100 SXM4
2024-03-11T00:00:00.000Z,2024-03-11T20:00:00.000Z,1.574,daily,"{'min_index': 1.5357, 'max_index': 1.5897, 'std_dev': 0.0143, 'samples_count': 24}",A100 SXM4
2024-03-12T00:00:00.000Z,2024-03-12T20:00:00.000Z,1.5963,daily,"{'min_index': 1.5754, 'max_index': 1.9488, 'std_dev': 0.0737, 'samples_count': 24}",A100 SXM4
2024-03-13T00:00:00.000Z,2024-03-13T20:00:00.000Z,1.5954,daily,"{'min_index': 1.5759, 'max_index': 1.6244, 'std_dev': 0.0171, 'samples_count': 24}",A100 SXM4
2024-03-14T00:00:00.000Z,2024-03-14T20:00:00.000Z,1.5755,daily,"{'min_index': 1.5198, 'max_index': 1.584, 'std_dev': 0.0161, 'samples_count': 24}",A100 SXM4
2024-03-15T00:00:00.000Z,2024-03-15T20:00:00.000Z,1.5482,daily,"{'min_index': 1.499, 'max_index': 1.5821, 'std_dev': 0.0128, 'samples_count': 24}",A100 SXM4
2024-03-16T00:00:00.000Z,2024-03-16T20:00:00.000Z,1.5267,daily,"{'min_index': 1.4862, 'max_index': 1.5458, 'std_dev': 0.0189, 'samples_count': 24}",A100 SXM4
2024-03-17T00:00:00.000Z,2024-03-17T20:00:00.000Z,1.5419,daily,"{'min_index': 1.5353, 'max_index': 1.5547, 'std_dev': 0.0051, 'samples_count': 24}",A100 SXM4
2024-03-18T00:00:00.000Z,2024-03-18T20:00:00.000Z,1.5441,daily,"{'min_index': 1.5153, 'max_index': 1.563, 'std_dev': 0.0098, 'samples_count': 24}",A100 SXM4
2024-03-19T00:00:00.000Z,2024-03-19T20:00:00.000Z,1.536,daily,"{'min_index': 1.4874, 'max_index': 1.5527, 'std_dev': 0.0129, 'samples_count': 24}",A100 SXM4
2024-03-20T00:00:00.000Z,2024-03-20T20:00:00.000Z,1.5424,daily,"{'min_index': 1.5206, 'max_index': 1.5832, 'std_dev': 0.0196, 'samples_count': 24}",A100 SXM4
2024-03-21T00:00:00.000Z,2024-03-21T20:00:00.000Z,1.5455,daily,"{'min_index': 1.4702, 'max_index': 1.5823, 'std_dev': 0.0256, 'samples_count': 24}",A100 SXM4
2024-03-22T00:00:00.000Z,2024-03-22T20:00:00.000Z,1.5787,daily,"{'min_index': 1.5672, 'max_index': 1.668, 'std_dev': 0.0183, 'samples_count': 24}",A100 SXM4
2024-03-23T00:00:00.000Z,2024-03-23T20:00:00.000Z,1.6616,daily,"{'min_index': 1.6541, 'max_index': 1.7592, 'std_dev': 0.026, 'samples_count': 24}",A100 SXM4
2024-03-24T00:00:00.000Z,2024-03-24T20:00:00.000Z,1.6625,daily,"{'min_index': 1.6298, 'max_index': 1.7339, 'std_dev': 0.0181, 'samples_count': 24}",A100 SXM4
2024-03-25T00:00:00.000Z,2024-03-25T20:00:00.000Z,1.5854,daily,"{'min_index': 1.5331, 'max_index': 1.6368, 'std_dev': 0.0172, 'samples_count': 24}",A100 SXM4
2024-03-26T00:00:00.000Z,2024-03-26T20:00:00.000Z,1.4847,daily,"{'min_index': 1.4432, 'max_index': 1.5303, 'std_dev': 0.0209, 'samples_count': 24}",A100 SXM4
2024-03-27T00:00:00.000Z,2024-03-27T20:00:00.000Z,1.4571,daily,"{'min_index': 1.4264, 'max_index': 1.4745, 'std_dev': 0.0122, 'samples_count': 24}",A100 SXM4
2024-03-28T00:00:00.000Z,2024-03-28T20:00:00.000Z,1.4589,daily,"{'min_index': 1.3174, 'max_index': 1.4984, 'std_dev': 0.0357, 'samples_count': 24}",A100 SXM4
2024-03-29T00:00:00.000Z,2024-03-29T20:00:00.000Z,1.3857,daily,"{'min_index': 1.2747, 'max_index': 1.5024, 'std_dev': 0.0744, 'samples_count': 24}",A100 SXM4
2024-03-30T00:00:00.000Z,2024-03-30T20:00:00.000Z,1.4266,daily,"{'min_index': 1.3762, 'max_index': 1.5048, 'std_dev': 0.0527, 'samples_count': 24}",A100 SXM4
2024-03-31T00:00:00.000Z,2024-03-31T20:00:00.000Z,1.4654,daily,"{'min_index': 1.3796, 'max_index': 1.5036, 'std_dev': 0.0415, 'samples_count': 24}",A100 SXM4
2024-04-01T00:00:00.000Z,2024-04-01T20:00:00.000Z,1.5021,daily,"{'min_index': 1.4958, 'max_index': 1.5043, 'std_dev': 0.0026, 'samples_count': 24}",A100 SXM4
2024-04-02T00:00:00.000Z,2024-04-02T20:00:00.000Z,1.4854,daily,"{'min_index': 1.4574, 'max_index': 1.5038, 'std_dev': 0.0143, 'samples_count': 24}",A100 SXM4
2024-04-03T00:00:00.000Z,2024-04-03T20:00:00.000Z,1.4772,daily,"{'min_index': 1.462, 'max_index': 1.5036, 'std_dev': 0.014, 'samples_count': 24}",A100 SXM4
2024-04-04T00:00:00.000Z,2024-04-04T20:00:00.000Z,1.4762,daily,"{'min_index': 1.456, 'max_index': 1.5029, 'std_dev': 0.0108, 'samples_count': 24}",A100 SXM4
2024-04-05T00:00:00.000Z,2024-04-05T20:00:00.000Z,1.4606,daily,"{'min_index': 1.4079, 'max_index': 1.6143, 'std_dev': 0.0481, 'samples_count': 24}",A100 SXM4
2024-04-06T00:00:00.000Z,2024-04-06T20:00:00.000Z,1.6117,daily,"{'min_index': 1.5659, 'max_index': 1.6647, 'std_dev': 0.0335, 'samples_count': 24}",A100 SXM4
2024-04-07T00:00:00.000Z,2024-04-07T20:00:00.000Z,1.6036,daily,"{'min_index': 1.5371, 'max_index': 1.6639, 'std_dev': 0.0507, 'samples_count': 24}",A100 SXM4
2024-04-08T00:00:00.000Z,2024-04-08T20:00:00.000Z,1.549,daily,"{'min_index': 1.5355, 'max_index': 1.609, 'std_dev': 0.0198, 'samples_count': 24}",A100 SXM4
2024-04-09T00:00:00.000Z,2024-04-09T20:00:00.000Z,1.6108,daily,"{'min_index': 1.5756, 'max_index': 1.6408, 'std_dev': 0.0223, 'samples_count': 24}",A100 SXM4
2024-04-10T00:00:00.000Z,2024-04-10T20:00:00.000Z,1.6251,daily,"{'min_index': 1.5674, 'max_index': 1.6441, 'std_dev': 0.0212, 'samples_count': 24}",A100 SXM4
2024-04-11T00:00:00.000Z,2024-04-11T20:00:00.000Z,1.6244,daily,"{'min_index': 1.6025, 'max_index': 1.6434, 'std_dev': 0.012, 'samples_count': 24}",A100 SXM4
2024-04-12T00:00:00.000Z,2024-04-12T20:00:00.000Z,1.6267,daily,"{'min_index': 1.5997, 'max_index': 1.644, 'std_dev': 0.0113, 'samples_count': 24}",A100 SXM4
2024-04-13T00:00:00.000Z,2024-04-13T20:00:00.000Z,1.6275,daily,"{'min_index': 1.6066, 'max_index': 1.6433, 'std_dev': 0.0127, 'samples_count': 24}",A100 SXM4
2024-04-14T00:00:00.000Z,2024-04-14T20:00:00.000Z,1.6273,daily,"{'min_index': 1.6067, 'max_index': 1.6448, 'std_dev': 0.013, 'samples_count': 24}",A100 SXM4
2024-04-15T00:00:00.000Z,2024-04-15T20:00:00.000Z,1.6268,daily,"{'min_index': 1.5916, 'max_index': 1.6442, 'std_dev': 0.0154, 'samples_count': 24}",A100 SXM4
2024-04-16T00:00:00.000Z,2024-04-16T20:00:00.000Z,1.6219,daily,"{'min_index': 1.5987, 'max_index': 1.6444, 'std_dev': 0.0124, 'samples_count': 24}",A100 SXM4
2024-04-17T00:00:00.000Z,2024-04-17T20:00:00.000Z,1.6248,daily,"{'min_index': 1.6072, 'max_index': 1.6448, 'std_dev': 0.0111, 'samples_count': 24}",A100 SXM4
2024-04-18T00:00:00.000Z,2024-04-18T20:00:00.000Z,1.6116,daily,"{'min_index': 1.5357, 'max_index': 1.6446, 'std_dev': 0.045, 'samples_count': 24}",A100 SXM4
2024-04-19T00:00:00.000Z,2024-04-19T20:00:00.000Z,1.5716,daily,"{'min_index': 1.5373, 'max_index': 1.6342, 'std_dev': 0.0314, 'samples_count': 24}",A100 SXM4
2024-04-20T00:00:00.000Z,2024-04-20T20:00:00.000Z,1.6184,daily,"{'min_index': 1.5406, 'max_index': 1.6436, 'std_dev': 0.024, 'samples_count': 24}",A100 SXM4
2024-04-21T00:00:00.000Z,2024-04-21T20:00:00.000Z,1.5896,daily,"{'min_index': 1.536, 'max_index': 1.6368, 'std_dev': 0.0353, 'samples_count': 24}",A100 SXM4
2024-04-22T00:00:00.000Z,2024-04-22T20:00:00.000Z,1.6137,daily,"{'min_index': 1.5374, 'max_index': 1.6426, 'std_dev': 0.0271, 'samples_count': 24}",A100 SXM4
2024-04-23T00:00:00.000Z,2024-04-23T20:00:00.000Z,1.6531,daily,"{'min_index': 1.6306, 'max_index': 1.6641, 'std_dev': 0.0089, 'samples_count': 24}",A100 SXM4
2024-04-24T00:00:00.000Z,2024-04-24T20:00:00.000Z,1.6404,daily,"{'min_index': 1.5515, 'max_index': 1.6644, 'std_dev': 0.0295, 'samples_count': 24}",A100 SXM4
2024-04-25T00:00:00.000Z,2024-04-25T20:00:00.000Z,1.6291,daily,"{'min_index': 1.5891, 'max_index': 1.6627, 'std_dev': 0.0205, 'samples_count': 24}",A100 SXM4
2024-04-26T00:00:00.000Z,2024-04-26T20:00:00.000Z,1.6267,daily,"{'min_index': 1.5954, 'max_index': 1.6627, 'std_dev': 0.0122, 'samples_count': 24}",A100 SXM4
2024-04-27T00:00:00.000Z,2024-04-27T20:00:00.000Z,1.6484,daily,"{'min_index': 1.6169, 'max_index': 1.6639, 'std_dev': 0.014, 'samples_count': 24}",A100 SXM4
2024-04-28T00:00:00.000Z,2024-04-28T20:00:00.000Z,1.6531,daily,"{'min_index': 1.6181, 'max_index': 1.6649, 'std_dev': 0.0132, 'samples_count': 24}",A100 SXM4
2024-04-29T00:00:00.000Z,2024-04-29T20:00:00.000Z,1.6605,daily,"{'min_index': 1.6491, 'max_index': 1.6648, 'std_dev': 0.004, 'samples_count': 24}",A100 SXM4
2024-04-30T00:00:00.000Z,2024-04-30T20:00:00.000Z,1.6267,daily,"{'min_index': 1.584, 'max_index': 1.6734, 'std_dev': 0.0343, 'samples_count': 24}",A100 SXM4
2024-05-01T00:00:00.000Z,2024-05-01T20:00:00.000Z,1.6027,daily,"{'min_index': 1.5777, 'max_index': 1.6302, 'std_dev': 0.0174, 'samples_count': 24}",A100 SXM4
2024-05-02T00:00:00.000Z,2024-05-02T20:00:00.000Z,1.6411,daily,"{'min_index': 1.5811, 'max_index': 1.6723, 'std_dev': 0.0209, 'samples_count': 24}",A100 SXM4
2024-05-03T00:00:00.000Z,2024-05-03T20:00:00.000Z,1.6335,daily,"{'min_index': 1.5775, 'max_index': 1.6646, 'std_dev': 0.0186, 'samples_count': 24}",A100 SXM4
2024-05-04T00:00:00.000Z,2024-05-04T20:00:00.000Z,1.5849,daily,"{'min_index': 1.5175, 'max_index': 1.6109, 'std_dev': 0.0188, 'samples_count': 24}",A100 SXM4
2024-05-05T00:00:00.000Z,2024-05-05T20:00:00.000Z,1.4997,daily,"{'min_index': 1.3932, 'max_index': 1.5501, 'std_dev': 0.0369, 'samples_count': 24}",A100 SXM4
2024-05-06T00:00:00.000Z,2024-05-06T20:00:00.000Z,1.5129,daily,"{'min_index': 1.4276, 'max_index': 1.5896, 'std_dev': 0.0379, 'samples_count': 24}",A100 SXM4
2024-05-07T00:00:00.000Z,2024-05-07T20:00:00.000Z,1.5521,daily,"{'min_index': 1.5156, 'max_index': 1.5942, 'std_dev': 0.0271, 'samples_count': 24}",A100 SXM4
2024-05-08T00:00:00.000Z,2024-05-08T20:00:00.000Z,1.5301,daily,"{'min_index': 1.5163, 'max_index': 1.617, 'std_dev': 0.0285, 'samples_count': 24}",A100 SXM4
2024-05-09T00:00:00.000Z,2024-05-09T20:00:00.000Z,1.7455,daily,"{'min_index': 1.6555, 'max_index': 1.8046, 'std_dev': 0.0487, 'samples_count': 24}",A100 SXM4
2024-05-10T00:00:00.000Z,2024-05-10T20:00:00.000Z,1.7009,daily,"{'min_index': 1.5521, 'max_index': 1.7952, 'std_dev': 0.074, 'samples_count': 24}",A100 SXM4
2024-05-11T00:00:00.000Z,2024-05-11T20:00:00.000Z,1.6884,daily,"{'min_index': 1.5543, 'max_index': 1.7439, 'std_dev': 0.0472, 'samples_count': 24}",A100 SXM4
2024-05-12T00:00:00.000Z,2024-05-12T20:00:00.000Z,1.7284,daily,"{'min_index': 1.5104, 'max_index': 1.743, 'std_dev': 0.0602, 'samples_count': 24}",A100 SXM4
2024-05-13T00:00:00.000Z,2024-05-13T20:00:00.000Z,1.4995,daily,"{'min_index': 1.1953, 'max_index': 1.6148, 'std_dev': 0.0753, 'samples_count': 24}",A100 SXM4
2024-05-14T00:00:00.000Z,2024-05-14T20:00:00.000Z,1.495,daily,"{'min_index': 1.4963, 'max_index': 1.5407, 'std_dev': 0.0123, 'samples_count': 24}",A100 SXM4
2024-05-15T00:00:00.000Z,2024-05-15T20:00:00.000Z,1.5078,daily,"{'min_index': 1.4287, 'max_index': 1.5407, 'std_dev': 0.0258, 'samples_count': 24}",A100 SXM4
2024-05-16T00:00:00.000Z,2024-05-16T20:00:00.000Z,1.5093,daily,"{'min_index': 1.4967, 'max_index': 1.5236, 'std_dev': 0.0055, 'samples_count': 24}",A100 SXM4
2024-05-17T00:00:00.000Z,2024-05-17T20:00:00.000Z,1.5221,daily,"{'min_index': 1.4857, 'max_index': 1.6571, 'std_dev': 0.036, 'samples_count': 24}",A100 SXM4
2024-05-18T00:00:00.000Z,2024-05-18T20:00:00.000Z,1.5095,daily,"{'min_index': 1.4034, 'max_index': 1.5148, 'std_dev': 0.0216, 'samples_count': 24}",A100 SXM4
2024-05-19T00:00:00.000Z,2024-05-19T20:00:00.000Z,1.4988,daily,"{'min_index': 1.4877, 'max_index': 1.5148, 'std_dev': 0.0086, 'samples_count': 24}",A100 SXM4
2024-05-20T00:00:00.000Z,2024-05-20T20:00:00.000Z,1.5374,daily,"{'min_index': 1.4748, 'max_index': 1.5937, 'std_dev': 0.0388, 'samples_count': 24}",A100 SXM4
2024-05-21T00:00:00.000Z,2024-05-21T20:00:00.000Z,1.5315,daily,"{'min_index': 1.4192, 'max_index': 1.584, 'std_dev': 0.0548, 'samples_count': 24}",A100 SXM4
2024-05-22T00:00:00.000Z,2024-05-22T20:00:00.000Z,1.4961,daily,"{'min_index': 1.417, 'max_index': 1.5798, 'std_dev': 0.0464, 'samples_count': 24}",A100 SXM4
2024-05-23T00:00:00.000Z,2024-05-23T20:00:00.000Z,1.5165,daily,"{'min_index': 1.4311, 'max_index': 1.5836, 'std_dev': 0.0605, 'samples_count': 24}",A100 SXM4
2024-05-24T00:00:00.000Z,2024-05-24T20:00:00.000Z,1.4758,daily,"{'min_index': 1.4171, 'max_index': 1.5829, 'std_dev': 0.0461, 'samples_count': 24}",A100 SXM4
2024-05-25T00:00:00.000Z,2024-05-25T20:00:00.000Z,1.4819,daily,"{'min_index': 1.426, 'max_index': 1.5753, 'std_dev': 0.0385, 'samples_count': 24}",A100 SXM4
2024-05-26T00:00:00.000Z,2024-05-26T20:00:00.000Z,1.4658,daily,"{'min_index': 1.4064, 'max_index': 1.5143, 'std_dev': 0.0363, 'samples_count': 24}",A100 SXM4
2024-05-27T00:00:00.000Z,2024-05-27T20:00:00.000Z,1.4373,daily,"{'min_index': 1.4057, 'max_index': 1.4487, 'std_dev': 0.0077, 'samples_count': 24}",A100 SXM4
2024-05-28T00:00:00.000Z,2024-05-28T20:00:00.000Z,1.4703,daily,"{'min_index': 1.4243, 'max_index': 1.5034, 'std_dev': 0.0268, 'samples_count': 24}",A100 SXM4
2024-05-29T00:00:00.000Z,2024-05-29T20:00:00.000Z,1.4542,daily,"{'min_index': 1.3992, 'max_index': 1.5038, 'std_dev': 0.0299, 'samples_count': 24}",A100 SXM4
2024-05-30T00:00:00.000Z,2024-05-30T20:00:00.000Z,1.4064,daily,"{'min_index': 1.3855, 'max_index': 1.4303, 'std_dev': 0.0119, 'samples_count': 24}",A100 SXM4
2024-05-31T00:00:00.000Z,2024-05-31T20:00:00.000Z,1.4486,daily,"{'min_index': 1.3982, 'max_index': 1.5739, 'std_dev': 0.0708, 'samples_count': 24}",A100 SXM4
2024-06-01T00:00:00.000Z,2024-06-01T20:00:00.000Z,1.5295,daily,"{'min_index': 1.4015, 'max_index': 1.5707, 'std_dev': 0.0654, 'samples_count': 24}",A100 SXM4
2024-06-02T00:00:00.000Z,2024-06-02T20:00:00.000Z,1.4742,daily,"{'min_index': 1.3994, 'max_index': 1.5648, 'std_dev': 0.0508, 'samples_count': 24}",A100 SXM4
2024-06-03T00:00:00.000Z,2024-06-03T20:00:00.000Z,1.5011,daily,"{'min_index': 1.41, 'max_index': 1.562, 'std_dev': 0.0335, 'samples_count': 24}",A100 SXM4
2024-06-04T00:00:00.000Z,2024-06-04T20:00:00.000Z,1.4629,daily,"{'min_index': 1.399, 'max_index': 1.5445, 'std_dev': 0.0443, 'samples_count': 24}",A100 SXM4
2024-06-05T00:00:00.000Z,2024-06-05T20:00:00.000Z,1.4903,daily,"{'min_index': 1.4192, 'max_index': 1.6027, 'std_dev': 0.0766, 'samples_count': 24}",A100 SXM4
2024-06-06T00:00:00.000Z,2024-06-06T20:00:00.000Z,1.5619,daily,"{'min_index': 1.4985, 'max_index': 1.6125, 'std_dev': 0.0402, 'samples_count': 24}",A100 SXM4
2024-06-07T00:00:00.000Z,2024-06-07T20:00:00.000Z,1.5979,daily,"{'min_index': 1.5406, 'max_index': 1.6143, 'std_dev': 0.0149, 'samples_count': 24}",A100 SXM4
2024-06-08T00:00:00.000Z,2024-06-08T20:00:00.000Z,1.5324,daily,"{'min_index': 1.5151, 'max_index': 1.5475, 'std_dev': 0.0081, 'samples_count': 24}",A100 SXM4
2024-06-09T00:00:00.000Z,2024-06-09T20:00:00.000Z,1.5451,daily,"{'min_index': 1.4964, 'max_index': 1.6095, 'std_dev': 0.0351, 'samples_count': 24}",A100 SXM4
2024-06-10T00:00:00.000Z,2024-06-10T20:00:00.000Z,1.6287,daily,"{'min_index': 1.5186, 'max_index': 1.6643, 'std_dev': 0.0418, 'samples_count': 24}",A100 SXM4
2024-06-11T00:00:00.000Z,2024-06-11T20:00:00.000Z,1.5966,daily,"{'min_index': 1.5468, 'max_index': 1.6612, 'std_dev': 0.0305, 'samples_count': 24}",A100 SXM4
2024-06-12T00:00:00.000Z,2024-06-12T20:00:00.000Z,1.569,daily,"{'min_index': 1.5369, 'max_index': 1.6114, 'std_dev': 0.0209, 'samples_count': 24}",A100 SXM4
2024-06-13T00:00:00.000Z,2024-06-13T20:00:00.000Z,1.5509,daily,"{'min_index': 1.502, 'max_index': 1.5921, 'std_dev': 0.0202, 'samples_count': 24}",A100 SXM4
2024-06-14T00:00:00.000Z,2024-06-14T20:00:00.000Z,1.5581,daily,"{'min_index': 1.536, 'max_index': 1.6441, 'std_dev': 0.0237, 'samples_count': 24}",A100 SXM4
2024-06-15T00:00:00.000Z,2024-06-15T20:00:00.000Z,1.6162,daily,"{'min_index': 1.5396, 'max_index': 1.7358, 'std_dev': 0.047, 'samples_count': 24}",A100 SXM4
2024-06-16T00:00:00.000Z,2024-06-16T20:00:00.000Z,1.5829,daily,"{'min_index': 1.4944, 'max_index': 1.6246, 'std_dev': 0.0299, 'samples_count': 24}",A100 SXM4
2024-06-17T00:00:00.000Z,2024-06-17T20:00:00.000Z,1.6184,daily,"{'min_index': 1.4725, 'max_index': 1.7377, 'std_dev': 0.07, 'samples_count': 24}",A100 SXM4
2024-06-18T00:00:00.000Z,2024-06-18T20:00:00.000Z,1.6344,daily,"{'min_index': 1.5755, 'max_index': 1.7212, 'std_dev': 0.052, 'samples_count': 24}",A100 SXM4
2024-06-19T00:00:00.000Z,2024-06-19T20:00:00.000Z,1.6226,daily,"{'min_index': 1.5718, 'max_index': 1.717, 'std_dev': 0.037, 'samples_count': 24}",A100 SXM4
2024-06-20T00:00:00.000Z,2024-06-20T20:00:00.000Z,1.5973,daily,"{'min_index': 1.5753, 'max_index': 1.6239, 'std_dev': 0.0179, 'samples_count': 24}",A100 SXM4
2024-06-21T00:00:00.000Z,2024-06-21T20:00:00.000Z,1.6476,daily,"{'min_index': 1.5892, 'max_index': 1.771, 'std_dev': 0.0578, 'samples_count': 24}",A100 SXM4
2024-06-22T00:00:00.000Z,2024-06-22T20:00:00.000Z,1.6096,daily,"{'min_index': 1.5853, 'max_index': 1.6426, 'std_dev': 0.015, 'samples_count': 24}",A100 SXM4
2024-06-23T00:00:00.000Z,2024-06-23T20:00:00.000Z,1.6042,daily,"{'min_index': 1.5583, 'max_index': 1.6345, 'std_dev': 0.0219, 'samples_count': 24}",A100 SXM4
2024-06-24T00:00:00.000Z,2024-06-24T20:00:00.000Z,1.5812,daily,"{'min_index': 1.5473, 'max_index': 1.6145, 'std_dev': 0.0237, 'samples_count': 24}",A100 SXM4
2024-06-25T00:00:00.000Z,2024-06-25T20:00:00.000Z,1.6076,daily,"{'min_index': 1.577, 'max_index': 1.6237, 'std_dev': 0.0097, 'samples_count': 24}",A100 SXM4
2024-06-26T00:00:00.000Z,2024-06-26T20:00:00.000Z,1.6111,daily,"{'min_index': 1.5807, 'max_index': 1.6224, 'std_dev': 0.0134, 'samples_count': 24}",A100 SXM4
2024-06-27T00:00:00.000Z,2024-06-27T20:00:00.000Z,1.6046,daily,"{'min_index': 1.5742, 'max_index': 1.6237, 'std_dev': 0.0172, 'samples_count': 24}",A100 SXM4
2024-06-28T00:00:00.000Z,2024-06-28T20:00:00.000Z,1.6215,daily,"{'min_index': 1.5821, 'max_index': 1.669, 'std_dev': 0.0173, 'samples_count': 24}",A100 SXM4
2024-06-29T00:00:00.000Z,2024-06-29T20:00:00.000Z,1.6033,daily,"{'min_index': 1.5797, 'max_index': 1.6241, 'std_dev': 0.0124, 'samples_count': 24}",A100 SXM4
2024-06-30T00:00:00.000Z,2024-06-30T20:00:00.000Z,1.5866,daily,"{'min_index': 1.5535, 'max_index': 1.6147, 'std_dev': 0.0183, 'samples_count': 24}",A100 SXM4
2024-07-01T00:00:00.000Z,2024-07-01T20:00:00.000Z,1.6018,daily,"{'min_index': 1.5706, 'max_index': 1.6383, 'std_dev': 0.0149, 'samples_count': 24}",A100 SXM4
2024-07-02T00:00:00.000Z,2024-07-02T20:00:00.000Z,1.6196,daily,"{'min_index': 1.5813, 'max_index': 1.7248, 'std_dev': 0.0326, 'samples_count': 24}",A100 SXM4
2024-07-03T00:00:00.000Z,2024-07-03T20:00:00.000Z,1.6118,daily,"{'min_index': 1.5859, 'max_index': 1.6624, 'std_dev': 0.0185, 'samples_count': 24}",A100 SXM4
2024-07-04T00:00:00.000Z,2024-07-04T20:00:00.000Z,1.6275,daily,"{'min_index': 1.5935, 'max_index': 1.6877, 'std_dev': 0.0265, 'samples_count': 24}",A100 SXM4
2024-07-05T00:00:00.000Z,2024-07-05T20:00:00.000Z,1.6422,daily,"{'min_index': 1.5941, 'max_index': 1.7206, 'std_dev': 0.0313, 'samples_count': 24}",A100 SXM4
2024-07-06T00:00:00.000Z,2024-07-06T20:00:00.000Z,1.6518,daily,"{'min_index': 1.59, 'max_index': 1.7244, 'std_dev': 0.0366, 'samples_count': 24}",A100 SXM4
2024-07-07T00:00:00.000Z,2024-07-07T20:00:00.000Z,1.6102,daily,"{'min_index': 1.5813, 'max_index': 1.6481, 'std_dev': 0.0183, 'samples_count': 24}",A100 SXM4
2024-07-08T00:00:00.000Z,2024-07-08T20:00:00.000Z,1.5759,daily,"{'min_index': 1.5364, 'max_index': 1.6091, 'std_dev': 0.0229, 'samples_count': 24}",A100 SXM4
2024-07-09T00:00:00.000Z,2024-07-09T20:00:00.000Z,1.5652,daily,"{'min_index': 1.5465, 'max_index': 1.5742, 'std_dev': 0.0066, 'samples_count': 24}",A100 SXM4
2024-07-10T00:00:00.000Z,2024-07-10T20:00:00.000Z,1.5682,daily,"{'min_index': 1.5473, 'max_index': 1.5815, 'std_dev': 0.0066, 'samples_count': 24}",A100 SXM4
2024-07-11T00:00:00.000Z,2024-07-11T20:00:00.000Z,1.5795,daily,"{'min_index': 1.5498, 'max_index': 1.613, 'std_dev': 0.0145, 'samples_count': 24}",A100 SXM4
2024-07-12T00:00:00.000Z,2024-07-12T20:00:00.000Z,1.5773,daily,"{'min_index': 1.5514, 'max_index': 1.6201, 'std_dev': 0.0166, 'samples_count': 24}",A100 SXM4
2024-07-13T00:00:00.000Z,2024-07-13T20:00:00.000Z,1.5665,daily,"{'min_index': 1.5452, 'max_index': 1.6238, 'std_dev': 0.0194, 'samples_count': 24}",A100 SXM4
2024-07-14T00:00:00.000Z,2024-07-14T20:00:00.000Z,1.5504,daily,"{'min_index': 1.5366, 'max_index': 1.5644, 'std_dev': 0.0078, 'samples_count': 24}",A100 SXM4
2024-07-15T00:00:00.000Z,2024-07-15T20:00:00.000Z,1.5601,daily,"{'min_index': 1.5229, 'max_index': 1.574, 'std_dev': 0.0107, 'samples_count': 24}",A100 SXM4
2024-07-16T00:00:00.000Z,2024-07-16T20:00:00.000Z,1.3049,daily,"{'min_index': 1.0742, 'max_index': 1.5549, 'std_dev': 0.143, 'samples_count': 24}",A100 SXM4
2024-07-17T00:00:00.000Z,2024-07-17T20:00:00.000Z,1.328,daily,"{'min_index': 1.2583, 'max_index': 1.4898, 'std_dev': 0.0527, 'samples_count': 24}",A100 SXM4
2024-07-18T00:00:00.000Z,2024-07-18T20:00:00.000Z,1.5068,daily,"{'min_index': 1.2961, 'max_index': 1.6289, 'std_dev': 0.0985, 'samples_count': 24}",A100 SXM4
2024-07-19T00:00:00.000Z,2024-07-19T20:00:00.000Z,1.468,daily,"{'min_index': 1.3297, 'max_index': 1.622, 'std_dev': 0.0933, 'samples_count': 24}",A100 SXM4
2024-07-20T00:00:00.000Z,2024-07-20T20:00:00.000Z,1.6017,daily,"{'min_index': 1.5655, 'max_index': 1.6346, 'std_dev': 0.0246, 'samples_count': 24}",A100 SXM4
2024-07-21T00:00:00.000Z,2024-07-21T20:00:00.000Z,1.5597,daily,"{'min_index': 1.5262, 'max_index': 1.5748, 'std_dev': 0.0133, 'samples_count': 24}",A100 SXM4
2024-07-22T00:00:00.000Z,2024-07-22T20:00:00.000Z,1.5633,daily,"{'min_index': 1.5269, 'max_index': 1.7627, 'std_dev': 0.0525, 'samples_count': 24}",A100 SXM4
2024-07-23T00:00:00.000Z,2024-07-23T20:00:00.000Z,1.665,daily,"{'min_index': 1.5358, 'max_index': 1.769, 'std_dev': 0.0639, 'samples_count': 24}",A100 SXM4
2024-07-24T00:00:00.000Z,2024-07-24T20:00:00.000Z,1.7164,daily,"{'min_index': 1.5728, 'max_index': 1.7699, 'std_dev': 0.0559, 'samples_count': 24}",A100 SXM4
2024-07-25T00:00:00.000Z,2024-07-25T20:00:00.000Z,1.6492,daily,"{'min_index': 1.5557, 'max_index': 1.774, 'std_dev': 0.0518, 'samples_count': 24}",A100 SXM4
2024-07-26T00:00:00.000Z,2024-07-26T20:00:00.000Z,1.6183,daily,"{'min_index': 1.5656, 'max_index': 1.7568, 'std_dev': 0.0443, 'samples_count': 24}",A100 SXM4
2024-07-27T00:00:00.000Z,2024-07-27T20:00:00.000Z,1.5452,daily,"{'min_index': 1.5223, 'max_index': 1.5944, 'std_dev': 0.018, 'samples_count': 24}",A100 SXM4
2024-07-28T00:00:00.000Z,2024-07-28T20:00:00.000Z,1.5439,daily,"{'min_index': 1.5282, 'max_index': 1.563, 'std_dev': 0.0093, 'samples_count': 24}",A100 SXM4
2024-07-29T00:00:00.000Z,2024-07-29T20:00:00.000Z,1.5252,daily,"{'min_index': 1.516, 'max_index': 1.5321, 'std_dev': 0.0048, 'samples_count': 24}",A100 SXM4
2024-07-30T00:00:00.000Z,2024-07-30T20:00:00.000Z,1.5194,daily,"{'min_index': 1.5042, 'max_index': 1.5248, 'std_dev': 0.0053, 'samples_count': 24}",A100 SXM4
2024-07-31T00:00:00.000Z,2024-07-31T20:00:00.000Z,1.5108,daily,"{'min_index': 1.5046, 'max_index': 1.5527, 'std_dev': 0.0104, 'samples_count': 24}",A100 SXM4
2024-08-01T00:00:00.000Z,2024-08-01T20:00:00.000Z,1.5337,daily,"{'min_index': 1.4863, 'max_index': 1.5823, 'std_dev': 0.0248, 'samples_count': 24}",A100 SXM4
2024-08-02T00:00:00.000Z,2024-08-02T20:00:00.000Z,1.5011,daily,"{'min_index': 1.4612, 'max_index': 1.5249, 'std_dev': 0.0184, 'samples_count': 24}",A100 SXM4
2024-08-03T00:00:00.000Z,2024-08-03T20:00:00.000Z,1.488,daily,"{'min_index': 1.4489, 'max_index': 1.5248, 'std_dev': 0.0205, 'samples_count': 24}",A100 SXM4
2024-08-04T00:00:00.000Z,2024-08-04T20:00:00.000Z,1.5131,daily,"{'min_index': 1.4879, 'max_index': 1.5244, 'std_dev': 0.0093, 'samples_count': 24}",A100 SXM4
2024-08-05T00:00:00.000Z,2024-08-05T20:00:00.000Z,1.5251,daily,"{'min_index': 1.5065, 'max_index': 1.55, 'std_dev': 0.0111, 'samples_count': 24}",A100 SXM4
2024-08-06T00:00:00.000Z,2024-08-06T20:00:00.000Z,1.4845,daily,"{'min_index': 1.4102, 'max_index': 1.5421, 'std_dev': 0.0312, 'samples_count': 24}",A100 SXM4
2024-08-07T00:00:00.000Z,2024-08-07T20:00:00.000Z,1.5179,daily,"{'min_index': 1.4709, 'max_index': 1.661, 'std_dev': 0.0637, 'samples_count': 24}",A100 SXM4
2024-08-08T00:00:00.000Z,2024-08-08T20:00:00.000Z,1.4611,daily,"{'min_index': 1.3201, 'max_index': 1.6422, 'std_dev': 0.0692, 'samples_count': 24}",A100 SXM4
2024-08-09T00:00:00.000Z,2024-08-09T20:00:00.000Z,1.4298,daily,"{'min_index': 1.1195, 'max_index': 1.4933, 'std_dev': 0.1182, 'samples_count': 24}",A100 SXM4
2024-08-10T00:00:00.000Z,2024-08-10T20:00:00.000Z,1.121,daily,"{'min_index': 1.0953, 'max_index': 1.1342, 'std_dev': 0.0098, 'samples_count': 24}",A100 SXM4
2024-08-11T00:00:00.000Z,2024-08-11T20:00:00.000Z,1.1166,daily,"{'min_index': 1.1059, 'max_index': 1.1342, 'std_dev': 0.0073, 'samples_count': 24}",A100 SXM4
2024-08-12T00:00:00.000Z,2024-08-12T20:00:00.000Z,1.1209,daily,"{'min_index': 1.1089, 'max_index': 1.1349, 'std_dev': 0.008, 'samples_count': 24}",A100 SXM4
2024-08-13T00:00:00.000Z,2024-08-13T20:00:00.000Z,1.1005,daily,"{'min_index': 1.0764, 'max_index': 1.1318, 'std_dev': 0.0189, 'samples_count': 24}",A100 SXM4
2024-08-14T00:00:00.000Z,2024-08-14T20:00:00.000Z,1.0693,daily,"{'min_index': 0.9975, 'max_index': 1.0834, 'std_dev': 0.0208, 'samples_count': 24}",A100 SXM4
2024-08-15T00:00:00.000Z,2024-08-15T20:00:00.000Z,1.0628,daily,"{'min_index': 1.0091, 'max_index': 1.0748, 'std_dev': 0.0174, 'samples_count': 24}",A100 SXM4
2024-08-16T00:00:00.000Z,2024-08-16T20:00:00.000Z,1.053,daily,"{'min_index': 0.9365, 'max_index': 1.098, 'std_dev': 0.0335, 'samples_count': 24}",A100 SXM4
2024-08-17T00:00:00.000Z,2024-08-17T20:00:00.000Z,0.9742,daily,"{'min_index': 0.8854, 'max_index': 1.0666, 'std_dev': 0.0714, 'samples_count': 24}",A100 SXM4
2024-08-18T00:00:00.000Z,2024-08-18T20:00:00.000Z,1.0279,daily,"{'min_index': 0.8906, 'max_index': 1.1143, 'std_dev': 0.0565, 'samples_count': 24}",A100 SXM4
2024-08-19T00:00:00.000Z,2024-08-19T20:00:00.000Z,1.0647,daily,"{'min_index': 1.0184, 'max_index': 1.1037, 'std_dev': 0.0206, 'samples_count': 24}",A100 SXM4
2024-08-20T00:00:00.000Z,2024-08-20T20:00:00.000Z,1.0973,daily,"{'min_index': 1.0593, 'max_index': 1.1224, 'std_dev': 0.0179, 'samples_count': 24}",A100 SXM4
2024-08-21T00:00:00.000Z,2024-08-21T20:00:00.000Z,1.1025,daily,"{'min_index': 1.0706, 'max_index': 1.1233, 'std_dev': 0.0146, 'samples_count': 24}",A100 SXM4
2024-08-22T00:00:00.000Z,2024-08-22T20:00:00.000Z,1.0855,daily,"{'min_index': 1.0655, 'max_index': 1.1128, 'std_dev': 0.0165, 'samples_count': 24}",A100 SXM4
2024-08-23T00:00:00.000Z,2024-08-23T20:00:00.000Z,1.0704,daily,"{'min_index': 1.0654, 'max_index': 1.0928, 'std_dev': 0.0079, 'samples_count': 24}",A100 SXM4
2024-08-24T00:00:00.000Z,2024-08-24T20:00:00.000Z,1.1012,daily,"{'min_index': 1.0855, 'max_index': 1.1139, 'std_dev': 0.0098, 'samples_count': 24}",A100 SXM4
2024-08-25T00:00:00.000Z,2024-08-25T20:00:00.000Z,1.1016,daily,"{'min_index': 1.0655, 'max_index': 1.1125, 'std_dev': 0.0119, 'samples_count': 24}",A100 SXM4
2024-08-26T00:00:00.000Z,2024-08-26T20:00:00.000Z,1.0843,daily,"{'min_index': 0.9035, 'max_index': 1.1043, 'std_dev': 0.0636, 'samples_count': 24}",A100 SXM4
2024-08-27T00:00:00.000Z,2024-08-27T20:00:00.000Z,1.0064,daily,"{'min_index': 0.8479, 'max_index': 1.0888, 'std_dev': 0.0799, 'samples_count': 24}",A100 SXM4
2024-08-28T00:00:00.000Z,2024-08-28T20:00:00.000Z,1.0837,daily,"{'min_index': 1.0701, 'max_index': 1.0941, 'std_dev': 0.0073, 'samples_count': 24}",A100 SXM4
2024-08-29T00:00:00.000Z,2024-08-29T20:00:00.000Z,1.0746,daily,"{'min_index': 1.0663, 'max_index': 1.0852, 'std_dev': 0.0054, 'samples_count': 24}",A100 SXM4
2024-08-30T00:00:00.000Z,2024-08-30T20:00:00.000Z,1.0759,daily,"{'min_index': 1.0655, 'max_index': 1.0941, 'std_dev': 0.0074, 'samples_count': 24}",A100 SXM4
2024-08-31T00:00:00.000Z,2024-08-31T20:00:00.000Z,1.0266,daily,"{'min_index': 0.9186, 'max_index': 1.0761, 'std_dev': 0.0618, 'samples_count': 24}",A100 SXM4
2024-09-01T00:00:00.000Z,2024-09-01T20:00:00.000Z,0.9997,daily,"{'min_index': 0.9, 'max_index': 1.0745, 'std_dev': 0.0675, 'samples_count': 24}",A100 SXM4
2024-09-02T00:00:00.000Z,2024-09-02T20:00:00.000Z,0.9333,daily,"{'min_index': 0.7494, 'max_index': 1.0734, 'std_dev': 0.1316, 'samples_count': 24}",A100 SXM4
2024-09-03T00:00:00.000Z,2024-09-03T20:00:00.000Z,0.8159,daily,"{'min_index': 0.7352, 'max_index': 0.9348, 'std_dev': 0.0744, 'samples_count': 24}",A100 SXM4
2024-09-04T00:00:00.000Z,2024-09-04T20:00:00.000Z,0.8365,daily,"{'min_index': 0.7384, 'max_index': 1.0707, 'std_dev': 0.1355, 'samples_count': 24}",A100 SXM4
2024-09-05T00:00:00.000Z,2024-09-05T20:00:00.000Z,0.9898,daily,"{'min_index': 0.8993, 'max_index': 1.053, 'std_dev': 0.0582, 'samples_count': 24}",A100 SXM4
2024-09-06T00:00:00.000Z,2024-09-06T20:00:00.000Z,1.0084,daily,"{'min_index': 0.9153, 'max_index': 1.0523, 'std_dev': 0.0477, 'samples_count': 24}",A100 SXM4
2024-09-07T00:00:00.000Z,2024-09-07T20:00:00.000Z,0.9255,daily,"{'min_index': 0.7496, 'max_index': 1.0431, 'std_dev': 0.0901, 'samples_count': 24}",A100 SXM4
2024-09-08T00:00:00.000Z,2024-09-08T20:00:00.000Z,0.9913,daily,"{'min_index': 0.9271, 'max_index': 1.0525, 'std_dev': 0.038, 'samples_count': 24}",A100 SXM4
2024-09-09T00:00:00.000Z,2024-09-09T20:00:00.000Z,0.9144,daily,"{'min_index': 0.776, 'max_index': 1.0254, 'std_dev': 0.0601, 'samples_count': 24}",A100 SXM4
2024-09-10T00:00:00.000Z,2024-09-10T20:00:00.000Z,0.9267,daily,"{'min_index': 0.8705, 'max_index': 1.014, 'std_dev': 0.0288, 'samples_count': 24}",A100 SXM4
2024-09-11T00:00:00.000Z,2024-09-11T20:00:00.000Z,0.9251,daily,"{'min_index': 0.901, 'max_index': 0.9966, 'std_dev': 0.0221, 'samples_count': 24}",A100 SXM4
2024-09-12T00:00:00.000Z,2024-09-12T20:00:00.000Z,0.8855,daily,"{'min_index': 0.7197, 'max_index': 1.0213, 'std_dev': 0.1028, 'samples_count': 24}",A100 SXM4
2024-09-13T00:00:00.000Z,2024-09-13T20:00:00.000Z,0.7291,daily,"{'min_index': 0.7067, 'max_index': 0.7368, 'std_dev': 0.0071, 'samples_count': 24}",A100 SXM4
2024-09-14T00:00:00.000Z,2024-09-14T20:00:00.000Z,0.7401,daily,"{'min_index': 0.7055, 'max_index': 0.7995, 'std_dev': 0.0324, 'samples_count': 24}",A100 SXM4
2024-09-15T00:00:00.000Z,2024-09-15T20:00:00.000Z,0.7246,daily,"{'min_index': 0.7083, 'max_index': 0.7361, 'std_dev': 0.0073, 'samples_count': 24}",A100 SXM4
2024-09-16T00:00:00.000Z,2024-09-16T20:00:00.000Z,0.7278,daily,"{'min_index': 0.7087, 'max_index': 0.9632, 'std_dev': 0.0745, 'samples_count': 24}",A100 SXM4
2024-09-17T00:00:00.000Z,2024-09-17T20:00:00.000Z,0.8042,daily,"{'min_index': 0.7262, 'max_index': 0.9628, 'std_dev': 0.0834, 'samples_count': 24}",A100 SXM4
2024-09-18T00:00:00.000Z,2024-09-18T20:00:00.000Z,0.7362,daily,"{'min_index': 0.7259, 'max_index': 0.7448, 'std_dev': 0.0059, 'samples_count': 24}",A100 SXM4
2024-09-19T00:00:00.000Z,2024-09-19T20:00:00.000Z,0.7369,daily,"{'min_index': 0.726, 'max_index': 0.7448, 'std_dev': 0.0057, 'samples_count': 24}",A100 SXM4
2024-09-20T00:00:00.000Z,2024-09-20T20:00:00.000Z,0.7391,daily,"{'min_index': 0.7259, 'max_index': 0.7696, 'std_dev': 0.01, 'samples_count': 24}",A100 SXM4
2024-09-21T00:00:00.000Z,2024-09-21T20:00:00.000Z,0.7501,daily,"{'min_index': 0.7355, 'max_index': 0.8286, 'std_dev': 0.0238, 'samples_count': 24}",A100 SXM4
2024-09-22T00:00:00.000Z,2024-09-22T20:00:00.000Z,0.7417,daily,"{'min_index': 0.7283, 'max_index': 0.7492, 'std_dev': 0.0047, 'samples_count': 24}",A100 SXM4
2024-09-23T00:00:00.000Z,2024-09-23T20:00:00.000Z,0.7851,daily,"{'min_index': 0.7213, 'max_index': 0.9812, 'std_dev': 0.1073, 'samples_count': 24}",A100 SXM4
2024-09-24T00:00:00.000Z,2024-09-24T20:00:00.000Z,1.0145,daily,"{'min_index': 0.9753, 'max_index': 1.0802, 'std_dev': 0.0423, 'samples_count': 24}",A100 SXM4
2024-09-25T00:00:00.000Z,2024-09-25T20:00:00.000Z,1.08,daily,"{'min_index': 1.0659, 'max_index': 1.094, 'std_dev': 0.01, 'samples_count': 24}",A100 SXM4
2024-09-26T00:00:00.000Z,2024-09-26T20:00:00.000Z,1.0902,daily,"{'min_index': 1.0864, 'max_index': 1.1172, 'std_dev': 0.0072, 'samples_count': 24}",A100 SXM4
2024-09-27T00:00:00.000Z,2024-09-27T20:00:00.000Z,1.1254,daily,"{'min_index': 1.0878, 'max_index': 1.1641, 'std_dev': 0.0227, 'samples_count': 24}",A100 SXM4
2024-09-28T00:00:00.000Z,2024-09-28T20:00:00.000Z,1.1531,daily,"{'min_index': 1.1453, 'max_index': 1.1548, 'std_dev': 0.0028, 'samples_count': 24}",A100 SXM4
2024-09-29T00:00:00.000Z,2024-09-29T20:00:00.000Z,1.2157,daily,"{'min_index': 1.1154, 'max_index': 1.3192, 'std_dev': 0.069, 'samples_count': 24}",A100 SXM4
2024-09-30T00:00:00.000Z,2024-09-30T20:00:00.000Z,1.3004,daily,"{'min_index': 1.212, 'max_index': 1.3623, 'std_dev': 0.0383, 'samples_count': 24}",A100 SXM4
2024-10-01T00:00:00.000Z,2024-10-01T20:00:00.000Z,1.3247,daily,"{'min_index': 1.264, 'max_index': 1.3637, 'std_dev': 0.0311, 'samples_count': 24}",A100 SXM4
2024-10-02T00:00:00.000Z,2024-10-02T20:00:00.000Z,1.2676,daily,"{'min_index': 1.0654, 'max_index': 1.3242, 'std_dev': 0.0828, 'samples_count': 24}",A100 SXM4
2024-10-03T00:00:00.000Z,2024-10-03T20:00:00.000Z,1.2098,daily,"{'min_index': 1.0665, 'max_index': 1.61, 'std_dev': 0.1863, 'samples_count': 24}",A100 SXM4
2024-10-04T00:00:00.000Z,2024-10-04T20:00:00.000Z,1.2843,daily,"{'min_index': 1.2188, 'max_index': 1.3147, 'std_dev': 0.0256, 'samples_count': 24}",A100 SXM4
2024-10-05T00:00:00.000Z,2024-10-05T20:00:00.000Z,1.3105,daily,"{'min_index': 1.3004, 'max_index': 1.3384, 'std_dev': 0.0082, 'samples_count': 24}",A100 SXM4
2024-10-06T00:00:00.000Z,2024-10-06T20:00:00.000Z,1.3067,daily,"{'min_index': 1.2722, 'max_index': 1.3146, 'std_dev': 0.009, 'samples_count': 24}",A100 SXM4
2024-10-07T00:00:00.000Z,2024-10-07T20:00:00.000Z,1.2922,daily,"{'min_index': 1.2526, 'max_index': 1.3144, 'std_dev': 0.023, 'samples_count': 24}",A100 SXM4
2024-10-08T00:00:00.000Z,2024-10-08T20:00:00.000Z,1.266,daily,"{'min_index': 1.192, 'max_index': 1.311, 'std_dev': 0.0255, 'samples_count': 24}",A100 SXM4
2024-10-09T00:00:00.000Z,2024-10-09T20:00:00.000Z,1.2416,daily,"{'min_index': 1.0898, 'max_index': 1.2749, 'std_dev': 0.0391, 'samples_count': 24}",A100 SXM4
2024-10-10T00:00:00.000Z,2024-10-10T20:00:00.000Z,1.2909,daily,"{'min_index': 1.0806, 'max_index': 1.3443, 'std_dev': 0.0576, 'samples_count': 24}",A100 SXM4
2024-10-11T00:00:00.000Z,2024-10-11T20:00:00.000Z,1.2207,daily,"{'min_index': 1.0704, 'max_index': 1.2644, 'std_dev': 0.0494, 'samples_count': 24}",A100 SXM4
2024-10-12T00:00:00.000Z,2024-10-12T20:00:00.000Z,1.2035,daily,"{'min_index': 1.0712, 'max_index': 1.2546, 'std_dev': 0.0597, 'samples_count': 24}",A100 SXM4
2024-10-13T00:00:00.000Z,2024-10-13T20:00:00.000Z,1.1359,daily,"{'min_index': 1.0562, 'max_index': 1.2618, 'std_dev': 0.0873, 'samples_count': 24}",A100 SXM4
2024-10-14T00:00:00.000Z,2024-10-14T20:00:00.000Z,1.1659,daily,"{'min_index': 1.0669, 'max_index': 1.2545, 'std_dev': 0.081, 'samples_count': 24}",A100 SXM4
2024-10-15T00:00:00.000Z,2024-10-15T20:00:00.000Z,1.1592,daily,"{'min_index': 1.0647, 'max_index': 1.322, 'std_dev': 0.0884, 'samples_count': 24}",A100 SXM4
2024-10-16T00:00:00.000Z,2024-10-16T20:00:00.000Z,1.1312,daily,"{'min_index': 1.056, 'max_index': 1.2406, 'std_dev': 0.0592, 'samples_count': 24}",A100 SXM4
2024-10-17T00:00:00.000Z,2024-10-17T20:00:00.000Z,1.0683,daily,"{'min_index': 1.0267, 'max_index': 1.2342, 'std_dev': 0.0527, 'samples_count': 24}",A100 SXM4
2024-10-18T00:00:00.000Z,2024-10-18T20:00:00.000Z,1.1934,daily,"{'min_index': 1.0553, 'max_index': 1.3119, 'std_dev': 0.0945, 'samples_count': 24}",A100 SXM4
2024-10-19T00:00:00.000Z,2024-10-19T20:00:00.000Z,1.0935,daily,"{'min_index': 1.0267, 'max_index': 1.2378, 'std_dev': 0.0609, 'samples_count': 24}",A100 SXM4
2024-10-20T00:00:00.000Z,2024-10-20T20:00:00.000Z,1.0957,daily,"{'min_index': 1.0158, 'max_index': 1.2488, 'std_dev': 0.0984, 'samples_count': 24}",A100 SXM4
2024-10-21T00:00:00.000Z,2024-10-21T20:00:00.000Z,1.0928,daily,"{'min_index': 1.0454, 'max_index': 1.2052, 'std_dev': 0.0433, 'samples_count': 24}",A100 SXM4
2024-10-22T00:00:00.000Z,2024-10-22T20:00:00.000Z,1.1821,daily,"{'min_index': 1.0554, 'max_index': 1.2584, 'std_dev': 0.0649, 'samples_count': 24}",A100 SXM4
2024-10-23T00:00:00.000Z,2024-10-23T20:00:00.000Z,1.1024,daily,"{'min_index': 0.9951, 'max_index': 1.2482, 'std_dev': 0.0882, 'samples_count': 24}",A100 SXM4
2024-10-24T00:00:00.000Z,2024-10-24T20:00:00.000Z,1.0349,daily,"{'min_index': 0.9919, 'max_index': 1.2047, 'std_dev': 0.0494, 'samples_count': 24}",A100 SXM4
2024-10-25T00:00:00.000Z,2024-10-25T20:00:00.000Z,1.0579,daily,"{'min_index': 0.997, 'max_index': 1.0927, 'std_dev': 0.0204, 'samples_count': 24}",A100 SXM4
2024-10-26T00:00:00.000Z,2024-10-26T20:00:00.000Z,1.0487,daily,"{'min_index': 0.997, 'max_index': 1.1381, 'std_dev': 0.0395, 'samples_count': 24}",A100 SXM4
2024-10-27T00:00:00.000Z,2024-10-27T20:00:00.000Z,1.0124,daily,"{'min_index': 0.9953, 'max_index': 1.0546, 'std_dev': 0.0175, 'samples_count': 24}",A100 SXM4
2024-10-28T00:00:00.000Z,2024-10-28T20:00:00.000Z,1.0562,daily,"{'min_index': 0.9957, 'max_index': 1.213, 'std_dev': 0.0659, 'samples_count': 24}",A100 SXM4
2024-10-29T00:00:00.000Z,2024-10-29T20:00:00.000Z,1.1404,daily,"{'min_index': 0.9979, 'max_index': 1.2496, 'std_dev': 0.0812, 'samples_count': 24}",A100 SXM4
2024-10-30T00:00:00.000Z,2024-10-30T20:00:00.000Z,1.1783,daily,"{'min_index': 1.0534, 'max_index': 1.2525, 'std_dev': 0.0749, 'samples_count': 24}",A100 SXM4
2024-10-31T00:00:00.000Z,2024-10-31T20:00:00.000Z,1.0405,daily,"{'min_index': 0.9599, 'max_index': 1.2473, 'std_dev': 0.0886, 'samples_count': 24}",A100 SXM4
2024-11-01T00:00:00.000Z,2024-11-01T20:00:00.000Z,0.9833,daily,"{'min_index': 0.9657, 'max_index': 1.0729, 'std_dev': 0.0373, 'samples_count': 24}",A100 SXM4
2024-11-02T00:00:00.000Z,2024-11-02T20:00:00.000Z,1.0799,daily,"{'min_index': 1.024, 'max_index': 1.2527, 'std_dev': 0.0628, 'samples_count': 24}",A100 SXM4
2024-11-03T00:00:00.000Z,2024-11-03T21:00:00.000Z,1.0569,daily,"{'min_index': 0.9657, 'max_index': 1.1892, 'std_dev': 0.0589, 'samples_count': 24}",A100 SXM4
2024-11-04T00:00:00.000Z,2024-11-04T21:00:00.000Z,1.0355,daily,"{'min_index': 0.9665, 'max_index': 1.2157, 'std_dev': 0.0803, 'samples_count': 24}",A100 SXM4
2024-11-05T00:00:00.000Z,2024-11-05T21:00:00.000Z,1.0638,daily,"{'min_index': 0.9666, 'max_index': 1.2514, 'std_dev': 0.0806, 'samples_count': 24}",A100 SXM4
2024-11-06T00:00:00.000Z,2024-11-06T21:00:00.000Z,1.0958,daily,"{'min_index': 0.9915, 'max_index': 1.2038, 'std_dev': 0.0662, 'samples_count': 24}",A100 SXM4
2024-11-07T00:00:00.000Z,2024-11-07T21:00:00.000Z,0.9815,daily,"{'min_index': 0.9669, 'max_index': 1.0653, 'std_dev': 0.0258, 'samples_count': 24}",A100 SXM4
2024-11-08T00:00:00.000Z,2024-11-08T21:00:00.000Z,1.1278,daily,"{'min_index': 1.0614, 'max_index': 1.2549, 'std_dev': 0.0655, 'samples_count': 24}",A100 SXM4
2024-11-09T00:00:00.000Z,2024-11-09T21:00:00.000Z,1.1998,daily,"{'min_index': 1.0277, 'max_index': 1.2909, 'std_dev': 0.0662, 'samples_count': 24}",A100 SXM4
2024-11-10T00:00:00.000Z,2024-11-10T21:00:00.000Z,1.1493,daily,"{'min_index': 0.9695, 'max_index': 1.2723, 'std_dev': 0.1233, 'samples_count': 24}",A100 SXM4
2024-11-11T00:00:00.000Z,2024-11-11T21:00:00.000Z,1.0679,daily,"{'min_index': 0.9664, 'max_index': 1.1934, 'std_dev': 0.0787, 'samples_count': 24}",A100 SXM4
2024-11-12T00:00:00.000Z,2024-11-12T21:00:00.000Z,1.0519,daily,"{'min_index': 0.9692, 'max_index': 1.2153, 'std_dev': 0.0813, 'samples_count': 24}",A100 SXM4
2024-11-13T00:00:00.000Z,2024-11-13T21:00:00.000Z,1.0706,daily,"{'min_index': 0.9681, 'max_index': 1.2347, 'std_dev': 0.0889, 'samples_count': 24}",A100 SXM4
2024-11-14T00:00:00.000Z,2024-11-14T21:00:00.000Z,1.0603,daily,"{'min_index': 0.9657, 'max_index': 1.2236, 'std_dev': 0.0935, 'samples_count': 24}",A100 SXM4
2024-11-15T00:00:00.000Z,2024-11-15T21:00:00.000Z,0.987,daily,"{'min_index': 0.9673, 'max_index': 1.0505, 'std_dev': 0.0214, 'samples_count': 24}",A100 SXM4
2024-11-16T00:00:00.000Z,2024-11-16T21:00:00.000Z,0.9793,daily,"{'min_index': 0.9656, 'max_index': 1.0403, 'std_dev': 0.0165, 'samples_count': 24}",A100 SXM4
2024-11-17T00:00:00.000Z,2024-11-17T21:00:00.000Z,0.9736,daily,"{'min_index': 0.9562, 'max_index': 0.9743, 'std_dev': 0.0039, 'samples_count': 24}",A100 SXM4
2024-11-18T00:00:00.000Z,2024-11-18T21:00:00.000Z,0.9823,daily,"{'min_index': 0.9652, 'max_index': 1.0903, 'std_dev': 0.0258, 'samples_count': 24}",A100 SXM4
2024-11-19T00:00:00.000Z,2024-11-19T21:00:00.000Z,0.9799,daily,"{'min_index': 0.9651, 'max_index': 1.0244, 'std_dev': 0.015, 'samples_count': 24}",A100 SXM4
2024-11-20T00:00:00.000Z,2024-11-20T21:00:00.000Z,0.9929,daily,"{'min_index': 0.9666, 'max_index': 1.0701, 'std_dev': 0.0354, 'samples_count': 24}",A100 SXM4
2024-11-21T00:00:00.000Z,2024-11-21T21:00:00.000Z,0.9826,daily,"{'min_index': 0.9655, 'max_index': 1.06, 'std_dev': 0.0215, 'samples_count': 24}",A100 SXM4
2024-11-22T00:00:00.000Z,2024-11-22T21:00:00.000Z,0.9753,daily,"{'min_index': 0.9655, 'max_index': 0.9839, 'std_dev': 0.0059, 'samples_count': 24}",A100 SXM4
2024-11-23T00:00:00.000Z,2024-11-23T21:00:00.000Z,0.9839,daily,"{'min_index': 0.9653, 'max_index': 1.0644, 'std_dev': 0.0238, 'samples_count': 24}",A100 SXM4
2024-11-24T00:00:00.000Z,2024-11-24T21:00:00.000Z,0.9857,daily,"{'min_index': 0.9652, 'max_index': 1.25, 'std_dev': 0.0561, 'samples_count': 24}",A100 SXM4
2024-11-25T00:00:00.000Z,2024-11-25T21:00:00.000Z,0.9808,daily,"{'min_index': 0.9653, 'max_index': 1.0243, 'std_dev': 0.0153, 'samples_count': 24}",A100 SXM4
2024-11-26T00:00:00.000Z,2024-11-26T21:00:00.000Z,0.9991,daily,"{'min_index': 0.9652, 'max_index': 1.1195, 'std_dev': 0.0353, 'samples_count': 24}",A100 SXM4
2024-11-27T00:00:00.000Z,2024-11-27T21:00:00.000Z,0.9856,daily,"{'min_index': 0.9659, 'max_index': 1.0703, 'std_dev': 0.0305, 'samples_count': 24}",A100 SXM4
2024-11-28T00:00:00.000Z,2024-11-28T21:00:00.000Z,1.1191,daily,"{'min_index': 1.0364, 'max_index': 1.2549, 'std_dev': 0.0793, 'samples_count': 24}",A100 SXM4
2024-11-29T00:00:00.000Z,2024-11-29T21:00:00.000Z,1.0659,daily,"{'min_index': 0.9724, 'max_index': 1.2196, 'std_dev': 0.0564, 'samples_count': 24}",A100 SXM4
2024-11-30T00:00:00.000Z,2024-11-30T21:00:00.000Z,1.0415,daily,"{'min_index': 0.9558, 'max_index': 1.1921, 'std_dev': 0.0766, 'samples_count': 24}",A100 SXM4
2024-12-01T00:00:00.000Z,2024-12-01T21:00:00.000Z,0.9772,daily,"{'min_index': 0.957, 'max_index': 1.0482, 'std_dev': 0.0237, 'samples_count': 24}",A100 SXM4
2024-12-02T00:00:00.000Z,2024-12-02T21:00:00.000Z,1.0554,daily,"{'min_index': 0.9589, 'max_index': 1.2368, 'std_dev': 0.0904, 'samples_count': 24}",A100 SXM4
2024-12-03T00:00:00.000Z,2024-12-03T21:00:00.000Z,1.2196,daily,"{'min_index': 1.0181, 'max_index': 1.2582, 'std_dev': 0.0609, 'samples_count': 24}",A100 SXM4
2024-12-04T00:00:00.000Z,2024-12-04T21:00:00.000Z,1.0642,daily,"{'min_index': 1.0095, 'max_index': 1.1263, 'std_dev': 0.0296, 'samples_count': 24}",A100 SXM4
2024-12-05T00:00:00.000Z,2024-12-05T21:00:00.000Z,1.1719,daily,"{'min_index': 1.0922, 'max_index': 1.2416, 'std_dev': 0.0421, 'samples_count': 24}",A100 SXM4
2024-12-06T00:00:00.000Z,2024-12-06T21:00:00.000Z,1.2193,daily,"{'min_index': 1.1522, 'max_index': 1.2843, 'std_dev': 0.0345, 'samples_count': 24}",A100 SXM4
2024-12-07T00:00:00.000Z,2024-12-07T21:00:00.000Z,1.1925,daily,"{'min_index': 1.0756, 'max_index': 1.2394, 'std_dev': 0.0345, 'samples_count': 24}",A100 SXM4
2024-12-08T00:00:00.000Z,2024-12-08T21:00:00.000Z,1.1657,daily,"{'min_index': 1.0686, 'max_index': 1.2445, 'std_dev': 0.04, 'samples_count': 24}",A100 SXM4
2024-12-09T00:00:00.000Z,2024-12-09T21:00:00.000Z,1.1908,daily,"{'min_index': 1.1194, 'max_index': 1.217, 'std_dev': 0.0193, 'samples_count': 24}",A100 SXM4
2024-12-10T00:00:00.000Z,2024-12-10T21:00:00.000Z,1.1875,daily,"{'min_index': 1.1252, 'max_index': 1.2523, 'std_dev': 0.0235, 'samples_count': 24}",A100 SXM4
2024-12-11T00:00:00.000Z,2024-12-11T21:00:00.000Z,1.1666,daily,"{'min_index': 1.1367, 'max_index': 1.2022, 'std_dev': 0.0174, 'samples_count': 24}",A100 SXM4
2024-12-12T00:00:00.000Z,2024-12-12T21:00:00.000Z,1.1564,daily,"{'min_index': 1.1052, 'max_index': 1.1825, 'std_dev': 0.0159, 'samples_count': 24}",A100 SXM4
2024-12-13T00:00:00.000Z,2024-12-13T21:00:00.000Z,1.1323,daily,"{'min_index': 0.9796, 'max_index': 1.2116, 'std_dev': 0.0735, 'samples_count': 24}",A100 SXM4
2024-12-14T00:00:00.000Z,2024-12-14T21:00:00.000Z,1.0837,daily,"{'min_index': 0.9506, 'max_index': 1.1884, 'std_dev': 0.0904, 'samples_count': 24}",A100 SXM4
2024-12-15T00:00:00.000Z,2024-12-15T21:00:00.000Z,1.1619,daily,"{'min_index': 1.0293, 'max_index': 1.2128, 'std_dev': 0.0593, 'samples_count': 24}",A100 SXM4
2024-12-16T00:00:00.000Z,2024-12-16T21:00:00.000Z,1.1104,daily,"{'min_index': 1.0228, 'max_index': 1.2423, 'std_dev': 0.0628, 'samples_count': 24}",A100 SXM4
2024-12-17T00:00:00.000Z,2024-12-17T21:00:00.000Z,1.1044,daily,"{'min_index': 1.0205, 'max_index': 1.2231, 'std_dev': 0.0641, 'samples_count': 24}",A100 SXM4
2024-12-18T00:00:00.000Z,2024-12-18T21:00:00.000Z,1.1357,daily,"{'min_index': 0.9453, 'max_index': 1.2747, 'std_dev': 0.1181, 'samples_count': 24}",A100 SXM4
2024-12-19T00:00:00.000Z,2024-12-19T21:00:00.000Z,1.0923,daily,"{'min_index': 0.9534, 'max_index': 1.2243, 'std_dev': 0.0752, 'samples_count': 24}",A100 SXM4
2024-12-20T00:00:00.000Z,2024-12-20T21:00:00.000Z,1.1113,daily,"{'min_index': 0.9553, 'max_index': 1.1834, 'std_dev': 0.0642, 'samples_count': 24}",A100 SXM4
2024-12-21T00:00:00.000Z,2024-12-21T21:00:00.000Z,0.9934,daily,"{'min_index': 0.9515, 'max_index': 1.0531, 'std_dev': 0.0346, 'samples_count': 24}",A100 SXM4
2024-12-22T00:00:00.000Z,2024-12-22T21:00:00.000Z,0.9923,daily,"{'min_index': 0.9555, 'max_index': 1.136, 'std_dev': 0.0382, 'samples_count': 24}",A100 SXM4
2024-12-23T00:00:00.000Z,2024-12-23T21:00:00.000Z,1.0285,daily,"{'min_index': 0.9682, 'max_index': 1.1682, 'std_dev': 0.0626, 'samples_count': 24}",A100 SXM4
2024-12-24T00:00:00.000Z,2024-12-24T21:00:00.000Z,0.9584,daily,"{'min_index': 0.9452, 'max_index': 0.983, 'std_dev': 0.0097, 'samples_count': 24}",A100 SXM4
2024-12-25T00:00:00.000Z,2024-12-25T21:00:00.000Z,0.953,daily,"{'min_index': 0.9452, 'max_index': 0.9624, 'std_dev': 0.0046, 'samples_count': 24}",A100 SXM4
2024-12-26T00:00:00.000Z,2024-12-26T21:00:00.000Z,0.9589,daily,"{'min_index': 0.9453, 'max_index': 1.0152, 'std_dev': 0.0145, 'samples_count': 24}",A100 SXM4
2024-12-27T00:00:00.000Z,2024-12-27T21:00:00.000Z,0.9555,daily,"{'min_index': 0.9453, 'max_index': 0.9874, 'std_dev': 0.0089, 'samples_count': 24}",A100 SXM4
2024-12-28T00:00:00.000Z,2024-12-28T21:00:00.000Z,0.9869,daily,"{'min_index': 0.9552, 'max_index': 1.1609, 'std_dev': 0.0557, 'samples_count': 24}",A100 SXM4
2024-12-29T00:00:00.000Z,2024-12-29T21:00:00.000Z,0.9734,daily,"{'min_index': 0.9495, 'max_index': 1.1287, 'std_dev': 0.0427, 'samples_count': 24}",A100 SXM4
2024-12-30T00:00:00.000Z,2024-12-30T21:00:00.000Z,0.9654,daily,"{'min_index': 0.9451, 'max_index': 0.984, 'std_dev': 0.0129, 'samples_count': 24}",A100 SXM4
2025-01-01T00:00:00.000Z,2025-01-01T21:00:00.000Z,0.9597,daily,"{'min_index': 0.9454, 'max_index': 0.9995, 'std_dev': 0.0161, 'samples_count': 24}",A100 SXM4
2025-01-02T00:00:00.000Z,2025-01-02T21:00:00.000Z,1.0471,daily,"{'min_index': 0.9452, 'max_index': 1.2686, 'std_dev': 0.1444, 'samples_count': 24}",A100 SXM4
2025-01-03T00:00:00.000Z,2025-01-03T21:00:00.000Z,1.2356,daily,"{'min_index': 1.0294, 'max_index': 1.2939, 'std_dev': 0.083, 'samples_count': 24}",A100 SXM4
2025-01-04T00:00:00.000Z,2025-01-04T21:00:00.000Z,1.047,daily,"{'min_index': 0.9454, 'max_index': 1.2518, 'std_dev': 0.1055, 'samples_count': 24}",A100 SXM4
2025-01-05T00:00:00.000Z,2025-01-05T21:00:00.000Z,1.1371,daily,"{'min_index': 0.9584, 'max_index': 1.2407, 'std_dev': 0.0984, 'samples_count': 24}",A100 SXM4
2025-01-06T00:00:00.000Z,2025-01-06T21:00:00.000Z,1.1179,daily,"{'min_index': 0.9462, 'max_index': 1.3416, 'std_dev': 0.1315, 'samples_count': 24}",A100 SXM4
2025-01-07T00:00:00.000Z,2025-01-07T21:00:00.000Z,1.2097,daily,"{'min_index': 1.0974, 'max_index': 1.4041, 'std_dev': 0.0709, 'samples_count': 24}",A100 SXM4
2025-01-08T00:00:00.000Z,2025-01-08T21:00:00.000Z,1.2212,daily,"{'min_index': 1.0968, 'max_index': 1.313, 'std_dev': 0.0761, 'samples_count': 24}",A100 SXM4
2025-01-09T00:00:00.000Z,2025-01-09T21:00:00.000Z,1.1473,daily,"{'min_index': 1.0859, 'max_index': 1.2739, 'std_dev': 0.0664, 'samples_count': 24}",A100 SXM4
2025-01-10T00:00:00.000Z,2025-01-10T21:00:00.000Z,1.257,daily,"{'min_index': 1.0885, 'max_index': 1.3445, 'std_dev': 0.0916, 'samples_count': 24}",A100 SXM4
2025-01-11T00:00:00.000Z,2025-01-11T21:00:00.000Z,1.1969,daily,"{'min_index': 1.1183, 'max_index': 1.3634, 'std_dev': 0.0762, 'samples_count': 24}",A100 SXM4
2025-01-12T00:00:00.000Z,2025-01-12T21:00:00.000Z,1.1525,daily,"{'min_index': 1.108, 'max_index': 1.2497, 'std_dev': 0.0287, 'samples_count': 24}",A100 SXM4
2025-01-13T00:00:00.000Z,2025-01-13T21:00:00.000Z,1.1876,daily,"{'min_index': 1.1167, 'max_index': 1.3167, 'std_dev': 0.0773, 'samples_count': 24}",A100 SXM4
2025-01-14T00:00:00.000Z,2025-01-14T21:00:00.000Z,1.2631,daily,"{'min_index': 1.167, 'max_index': 1.3513, 'std_dev': 0.0548, 'samples_count': 24}",A100 SXM4
2025-01-15T00:00:00.000Z,2025-01-15T21:00:00.000Z,1.3058,daily,"{'min_index': 1.2123, 'max_index': 1.391, 'std_dev': 0.0471, 'samples_count': 24}",A100 SXM4
2025-01-16T00:00:00.000Z,2025-01-16T21:00:00.000Z,1.2813,daily,"{'min_index': 1.1674, 'max_index': 1.3294, 'std_dev': 0.0564, 'samples_count': 24}",A100 SXM4
2025-01-17T00:00:00.000Z,2025-01-17T21:00:00.000Z,1.3597,daily,"{'min_index': 1.1666, 'max_index': 1.4814, 'std_dev': 0.0714, 'samples_count': 24}",A100 SXM4
2025-01-18T00:00:00.000Z,2025-01-18T21:00:00.000Z,1.2195,daily,"{'min_index': 1.166, 'max_index': 1.3146, 'std_dev': 0.053, 'samples_count': 24}",A100 SXM4
2025-01-19T00:00:00.000Z,2025-01-19T21:00:00.000Z,1.1829,daily,"{'min_index': 1.1652, 'max_index': 1.2566, 'std_dev': 0.0245, 'samples_count': 24}",A100 SXM4
2025-01-20T00:00:00.000Z,2025-01-20T21:00:00.000Z,1.1837,daily,"{'min_index': 1.151, 'max_index': 1.2745, 'std_dev': 0.029, 'samples_count': 24}",A100 SXM4
2025-01-21T00:00:00.000Z,2025-01-21T21:00:00.000Z,1.1797,daily,"{'min_index': 1.1658, 'max_index': 1.2665, 'std_dev': 0.0251, 'samples_count': 24}",A100 SXM4
2025-01-22T00:00:00.000Z,2025-01-22T21:00:00.000Z,1.1778,daily,"{'min_index': 1.1457, 'max_index': 1.2974, 'std_dev': 0.0378, 'samples_count': 24}",A100 SXM4
2025-01-23T00:00:00.000Z,2025-01-23T21:00:00.000Z,1.1834,daily,"{'min_index': 1.1484, 'max_index': 1.3031, 'std_dev': 0.0407, 'samples_count': 24}",A100 SXM4
2025-01-24T00:00:00.000Z,2025-01-24T21:00:00.000Z,1.1591,daily,"{'min_index': 1.1482, 'max_index': 1.1709, 'std_dev': 0.0083, 'samples_count': 24}",A100 SXM4
2025-01-25T00:00:00.000Z,2025-01-25T21:00:00.000Z,1.1855,daily,"{'min_index': 1.1483, 'max_index': 1.3118, 'std_dev': 0.0573, 'samples_count': 24}",A100 SXM4
2025-01-26T00:00:00.000Z,2025-01-26T21:00:00.000Z,1.2902,daily,"{'min_index': 1.1573, 'max_index': 1.4383, 'std_dev': 0.0656, 'samples_count': 24}",A100 SXM4
2025-01-27T00:00:00.000Z,2025-01-27T21:00:00.000Z,1.2879,daily,"{'min_index': 1.1352, 'max_index': 1.4429, 'std_dev': 0.1075, 'samples_count': 24}",A100 SXM4
2025-01-28T00:00:00.000Z,2025-01-28T21:00:00.000Z,1.1388,daily,"{'min_index': 1.1194, 'max_index': 1.1806, 'std_dev': 0.0116, 'samples_count': 24}",A100 SXM4
2025-01-29T00:00:00.000Z,2025-01-29T21:00:00.000Z,1.1251,daily,"{'min_index': 1.097, 'max_index': 1.1436, 'std_dev': 0.017, 'samples_count': 24}",A100 SXM4
2025-01-30T00:00:00.000Z,2025-01-30T21:00:00.000Z,1.1026,daily,"{'min_index': 1.0643, 'max_index': 1.1427, 'std_dev': 0.0225, 'samples_count': 24}",A100 SXM4
2025-01-31T00:00:00.000Z,2025-01-31T21:00:00.000Z,1.1138,daily,"{'min_index': 1.0855, 'max_index': 1.3166, 'std_dev': 0.0482, 'samples_count': 24}",A100 SXM4
2025-02-01T00:00:00.000Z,2025-02-01T21:00:00.000Z,1.1239,daily,"{'min_index': 1.0966, 'max_index': 1.1438, 'std_dev': 0.0152, 'samples_count': 24}",A100 SXM4
2025-02-02T00:00:00.000Z,2025-02-02T21:00:00.000Z,1.1389,daily,"{'min_index': 1.1263, 'max_index': 1.278, 'std_dev': 0.0394, 'samples_count': 24}",A100 SXM4
2025-02-03T00:00:00.000Z,2025-02-03T21:00:00.000Z,1.1544,daily,"{'min_index': 1.129, 'max_index': 1.2525, 'std_dev': 0.0241, 'samples_count': 24}",A100 SXM4
2025-02-04T00:00:00.000Z,2025-02-04T21:00:00.000Z,1.1352,daily,"{'min_index': 1.0963, 'max_index': 1.1726, 'std_dev': 0.0256, 'samples_count': 24}",A100 SXM4
2025-02-05T00:00:00.000Z,2025-02-05T21:00:00.000Z,1.143,daily,"{'min_index': 1.1111, 'max_index': 1.2892, 'std_dev': 0.053, 'samples_count': 24}",A100 SXM4
2025-02-06T00:00:00.000Z,2025-02-06T21:00:00.000Z,1.1558,daily,"{'min_index': 1.0878, 'max_index': 1.3687, 'std_dev': 0.0608, 'samples_count': 24}",A100 SXM4
2025-02-07T00:00:00.000Z,2025-02-07T21:00:00.000Z,1.1475,daily,"{'min_index': 1.1273, 'max_index': 1.2502, 'std_dev': 0.029, 'samples_count': 24}",A100 SXM4
2025-02-08T00:00:00.000Z,2025-02-08T21:00:00.000Z,1.2383,daily,"{'min_index': 1.1356, 'max_index': 1.3503, 'std_dev': 0.0659, 'samples_count': 24}",A100 SXM4
2025-02-09T00:00:00.000Z,2025-02-09T21:00:00.000Z,1.1444,daily,"{'min_index': 1.1352, 'max_index': 1.3021, 'std_dev': 0.0385, 'samples_count': 24}",A100 SXM4
2025-02-10T00:00:00.000Z,2025-02-10T21:00:00.000Z,1.168,daily,"{'min_index': 1.1356, 'max_index': 1.3036, 'std_dev': 0.0486, 'samples_count': 24}",A100 SXM4
2025-02-11T00:00:00.000Z,2025-02-11T21:00:00.000Z,1.2197,daily,"{'min_index': 1.1374, 'max_index': 1.3433, 'std_dev': 0.0874, 'samples_count': 24}",A100 SXM4
2025-02-12T00:00:00.000Z,2025-02-12T21:00:00.000Z,1.2067,daily,"{'min_index': 1.1354, 'max_index': 1.3397, 'std_dev': 0.0707, 'samples_count': 24}",A100 SXM4
2025-02-13T00:00:00.000Z,2025-02-13T21:00:00.000Z,1.2206,daily,"{'min_index': 1.1376, 'max_index': 1.3046, 'std_dev': 0.0547, 'samples_count': 24}",A100 SXM4
2025-02-14T00:00:00.000Z,2025-02-14T21:00:00.000Z,1.1711,daily,"{'min_index': 1.1388, 'max_index': 1.3095, 'std_dev': 0.0458, 'samples_count': 24}",A100 SXM4
2025-02-15T00:00:00.000Z,2025-02-15T21:00:00.000Z,1.1425,daily,"{'min_index': 1.1271, 'max_index': 1.1543, 'std_dev': 0.0067, 'samples_count': 24}",A100 SXM4
2025-02-16T00:00:00.000Z,2025-02-16T21:00:00.000Z,1.1515,daily,"{'min_index': 1.137, 'max_index': 1.2898, 'std_dev': 0.0352, 'samples_count': 24}",A100 SXM4
2025-02-17T00:00:00.000Z,2025-02-17T21:00:00.000Z,1.1366,daily,"{'min_index': 1.1353, 'max_index': 1.1448, 'std_dev': 0.0026, 'samples_count': 24}",A100 SXM4
2025-02-18T00:00:00.000Z,2025-02-18T21:00:00.000Z,1.1244,daily,"{'min_index': 1.0761, 'max_index': 1.1444, 'std_dev': 0.0244, 'samples_count': 24}",A100 SXM4
2025-02-19T00:00:00.000Z,2025-02-19T21:00:00.000Z,1.1052,daily,"{'min_index': 1.0818, 'max_index': 1.1474, 'std_dev': 0.0174, 'samples_count': 24}",A100 SXM4
2025-02-20T00:00:00.000Z,2025-02-20T21:00:00.000Z,1.1319,daily,"{'min_index': 0.9988, 'max_index': 1.2668, 'std_dev': 0.073, 'samples_count': 24}",A100 SXM4
2025-02-21T00:00:00.000Z,2025-02-21T21:00:00.000Z,1.0801,daily,"{'min_index': 0.9826, 'max_index': 1.1929, 'std_dev': 0.0426, 'samples_count': 24}",A100 SXM4
2025-02-22T00:00:00.000Z,2025-02-22T21:00:00.000Z,1.0064,daily,"{'min_index': 0.9675, 'max_index': 1.124, 'std_dev': 0.0431, 'samples_count': 24}",A100 SXM4
2025-02-23T00:00:00.000Z,2025-02-23T21:00:00.000Z,1.0432,daily,"{'min_index': 0.9623, 'max_index': 1.1702, 'std_dev': 0.0892, 'samples_count': 24}",A100 SXM4
2025-02-24T00:00:00.000Z,2025-02-24T21:00:00.000Z,1.0284,daily,"{'min_index': 0.9581, 'max_index': 1.1663, 'std_dev': 0.0673, 'samples_count': 24}",A100 SXM4
2025-02-25T00:00:00.000Z,2025-02-25T21:00:00.000Z,1.1109,daily,"{'min_index': 0.9554, 'max_index': 1.2541, 'std_dev': 0.1178, 'samples_count': 24}",A100 SXM4
2025-02-26T00:00:00.000Z,2025-02-26T21:00:00.000Z,0.995,daily,"{'min_index': 0.9581, 'max_index': 1.1279, 'std_dev': 0.038, 'samples_count': 24}",A100 SXM4
2025-02-27T00:00:00.000Z,2025-02-27T21:00:00.000Z,0.9713,daily,"{'min_index': 0.939, 'max_index': 1.0541, 'std_dev': 0.0225, 'samples_count': 24}",A100 SXM4
2025-02-28T00:00:00.000Z,2025-02-28T21:00:00.000Z,1.0391,daily,"{'min_index': 0.9652, 'max_index': 1.0746, 'std_dev': 0.0306, 'samples_count': 24}",A100 SXM4
2025-03-01T00:00:00.000Z,2025-03-01T21:00:00.000Z,0.9932,daily,"{'min_index': 0.8637, 'max_index': 1.0438, 'std_dev': 0.064, 'samples_count': 24}",A100 SXM4
2025-03-02T00:00:00.000Z,2025-03-02T21:00:00.000Z,1.0441,daily,"{'min_index': 0.9115, 'max_index': 1.1415, 'std_dev': 0.0683, 'samples_count': 24}",A100 SXM4
2025-03-03T00:00:00.000Z,2025-03-03T21:00:00.000Z,0.9283,daily,"{'min_index': 0.8824, 'max_index': 0.9821, 'std_dev': 0.0263, 'samples_count': 24}",A100 SXM4
2025-03-04T00:00:00.000Z,2025-03-04T21:00:00.000Z,0.9025,daily,"{'min_index': 0.8826, 'max_index': 0.9286, 'std_dev': 0.0122, 'samples_count': 24}",A100 SXM4
2025-03-05T00:00:00.000Z,2025-03-05T21:00:00.000Z,0.9245,daily,"{'min_index': 0.8674, 'max_index': 1.0343, 'std_dev': 0.049, 'samples_count': 24}",A100 SXM4
2025-03-06T00:00:00.000Z,2025-03-06T21:00:00.000Z,0.8747,daily,"{'min_index': 0.8442, 'max_index': 0.9233, 'std_dev': 0.0223, 'samples_count': 24}",A100 SXM4
2025-03-07T00:00:00.000Z,2025-03-07T21:00:00.000Z,0.9849,daily,"{'min_index': 0.8437, 'max_index': 1.1517, 'std_dev': 0.1038, 'samples_count': 24}",A100 SXM4
2025-03-08T00:00:00.000Z,2025-03-08T21:00:00.000Z,1.012,daily,"{'min_index': 0.9077, 'max_index': 1.1521, 'std_dev': 0.0921, 'samples_count': 24}",A100 SXM4
2025-03-09T00:00:00.000Z,2025-03-09T20:00:00.000Z,0.9179,daily,"{'min_index': 0.8853, 'max_index': 0.9592, 'std_dev': 0.0181, 'samples_count': 24}",A100 SXM4
2025-03-10T00:00:00.000Z,2025-03-10T20:00:00.000Z,0.9173,daily,"{'min_index': 0.8883, 'max_index': 0.9566, 'std_dev': 0.0177, 'samples_count': 24}",A100 SXM4
2025-03-11T00:00:00.000Z,2025-03-11T20:00:00.000Z,0.9311,daily,"{'min_index': 0.9182, 'max_index': 0.996, 'std_dev': 0.0155, 'samples_count': 24}",A100 SXM4
2025-03-12T00:00:00.000Z,2025-03-12T20:00:00.000Z,0.9372,daily,"{'min_index': 0.9182, 'max_index': 0.9667, 'std_dev': 0.0126, 'samples_count': 24}",A100 SXM4
2025-03-13T00:00:00.000Z,2025-03-13T20:00:00.000Z,0.9541,daily,"{'min_index': 0.9364, 'max_index': 1.0117, 'std_dev': 0.0173, 'samples_count': 24}",A100 SXM4
2025-03-14T00:00:00.000Z,2025-03-14T20:00:00.000Z,1.0046,daily,"{'min_index': 0.9369, 'max_index': 1.1502, 'std_dev': 0.0675, 'samples_count': 24}",A100 SXM4
2025-03-15T00:00:00.000Z,2025-03-15T20:00:00.000Z,1.0214,daily,"{'min_index': 0.9682, 'max_index': 1.1354, 'std_dev': 0.0405, 'samples_count': 24}",A100 SXM4
2025-03-16T00:00:00.000Z,2025-03-16T20:00:00.000Z,0.9935,daily,"{'min_index': 0.9277, 'max_index': 1.0772, 'std_dev': 0.0548, 'samples_count': 24}",A100 SXM4
2025-03-17T00:00:00.000Z,2025-03-17T20:00:00.000Z,0.9687,daily,"{'min_index': 0.9262, 'max_index': 1.0145, 'std_dev': 0.0313, 'samples_count': 24}",A100 SXM4
2025-03-18T00:00:00.000Z,2025-03-18T20:00:00.000Z,0.945,daily,"{'min_index': 0.9235, 'max_index': 0.9829, 'std_dev': 0.0138, 'samples_count': 24}",A100 SXM4
2025-03-19T00:00:00.000Z,2025-03-19T20:00:00.000Z,1.0149,daily,"{'min_index': 0.9293, 'max_index': 1.1452, 'std_dev': 0.0655, 'samples_count': 24}",A100 SXM4
2025-03-20T00:00:00.000Z,2025-03-20T20:00:00.000Z,1.0284,daily,"{'min_index': 0.9593, 'max_index': 1.1728, 'std_dev': 0.0821, 'samples_count': 24}",A100 SXM4
2025-03-21T00:00:00.000Z,2025-03-21T20:00:00.000Z,1.1446,daily,"{'min_index': 0.9616, 'max_index': 1.2009, 'std_dev': 0.0665, 'samples_count': 24}",A100 SXM4
2025-03-22T00:00:00.000Z,2025-03-22T20:00:00.000Z,1.0421,daily,"{'min_index': 0.956, 'max_index': 1.1979, 'std_dev': 0.0641, 'samples_count': 24}",A100 SXM4
2025-03-23T00:00:00.000Z,2025-03-23T20:00:00.000Z,0.9837,daily,"{'min_index': 0.9569, 'max_index': 1.0247, 'std_dev': 0.0191, 'samples_count': 24}",A100 SXM4
2025-03-24T00:00:00.000Z,2025-03-24T20:00:00.000Z,1.0813,daily,"{'min_index': 0.9994, 'max_index': 1.1734, 'std_dev': 0.0643, 'samples_count': 24}",A100 SXM4
2025-03-25T00:00:00.000Z,2025-03-25T20:00:00.000Z,1.0267,daily,"{'min_index': 0.9492, 'max_index': 1.1065, 'std_dev': 0.0584, 'samples_count': 24}",A100 SXM4
2025-03-26T00:00:00.000Z,2025-03-26T20:00:00.000Z,0.9861,daily,"{'min_index': 0.9157, 'max_index': 1.1274, 'std_dev': 0.07, 'samples_count': 24}",A100 SXM4
2025-03-27T00:00:00.000Z,2025-03-27T20:00:00.000Z,0.97,daily,"{'min_index': 0.9074, 'max_index': 1.1152, 'std_dev': 0.0594, 'samples_count': 24}",A100 SXM4
2025-03-28T00:00:00.000Z,2025-03-28T20:00:00.000Z,1.0464,daily,"{'min_index': 0.8999, 'max_index': 1.1995, 'std_dev': 0.1054, 'samples_count': 24}",A100 SXM4
2025-03-29T00:00:00.000Z,2025-03-29T20:00:00.000Z,1.0155,daily,"{'min_index': 0.9175, 'max_index': 1.069, 'std_dev': 0.0417, 'samples_count': 24}",A100 SXM4
2025-03-30T00:00:00.000Z,2025-03-30T20:00:00.000Z,0.9361,daily,"{'min_index': 0.907, 'max_index': 0.982, 'std_dev': 0.0202, 'samples_count': 24}",A100 SXM4
2025-03-31T00:00:00.000Z,2025-03-31T20:00:00.000Z,1.0055,daily,"{'min_index': 0.8981, 'max_index': 1.132, 'std_dev': 0.076, 'samples_count': 24}",A100 SXM4
2025-04-01T00:00:00.000Z,2025-04-01T20:00:00.000Z,1.0098,daily,"{'min_index': 0.9071, 'max_index': 1.1681, 'std_dev': 0.0798, 'samples_count': 24}",A100 SXM4
2025-04-02T00:00:00.000Z,2025-04-02T20:00:00.000Z,1.0855,daily,"{'min_index': 1.0283, 'max_index': 1.1742, 'std_dev': 0.0487, 'samples_count': 24}",A100 SXM4
2025-04-03T00:00:00.000Z,2025-04-03T20:00:00.000Z,1.156,daily,"{'min_index': 1.0569, 'max_index': 1.2518, 'std_dev': 0.0774, 'samples_count': 24}",A100 SXM4
2025-04-04T00:00:00.000Z,2025-04-04T20:00:00.000Z,1.1121,daily,"{'min_index': 1.0553, 'max_index': 1.226, 'std_dev': 0.0571, 'samples_count': 24}",A100 SXM4
2025-04-05T00:00:00.000Z,2025-04-05T20:00:00.000Z,1.0647,daily,"{'min_index': 1.0554, 'max_index': 1.0738, 'std_dev': 0.0042, 'samples_count': 24}",A100 SXM4
2025-04-06T00:00:00.000Z,2025-04-06T20:00:00.000Z,1.0564,daily,"{'min_index': 1.0553, 'max_index': 1.0677, 'std_dev': 0.0034, 'samples_count': 24}",A100 SXM4
2025-04-07T00:00:00.000Z,2025-04-07T20:00:00.000Z,1.0325,daily,"{'min_index': 0.9312, 'max_index': 1.1151, 'std_dev': 0.0529, 'samples_count': 24}",A100 SXM4
2025-04-08T00:00:00.000Z,2025-04-08T20:00:00.000Z,0.9991,daily,"{'min_index': 0.9247, 'max_index': 1.0857, 'std_dev': 0.0624, 'samples_count': 24}",A100 SXM4
2025-04-09T00:00:00.000Z,2025-04-09T20:00:00.000Z,1.0795,daily,"{'min_index': 0.9708, 'max_index': 1.1107, 'std_dev': 0.037, 'samples_count': 24}",A100 SXM4
2025-04-10T00:00:00.000Z,2025-04-10T20:00:00.000Z,1.0395,daily,"{'min_index': 0.9321, 'max_index': 1.0992, 'std_dev': 0.0649, 'samples_count': 23}",A100 SXM4
2025-04-11T00:00:00.000Z,2025-04-11T20:00:00.000Z,1.0278,daily,"{'min_index': 0.9259, 'max_index': 1.1568, 'std_dev': 0.0616, 'samples_count': 24}",A100 SXM4
2025-04-12T00:00:00.000Z,2025-04-12T20:00:00.000Z,1.069,daily,"{'min_index': 0.907, 'max_index': 1.1758, 'std_dev': 0.0776, 'samples_count': 24}",A100 SXM4
2025-04-13T00:00:00.000Z,2025-04-13T20:00:00.000Z,0.9493,daily,"{'min_index': 0.9016, 'max_index': 1.0036, 'std_dev': 0.035, 'samples_count': 24}",A100 SXM4
2025-04-14T00:00:00.000Z,2025-04-14T20:00:00.000Z,0.9767,daily,"{'min_index': 0.9158, 'max_index': 1.084, 'std_dev': 0.0555, 'samples_count': 24}",A100 SXM4
2025-04-15T00:00:00.000Z,2025-04-15T20:00:00.000Z,1.107,daily,"{'min_index': 1.0285, 'max_index': 1.1813, 'std_dev': 0.0431, 'samples_count': 24}",A100 SXM4
2025-04-16T00:00:00.000Z,2025-04-16T20:00:00.000Z,1.1716,daily,"{'min_index': 1.0186, 'max_index': 1.1845, 'std_dev': 0.032, 'samples_count': 24}",A100 SXM4
2025-04-17T00:00:00.000Z,2025-04-17T20:00:00.000Z,1.0713,daily,"{'min_index': 1.0158, 'max_index': 1.1149, 'std_dev': 0.0381, 'samples_count': 24}",A100 SXM4
2025-04-18T00:00:00.000Z,2025-04-18T20:00:00.000Z,1.0654,daily,"{'min_index': 0.9442, 'max_index': 1.1046, 'std_dev': 0.0461, 'samples_count': 24}",A100 SXM4
2025-04-19T00:00:00.000Z,2025-04-19T20:00:00.000Z,0.9447,daily,"{'min_index': 0.9223, 'max_index': 1.028, 'std_dev': 0.0235, 'samples_count': 24}",A100 SXM4
2025-04-20T00:00:00.000Z,2025-04-20T20:00:00.000Z,0.9658,daily,"{'min_index': 0.9456, 'max_index': 1.039, 'std_dev': 0.0269, 'samples_count': 24}",A100 SXM4
2025-04-21T00:00:00.000Z,2025-04-21T20:00:00.000Z,1.0568,daily,"{'min_index': 0.9627, 'max_index': 1.1223, 'std_dev': 0.04, 'samples_count': 24}",A100 SXM4
2025-04-22T00:00:00.000Z,2025-04-22T20:00:00.000Z,1.1121,daily,"{'min_index': 1.0908, 'max_index': 1.1224, 'std_dev': 0.0055, 'samples_count': 24}",A100 SXM4
2025-04-23T00:00:00.000Z,2025-04-23T20:00:00.000Z,1.1007,daily,"{'min_index': 1.076, 'max_index': 1.1247, 'std_dev': 0.0105, 'samples_count': 24}",A100 SXM4
2025-04-24T00:00:00.000Z,2025-04-24T20:00:00.000Z,1.1102,daily,"{'min_index': 1.0915, 'max_index': 1.1138, 'std_dev': 0.0053, 'samples_count': 24}",A100 SXM4
2025-04-25T00:00:00.000Z,2025-04-25T20:00:00.000Z,1.1134,daily,"{'min_index': 1.1052, 'max_index': 1.1231, 'std_dev': 0.0039, 'samples_count': 24}",A100 SXM4
2025-04-26T00:00:00.000Z,2025-04-26T20:00:00.000Z,1.1128,daily,"{'min_index': 1.0754, 'max_index': 1.1148, 'std_dev': 0.0104, 'samples_count': 24}",A100 SXM4
2025-04-27T00:00:00.000Z,2025-04-27T20:00:00.000Z,1.0739,daily,"{'min_index': 1.0072, 'max_index': 1.1097, 'std_dev': 0.0251, 'samples_count': 24}",A100 SXM4
2025-04-28T00:00:00.000Z,2025-04-28T20:00:00.000Z,1.0901,daily,"{'min_index': 0.9946, 'max_index': 1.1429, 'std_dev': 0.0482, 'samples_count': 24}",A100 SXM4
2025-04-29T00:00:00.000Z,2025-04-29T20:00:00.000Z,1.1102,daily,"{'min_index': 1.0513, 'max_index': 1.1849, 'std_dev': 0.0489, 'samples_count': 24}",A100 SXM4
2025-04-30T00:00:00.000Z,2025-04-30T20:00:00.000Z,1.1699,daily,"{'min_index': 1.1112, 'max_index': 1.1834, 'std_dev': 0.0177, 'samples_count': 24}",A100 SXM4
2025-05-01T00:00:00.000Z,2025-05-01T20:00:00.000Z,1.099,daily,"{'min_index': 1.0517, 'max_index': 1.1446, 'std_dev': 0.0269, 'samples_count': 24}",A100 SXM4
2025-05-02T00:00:00.000Z,2025-05-02T20:00:00.000Z,1.0851,daily,"{'min_index': 0.9665, 'max_index': 1.1817, 'std_dev': 0.057, 'samples_count': 24}",A100 SXM4
2025-05-03T00:00:00.000Z,2025-05-03T20:00:00.000Z,1.0598,daily,"{'min_index': 1.0359, 'max_index': 1.1771, 'std_dev': 0.036, 'samples_count': 24}",A100 SXM4
2025-05-04T00:00:00.000Z,2025-05-04T20:00:00.000Z,1.0365,daily,"{'min_index': 0.9627, 'max_index': 1.1417, 'std_dev': 0.0464, 'samples_count': 24}",A100 SXM4
2025-05-05T00:00:00.000Z,2025-05-05T20:00:00.000Z,0.9892,daily,"{'min_index': 0.9456, 'max_index': 1.0697, 'std_dev': 0.0335, 'samples_count': 24}",A100 SXM4
2025-05-06T00:00:00.000Z,2025-05-06T20:00:00.000Z,1.0681,daily,"{'min_index': 0.9488, 'max_index': 1.1813, 'std_dev': 0.0822, 'samples_count': 24}",A100 SXM4
2025-05-07T00:00:00.000Z,2025-05-07T20:00:00.000Z,1.0464,daily,"{'min_index': 1.0271, 'max_index': 1.094, 'std_dev': 0.0167, 'samples_count': 24}",A100 SXM4
2025-05-08T00:00:00.000Z,2025-05-08T20:00:00.000Z,1.0193,daily,"{'min_index': 0.9352, 'max_index': 1.0706, 'std_dev': 0.0461, 'samples_count': 24}",A100 SXM4
2025-05-09T00:00:00.000Z,2025-05-09T20:00:00.000Z,1.0409,daily,"{'min_index': 0.9419, 'max_index': 1.1048, 'std_dev': 0.0535, 'samples_count': 24}",A100 SXM4
2025-05-10T00:00:00.000Z,2025-05-10T20:00:00.000Z,0.9716,daily,"{'min_index': 0.8699, 'max_index': 1.094, 'std_dev': 0.071, 'samples_count': 24}",A100 SXM4
2025-05-11T00:00:00.000Z,2025-05-11T20:00:00.000Z,0.9326,daily,"{'min_index': 0.8759, 'max_index': 1.0164, 'std_dev': 0.0335, 'samples_count': 24}",A100 SXM4
2025-05-12T00:00:00.000Z,2025-05-12T20:00:00.000Z,0.9692,daily,"{'min_index': 0.8781, 'max_index': 1.0754, 'std_dev': 0.0574, 'samples_count': 24}",A100 SXM4
2025-05-13T00:00:00.000Z,2025-05-13T20:00:00.000Z,0.8824,daily,"{'min_index': 0.8738, 'max_index': 1.0021, 'std_dev': 0.0287, 'samples_count': 24}",A100 SXM4
2025-05-14T00:00:00.000Z,2025-05-14T20:00:00.000Z,1.015,daily,"{'min_index': 0.9112, 'max_index': 1.1226, 'std_dev': 0.0633, 'samples_count': 24}",A100 SXM4
2025-05-15T00:00:00.000Z,2025-05-15T20:00:00.000Z,1.1018,daily,"{'min_index': 0.9569, 'max_index': 1.144, 'std_dev': 0.0546, 'samples_count': 24}",A100 SXM4
2025-05-16T00:00:00.000Z,2025-05-16T20:00:00.000Z,1.0382,daily,"{'min_index': 1.0011, 'max_index': 1.1981, 'std_dev': 0.0533, 'samples_count': 24}",A100 SXM4
2025-05-17T00:00:00.000Z,2025-05-17T20:00:00.000Z,1.0671,daily,"{'min_index': 0.9922, 'max_index': 1.2121, 'std_dev': 0.0817, 'samples_count': 24}",A100 SXM4
2025-05-18T00:00:00.000Z,2025-05-18T20:00:00.000Z,1.1417,daily,"{'min_index': 0.986, 'max_index': 1.2009, 'std_dev': 0.0579, 'samples_count': 24}",A100 SXM4
2025-05-19T00:00:00.000Z,2025-05-19T20:00:00.000Z,1.0965,daily,"{'min_index': 0.979, 'max_index': 1.1975, 'std_dev': 0.0679, 'samples_count': 24}",A100 SXM4
2025-05-20T00:00:00.000Z,2025-05-20T20:00:00.000Z,1.031,daily,"{'min_index': 0.9897, 'max_index': 1.1967, 'std_dev': 0.0474, 'samples_count': 24}",A100 SXM4
2025-05-21T00:00:00.000Z,2025-05-21T20:00:00.000Z,1.0157,daily,"{'min_index': 0.9573, 'max_index': 1.1707, 'std_dev': 0.051, 'samples_count': 24}",A100 SXM4
2025-05-22T00:00:00.000Z,2025-05-22T20:00:00.000Z,1.0172,daily,"{'min_index': 0.9585, 'max_index': 1.1292, 'std_dev': 0.0436, 'samples_count': 24}",A100 SXM4
2025-05-23T00:00:00.000Z,2025-05-23T20:00:00.000Z,1.0048,daily,"{'min_index': 0.8728, 'max_index': 1.1696, 'std_dev': 0.0807, 'samples_count': 24}",A100 SXM4
2025-05-24T00:00:00.000Z,2025-05-24T20:00:00.000Z,0.9676,daily,"{'min_index': 0.8372, 'max_index': 1.102, 'std_dev': 0.0644, 'samples_count': 24}",A100 SXM4
2025-05-25T00:00:00.000Z,2025-05-25T20:00:00.000Z,0.9045,daily,"{'min_index': 0.8238, 'max_index': 1.0089, 'std_dev': 0.0463, 'samples_count': 24}",A100 SXM4
2025-05-26T00:00:00.000Z,2025-05-26T20:00:00.000Z,0.9816,daily,"{'min_index': 0.8986, 'max_index': 1.0634, 'std_dev': 0.0511, 'samples_count': 24}",A100 SXM4
2025-05-27T00:00:00.000Z,2025-05-27T20:00:00.000Z,1.0216,daily,"{'min_index': 0.9277, 'max_index': 1.201, 'std_dev': 0.0754, 'samples_count': 24}",A100 SXM4
2025-05-28T00:00:00.000Z,2025-05-28T20:00:00.000Z,0.9727,daily,"{'min_index': 0.9165, 'max_index': 1.0192, 'std_dev': 0.032, 'samples_count': 24}",A100 SXM4
2025-05-29T00:00:00.000Z,2025-05-29T20:00:00.000Z,0.9165,daily,"{'min_index': 0.8228, 'max_index': 1.0085, 'std_dev': 0.0587, 'samples_count': 24}",A100 SXM4
2025-05-30T00:00:00.000Z,2025-05-30T20:00:00.000Z,0.9062,daily,"{'min_index': 0.8003, 'max_index': 1.0814, 'std_dev': 0.085, 'samples_count': 24}",A100 SXM4
2025-05-31T00:00:00.000Z,2025-05-31T20:00:00.000Z,0.8632,daily,"{'min_index': 0.7991, 'max_index': 0.9909, 'std_dev': 0.0402, 'samples_count': 24}",A100 SXM4
2025-06-01T00:00:00.000Z,2025-06-01T20:00:00.000Z,0.8444,daily,"{'min_index': 0.8119, 'max_index': 0.9322, 'std_dev': 0.0241, 'samples_count': 24}",A100 SXM4
2025-06-02T00:00:00.000Z,2025-06-02T20:00:00.000Z,0.8931,daily,"{'min_index': 0.8158, 'max_index': 1.0013, 'std_dev': 0.0615, 'samples_count': 24}",A100 SXM4
2025-06-03T00:00:00.000Z,2025-06-03T20:00:00.000Z,0.8939,daily,"{'min_index': 0.8094, 'max_index': 1.0429, 'std_dev': 0.0681, 'samples_count': 24}",A100 SXM4
2025-06-04T00:00:00.000Z,2025-06-04T20:00:00.000Z,1.088,daily,"{'min_index': 0.9311, 'max_index': 1.1802, 'std_dev': 0.0728, 'samples_count': 24}",A100 SXM4
2025-06-05T00:00:00.000Z,2025-06-05T20:00:00.000Z,1.032,daily,"{'min_index': 0.9668, 'max_index': 1.1028, 'std_dev': 0.0388, 'samples_count': 24}",A100 SXM4
2025-06-06T00:00:00.000Z,2025-06-06T20:00:00.000Z,1.0748,daily,"{'min_index': 0.9747, 'max_index': 1.181, 'std_dev': 0.0493, 'samples_count': 24}",A100 SXM4
2025-06-07T00:00:00.000Z,2025-06-07T20:00:00.000Z,1.126,daily,"{'min_index': 1.0429, 'max_index': 1.1844, 'std_dev': 0.0395, 'samples_count': 24}",A100 SXM4
2025-06-08T00:00:00.000Z,2025-06-08T20:00:00.000Z,1.0681,daily,"{'min_index': 0.9966, 'max_index': 1.1227, 'std_dev': 0.0362, 'samples_count': 24}",A100 SXM4
2025-06-09T00:00:00.000Z,2025-06-09T20:00:00.000Z,1.1278,daily,"{'min_index': 1.0297, 'max_index': 1.1772, 'std_dev': 0.0366, 'samples_count': 24}",A100 SXM4
2025-06-10T00:00:00.000Z,2025-06-10T20:00:00.000Z,1.03,daily,"{'min_index': 0.9856, 'max_index': 1.1827, 'std_dev': 0.0447, 'samples_count': 24}",A100 SXM4
2025-06-11T00:00:00.000Z,2025-06-11T20:00:00.000Z,1.043,daily,"{'min_index': 0.9754, 'max_index': 1.158, 'std_dev': 0.0518, 'samples_count': 24}",A100 SXM4
2025-06-12T00:00:00.000Z,2025-06-12T20:00:00.000Z,0.9776,daily,"{'min_index': 0.9505, 'max_index': 1.0027, 'std_dev': 0.0098, 'samples_count': 24}",A100 SXM4
2025-06-13T00:00:00.000Z,2025-06-13T20:00:00.000Z,0.9874,daily,"{'min_index': 0.9676, 'max_index': 1.0044, 'std_dev': 0.0096, 'samples_count': 24}",A100 SXM4
2025-06-14T00:00:00.000Z,2025-06-14T20:00:00.000Z,0.9756,daily,"{'min_index': 0.9565, 'max_index': 1.0026, 'std_dev': 0.0109, 'samples_count': 24}",A100 SXM4
2025-06-15T00:00:00.000Z,2025-06-15T20:00:00.000Z,0.9905,daily,"{'min_index': 0.969, 'max_index': 1.0144, 'std_dev': 0.0148, 'samples_count': 24}",A100 SXM4
2025-06-16T00:00:00.000Z,2025-06-16T20:00:00.000Z,1.0008,daily,"{'min_index': 0.9672, 'max_index': 1.0149, 'std_dev': 0.0137, 'samples_count': 24}",A100 SXM4
2025-06-17T00:00:00.000Z,2025-06-17T20:00:00.000Z,1.0064,daily,"{'min_index': 0.9931, 'max_index': 1.0336, 'std_dev': 0.0094, 'samples_count': 24}",A100 SXM4
2025-06-18T00:00:00.000Z,2025-06-18T20:00:00.000Z,1.0116,daily,"{'min_index': 0.9854, 'max_index': 1.0199, 'std_dev': 0.0091, 'samples_count': 24}",A100 SXM4
2025-06-19T00:00:00.000Z,2025-06-19T20:00:00.000Z,1.0028,daily,"{'min_index': 0.9857, 'max_index': 1.0138, 'std_dev': 0.0088, 'samples_count': 24}",A100 SXM4
2025-06-20T00:00:00.000Z,2025-06-20T20:00:00.000Z,1.0008,daily,"{'min_index': 0.9713, 'max_index': 1.0141, 'std_dev': 0.0092, 'samples_count': 24}",A100 SXM4
2025-06-21T00:00:00.000Z,2025-06-21T20:00:00.000Z,0.9938,daily,"{'min_index': 0.9656, 'max_index': 1.0145, 'std_dev': 0.0121, 'samples_count': 24}",A100 SXM4
2025-06-22T00:00:00.000Z,2025-06-22T20:00:00.000Z,0.9744,daily,"{'min_index': 0.9617, 'max_index': 0.9913, 'std_dev': 0.0079, 'samples_count': 24}",A100 SXM4
2025-06-23T00:00:00.000Z,2025-06-23T20:00:00.000Z,0.9829,daily,"{'min_index': 0.969, 'max_index': 0.9967, 'std_dev': 0.0074, 'samples_count': 24}",A100 SXM4
2025-06-24T00:00:00.000Z,2025-06-24T20:00:00.000Z,0.9723,daily,"{'min_index': 0.9474, 'max_index': 0.9898, 'std_dev': 0.0104, 'samples_count': 24}",A100 SXM4
2025-06-25T00:00:00.000Z,2025-06-25T20:00:00.000Z,0.9728,daily,"{'min_index': 0.9558, 'max_index': 1.0936, 'std_dev': 0.0318, 'samples_count': 24}",A100 SXM4
2025-06-26T00:00:00.000Z,2025-06-26T20:00:00.000Z,0.987,daily,"{'min_index': 0.9563, 'max_index': 1.0004, 'std_dev': 0.0104, 'samples_count': 24}",A100 SXM4
2025-06-27T00:00:00.000Z,2025-06-27T20:00:00.000Z,0.9609,daily,"{'min_index': 0.9458, 'max_index': 0.9975, 'std_dev': 0.0116, 'samples_count': 24}",A100 SXM4
2025-06-28T00:00:00.000Z,2025-06-28T20:00:00.000Z,0.9658,daily,"{'min_index': 0.9456, 'max_index': 1.027, 'std_dev': 0.0202, 'samples_count': 24}",A100 SXM4
2025-06-29T00:00:00.000Z,2025-06-29T20:00:00.000Z,0.9827,daily,"{'min_index': 0.9455, 'max_index': 1.1378, 'std_dev': 0.0566, 'samples_count': 24}",A100 SXM4
2025-06-30T00:00:00.000Z,2025-06-30T20:00:00.000Z,0.9637,daily,"{'min_index': 0.9473, 'max_index': 1.0232, 'std_dev': 0.0179, 'samples_count': 24}",A100 SXM4
2025-07-01T00:00:00.000Z,2025-07-01T20:00:00.000Z,1.0287,daily,"{'min_index': 0.9366, 'max_index': 1.1371, 'std_dev': 0.068, 'samples_count': 24}",A100 SXM4
2025-07-02T00:00:00.000Z,2025-07-02T20:00:00.000Z,0.9126,daily,"{'min_index': 0.8756, 'max_index': 0.9396, 'std_dev': 0.0192, 'samples_count': 24}",A100 SXM4
2025-07-03T00:00:00.000Z,2025-07-03T20:00:00.000Z,0.8915,daily,"{'min_index': 0.8383, 'max_index': 0.9422, 'std_dev': 0.0282, 'samples_count': 24}",A100 SXM4
2025-07-04T00:00:00.000Z,2025-07-04T20:00:00.000Z,0.8508,daily,"{'min_index': 0.7979, 'max_index': 0.9219, 'std_dev': 0.0417, 'samples_count': 24}",A100 SXM4
2025-07-05T00:00:00.000Z,2025-07-05T20:00:00.000Z,0.8162,daily,"{'min_index': 0.7958, 'max_index': 0.8331, 'std_dev': 0.011, 'samples_count': 24}",A100 SXM4
2025-07-06T00:00:00.000Z,2025-07-06T20:00:00.000Z,0.837,daily,"{'min_index': 0.8165, 'max_index': 0.8648, 'std_dev': 0.0126, 'samples_count': 24}",A100 SXM4
2025-07-07T00:00:00.000Z,2025-07-07T20:00:00.000Z,0.8412,daily,"{'min_index': 0.7988, 'max_index': 0.8823, 'std_dev': 0.0243, 'samples_count': 24}",A100 SXM4
2025-07-08T00:00:00.000Z,2025-07-08T20:00:00.000Z,0.8518,daily,"{'min_index': 0.8353, 'max_index': 0.8843, 'std_dev': 0.0141, 'samples_count': 24}",A100 SXM4
2025-07-09T00:00:00.000Z,2025-07-09T20:00:00.000Z,0.8367,daily,"{'min_index': 0.798, 'max_index': 0.8817, 'std_dev': 0.0284, 'samples_count': 24}",A100 SXM4
2025-07-10T00:00:00.000Z,2025-07-10T20:00:00.000Z,0.8091,daily,"{'min_index': 0.7952, 'max_index': 0.8466, 'std_dev': 0.0117, 'samples_count': 24}",A100 SXM4
2025-07-11T00:00:00.000Z,2025-07-11T20:00:00.000Z,0.8302,daily,"{'min_index': 0.8089, 'max_index': 0.8709, 'std_dev': 0.0162, 'samples_count': 24}",A100 SXM4
2025-07-12T00:00:00.000Z,2025-07-12T20:00:00.000Z,0.8275,daily,"{'min_index': 0.7414, 'max_index': 0.8931, 'std_dev': 0.0378, 'samples_count': 24}",A100 SXM4
2025-07-13T00:00:00.000Z,2025-07-13T20:00:00.000Z,0.7647,daily,"{'min_index': 0.7162, 'max_index': 0.83, 'std_dev': 0.0322, 'samples_count': 24}",A100 SXM4
2025-07-14T00:00:00.000Z,2025-07-14T20:00:00.000Z,0.784,daily,"{'min_index': 0.7271, 'max_index': 0.8481, 'std_dev': 0.0403, 'samples_count': 24}",A100 SXM4
2025-07-15T00:00:00.000Z,2025-07-15T20:00:00.000Z,0.8316,daily,"{'min_index': 0.7735, 'max_index': 0.8636, 'std_dev': 0.0231, 'samples_count': 24}",A100 SXM4
2025-07-16T00:00:00.000Z,2025-07-16T20:00:00.000Z,0.8301,daily,"{'min_index': 0.8156, 'max_index': 0.8498, 'std_dev': 0.0099, 'samples_count': 24}",A100 SXM4
2025-07-17T00:00:00.000Z,2025-07-17T20:00:00.000Z,0.8133,daily,"{'min_index': 0.7958, 'max_index': 0.8231, 'std_dev': 0.0102, 'samples_count': 24}",A100 SXM4
2025-07-18T00:00:00.000Z,2025-07-18T20:00:00.000Z,0.7948,daily,"{'min_index': 0.7765, 'max_index': 0.8041, 'std_dev': 0.0072, 'samples_count': 24}",A100 SXM4
2025-07-19T00:00:00.000Z,2025-07-19T20:00:00.000Z,0.7556,daily,"{'min_index': 0.7087, 'max_index': 0.8246, 'std_dev': 0.0334, 'samples_count': 24}",A100 SXM4
2025-07-20T00:00:00.000Z,2025-07-20T20:00:00.000Z,0.7255,daily,"{'min_index': 0.7078, 'max_index': 0.7691, 'std_dev': 0.0144, 'samples_count': 24}",A100 SXM4
2025-07-21T00:00:00.000Z,2025-07-21T20:00:00.000Z,0.7495,daily,"{'min_index': 0.7124, 'max_index': 0.7897, 'std_dev': 0.0223, 'samples_count': 24}",A100 SXM4
2025-07-22T00:00:00.000Z,2025-07-22T20:00:00.000Z,0.7442,daily,"{'min_index': 0.7157, 'max_index': 0.7832, 'std_dev': 0.017, 'samples_count': 24}",A100 SXM4
2025-07-23T00:00:00.000Z,2025-07-23T20:00:00.000Z,0.7457,daily,"{'min_index': 0.7162, 'max_index': 0.8168, 'std_dev': 0.0337, 'samples_count': 24}",A100 SXM4
2025-07-24T00:00:00.000Z,2025-07-24T20:00:00.000Z,0.7585,daily,"{'min_index': 0.7219, 'max_index': 0.7927, 'std_dev': 0.0196, 'samples_count': 24}",A100 SXM4
2025-07-25T00:00:00.000Z,2025-07-25T20:00:00.000Z,0.7551,daily,"{'min_index': 0.7356, 'max_index': 0.8215, 'std_dev': 0.0328, 'samples_count': 24}",A100 SXM4
2025-07-26T00:00:00.000Z,2025-07-26T20:00:00.000Z,0.8067,daily,"{'min_index': 0.7669, 'max_index': 0.8233, 'std_dev': 0.0235, 'samples_count': 24}",A100 SXM4
2025-07-27T00:00:00.000Z,2025-07-27T20:00:00.000Z,0.773,daily,"{'min_index': 0.762, 'max_index': 0.7845, 'std_dev': 0.0057, 'samples_count': 24}",A100 SXM4
2025-07-28T00:00:00.000Z,2025-07-28T20:00:00.000Z,0.7746,daily,"{'min_index': 0.7624, 'max_index': 0.7919, 'std_dev': 0.0074, 'samples_count': 24}",A100 SXM4
2025-07-29T00:00:00.000Z,2025-07-29T20:00:00.000Z,0.7977,daily,"{'min_index': 0.7708, 'max_index': 0.8543, 'std_dev': 0.03, 'samples_count': 24}",A100 SXM4
2025-07-30T00:00:00.000Z,2025-07-30T20:00:00.000Z,0.8338,daily,"{'min_index': 0.8199, 'max_index': 0.8534, 'std_dev': 0.0079, 'samples_count': 24}",A100 SXM4
2025-07-31T00:00:00.000Z,2025-07-31T20:00:00.000Z,0.8328,daily,"{'min_index': 0.8167, 'max_index': 0.8495, 'std_dev': 0.01, 'samples_count': 24}",A100 SXM4
2025-08-01T00:00:00.000Z,2025-08-01T20:00:00.000Z,0.8329,daily,"{'min_index': 0.8157, 'max_index': 0.8456, 'std_dev': 0.0084, 'samples_count': 24}",A100 SXM4
2025-08-02T00:00:00.000Z,2025-08-02T20:00:00.000Z,0.8501,daily,"{'min_index': 0.827, 'max_index': 0.868, 'std_dev': 0.0119, 'samples_count': 24}",A100 SXM4
2025-08-03T00:00:00.000Z,2025-08-03T20:00:00.000Z,0.8257,daily,"{'min_index': 0.816, 'max_index': 0.8344, 'std_dev': 0.0054, 'samples_count': 24}",A100 SXM4
2025-08-04T00:00:00.000Z,2025-08-04T20:00:00.000Z,0.8284,daily,"{'min_index': 0.8167, 'max_index': 0.8422, 'std_dev': 0.0081, 'samples_count': 24}",A100 SXM4
2025-08-05T00:00:00.000Z,2025-08-05T20:00:00.000Z,0.838,daily,"{'min_index': 0.8163, 'max_index': 0.8545, 'std_dev': 0.0111, 'samples_count': 24}",A100 SXM4
2025-08-06T00:00:00.000Z,2025-08-06T20:00:00.000Z,0.8493,daily,"{'min_index': 0.8201, 'max_index': 0.8545, 'std_dev': 0.0072, 'samples_count': 24}",A100 SXM4
2025-08-07T00:00:00.000Z,2025-08-07T20:00:00.000Z,0.8273,daily,"{'min_index': 0.8057, 'max_index': 0.8335, 'std_dev': 0.0082, 'samples_count': 24}",A100 SXM4
2025-08-08T00:00:00.000Z,2025-08-08T20:00:00.000Z,0.8221,daily,"{'min_index': 0.7955, 'max_index': 0.8407, 'std_dev': 0.01, 'samples_count': 24}",A100 SXM4
2025-08-09T00:00:00.000Z,2025-08-09T20:00:00.000Z,0.8333,daily,"{'min_index': 0.8202, 'max_index': 0.8448, 'std_dev': 0.0066, 'samples_count': 24}",A100 SXM4
2025-08-10T00:00:00.000Z,2025-08-10T20:00:00.000Z,0.8345,daily,"{'min_index': 0.8266, 'max_index': 0.8431, 'std_dev': 0.0054, 'samples_count': 24}",A100 SXM4
2025-08-11T00:00:00.000Z,2025-08-11T20:00:00.000Z,0.8203,daily,"{'min_index': 0.7755, 'max_index': 0.8437, 'std_dev': 0.0264, 'samples_count': 24}",A100 SXM4
2025-08-12T00:00:00.000Z,2025-08-12T20:00:00.000Z,0.7781,daily,"{'min_index': 0.7553, 'max_index': 0.7986, 'std_dev': 0.0122, 'samples_count': 24}",A100 SXM4
2025-08-13T00:00:00.000Z,2025-08-13T20:00:00.000Z,0.7595,daily,"{'min_index': 0.7255, 'max_index': 0.7826, 'std_dev': 0.0152, 'samples_count': 24}",A100 SXM4
2025-08-14T00:00:00.000Z,2025-08-14T20:00:00.000Z,0.8101,daily,"{'min_index': 0.7658, 'max_index': 0.8538, 'std_dev': 0.0332, 'samples_count': 24}",A100 SXM4
2025-08-15T00:00:00.000Z,2025-08-15T20:00:00.000Z,0.8378,daily,"{'min_index': 0.8156, 'max_index': 0.8546, 'std_dev': 0.0106, 'samples_count': 24}",A100 SXM4
2025-08-16T00:00:00.000Z,2025-08-16T20:00:00.000Z,0.8268,daily,"{'min_index': 0.8164, 'max_index': 0.8426, 'std_dev': 0.0069, 'samples_count': 24}",A100 SXM4
2025-08-17T00:00:00.000Z,2025-08-17T20:00:00.000Z,0.8301,daily,"{'min_index': 0.8156, 'max_index': 0.8638, 'std_dev': 0.0114, 'samples_count': 24}",A100 SXM4
2025-08-18T00:00:00.000Z,2025-08-18T20:00:00.000Z,0.8318,daily,"{'min_index': 0.817, 'max_index': 0.8618, 'std_dev': 0.0145, 'samples_count': 24}",A100 SXM4
2025-08-19T00:00:00.000Z,2025-08-19T20:00:00.000Z,0.837,daily,"{'min_index': 0.8251, 'max_index': 0.873, 'std_dev': 0.0106, 'samples_count': 24}",A100 SXM4
2025-08-20T00:00:00.000Z,2025-08-20T20:00:00.000Z,0.8386,daily,"{'min_index': 0.8258, 'max_index': 0.8535, 'std_dev': 0.0086, 'samples_count': 24}",A100 SXM4
2025-08-21T00:00:00.000Z,2025-08-21T20:00:00.000Z,0.8358,daily,"{'min_index': 0.7798, 'max_index': 0.8458, 'std_dev': 0.0179, 'samples_count': 24}",A100 SXM4
2025-08-22T00:00:00.000Z,2025-08-22T20:00:00.000Z,0.7859,daily,"{'min_index': 0.7752, 'max_index': 0.8121, 'std_dev': 0.0094, 'samples_count': 24}",A100 SXM4
2025-08-23T00:00:00.000Z,2025-08-23T20:00:00.000Z,0.8002,daily,"{'min_index': 0.7874, 'max_index': 0.8045, 'std_dev': 0.0047, 'samples_count': 24}",A100 SXM4
2025-08-24T00:00:00.000Z,2025-08-24T20:00:00.000Z,0.7965,daily,"{'min_index': 0.7793, 'max_index': 0.8045, 'std_dev': 0.0063, 'samples_count': 24}",A100 SXM4
2025-08-25T00:00:00.000Z,2025-08-25T20:00:00.000Z,0.7789,daily,"{'min_index': 0.7469, 'max_index': 0.8041, 'std_dev': 0.0145, 'samples_count': 24}",A100 SXM4
2025-08-26T00:00:00.000Z,2025-08-26T20:00:00.000Z,0.7573,daily,"{'min_index': 0.7268, 'max_index': 0.7842, 'std_dev': 0.0158, 'samples_count': 24}",A100 SXM4
2025-08-27T00:00:00.000Z,2025-08-27T20:00:00.000Z,0.777,daily,"{'min_index': 0.7307, 'max_index': 0.8365, 'std_dev': 0.0407, 'samples_count': 24}",A100 SXM4
2025-08-28T00:00:00.000Z,2025-08-28T20:00:00.000Z,0.826,daily,"{'min_index': 0.8158, 'max_index': 0.8338, 'std_dev': 0.0058, 'samples_count': 24}",A100 SXM4
2025-08-29T00:00:00.000Z,2025-08-29T20:00:00.000Z,0.8266,daily,"{'min_index': 0.7997, 'max_index': 0.841, 'std_dev': 0.0112, 'samples_count': 24}",A100 SXM4
2025-08-30T00:00:00.000Z,2025-08-30T20:00:00.000Z,0.8181,daily,"{'min_index': 0.7852, 'max_index': 0.8532, 'std_dev': 0.0178, 'samples_count': 24}",A100 SXM4
2025-08-31T00:00:00.000Z,2025-08-31T20:00:00.000Z,0.8218,daily,"{'min_index': 0.8053, 'max_index': 0.834, 'std_dev': 0.0071, 'samples_count': 24}",A100 SXM4
2025-09-01T00:00:00.000Z,2025-09-01T20:00:00.000Z,0.818,daily,"{'min_index': 0.8063, 'max_index': 0.8244, 'std_dev': 0.005, 'samples_count': 24}",A100 SXM4
2025-09-02T00:00:00.000Z,2025-09-02T20:00:00.000Z,0.8067,daily,"{'min_index': 0.786, 'max_index': 0.8236, 'std_dev': 0.0119, 'samples_count': 24}",A100 SXM4
2025-09-03T00:00:00.000Z,2025-09-03T20:00:00.000Z,0.7962,daily,"{'min_index': 0.7816, 'max_index': 0.8048, 'std_dev': 0.0066, 'samples_count': 24}",A100 SXM4
2025-09-04T00:00:00.000Z,2025-09-04T20:00:00.000Z,0.7838,daily,"{'min_index': 0.7684, 'max_index': 0.7944, 'std_dev': 0.006, 'samples_count': 24}",A100 SXM4
2025-09-05T00:00:00.000Z,2025-09-05T20:00:00.000Z,0.7871,daily,"{'min_index': 0.7753, 'max_index': 0.8138, 'std_dev': 0.008, 'samples_count': 24}",A100 SXM4
2025-09-06T00:00:00.000Z,2025-09-06T20:00:00.000Z,0.7781,daily,"{'min_index': 0.7656, 'max_index': 0.7895, 'std_dev': 0.0055, 'samples_count': 24}",A100 SXM4
2025-09-07T00:00:00.000Z,2025-09-07T20:00:00.000Z,0.7741,daily,"{'min_index': 0.7672, 'max_index': 0.7833, 'std_dev': 0.0049, 'samples_count': 24}",A100 SXM4
2025-09-08T00:00:00.000Z,2025-09-08T20:00:00.000Z,0.7758,daily,"{'min_index': 0.7657, 'max_index': 0.7848, 'std_dev': 0.0056, 'samples_count': 24}",A100 SXM4
2025-09-09T00:00:00.000Z,2025-09-09T20:00:00.000Z,0.7753,daily,"{'min_index': 0.7589, 'max_index': 0.7843, 'std_dev': 0.0068, 'samples_count': 24}",A100 SXM4
2025-09-10T00:00:00.000Z,2025-09-10T20:00:00.000Z,0.7735,daily,"{'min_index': 0.7663, 'max_index': 0.7821, 'std_dev': 0.0043, 'samples_count': 24}",A100 SXM4
2025-09-11T00:00:00.000Z,2025-09-11T20:00:00.000Z,0.7789,daily,"{'min_index': 0.7653, 'max_index': 0.7947, 'std_dev': 0.0062, 'samples_count': 24}",A100 SXM4
2025-09-12T00:00:00.000Z,2025-09-12T20:00:00.000Z,0.7844,daily,"{'min_index': 0.7756, 'max_index': 0.8143, 'std_dev': 0.0093, 'samples_count': 24}",A100 SXM4
2025-09-13T00:00:00.000Z,2025-09-13T20:00:00.000Z,0.7904,daily,"{'min_index': 0.7755, 'max_index': 0.803, 'std_dev': 0.0081, 'samples_count': 24}",A100 SXM4
2025-09-14T00:00:00.000Z,2025-09-14T20:00:00.000Z,0.7893,daily,"{'min_index': 0.7763, 'max_index': 0.7947, 'std_dev': 0.0056, 'samples_count': 24}",A100 SXM4
2025-09-15T00:00:00.000Z,2025-09-15T20:00:00.000Z,0.7892,daily,"{'min_index': 0.7769, 'max_index': 0.8045, 'std_dev': 0.0079, 'samples_count': 24}",A100 SXM4
2025-09-16T00:00:00.000Z,2025-09-16T20:00:00.000Z,0.8138,daily,"{'min_index': 0.7861, 'max_index': 0.869, 'std_dev': 0.0295, 'samples_count': 24}",A100 SXM4
2025-09-17T00:00:00.000Z,2025-09-17T20:00:00.000Z,0.8405,daily,"{'min_index': 0.827, 'max_index': 0.8475, 'std_dev': 0.0054, 'samples_count': 24}",A100 SXM4
2025-09-18T00:00:00.000Z,2025-09-18T20:00:00.000Z,0.8393,daily,"{'min_index': 0.8252, 'max_index': 0.8543, 'std_dev': 0.0077, 'samples_count': 24}",A100 SXM4
2025-09-19T00:00:00.000Z,2025-09-19T20:00:00.000Z,0.8325,daily,"{'min_index': 0.8165, 'max_index': 0.8448, 'std_dev': 0.0073, 'samples_count': 24}",A100 SXM4
2025-09-20T00:00:00.000Z,2025-09-20T20:00:00.000Z,0.8356,daily,"{'min_index': 0.8256, 'max_index': 0.8442, 'std_dev': 0.006, 'samples_count': 24}",A100 SXM4
2025-09-21T00:00:00.000Z,2025-09-21T20:00:00.000Z,0.8268,daily,"{'min_index': 0.8153, 'max_index': 0.8342, 'std_dev': 0.0052, 'samples_count': 24}",A100 SXM4
2025-09-22T00:00:00.000Z,2025-09-22T20:00:00.000Z,0.8507,daily,"{'min_index': 0.8066, 'max_index': 0.9026, 'std_dev': 0.0344, 'samples_count': 24}",A100 SXM4
2025-09-23T00:00:00.000Z,2025-09-23T20:00:00.000Z,0.8691,daily,"{'min_index': 0.8314, 'max_index': 0.8956, 'std_dev': 0.0213, 'samples_count': 24}",A100 SXM4
2025-09-24T00:00:00.000Z,2025-09-24T20:00:00.000Z,0.8485,daily,"{'min_index': 0.8354, 'max_index': 0.8611, 'std_dev': 0.0062, 'samples_count': 24}",A100 SXM4
2025-09-25T00:00:00.000Z,2025-09-25T20:00:00.000Z,0.8552,daily,"{'min_index': 0.846, 'max_index': 0.8714, 'std_dev': 0.0057, 'samples_count': 24}",A100 SXM4
2025-09-26T00:00:00.000Z,2025-09-26T20:00:00.000Z,0.8493,daily,"{'min_index': 0.8326, 'max_index': 0.8785, 'std_dev': 0.0118, 'samples_count': 24}",A100 SXM4
2025-09-27T00:00:00.000Z,2025-09-27T20:00:00.000Z,0.857,daily,"{'min_index': 0.8361, 'max_index': 0.874, 'std_dev': 0.0093, 'samples_count': 24}",A100 SXM4
2025-09-28T00:00:00.000Z,2025-09-28T20:00:00.000Z,0.8686,daily,"{'min_index': 0.8503, 'max_index': 0.8839, 'std_dev': 0.0089, 'samples_count': 24}",A100 SXM4
2025-09-29T00:00:00.000Z,2025-09-29T20:00:00.000Z,0.8883,daily,"{'min_index': 0.8655, 'max_index': 0.9374, 'std_dev': 0.0157, 'samples_count': 24}",A100 SXM4
2025-09-30T00:00:00.000Z,2025-09-30T20:00:00.000Z,0.848,daily,"{'min_index': 0.7787, 'max_index': 0.8889, 'std_dev': 0.0307, 'samples_count': 24}",A100 SXM4
2025-10-01T00:00:00.000Z,2025-10-01T20:00:00.000Z,0.8142,daily,"{'min_index': 0.7752, 'max_index': 0.8705, 'std_dev': 0.0286, 'samples_count': 24}",A100 SXM4
2025-10-02T00:00:00.000Z,2025-10-02T20:00:00.000Z,0.8473,daily,"{'min_index': 0.8178, 'max_index': 0.9245, 'std_dev': 0.0311, 'samples_count': 24}",A100 SXM4
2025-10-03T00:00:00.000Z,2025-10-03T20:00:00.000Z,0.9061,daily,"{'min_index': 0.8887, 'max_index': 0.9147, 'std_dev': 0.0076, 'samples_count': 24}",A100 SXM4
2025-10-04T00:00:00.000Z,2025-10-04T20:00:00.000Z,0.8951,daily,"{'min_index': 0.8267, 'max_index': 0.9096, 'std_dev': 0.0213, 'samples_count': 24}",A100 SXM4
2025-10-05T00:00:00.000Z,2025-10-05T20:00:00.000Z,0.8599,daily,"{'min_index': 0.8301, 'max_index': 0.9066, 'std_dev': 0.0245, 'samples_count': 24}",A100 SXM4
2025-10-06T00:00:00.000Z,2025-10-06T20:00:00.000Z,0.8789,daily,"{'min_index': 0.836, 'max_index': 0.901, 'std_dev': 0.0154, 'samples_count': 24}",A100 SXM4
2025-10-07T00:00:00.000Z,2025-10-07T20:00:00.000Z,0.8816,daily,"{'min_index': 0.8676, 'max_index': 0.8949, 'std_dev': 0.0072, 'samples_count': 24}",A100 SXM4
2025-10-08T00:00:00.000Z,2025-10-08T20:00:00.000Z,0.8409,daily,"{'min_index': 0.7666, 'max_index': 0.8842, 'std_dev': 0.0383, 'samples_count': 24}",A100 SXM4
2025-10-09T00:00:00.000Z,2025-10-09T20:00:00.000Z,0.7829,daily,"{'min_index': 0.7647, 'max_index': 0.8406, 'std_dev': 0.0159, 'samples_count': 24}",A100 SXM4
2025-10-10T00:00:00.000Z,2025-10-10T20:00:00.000Z,0.7852,daily,"{'min_index': 0.7559, 'max_index': 0.8532, 'std_dev': 0.0298, 'samples_count': 24}",A100 SXM4
2025-10-11T00:00:00.000Z,2025-10-11T20:00:00.000Z,0.7573,daily,"{'min_index': 0.7383, 'max_index': 0.7668, 'std_dev': 0.0061, 'samples_count': 24}",A100 SXM4
2025-10-12T00:00:00.000Z,2025-10-12T20:00:00.000Z,0.7424,daily,"{'min_index': 0.7353, 'max_index': 0.7583, 'std_dev': 0.006, 'samples_count': 24}",A100 SXM4
2025-10-13T00:00:00.000Z,2025-10-13T20:00:00.000Z,0.7486,daily,"{'min_index': 0.7263, 'max_index': 0.7901, 'std_dev': 0.0174, 'samples_count': 24}",A100 SXM4
2025-10-14T00:00:00.000Z,2025-10-14T20:00:00.000Z,0.8129,daily,"{'min_index': 0.7798, 'max_index': 0.8657, 'std_dev': 0.0313, 'samples_count': 24}",A100 SXM4
2025-10-15T00:00:00.000Z,2025-10-15T20:00:00.000Z,0.8607,daily,"{'min_index': 0.8493, 'max_index': 0.8684, 'std_dev': 0.0052, 'samples_count': 24}",A100 SXM4
2025-10-16T00:00:00.000Z,2025-10-16T20:00:00.000Z,0.8403,daily,"{'min_index': 0.8048, 'max_index': 0.9165, 'std_dev': 0.0288, 'samples_count': 24}",A100 SXM4
2025-10-17T00:00:00.000Z,2025-10-17T20:00:00.000Z,0.8935,daily,"{'min_index': 0.8522, 'max_index': 0.9225, 'std_dev': 0.0222, 'samples_count': 24}",A100 SXM4
2025-10-18T00:00:00.000Z,2025-10-18T20:00:00.000Z,0.8393,daily,"{'min_index': 0.8155, 'max_index': 0.8541, 'std_dev': 0.0116, 'samples_count': 24}",A100 SXM4
2025-10-19T00:00:00.000Z,2025-10-19T20:00:00.000Z,0.8217,daily,"{'min_index': 0.8075, 'max_index': 0.8401, 'std_dev': 0.0087, 'samples_count': 24}",A100 SXM4
2025-10-20T00:00:00.000Z,2025-10-20T20:00:00.000Z,0.866,daily,"{'min_index': 0.7994, 'max_index': 0.9428, 'std_dev': 0.0436, 'samples_count': 24}",A100 SXM4
2025-10-21T00:00:00.000Z,2025-10-21T20:00:00.000Z,0.9168,daily,"{'min_index': 0.9057, 'max_index': 0.9252, 'std_dev': 0.0061, 'samples_count': 24}",A100 SXM4
2025-10-22T00:00:00.000Z,2025-10-22T20:00:00.000Z,0.9126,daily,"{'min_index': 0.9054, 'max_index': 0.9243, 'std_dev': 0.0054, 'samples_count': 24}",A100 SXM4
2025-10-23T00:00:00.000Z,2025-10-23T20:00:00.000Z,0.923,daily,"{'min_index': 0.9011, 'max_index': 0.9495, 'std_dev': 0.0126, 'samples_count': 24}",A100 SXM4
2025-10-24T00:00:00.000Z,2025-10-24T20:00:00.000Z,0.9329,daily,"{'min_index': 0.9173, 'max_index': 0.9483, 'std_dev': 0.0076, 'samples_count': 24}",A100 SXM4
2025-10-25T00:00:00.000Z,2025-10-25T20:00:00.000Z,0.9308,daily,"{'min_index': 0.9106, 'max_index': 0.9684, 'std_dev': 0.0133, 'samples_count': 24}",A100 SXM4
2025-10-26T00:00:00.000Z,2025-10-26T20:00:00.000Z,0.8993,daily,"{'min_index': 0.8206, 'max_index': 0.956, 'std_dev': 0.0404, 'samples_count': 24}",A100 SXM4
2025-10-27T00:00:00.000Z,2025-10-27T20:00:00.000Z,0.8287,daily,"{'min_index': 0.8153, 'max_index': 0.8606, 'std_dev': 0.0145, 'samples_count': 24}",A100 SXM4
2025-10-28T00:00:00.000Z,2025-10-28T20:00:00.000Z,0.8625,daily,"{'min_index': 0.8207, 'max_index': 0.8944, 'std_dev': 0.0204, 'samples_count': 24}",A100 SXM4
2025-10-29T00:00:00.000Z,2025-10-29T20:00:00.000Z,0.8608,daily,"{'min_index': 0.8253, 'max_index': 0.8926, 'std_dev': 0.0216, 'samples_count': 24}",A100 SXM4
2025-10-30T00:00:00.000Z,2025-10-30T20:00:00.000Z,0.8834,daily,"{'min_index': 0.8687, 'max_index': 0.9041, 'std_dev': 0.0084, 'samples_count': 24}",A100 SXM4
2025-10-31T00:00:00.000Z,2025-10-31T20:00:00.000Z,0.892,daily,"{'min_index': 0.8658, 'max_index': 0.904, 'std_dev': 0.0092, 'samples_count': 24}",A100 SXM4
2025-11-01T00:00:00.000Z,2025-11-01T20:00:00.000Z,0.8928,daily,"{'min_index': 0.8681, 'max_index': 0.9298, 'std_dev': 0.0152, 'samples_count': 24}",A100 SXM4
2025-11-02T00:00:00.000Z,2025-11-02T21:00:00.000Z,0.9083,daily,"{'min_index': 0.8863, 'max_index': 0.9278, 'std_dev': 0.0106, 'samples_count': 24}",A100 SXM4
2025-11-03T00:00:00.000Z,2025-11-03T21:00:00.000Z,0.9018,daily,"{'min_index': 0.8671, 'max_index': 0.9343, 'std_dev': 0.0178, 'samples_count': 24}",A100 SXM4
2025-11-04T00:00:00.000Z,2025-11-04T21:00:00.000Z,0.8884,daily,"{'min_index': 0.866, 'max_index': 0.9028, 'std_dev': 0.0111, 'samples_count': 24}",A100 SXM4
2025-11-05T00:00:00.000Z,2025-11-05T21:00:00.000Z,0.9043,daily,"{'min_index': 0.88, 'max_index': 0.9412, 'std_dev': 0.0156, 'samples_count': 24}",A100 SXM4
2025-11-06T00:00:00.000Z,2025-11-06T21:00:00.000Z,0.8917,daily,"{'min_index': 0.882, 'max_index': 0.9041, 'std_dev': 0.007, 'samples_count': 24}",A100 SXM4
2025-11-07T00:00:00.000Z,2025-11-07T21:00:00.000Z,0.9089,daily,"{'min_index': 0.9015, 'max_index': 0.9235, 'std_dev': 0.007, 'samples_count': 24}",A100 SXM4
2025-11-08T00:00:00.000Z,2025-11-08T21:00:00.000Z,0.919,daily,"{'min_index': 0.9165, 'max_index': 0.9349, 'std_dev': 0.0058, 'samples_count': 24}",A100 SXM4
2025-11-09T00:00:00.000Z,2025-11-09T21:00:00.000Z,0.9181,daily,"{'min_index': 0.8957, 'max_index': 0.9346, 'std_dev': 0.01, 'samples_count': 24}",A100 SXM4
2025-11-10T00:00:00.000Z,2025-11-10T21:00:00.000Z,0.9222,daily,"{'min_index': 0.891, 'max_index': 0.9446, 'std_dev': 0.0128, 'samples_count': 24}",A100 SXM4
2025-11-11T00:00:00.000Z,2025-11-11T21:00:00.000Z,0.9221,daily,"{'min_index': 0.9093, 'max_index': 0.9371, 'std_dev': 0.0079, 'samples_count': 24}",A100 SXM4
2025-11-12T00:00:00.000Z,2025-11-12T21:00:00.000Z,0.8931,daily,"{'min_index': 0.8687, 'max_index': 0.921, 'std_dev': 0.0138, 'samples_count': 24}",A100 SXM4
2025-11-13T00:00:00.000Z,2025-11-13T21:00:00.000Z,0.9078,daily,"{'min_index': 0.8805, 'max_index': 0.9334, 'std_dev': 0.0136, 'samples_count': 24}",A100 SXM4
2025-11-14T00:00:00.000Z,2025-11-14T21:00:00.000Z,0.8874,daily,"{'min_index': 0.8652, 'max_index': 0.9168, 'std_dev': 0.0176, 'samples_count': 24}",A100 SXM4
2025-11-15T00:00:00.000Z,2025-11-15T21:00:00.000Z,0.8694,daily,"{'min_index': 0.8569, 'max_index': 0.8752, 'std_dev': 0.0043, 'samples_count': 24}",A100 SXM4
2025-11-16T00:00:00.000Z,2025-11-16T21:00:00.000Z,0.8742,daily,"{'min_index': 0.8661, 'max_index': 0.8914, 'std_dev': 0.0067, 'samples_count': 24}",A100 SXM4
2025-11-17T00:00:00.000Z,2025-11-17T21:00:00.000Z,0.8768,daily,"{'min_index': 0.8658, 'max_index': 0.8884, 'std_dev': 0.0067, 'samples_count': 24}",A100 SXM4
2025-11-18T00:00:00.000Z,2025-11-18T21:00:00.000Z,0.874,daily,"{'min_index': 0.8591, 'max_index': 0.8837, 'std_dev': 0.0054, 'samples_count': 24}",A100 SXM4
2025-11-19T00:00:00.000Z,2025-11-19T21:00:00.000Z,0.8921,daily,"{'min_index': 0.8758, 'max_index': 0.9041, 'std_dev': 0.0076, 'samples_count': 24}",A100 SXM4
2025-11-20T00:00:00.000Z,2025-11-20T21:00:00.000Z,0.8905,daily,"{'min_index': 0.8681, 'max_index': 0.958, 'std_dev': 0.025, 'samples_count': 24}",A100 SXM4
2025-11-21T00:00:00.000Z,2025-11-21T21:00:00.000Z,0.9317,daily,"{'min_index': 0.8966, 'max_index': 0.9571, 'std_dev': 0.0139, 'samples_count': 24}",A100 SXM4
2025-11-22T00:00:00.000Z,2025-11-22T21:00:00.000Z,0.9056,daily,"{'min_index': 0.8806, 'max_index': 0.9227, 'std_dev': 0.012, 'samples_count': 24}",A100 SXM4
2025-11-23T00:00:00.000Z,2025-11-23T21:00:00.000Z,0.9128,daily,"{'min_index': 0.881, 'max_index': 0.9547, 'std_dev': 0.0175, 'samples_count': 24}",A100 SXM4
2025-11-24T00:00:00.000Z,2025-11-24T21:00:00.000Z,0.9389,daily,"{'min_index': 0.8953, 'max_index': 1.0015, 'std_dev': 0.0354, 'samples_count': 24}",A100 SXM4
2025-11-25T00:00:00.000Z,2025-11-25T21:00:00.000Z,1.0123,daily,"{'min_index': 0.9743, 'max_index': 1.0595, 'std_dev': 0.0318, 'samples_count': 24}",A100 SXM4
2025-11-26T00:00:00.000Z,2025-11-26T21:00:00.000Z,1.0112,daily,"{'min_index': 0.9638, 'max_index': 1.0343, 'std_dev': 0.0253, 'samples_count': 24}",A100 SXM4
2025-11-27T00:00:00.000Z,2025-11-27T21:00:00.000Z,1.0436,daily,"{'min_index': 0.959, 'max_index': 1.1037, 'std_dev': 0.0472, 'samples_count': 24}",A100 SXM4
2025-11-28T00:00:00.000Z,2025-11-28T21:00:00.000Z,1.0023,daily,"{'min_index': 0.9695, 'max_index': 1.0457, 'std_dev': 0.0195, 'samples_count': 24}",A100 SXM4
2025-11-29T00:00:00.000Z,2025-11-29T21:00:00.000Z,0.9563,daily,"{'min_index': 0.8955, 'max_index': 1.0316, 'std_dev': 0.0392, 'samples_count': 24}",A100 SXM4
2025-11-30T00:00:00.000Z,2025-11-30T21:00:00.000Z,0.9228,daily,"{'min_index': 0.8816, 'max_index': 0.9675, 'std_dev': 0.0259, 'samples_count': 24}",A100 SXM4
2025-12-01T00:00:00.000Z,2025-12-01T21:00:00.000Z,0.9062,daily,"{'min_index': 0.8855, 'max_index': 0.9718, 'std_dev': 0.0186, 'samples_count': 24}",A100 SXM4
2025-12-02T00:00:00.000Z,2025-12-02T21:00:00.000Z,0.8951,daily,"{'min_index': 0.8594, 'max_index': 0.914, 'std_dev': 0.0114, 'samples_count': 24}",A100 SXM4
2025-12-03T00:00:00.000Z,2025-12-03T21:00:00.000Z,0.8961,daily,"{'min_index': 0.8392, 'max_index': 0.963, 'std_dev': 0.0432, 'samples_count': 24}",A100 SXM4
2025-12-04T00:00:00.000Z,2025-12-04T21:00:00.000Z,1.0006,daily,"{'min_index': 0.9556, 'max_index': 1.063, 'std_dev': 0.0385, 'samples_count': 24}",A100 SXM4
2025-12-05T00:00:00.000Z,2025-12-05T21:00:00.000Z,1.0064,daily,"{'min_index': 0.9866, 'max_index': 1.0235, 'std_dev': 0.0107, 'samples_count': 24}",A100 SXM4
2025-12-06T00:00:00.000Z,2025-12-06T21:00:00.000Z,1.0181,daily,"{'min_index': 1.002, 'max_index': 1.027, 'std_dev': 0.0062, 'samples_count': 24}",A100 SXM4
2025-12-07T00:00:00.000Z,2025-12-07T21:00:00.000Z,1.0137,daily,"{'min_index': 0.9925, 'max_index': 1.0311, 'std_dev': 0.0118, 'samples_count': 24}",A100 SXM4
2025-12-08T00:00:00.000Z,2025-12-08T21:00:00.000Z,1.005,daily,"{'min_index': 0.9613, 'max_index': 1.0333, 'std_dev': 0.0207, 'samples_count': 24}",A100 SXM4
2025-12-09T00:00:00.000Z,2025-12-09T21:00:00.000Z,1.0017,daily,"{'min_index': 0.9674, 'max_index': 1.0247, 'std_dev': 0.0194, 'samples_count': 24}",A100 SXM4
2025-12-10T00:00:00.000Z,2025-12-10T21:00:00.000Z,0.9685,daily,"{'min_index': 0.9424, 'max_index': 1.0035, 'std_dev': 0.0147, 'samples_count': 24}",A100 SXM4
2025-12-11T00:00:00.000Z,2025-12-11T21:00:00.000Z,0.9394,daily,"{'min_index': 0.9088, 'max_index': 0.9755, 'std_dev': 0.0158, 'samples_count': 24}",A100 SXM4
2025-12-12T00:00:00.000Z,2025-12-12T21:00:00.000Z,0.9222,daily,"{'min_index': 0.9056, 'max_index': 0.9537, 'std_dev': 0.0149, 'samples_count': 23}",A100 SXM4
2025-12-13T00:00:00.000Z,2025-12-13T21:00:00.000Z,0.9225,daily,"{'min_index': 0.8924, 'max_index': 0.9481, 'std_dev': 0.0151, 'samples_count': 24}",A100 SXM4
2025-12-14T00:00:00.000Z,2025-12-14T21:00:00.000Z,0.9008,daily,"{'min_index': 0.8747, 'max_index': 0.9344, 'std_dev': 0.0139, 'samples_count': 24}",A100 SXM4
2025-12-15T00:00:00.000Z,2025-12-15T21:00:00.000Z,0.8883,daily,"{'min_index': 0.8745, 'max_index': 0.9056, 'std_dev': 0.0104, 'samples_count': 24}",A100 SXM4
2025-12-16T00:00:00.000Z,2025-12-16T21:00:00.000Z,0.8865,daily,"{'min_index': 0.871, 'max_index': 0.9032, 'std_dev': 0.0074, 'samples_count': 23}",A100 SXM4
2025-12-17T00:00:00.000Z,2025-12-17T21:00:00.000Z,0.8771,daily,"{'min_index': 0.8609, 'max_index': 0.8927, 'std_dev': 0.0097, 'samples_count': 24}",A100 SXM4
2025-12-18T00:00:00.000Z,2025-12-18T21:00:00.000Z,0.8838,daily,"{'min_index': 0.8596, 'max_index': 0.9226, 'std_dev': 0.016, 'samples_count': 24}",A100 SXM4
2025-12-19T00:00:00.000Z,2025-12-19T21:00:00.000Z,0.8996,daily,"{'min_index': 0.8757, 'max_index': 0.9238, 'std_dev': 0.0147, 'samples_count': 24}",A100 SXM4
2025-12-20T00:00:00.000Z,2025-12-20T21:00:00.000Z,0.8821,daily,"{'min_index': 0.8597, 'max_index': 0.9002, 'std_dev': 0.0096, 'samples_count': 24}",A100 SXM4
2025-12-21T00:00:00.000Z,2025-12-21T21:00:00.000Z,0.8804,daily,"{'min_index': 0.8605, 'max_index': 0.8946, 'std_dev': 0.0066, 'samples_count': 24}",A100 SXM4
2025-12-22T00:00:00.000Z,2025-12-22T21:00:00.000Z,0.8783,daily,"{'min_index': 0.8664, 'max_index': 0.8889, 'std_dev': 0.0058, 'samples_count': 24}",A100 SXM4
2025-12-23T00:00:00.000Z,2025-12-23T21:00:00.000Z,0.8742,daily,"{'min_index': 0.8427, 'max_index': 0.8914, 'std_dev': 0.0124, 'samples_count': 24}",A100 SXM4
2025-12-24T00:00:00.000Z,2025-12-24T21:00:00.000Z,0.8896,daily,"{'min_index': 0.8687, 'max_index': 0.9142, 'std_dev': 0.0127, 'samples_count': 24}",A100 SXM4
2025-12-25T00:00:00.000Z,2025-12-25T21:00:00.000Z,0.8904,daily,"{'min_index': 0.8708, 'max_index': 0.9071, 'std_dev': 0.0091, 'samples_count': 24}",A100 SXM4
2025-12-26T00:00:00.000Z,2025-12-26T21:00:00.000Z,0.8983,daily,"{'min_index': 0.8856, 'max_index': 0.9506, 'std_dev': 0.0138, 'samples_count': 24}",A100 SXM4
2025-12-27T00:00:00.000Z,2025-12-27T21:00:00.000Z,0.9371,daily,"{'min_index': 0.898, 'max_index': 0.9669, 'std_dev': 0.0169, 'samples_count': 24}",A100 SXM4
2025-12-28T00:00:00.000Z,2025-12-28T21:00:00.000Z,0.9063,daily,"{'min_index': 0.8756, 'max_index': 0.9394, 'std_dev': 0.0198, 'samples_count': 24}",A100 SXM4
2025-12-29T00:00:00.000Z,2025-12-29T21:00:00.000Z,0.875,daily,"{'min_index': 0.8559, 'max_index': 0.8946, 'std_dev': 0.0121, 'samples_count': 24}",A100 SXM4
2025-12-30T00:00:00.000Z,2025-12-30T21:00:00.000Z,0.8854,daily,"{'min_index': 0.8491, 'max_index': 0.9019, 'std_dev': 0.0098, 'samples_count': 24}",A100 SXM4
2026-01-01T00:00:00.000Z,2026-01-01T21:00:00.000Z,0.9012,daily,"{'min_index': 0.8835, 'max_index': 0.9299, 'std_dev': 0.0107, 'samples_count': 24}",A100 SXM4
2026-01-02T00:00:00.000Z,2026-01-02T21:00:00.000Z,0.8988,daily,"{'min_index': 0.8846, 'max_index': 0.9099, 'std_dev': 0.0065, 'samples_count': 24}",A100 SXM4
2026-01-03T00:00:00.000Z,2026-01-03T21:00:00.000Z,0.8867,daily,"{'min_index': 0.8582, 'max_index': 0.9049, 'std_dev': 0.0156, 'samples_count': 24}",A100 SXM4
2026-01-04T00:00:00.000Z,2026-01-04T21:00:00.000Z,0.8888,daily,"{'min_index': 0.8708, 'max_index': 0.9012, 'std_dev': 0.0084, 'samples_count': 24}",A100 SXM4
2026-01-05T00:00:00.000Z,2026-01-05T21:00:00.000Z,0.8692,daily,"{'min_index': 0.8322, 'max_index': 0.8939, 'std_dev': 0.0155, 'samples_count': 24}",A100 SXM4
2026-01-06T00:00:00.000Z,2026-01-06T21:00:00.000Z,0.8792,daily,"{'min_index': 0.8592, 'max_index': 0.897, 'std_dev': 0.0132, 'samples_count': 24}",A100 SXM4
2026-01-07T00:00:00.000Z,2026-01-07T21:00:00.000Z,0.8633,daily,"{'min_index': 0.8263, 'max_index': 0.8799, 'std_dev': 0.0174, 'samples_count': 24}",A100 SXM4
2026-01-08T00:00:00.000Z,2026-01-08T21:00:00.000Z,0.8383,daily,"{'min_index': 0.8156, 'max_index': 0.8696, 'std_dev': 0.0164, 'samples_count': 24}",A100 SXM4
2026-01-09T00:00:00.000Z,2026-01-09T21:00:00.000Z,0.8271,daily,"{'min_index': 0.819, 'max_index': 0.8448, 'std_dev': 0.0067, 'samples_count': 24}",A100 SXM4
2026-01-10T00:00:00.000Z,2026-01-10T21:00:00.000Z,0.8263,daily,"{'min_index': 0.8014, 'max_index': 0.8439, 'std_dev': 0.0106, 'samples_count': 24}",A100 SXM4
2026-01-11T00:00:00.000Z,2026-01-11T21:00:00.000Z,0.8342,daily,"{'min_index': 0.8075, 'max_index': 0.8503, 'std_dev': 0.0109, 'samples_count': 24}",A100 SXM4
2026-01-12T00:00:00.000Z,2026-01-12T21:00:00.000Z,0.8204,daily,"{'min_index': 0.7982, 'max_index': 0.8436, 'std_dev': 0.0117, 'samples_count': 24}",A100 SXM4
2026-01-13T00:00:00.000Z,2026-01-13T21:00:00.000Z,0.8442,daily,"{'min_index': 0.8274, 'max_index': 0.8637, 'std_dev': 0.0096, 'samples_count': 24}",A100 SXM4
2026-01-14T00:00:00.000Z,2026-01-14T21:00:00.000Z,0.8263,daily,"{'min_index': 0.8099, 'max_index': 0.8402, 'std_dev': 0.0072, 'samples_count': 24}",A100 SXM4
2026-01-15T00:00:00.000Z,2026-01-15T21:00:00.000Z,0.8071,daily,"{'min_index': 0.7664, 'max_index': 0.8342, 'std_dev': 0.0194, 'samples_count': 24}",A100 SXM4
2026-01-16T00:00:00.000Z,2026-01-16T21:00:00.000Z,0.7883,daily,"{'min_index': 0.7696, 'max_index': 0.812, 'std_dev': 0.0095, 'samples_count': 24}",A100 SXM4
2026-01-17T00:00:00.000Z,2026-01-17T21:00:00.000Z,0.7908,daily,"{'min_index': 0.7756, 'max_index': 0.8038, 'std_dev': 0.0071, 'samples_count': 24}",A100 SXM4
2026-01-18T00:00:00.000Z,2026-01-18T21:00:00.000Z,0.7958,daily,"{'min_index': 0.7666, 'max_index': 0.8308, 'std_dev': 0.0199, 'samples_count': 24}",A100 SXM4
2026-01-19T00:00:00.000Z,2026-01-19T21:00:00.000Z,0.8237,daily,"{'min_index': 0.8056, 'max_index': 0.8341, 'std_dev': 0.0093, 'samples_count': 24}",A100 SXM4
2026-01-20T00:00:00.000Z,2026-01-20T21:00:00.000Z,0.8108,daily,"{'min_index': 0.7969, 'max_index': 0.8241, 'std_dev': 0.0079, 'samples_count': 24}",A100 SXM4
2026-01-21T00:00:00.000Z,2026-01-21T21:00:00.000Z,0.8179,daily,"{'min_index': 0.8069, 'max_index': 0.8342, 'std_dev': 0.0063, 'samples_count': 24}",A100 SXM4
2026-01-22T00:00:00.000Z,2026-01-22T21:00:00.000Z,0.8183,daily,"{'min_index': 0.8025, 'max_index': 0.8341, 'std_dev': 0.0081, 'samples_count': 24}",A100 SXM4
2026-01-23T00:00:00.000Z,2026-01-23T21:00:00.000Z,0.8092,daily,"{'min_index': 0.7962, 'max_index': 0.8258, 'std_dev': 0.0078, 'samples_count': 24}",A100 SXM4
2026-01-24T00:00:00.000Z,2026-01-24T21:00:00.000Z,0.7975,daily,"{'min_index': 0.7891, 'max_index': 0.8139, 'std_dev': 0.0067, 'samples_count': 24}",A100 SXM4
2026-01-25T00:00:00.000Z,2026-01-25T21:00:00.000Z,0.8067,daily,"{'min_index': 0.7952, 'max_index': 0.8147, 'std_dev': 0.0056, 'samples_count': 24}",A100 SXM4
2026-01-26T00:00:00.000Z,2026-01-26T21:00:00.000Z,0.805,daily,"{'min_index': 0.7795, 'max_index': 0.8218, 'std_dev': 0.01, 'samples_count': 24}",A100 SXM4
2026-01-27T00:00:00.000Z,2026-01-27T21:00:00.000Z,0.8213,daily,"{'min_index': 0.8112, 'max_index': 0.8345, 'std_dev': 0.0057, 'samples_count': 24}",A100 SXM4
2026-01-28T00:00:00.000Z,2026-01-28T21:00:00.000Z,0.8258,daily,"{'min_index': 0.8051, 'max_index': 0.8512, 'std_dev': 0.0113, 'samples_count': 24}",A100 SXM4
2026-01-29T00:00:00.000Z,2026-01-29T21:00:00.000Z,0.8179,daily,"{'min_index': 0.7974, 'max_index': 0.8332, 'std_dev': 0.0095, 'samples_count': 24}",A100 SXM4
2026-01-30T00:00:00.000Z,2026-01-30T21:00:00.000Z,0.8029,daily,"{'min_index': 0.7952, 'max_index': 0.8138, 'std_dev': 0.0055, 'samples_count': 24}",A100 SXM4
2026-01-31T00:00:00.000Z,2026-01-31T21:00:00.000Z,0.8008,daily,"{'min_index': 0.7766, 'max_index': 0.8206, 'std_dev': 0.0125, 'samples_count': 24}",A100 SXM4
2026-02-01T00:00:00.000Z,2026-02-01T21:00:00.000Z,0.795,daily,"{'min_index': 0.7655, 'max_index': 0.8124, 'std_dev': 0.0116, 'samples_count': 24}",A100 SXM4
2026-02-02T00:00:00.000Z,2026-02-02T21:00:00.000Z,0.8254,daily,"{'min_index': 0.8054, 'max_index': 0.8541, 'std_dev': 0.0161, 'samples_count': 24}",A100 SXM4
2026-02-03T00:00:00.000Z,2026-02-03T21:00:00.000Z,0.8233,daily,"{'min_index': 0.8004, 'max_index': 0.8616, 'std_dev': 0.0173, 'samples_count': 24}",A100 SXM4
2026-02-04T00:00:00.000Z,2026-02-04T21:00:00.000Z,0.8008,daily,"{'min_index': 0.779, 'max_index': 0.8253, 'std_dev': 0.0111, 'samples_count': 24}",A100 SXM4
2026-02-05T00:00:00.000Z,2026-02-05T21:00:00.000Z,0.8033,daily,"{'min_index': 0.7871, 'max_index': 0.8154, 'std_dev': 0.0075, 'samples_count': 24}",A100 SXM4
2026-02-06T00:00:00.000Z,2026-02-06T21:00:00.000Z,0.8079,daily,"{'min_index': 0.7883, 'max_index': 0.8302, 'std_dev': 0.0103, 'samples_count': 24}",A100 SXM4
2026-02-07T00:00:00.000Z,2026-02-07T21:00:00.000Z,0.8054,daily,"{'min_index': 0.7965, 'max_index': 0.823, 'std_dev': 0.0077, 'samples_count': 24}",A100 SXM4
2026-02-08T00:00:00.000Z,2026-02-08T21:00:00.000Z,0.8133,daily,"{'min_index': 0.792, 'max_index': 0.8339, 'std_dev': 0.0118, 'samples_count': 24}",A100 SXM4
2026-02-09T00:00:00.000Z,2026-02-09T21:00:00.000Z,0.7996,daily,"{'min_index': 0.7861, 'max_index': 0.8184, 'std_dev': 0.0093, 'samples_count': 24}",A100 SXM4
2026-02-10T00:00:00.000Z,2026-02-10T21:00:00.000Z,0.7971,daily,"{'min_index': 0.7826, 'max_index': 0.812, 'std_dev': 0.0084, 'samples_count': 24}",A100 SXM4
2026-02-11T00:00:00.000Z,2026-02-11T21:00:00.000Z,0.8079,daily,"{'min_index': 0.7907, 'max_index': 0.8324, 'std_dev': 0.0097, 'samples_count': 24}",A100 SXM4
2026-02-12T00:00:00.000Z,2026-02-12T21:00:00.000Z,0.8096,daily,"{'min_index': 0.7953, 'max_index': 0.83, 'std_dev': 0.0096, 'samples_count': 24}",A100 SXM4
2026-02-13T00:00:00.000Z,2026-02-13T21:00:00.000Z,0.7996,daily,"{'min_index': 0.7765, 'max_index': 0.8144, 'std_dev': 0.0081, 'samples_count': 24}",A100 SXM4
2026-02-14T00:00:00.000Z,2026-02-14T21:00:00.000Z,0.8021,daily,"{'min_index': 0.7787, 'max_index': 0.8294, 'std_dev': 0.0141, 'samples_count': 24}",A100 SXM4
2026-02-15T00:00:00.000Z,2026-02-15T21:00:00.000Z,0.8046,daily,"{'min_index': 0.7675, 'max_index': 0.8315, 'std_dev': 0.0157, 'samples_count': 24}",A100 SXM4
2026-02-16T00:00:00.000Z,2026-02-16T21:00:00.000Z,0.8187,daily,"{'min_index': 0.7886, 'max_index': 0.8431, 'std_dev': 0.0152, 'samples_count': 24}",A100 SXM4
2026-02-17T00:00:00.000Z,2026-02-17T21:00:00.000Z,0.8092,daily,"{'min_index': 0.7948, 'max_index': 0.8337, 'std_dev': 0.0115, 'samples_count': 24}",A100 SXM4
2026-02-18T00:00:00.000Z,2026-02-18T21:00:00.000Z,0.8092,daily,"{'min_index': 0.7894, 'max_index': 0.8342, 'std_dev': 0.0146, 'samples_count': 24}",A100 SXM4
2026-02-19T00:00:00.000Z,2026-02-19T21:00:00.000Z,0.8275,daily,"{'min_index': 0.7967, 'max_index': 0.8431, 'std_dev': 0.0102, 'samples_count': 24}",A100 SXM4
2026-02-20T00:00:00.000Z,2026-02-20T21:00:00.000Z,0.8219,daily,"{'min_index': 0.8027, 'max_index': 0.8424, 'std_dev': 0.0083, 'samples_count': 22}",A100 SXM4
2026-02-21T00:00:00.000Z,2026-02-21T21:00:00.000Z,0.8175,daily,"{'min_index': 0.7979, 'max_index': 0.8343, 'std_dev': 0.0093, 'samples_count': 24}",A100 SXM4
2026-02-22T00:00:00.000Z,2026-02-22T21:00:00.000Z,0.795,daily,"{'min_index': 0.7704, 'max_index': 0.8238, 'std_dev': 0.0149, 'samples_count': 24}",A100 SXM4
2026-02-23T00:00:00.000Z,2026-02-23T21:00:00.000Z,0.8129,daily,"{'min_index': 0.7877, 'max_index': 0.8259, 'std_dev': 0.0089, 'samples_count': 24}",A100 SXM4
2026-02-24T00:00:00.000Z,2026-02-24T21:00:00.000Z,0.8163,daily,"{'min_index': 0.8057, 'max_index': 0.8229, 'std_dev': 0.005, 'samples_count': 24}",A100 SXM4
2026-02-25T00:00:00.000Z,2026-02-25T21:00:00.000Z,0.82,daily,"{'min_index': 0.8058, 'max_index': 0.8335, 'std_dev': 0.0078, 'samples_count': 24}",A100 SXM4
2026-02-26T00:00:00.000Z,2026-02-26T21:00:00.000Z,0.8329,daily,"{'min_index': 0.821, 'max_index': 0.8548, 'std_dev': 0.0109, 'samples_count': 24}",A100 SXM4
2026-02-27T00:00:00.000Z,2026-02-27T21:00:00.000Z,0.8413,daily,"{'min_index': 0.8183, 'max_index': 0.8549, 'std_dev': 0.0099, 'samples_count': 24}",A100 SXM4
2026-02-28T00:00:00.000Z,2026-02-28T21:00:00.000Z,0.8342,daily,"{'min_index': 0.8196, 'max_index': 0.8469, 'std_dev': 0.0072, 'samples_count': 24}",A100 SXM4
2026-03-01T00:00:00.000Z,2026-03-01T21:00:00.000Z,0.835,daily,"{'min_index': 0.7969, 'max_index': 0.8523, 'std_dev': 0.0116, 'samples_count': 24}",A100 SXM4
2026-03-02T00:00:00.000Z,2026-03-02T21:00:00.000Z,0.8425,daily,"{'min_index': 0.8198, 'max_index': 0.8577, 'std_dev': 0.0076, 'samples_count': 24}",A100 SXM4
2026-03-03T00:00:00.000Z,2026-03-03T21:00:00.000Z,0.8429,daily,"{'min_index': 0.8352, 'max_index': 0.8946, 'std_dev': 0.0136, 'samples_count': 24}",A100 SXM4
2026-03-04T00:00:00.000Z,2026-03-04T21:00:00.000Z,0.8796,daily,"{'min_index': 0.8672, 'max_index': 0.8895, 'std_dev': 0.0055, 'samples_count': 24}",A100 SXM4
2026-03-05T00:00:00.000Z,2026-03-05T21:00:00.000Z,0.8758,daily,"{'min_index': 0.8655, 'max_index': 0.8884, 'std_dev': 0.0067, 'samples_count': 24}",A100 SXM4
2026-03-06T00:00:00.000Z,2026-03-06T21:00:00.000Z,0.8791,daily,"{'min_index': 0.8673, 'max_index': 0.8948, 'std_dev': 0.0085, 'samples_count': 23}",A100 SXM4
2026-03-07T00:00:00.000Z,2026-03-07T21:00:00.000Z,0.8892,daily,"{'min_index': 0.8674, 'max_index': 0.9147, 'std_dev': 0.0144, 'samples_count': 24}",A100 SXM4
2026-03-08T00:00:00.000Z,2026-03-08T20:00:00.000Z,0.9046,daily,"{'min_index': 0.878, 'max_index': 0.9157, 'std_dev': 0.0109, 'samples_count': 24}",A100 SXM4
2026-03-09T00:00:00.000Z,2026-03-09T20:00:00.000Z,0.8892,daily,"{'min_index': 0.8765, 'max_index': 0.9078, 'std_dev': 0.0091, 'samples_count': 24}",A100 SXM4
2026-03-10T00:00:00.000Z,2026-03-10T20:00:00.000Z,0.905,daily,"{'min_index': 0.886, 'max_index': 0.9281, 'std_dev': 0.0134, 'samples_count': 24}",A100 SXM4
2026-03-11T00:00:00.000Z,2026-03-11T20:00:00.000Z,0.9254,daily,"{'min_index': 0.9001, 'max_index': 0.9704, 'std_dev': 0.0206, 'samples_count': 24}",A100 SXM4
2026-03-12T00:00:00.000Z,2026-03-12T20:00:00.000Z,0.9421,daily,"{'min_index': 0.9189, 'max_index': 0.9641, 'std_dev': 0.012, 'samples_count': 24}",A100 SXM4
2026-03-13T00:00:00.000Z,2026-03-13T20:00:00.000Z,0.96,daily,"{'min_index': 0.9389, 'max_index': 1.0016, 'std_dev': 0.0185, 'samples_count': 24}",A100 SXM4
2026-03-14T00:00:00.000Z,2026-03-14T20:00:00.000Z,0.9517,daily,"{'min_index': 0.9219, 'max_index': 0.9743, 'std_dev': 0.0163, 'samples_count': 24}",A100 SXM4
2026-03-15T00:00:00.000Z,2026-03-15T20:00:00.000Z,0.9217,daily,"{'min_index': 0.8988, 'max_index': 0.9356, 'std_dev': 0.0084, 'samples_count': 24}",A100 SXM4
2026-03-16T00:00:00.000Z,2026-03-16T20:00:00.000Z,0.9075,daily,"{'min_index': 0.8784, 'max_index': 0.9214, 'std_dev': 0.009, 'samples_count': 24}",A100 SXM4
2026-03-17T00:00:00.000Z,2026-03-17T20:00:00.000Z,0.9,daily,"{'min_index': 0.8803, 'max_index': 0.9218, 'std_dev': 0.0088, 'samples_count': 24}",A100 SXM4
2026-03-18T00:00:00.000Z,2026-03-18T20:00:00.000Z,0.9004,daily,"{'min_index': 0.8912, 'max_index': 0.9248, 'std_dev': 0.0064, 'samples_count': 24}",A100 SXM4
2026-03-19T00:00:00.000Z,2026-03-19T20:00:00.000Z,0.8996,daily,"{'min_index': 0.8855, 'max_index': 0.9143, 'std_dev': 0.0058, 'samples_count': 24}",A100 SXM4
2026-03-20T00:00:00.000Z,2026-03-20T20:00:00.000Z,0.8983,daily,"{'min_index': 0.8853, 'max_index': 0.9038, 'std_dev': 0.005, 'samples_count': 24}",A100 SXM4
2026-03-21T00:00:00.000Z,2026-03-21T20:00:00.000Z,0.9142,daily,"{'min_index': 0.8931, 'max_index': 0.9293, 'std_dev': 0.0069, 'samples_count': 24}",A100 SXM4
2026-03-22T00:00:00.000Z,2026-03-22T20:00:00.000Z,0.9183,daily,"{'min_index': 0.8995, 'max_index': 0.9385, 'std_dev': 0.0106, 'samples_count': 24}",A100 SXM4
2026-03-23T00:00:00.000Z,2026-03-23T20:00:00.000Z,0.9125,daily,"{'min_index': 0.8895, 'max_index': 0.933, 'std_dev': 0.0088, 'samples_count': 24}",A100 SXM4
2026-03-24T00:00:00.000Z,2026-03-24T20:00:00.000Z,0.9033,daily,"{'min_index': 0.8865, 'max_index': 0.9214, 'std_dev': 0.0089, 'samples_count': 24}",A100 SXM4
2026-03-25T00:00:00.000Z,2026-03-25T20:00:00.000Z,0.9133,daily,"{'min_index': 0.9056, 'max_index': 0.9247, 'std_dev': 0.0062, 'samples_count': 24}",A100 SXM4
2026-03-26T00:00:00.000Z,2026-03-26T20:00:00.000Z,0.9252,daily,"{'min_index': 0.9082, 'max_index': 0.9406, 'std_dev': 0.0086, 'samples_count': 18}",A100 SXM4
2026-03-27T00:00:00.000Z,2026-03-27T20:00:00.000Z,0.961,daily,"{'min_index': 0.9458, 'max_index': 0.9746, 'std_dev': 0.0086, 'samples_count': 13}",A100 SXM4
2026-03-28T00:00:00.000Z,2026-03-28T20:00:00.000Z,0.9492,daily,"{'min_index': 0.9286, 'max_index': 0.9631, 'std_dev': 0.0101, 'samples_count': 24}",A100 SXM4
2026-03-29T00:00:00.000Z,2026-03-29T20:00:00.000Z,0.9342,daily,"{'min_index': 0.9194, 'max_index': 0.9432, 'std_dev': 0.0061, 'samples_count': 24}",A100 SXM4
2026-03-30T00:00:00.000Z,2026-03-30T20:00:00.000Z,0.9404,daily,"{'min_index': 0.9267, 'max_index': 0.9642, 'std_dev': 0.0139, 'samples_count': 24}",A100 SXM4
2026-03-31T00:00:00.000Z,2026-03-31T20:00:00.000Z,0.9587,daily,"{'min_index': 0.9471, 'max_index': 0.9638, 'std_dev': 0.005, 'samples_count': 24}",A100 SXM4
2026-04-01T00:00:00.000Z,2026-04-01T20:00:00.000Z,0.945,daily,"{'min_index': 0.927, 'max_index': 0.9637, 'std_dev': 0.0086, 'samples_count': 24}",A100 SXM4
2026-04-02T00:00:00.000Z,2026-04-02T20:00:00.000Z,0.9537,daily,"{'min_index': 0.9375, 'max_index': 0.964, 'std_dev': 0.0062, 'samples_count': 24}",A100 SXM4
2026-04-03T00:00:00.000Z,2026-04-03T20:00:00.000Z,0.96,daily,"{'min_index': 0.9407, 'max_index': 0.9796, 'std_dev': 0.0106, 'samples_count': 24}",A100 SXM4
2026-04-04T00:00:00.000Z,2026-04-04T20:00:00.000Z,0.9708,daily,"{'min_index': 0.9496, 'max_index': 0.9748, 'std_dev': 0.0049, 'samples_count': 24}",A100 SXM4
2026-04-05T00:00:00.000Z,2026-04-05T20:00:00.000Z,0.9604,daily,"{'min_index': 0.9475, 'max_index': 0.9725, 'std_dev': 0.0069, 'samples_count': 24}",A100 SXM4
2026-04-06T00:00:00.000Z,2026-04-06T20:00:00.000Z,0.9754,daily,"{'min_index': 0.9621, 'max_index': 0.996, 'std_dev': 0.0093, 'samples_count': 24}",A100 SXM4
2026-04-07T00:00:00.000Z,2026-04-07T20:00:00.000Z,0.9892,daily,"{'min_index': 0.9763, 'max_index': 0.9947, 'std_dev': 0.0044, 'samples_count': 24}",A100 SXM4
2026-04-08T00:00:00.000Z,2026-04-08T20:00:00.000Z,1.0017,daily,"{'min_index': 0.9701, 'max_index': 1.0607, 'std_dev': 0.0311, 'samples_count': 24}",A100 SXM4
2026-04-09T00:00:00.000Z,2026-04-09T20:00:00.000Z,1.0767,daily,"{'min_index': 1.0385, 'max_index': 1.1466, 'std_dev': 0.0438, 'samples_count': 24}",A100 SXM4
2026-04-10T00:00:00.000Z,2026-04-10T20:00:00.000Z,1.1262,daily,"{'min_index': 1.0761, 'max_index': 1.1445, 'std_dev': 0.0262, 'samples_count': 24}",A100 SXM4
2026-04-11T00:00:00.000Z,2026-04-11T20:00:00.000Z,1.0783,daily,"{'min_index': 1.0481, 'max_index': 1.1434, 'std_dev': 0.0266, 'samples_count': 24}",A100 SXM4
2026-04-12T00:00:00.000Z,2026-04-12T20:00:00.000Z,1.0908,daily,"{'min_index': 1.0479, 'max_index': 1.1314, 'std_dev': 0.0262, 'samples_count': 24}",A100 SXM4
2026-04-13T00:00:00.000Z,2026-04-13T20:00:00.000Z,1.0717,daily,"{'min_index': 1.0462, 'max_index': 1.0943, 'std_dev': 0.0148, 'samples_count': 24}",A100 SXM4
2026-04-14T00:00:00.000Z,2026-04-14T20:00:00.000Z,1.0729,daily,"{'min_index': 1.0433, 'max_index': 1.1047, 'std_dev': 0.017, 'samples_count': 24}",A100 SXM4
2026-04-15T00:00:00.000Z,2026-04-15T20:00:00.000Z,1.0867,daily,"{'min_index': 1.037, 'max_index': 1.1037, 'std_dev': 0.0199, 'samples_count': 24}",A100 SXM4
2026-04-16T00:00:00.000Z,2026-04-16T20:00:00.000Z,1.0533,daily,"{'min_index': 1.017, 'max_index': 1.0737, 'std_dev': 0.0162, 'samples_count': 24}",A100 SXM4
2026-04-17T00:00:00.000Z,2026-04-17T20:00:00.000Z,1.0283,daily,"{'min_index': 0.9872, 'max_index': 1.0622, 'std_dev': 0.0193, 'samples_count': 24}",A100 SXM4
2026-04-18T00:00:00.000Z,2026-04-18T20:00:00.000Z,1.0167,daily,"{'min_index': 0.9852, 'max_index': 1.0345, 'std_dev': 0.01, 'samples_count': 24}",A100 SXM4
2026-04-19T00:00:00.000Z,2026-04-19T20:00:00.000Z,1.0258,daily,"{'min_index': 1.0107, 'max_index': 1.0477, 'std_dev': 0.0105, 'samples_count': 24}",A100 SXM4
2026-04-20T00:00:00.000Z,2026-04-20T20:00:00.000Z,1.0708,daily,"{'min_index': 1.0306, 'max_index': 1.1078, 'std_dev': 0.0218, 'samples_count': 24}",A100 SXM4
2026-04-21T00:00:00.000Z,2026-04-21T20:00:00.000Z,1.0892,daily,"{'min_index': 1.0661, 'max_index': 1.1043, 'std_dev': 0.0102, 'samples_count': 24}",A100 SXM4
2026-04-22T00:00:00.000Z,2026-04-22T20:00:00.000Z,1.075,daily,"{'min_index': 1.031, 'max_index': 1.0915, 'std_dev': 0.0125, 'samples_count': 24}",A100 SXM4
2026-04-23T00:00:00.000Z,2026-04-23T20:00:00.000Z,1.0533,daily,"{'min_index': 1.0181, 'max_index': 1.1105, 'std_dev': 0.0298, 'samples_count': 24}",A100 SXM4
2026-04-24T00:00:00.000Z,2026-04-24T20:00:00.000Z,1.0821,daily,"{'min_index': 1.028, 'max_index': 1.139, 'std_dev': 0.0405, 'samples_count': 24}",A100 SXM4
2026-04-25T00:00:00.000Z,2026-04-25T20:00:00.000Z,1.0837,daily,"{'min_index': 1.0202, 'max_index': 1.1889, 'std_dev': 0.0461, 'samples_count': 24}",A100 SXM4
2026-04-26T00:00:00.000Z,2026-04-26T20:00:00.000Z,1.07,daily,"{'min_index': 1.0302, 'max_index': 1.1033, 'std_dev': 0.0186, 'samples_count': 24}",A100 SXM4
2026-04-27T00:00:00.000Z,2026-04-27T20:00:00.000Z,1.0954,daily,"{'min_index': 1.0695, 'max_index': 1.1346, 'std_dev': 0.0186, 'samples_count': 24}",A100 SXM4
2026-04-28T00:00:00.000Z,2026-04-28T20:00:00.000Z,1.1254,daily,"{'min_index': 1.1149, 'max_index': 1.15, 'std_dev': 0.011, 'samples_count': 24}",A100 SXM4
2026-04-29T00:00:00.000Z,2026-04-29T20:00:00.000Z,1.1158,daily,"{'min_index': 0.9711, 'max_index': 1.1522, 'std_dev': 0.0511, 'samples_count': 24}",A100 SXM4
2026-04-30T00:00:00.000Z,2026-04-30T20:00:00.000Z,1.1417,daily,"{'min_index': 1.0388, 'max_index': 1.1838, 'std_dev': 0.0293, 'samples_count': 24}",A100 SXM4
2026-05-01T00:00:00.000Z,2026-05-01T20:00:00.000Z,1.1438,daily,"{'min_index': 1.0986, 'max_index': 1.2115, 'std_dev': 0.0337, 'samples_count': 24}",A100 SXM4
2026-05-02T00:00:00.000Z,2026-05-02T20:00:00.000Z,1.1117,daily,"{'min_index': 1.0971, 'max_index': 1.143, 'std_dev': 0.0094, 'samples_count': 24}",A100 SXM4
2026-05-03T00:00:00.000Z,2026-05-03T20:00:00.000Z,1.1258,daily,"{'min_index': 1.086, 'max_index': 1.2056, 'std_dev': 0.0291, 'samples_count': 24}",A100 SXM4
2026-05-04T00:00:00.000Z,2026-05-04T20:00:00.000Z,1.1733,daily,"{'min_index': 1.1321, 'max_index': 1.1976, 'std_dev': 0.0193, 'samples_count': 24}",A100 SXM4
2026-05-05T00:00:00.000Z,2026-05-05T20:00:00.000Z,1.1925,daily,"{'min_index': 1.1566, 'max_index': 1.2421, 'std_dev': 0.0156, 'samples_count': 24}",A100 SXM4
2026-05-06T00:00:00.000Z,2026-05-06T20:00:00.000Z,1.1908,daily,"{'min_index': 1.1275, 'max_index': 1.2269, 'std_dev': 0.0221, 'samples_count': 24}",A100 SXM4
2026-05-07T00:00:00.000Z,2026-05-07T20:00:00.000Z,1.1329,daily,"{'min_index': 1.1152, 'max_index': 1.1799, 'std_dev': 0.0121, 'samples_count': 24}",A100 SXM4
2026-05-08T00:00:00.000Z,2026-05-08T20:00:00.000Z,1.1229,daily,"{'min_index': 1.0998, 'max_index': 1.1436, 'std_dev': 0.0131, 'samples_count': 24}",A100 SXM4
2026-05-09T00:00:00.000Z,2026-05-09T20:00:00.000Z,1.1179,daily,"{'min_index': 1.0854, 'max_index': 1.1883, 'std_dev': 0.0263, 'samples_count': 24}",A100 SXM4
2026-05-10T00:00:00.000Z,2026-05-10T20:00:00.000Z,1.1071,daily,"{'min_index': 1.0528, 'max_index': 1.142, 'std_dev': 0.0259, 'samples_count': 24}",A100 SXM4
2026-05-11T00:00:00.000Z,2026-05-11T20:00:00.000Z,1.1358,daily,"{'min_index': 1.1005, 'max_index': 1.2222, 'std_dev': 0.0324, 'samples_count': 24}",A100 SXM4
2026-05-12T00:00:00.000Z,2026-05-12T20:00:00.000Z,1.1992,daily,"{'min_index': 1.1792, 'max_index': 1.2308, 'std_dev': 0.0116, 'samples_count': 24}",A100 SXM4
2026-05-13T00:00:00.000Z,2026-05-13T20:00:00.000Z,1.19,daily,"{'min_index': 1.1617, 'max_index': 1.214, 'std_dev': 0.0135, 'samples_count': 24}",A100 SXM4
2026-05-14T00:00:00.000Z,2026-05-14T20:00:00.000Z,1.1521,daily,"{'min_index': 1.1365, 'max_index': 1.1841, 'std_dev': 0.0153, 'samples_count': 24}",A100 SXM4
2026-05-15T00:00:00.000Z,2026-05-15T20:00:00.000Z,1.1817,daily,"{'min_index': 1.1555, 'max_index': 1.2337, 'std_dev': 0.0258, 'samples_count': 24}",A100 SXM4
2026-05-16T00:00:00.000Z,2026-05-16T20:00:00.000Z,1.1908,daily,"{'min_index': 1.0758, 'max_index': 1.2449, 'std_dev': 0.0546, 'samples_count': 24}",A100 SXM4
2026-05-17T00:00:00.000Z,2026-05-17T20:00:00.000Z,1.2071,daily,"{'min_index': 1.1175, 'max_index': 1.2752, 'std_dev': 0.0269, 'samples_count': 24}",A100 SXM4
2026-05-18T00:00:00.000Z,2026-05-18T20:00:00.000Z,1.2392,daily,"{'min_index': 1.197, 'max_index': 1.2845, 'std_dev': 0.0211, 'samples_count': 24}",A100 SXM4
2026-05-19T00:00:00.000Z,2026-05-19T20:00:00.000Z,1.27,daily,"{'min_index': 1.2549, 'max_index': 1.2979, 'std_dev': 0.0097, 'samples_count': 24}",A100 SXM4
2026-05-20T00:00:00.000Z,2026-05-20T20:00:00.000Z,1.2675,daily,"{'min_index': 1.2359, 'max_index': 1.3021, 'std_dev': 0.0227, 'samples_count': 24}",A100 SXM4
2026-05-21T00:00:00.000Z,2026-05-21T20:00:00.000Z,1.3029,daily,"{'min_index': 1.2554, 'max_index': 1.3428, 'std_dev': 0.0287, 'samples_count': 24}",A100 SXM4
2026-05-22T00:00:00.000Z,2026-05-22T20:00:00.000Z,1.3383,daily,"{'min_index': 1.3257, 'max_index': 1.3483, 'std_dev': 0.0063, 'samples_count': 24}",A100 SXM4
2026-05-23T00:00:00.000Z,2026-05-23T20:00:00.000Z,1.3408,daily,"{'min_index': 1.3254, 'max_index': 1.3544, 'std_dev': 0.0085, 'samples_count': 24}",A100 SXM4
2026-05-24T00:00:00.000Z,2026-05-24T20:00:00.000Z,1.2783,daily,"{'min_index': 1.2485, 'max_index': 1.3422, 'std_dev': 0.0255, 'samples_count': 24}",A100 SXM4
2026-05-25T00:00:00.000Z,2026-05-25T20:00:00.000Z,1.2588,daily,"{'min_index': 1.2152, 'max_index': 1.3066, 'std_dev': 0.0167, 'samples_count': 24}",A100 SXM4
2026-05-26T00:00:00.000Z,2026-05-26T20:00:00.000Z,1.235,daily,"{'min_index': 1.2043, 'max_index': 1.2504, 'std_dev': 0.0137, 'samples_count': 24}",A100 SXM4
2026-05-27T00:00:00.000Z,2026-05-27T20:00:00.000Z,1.2383,daily,"{'min_index': 1.2072, 'max_index': 1.2842, 'std_dev': 0.0209, 'samples_count': 24}",A100 SXM4
2026-05-28T00:00:00.000Z,2026-05-28T20:00:00.000Z,1.2463,daily,"{'min_index': 1.2085, 'max_index': 1.2849, 'std_dev': 0.0224, 'samples_count': 24}",A100 SXM4
2026-05-29T00:00:00.000Z,2026-05-29T20:00:00.000Z,1.2871,daily,"{'min_index': 1.2565, 'max_index': 1.3608, 'std_dev': 0.0324, 'samples_count': 24}",A100 SXM4
2026-05-30T00:00:00.000Z,2026-05-30T20:00:00.000Z,1.3121,daily,"{'min_index': 1.2864, 'max_index': 1.3533, 'std_dev': 0.013, 'samples_count': 24}",A100 SXM4
2026-05-31T00:00:00.000Z,2026-05-31T20:00:00.000Z,1.3004,daily,"{'min_index': 1.2879, 'max_index': 1.3214, 'std_dev': 0.0082, 'samples_count': 24}",A100 SXM4
2026-06-01T00:00:00.000Z,2026-06-01T20:00:00.000Z,1.2996,daily,"{'min_index': 1.2859, 'max_index': 1.3218, 'std_dev': 0.0069, 'samples_count': 24}",A100 SXM4
2026-06-02T00:00:00.000Z,2026-06-02T20:00:00.000Z,1.2958,daily,"{'min_index': 1.2666, 'max_index': 1.3149, 'std_dev': 0.014, 'samples_count': 24}",A100 SXM4
2026-06-03T00:00:00.000Z,2026-06-03T20:00:00.000Z,1.27,daily,"{'min_index': 1.1772, 'max_index': 1.3421, 'std_dev': 0.0456, 'samples_count': 24}",A100 SXM4
2026-06-04T00:00:00.000Z,2026-06-04T20:00:00.000Z,1.2233,daily,"{'min_index': 1.1863, 'max_index': 1.2529, 'std_dev': 0.0162, 'samples_count': 24}",A100 SXM4
2026-06-05T00:00:00.000Z,2026-06-05T20:00:00.000Z,1.2333,daily,"{'min_index': 1.1929, 'max_index': 1.2709, 'std_dev': 0.0191, 'samples_count': 24}",A100 SXM4
2026-06-06T00:00:00.000Z,2026-06-06T20:00:00.000Z,1.2054,daily,"{'min_index': 1.0781, 'max_index': 1.2491, 'std_dev': 0.0727, 'samples_count': 24}",A100 SXM4
2026-06-07T00:00:00.000Z,2026-06-07T20:00:00.000Z,1.0813,daily,"{'min_index': 1.0656, 'max_index': 1.1344, 'std_dev': 0.0183, 'samples_count': 24}",A100 SXM4
2026-06-08T00:00:00.000Z,2026-06-08T20:00:00.000Z,1.0737,daily,"{'min_index': 1.0573, 'max_index': 1.1017, 'std_dev': 0.0107, 'samples_count': 24}",A100 SXM4
2026-06-09T00:00:00.000Z,2026-06-09T20:00:00.000Z,1.0871,daily,"{'min_index': 1.068, 'max_index': 1.1107, 'std_dev': 0.0117, 'samples_count': 24}",A100 SXM4
2026-06-10T00:00:00.000Z,2026-06-10T20:00:00.000Z,1.0821,daily,"{'min_index': 1.0663, 'max_index': 1.0977, 'std_dev': 0.0089, 'samples_count': 24}",A100 SXM4
2026-06-11T00:00:00.000Z,2026-06-11T20:00:00.000Z,1.0946,daily,"{'min_index': 1.0791, 'max_index': 1.1136, 'std_dev': 0.0092, 'samples_count': 24}",A100 SXM4
2026-06-12T00:00:00.000Z,2026-06-12T20:00:00.000Z,1.0888,daily,"{'min_index': 1.0587, 'max_index': 1.1321, 'std_dev': 0.0196, 'samples_count': 24}",A100 SXM4
2026-06-13T00:00:00.000Z,2026-06-13T20:00:00.000Z,1.0667,daily,"{'min_index': 1.0452, 'max_index': 1.0931, 'std_dev': 0.0155, 'samples_count': 24}",A100 SXM4
2026-06-14T00:00:00.000Z,2026-06-14T20:00:00.000Z,1.0475,daily,"{'min_index': 1.0291, 'max_index': 1.0544, 'std_dev': 0.0069, 'samples_count': 24}",A100 SXM4
2026-06-15T00:00:00.000Z,2026-06-15T20:00:00.000Z,1.0467,daily,"{'min_index': 1.0368, 'max_index': 1.0725, 'std_dev': 0.0103, 'samples_count': 24}",A100 SXM4
2026-06-16T00:00:00.000Z,2026-06-16T20:00:00.000Z,1.0508,daily,"{'min_index': 1.027, 'max_index': 1.0743, 'std_dev': 0.014, 'samples_count': 24}",A100 SXM4
2026-06-17T00:00:00.000Z,2026-06-17T20:00:00.000Z,1.0388,daily,"{'min_index': 1.0207, 'max_index': 1.073, 'std_dev': 0.0127, 'samples_count': 24}",A100 SXM4
2026-06-18T00:00:00.000Z,2026-06-18T20:00:00.000Z,1.0575,daily,"{'min_index': 1.0029, 'max_index': 1.0879, 'std_dev': 0.0233, 'samples_count': 24}",A100 SXM4
2026-06-19T00:00:00.000Z,2026-06-19T20:00:00.000Z,1.0646,daily,"{'min_index': 1.046, 'max_index': 1.0735, 'std_dev': 0.0074, 'samples_count': 24}",A100 SXM4
2026-06-20T00:00:00.000Z,2026-06-20T20:00:00.000Z,1.0471,daily,"{'min_index': 1.0269, 'max_index': 1.0626, 'std_dev': 0.0097, 'samples_count': 24}",A100 SXM4
2026-06-21T00:00:00.000Z,2026-06-21T20:00:00.000Z,1.0183,daily,"{'min_index': 0.9733, 'max_index': 1.0546, 'std_dev': 0.0187, 'samples_count': 24}",A100 SXM4
2026-06-22T00:00:00.000Z,2026-06-22T20:00:00.000Z,1.0221,daily,"{'min_index': 0.9991, 'max_index': 1.0443, 'std_dev': 0.0104, 'samples_count': 24}",A100 SXM4
2026-06-23T00:00:00.000Z,2026-06-23T20:00:00.000Z,1.0171,daily,"{'min_index': 0.9794, 'max_index': 1.0439, 'std_dev': 0.0168, 'samples_count': 24}",A100 SXM4
2026-06-24T00:00:00.000Z,2026-06-24T20:00:00.000Z,1.0196,daily,"{'min_index': 0.9996, 'max_index': 1.0617, 'std_dev': 0.0176, 'samples_count': 24}",A100 SXM4
2026-06-25T00:00:00.000Z,2026-06-25T20:00:00.000Z,1.0033,daily,"{'min_index': 0.9816, 'max_index': 1.0428, 'std_dev': 0.0173, 'samples_count': 24}",A100 SXM4
2026-06-26T00:00:00.000Z,2026-06-26T20:00:00.000Z,1.025,daily,"{'min_index': 0.9963, 'max_index': 1.0442, 'std_dev': 0.0109, 'samples_count': 24}",A100 SXM4
2026-06-27T00:00:00.000Z,2026-06-27T20:00:00.000Z,0.9938,daily,"{'min_index': 0.9716, 'max_index': 1.0206, 'std_dev': 0.0132, 'samples_count': 24}",A100 SXM4
2026-06-28T00:00:00.000Z,2026-06-28T20:00:00.000Z,1.0104,daily,"{'min_index': 0.9957, 'max_index': 1.0288, 'std_dev': 0.0101, 'samples_count': 24}",A100 SXM4
2026-06-29T00:00:00.000Z,2026-06-29T20:00:00.000Z,1.0225,daily,"{'min_index': 1.0124, 'max_index': 1.0407, 'std_dev': 0.0076, 'samples_count': 24}",A100 SXM4
2026-06-30T00:00:00.000Z,2026-06-30T20:00:00.000Z,1.0154,daily,"{'min_index': 0.9936, 'max_index': 1.0351, 'std_dev': 0.0108, 'samples_count': 24}",A100 SXM4
2026-07-01T00:00:00.000Z,2026-07-01T20:00:00.000Z,0.9933,daily,"{'min_index': 0.9696, 'max_index': 1.0103, 'std_dev': 0.0122, 'samples_count': 24}",A100 SXM4
2026-07-02T00:00:00.000Z,2026-07-02T20:00:00.000Z,1.0096,daily,"{'min_index': 0.9633, 'max_index': 1.0447, 'std_dev': 0.0217, 'samples_count': 24}",A100 SXM4
2026-07-03T00:00:00.000Z,2026-07-03T20:00:00.000Z,1.0217,daily,"{'min_index': 1, 'max_index': 1.0444, 'std_dev': 0.0107, 'samples_count': 24}",A100 SXM4
2026-07-04T00:00:00.000Z,2026-07-04T20:00:00.000Z,1.0229,daily,"{'min_index': 0.9805, 'max_index': 1.0545, 'std_dev': 0.0242, 'samples_count': 24}",A100 SXM4
2026-07-05T00:00:00.000Z,2026-07-05T20:00:00.000Z,1.0058,daily,"{'min_index': 0.9842, 'max_index': 1.0434, 'std_dev': 0.0136, 'samples_count': 24}",A100 SXM4
2026-07-06T00:00:00.000Z,2026-07-06T20:00:00.000Z,1.0096,daily,"{'min_index': 0.9771, 'max_index': 1.0395, 'std_dev': 0.0184, 'samples_count': 24}",A100 SXM4
2026-07-07T00:00:00.000Z,2026-07-07T20:00:00.000Z,1.0417,daily,"{'min_index': 1.0181, 'max_index': 1.0585, 'std_dev': 0.0096, 'samples_count': 24}",A100 SXM4
2026-07-08T00:00:00.000Z,2026-07-08T20:00:00.000Z,1.0308,daily,"{'min_index': 1.0061, 'max_index': 1.0596, 'std_dev': 0.0124, 'samples_count': 24}",A100 SXM4
2026-07-09T00:00:00.000Z,2026-07-09T20:00:00.000Z,1.0167,daily,"{'min_index': 0.9851, 'max_index': 1.0443, 'std_dev': 0.0201, 'samples_count': 24}",A100 SXM4
2026-07-10T00:00:00.000Z,2026-07-10T20:00:00.000Z,1.01,daily,"{'min_index': 0.9773, 'max_index': 1.0347, 'std_dev': 0.0172, 'samples_count': 24}",A100 SXM4
2026-07-11T00:00:00.000Z,2026-07-11T20:00:00.000Z,1.0075,daily,"{'min_index': 0.9858, 'max_index': 1.0245, 'std_dev': 0.0106, 'samples_count': 24}",A100 SXM4
2026-07-12T00:00:00.000Z,2026-07-12T20:00:00.000Z,1.0375,daily,"{'min_index': 1.0159, 'max_index': 1.0624, 'std_dev': 0.0134, 'samples_count': 24}",A100 SXM4
2026-07-13T00:00:00.000Z,2026-07-13T20:00:00.000Z,1.0308,daily,"{'min_index': 1.0128, 'max_index': 1.0538, 'std_dev': 0.01, 'samples_count': 24}",A100 SXM4
2026-07-14T00:00:00.000Z,2026-07-14T20:00:00.000Z,1.0308,daily,"{'min_index': 1.0056, 'max_index': 1.0596, 'std_dev': 0.0112, 'samples_count': 24}",A100 SXM4
2026-07-15T00:00:00.000Z,2026-07-15T20:00:00.000Z,1.0421,daily,"{'min_index': 1.0145, 'max_index': 1.0692, 'std_dev': 0.0137, 'samples_count': 24}",A100 SXM4
2026-07-16T00:00:00.000Z,2026-07-16T20:00:00.000Z,1.0358,daily,"{'min_index': 1.0094, 'max_index': 1.0606, 'std_dev': 0.013, 'samples_count': 24}",A100 SXM4
2026-07-17T00:00:00.000Z,2026-07-17T20:00:00.000Z,1.0154,daily,"{'min_index': 0.9794, 'max_index': 1.0482, 'std_dev': 0.0186, 'samples_count': 24}",A100 SXM4
2026-07-18T00:00:00.000Z,2026-07-18T20:00:00.000Z,0.9925,daily,"{'min_index': 0.9486, 'max_index': 1.0449, 'std_dev': 0.0261, 'samples_count': 24}",A100 SXM4
2026-07-19T00:00:00.000Z,2026-07-19T20:00:00.000Z,1.0067,daily,"{'min_index': 0.9714, 'max_index': 1.0286, 'std_dev': 0.0153, 'samples_count': 24}",A100 SXM4
2026-07-20T00:00:00.000Z,2026-07-20T20:00:00.000Z,1.015,daily,"{'min_index': 0.986, 'max_index': 1.0597, 'std_dev': 0.0223, 'samples_count': 24}",A100 SXM4
2026-07-21T00:00:00.000Z,2026-07-21T20:00:00.000Z,1.0396,daily,"{'min_index': 0.995, 'max_index': 1.0609, 'std_dev': 0.0171, 'samples_count': 24}",A100 SXM4
2026-07-22T00:00:00.000Z,2026-07-22T20:00:00.000Z,1.0313,daily,"{'min_index': 1.0029, 'max_index': 1.0603, 'std_dev': 0.0175, 'samples_count': 24}",A100 SXM4
2026-07-23T00:00:00.000Z,2026-07-23T20:00:00.000Z,1.0633,daily,"{'min_index': 1.0149, 'max_index': 1.0951, 'std_dev': 0.0232, 'samples_count': 24}",A100 SXM4
2026-07-24T00:00:00.000Z,2026-07-24T20:00:00.000Z,1.0588,daily,"{'min_index': 1.031, 'max_index': 1.0792, 'std_dev': 0.0112, 'samples_count': 24}",A100 SXM4
2026-07-25T00:00:00.000Z,2026-07-25T20:00:00.000Z,1.0567,daily,"{'min_index': 1.0331, 'max_index': 1.0758, 'std_dev': 0.0091, 'samples_count': 24}",A100 SXM4
2026-07-26T00:00:00.000Z,2026-07-26T20:00:00.000Z,1.0537,daily,"{'min_index': 1.0274, 'max_index': 1.0983, 'std_dev': 0.0182, 'samples_count': 24}",A100 SXM4
2026-07-27T00:00:00.000Z,2026-07-27T20:00:00.000Z,1.0467,daily,"{'min_index': 1.0214, 'max_index': 1.062, 'std_dev': 0.0093, 'samples_count': 24}",A100 SXM4
2026-07-28T00:00:00.000Z,2026-07-28T20:00:00.000Z,1.0379,daily,"{'min_index': 1.014, 'max_index': 1.068, 'std_dev': 0.014, 'samples_count': 24}",A100 SXM4
2026-07-29T00:00:00.000Z,2026-07-29T20:00:00.000Z,1.0571,daily,"{'min_index': 1.0247, 'max_index': 1.0956, 'std_dev': 0.0198, 'samples_count': 24}",A100 SXM4
2026-07-30T00:00:00.000Z,2026-07-30T20:00:00.000Z,1.0304,daily,"{'min_index': 0.9858, 'max_index': 1.0525, 'std_dev': 0.0172, 'samples_count': 24}",A100 SXM4
2026-07-31T00:00:00.000Z,2026-07-31T20:00:00.000Z,1.0308,daily,"{'min_index': 1.0082, 'max_index': 1.0787, 'std_dev': 0.0205, 'samples_count': 24}",A100 SXM4
2026-08-01T00:00:00.000Z,2026-08-01T20:00:00.000Z,1.0604,daily,"{'min_index': 1.0173, 'max_index': 1.0941, 'std_dev': 0.0234, 'samples_count': 24}",A100 SXM4
2026-08-02T00:00:00.000Z,2026-08-02T20:00:00.000Z,1.0254,daily,"{'min_index': 1.0089, 'max_index': 1.0688, 'std_dev': 0.0163, 'samples_count': 24}",A100 SXM4
2026-08-03T00:00:00.000Z,2026-08-03T20:00:00.000Z,1.0408,daily,"{'min_index': 1.0139, 'max_index': 1.0646, 'std_dev': 0.0129, 'samples_count': 24}",A100 SXM4
2026-08-04T00:00:00.000Z,2026-08-04T20:00:00.000Z,1.0437,daily,"{'min_index': 1.0215, 'max_index': 1.0679, 'std_dev': 0.0102, 'samples_count': 24}",A100 SXM4
2026-08-05T00:00:00.000Z,2026-08-05T20:00:00.000Z,1.0446,daily,"{'min_index': 1.0245, 'max_index': 1.0613, 'std_dev': 0.0109, 'samples_count': 24}",A100 SXM4
2026-08-06T00:00:00.000Z,2026-08-06T20:00:00.000Z,1.0425,daily,"{'min_index': 1.003, 'max_index': 1.0633, 'std_dev': 0.0143, 'samples_count': 24}",A100 SXM4
2026-08-07T00:00:00.000Z,2026-08-07T20:00:00.000Z,1.0292,daily,"{'min_index': 1.0122, 'max_index': 1.0469, 'std_dev': 0.0098, 'samples_count': 24}",A100 SXM4
2026-08-08T00:00:00.000Z,2026-08-08T20:00:00.000Z,1.0462,daily,"{'min_index': 1.0284, 'max_index': 1.0693, 'std_dev': 0.0123, 'samples_count': 24}",A100 SXM4
2026-08-09T00:00:00.000Z,2026-08-09T20:00:00.000Z,1.0637,daily,"{'min_index': 1.0426, 'max_index': 1.0798, 'std_dev': 0.0092, 'samples_count': 24}",A100 SXM4
2026-08-10T00:00:00.000Z,2026-08-10T20:00:00.000Z,1.0625,daily,"{'min_index': 1.0276, 'max_index': 1.0935, 'std_dev': 0.0188, 'samples_count': 24}",A100 SXM4
2026-08-11T00:00:00.000Z,2026-08-11T20:00:00.000Z,1.075,daily,"{'min_index': 1.0458, 'max_index': 1.0857, 'std_dev': 0.0087, 'samples_count': 24}",A100 SXM4
2026-08-12T00:00:00.000Z,2026-08-12T20:00:00.000Z,1.0454,daily,"{'min_index': 1.0243, 'max_index': 1.0753, 'std_dev': 0.0146, 'samples_count': 24}",A100 SXM4
2026-08-13T00:00:00.000Z,2026-08-13T20:00:00.000Z,1.04,daily,"{'min_index': 1.0192, 'max_index': 1.0719, 'std_dev': 0.0115, 'samples_count': 24}",A100 SXM4
2026-08-14T00:00:00.000Z,2026-08-14T20:00:00.000Z,1.0404,daily,"{'min_index': 1.0167, 'max_index': 1.0637, 'std_dev': 0.0086, 'samples_count': 24}",A100 SXM4
2026-08-15T00:00:00.000Z,2026-08-15T20:00:00.000Z,1.0279,daily,"{'min_index': 1.0088, 'max_index': 1.0473, 'std_dev': 0.0112, 'samples_count': 24}",A100 SXM4
2026-08-16T00:00:00.000Z,2026-08-16T20:00:00.000Z,1.02,daily,"{'min_index': 0.9944, 'max_index': 1.0376, 'std_dev': 0.0115, 'samples_count': 24}",A100 SXM4
2026-08-17T00:00:00.000Z,2026-08-17T20:00:00.000Z,1.045,daily,"{'min_index': 1.0196, 'max_index': 1.099, 'std_dev': 0.0233, 'samples_count': 24}",A100 SXM4
2026-08-18T00:00:00.000Z,2026-08-18T20:00:00.000Z,1.0629,daily,"{'min_index': 1.0348, 'max_index': 1.0978, 'std_dev': 0.0173, 'samples_count': 24}",A100 SXM4
2026-08-19T00:00:00.000Z,2026-08-19T20:00:00.000Z,1.0925,daily,"{'min_index': 1.0662, 'max_index': 1.13, 'std_dev': 0.018, 'samples_count': 24}",A100 SXM4
2026-08-20T00:00:00.000Z,2026-08-20T20:00:00.000Z,1.0783,daily,"{'min_index': 1.0507, 'max_index': 1.09, 'std_dev': 0.0114, 'samples_count': 24}",A100 SXM4
2026-08-21T00:00:00.000Z,2026-08-21T20:00:00.000Z,1.0713,daily,"{'min_index': 1.0343, 'max_index': 1.1176, 'std_dev': 0.0185, 'samples_count': 24}",A100 SXM4
2026-08-22T00:00:00.000Z,2026-08-22T20:00:00.000Z,1.0809,daily,"{'min_index': 1.0489, 'max_index': 1.1219, 'std_dev': 0.0192, 'samples_count': 23}",A100 SXM4
2026-08-23T00:00:00.000Z,2026-08-23T20:00:00.000Z,1.0658,daily,"{'min_index': 1.0446, 'max_index': 1.0801, 'std_dev': 0.0093, 'samples_count': 24}",A100 SXM4
2026-08-24T00:00:00.000Z,2026-08-24T20:00:00.000Z,1.0709,daily,"{'min_index': 1.0598, 'max_index': 1.0933, 'std_dev': 0.0083, 'samples_count': 23}",A100 SXM4
2026-08-25T00:00:00.000Z,2026-08-25T20:00:00.000Z,1.0762,daily,"{'min_index': 1.0641, 'max_index': 1.0846, 'std_dev': 0.0049, 'samples_count': 24}",A100 SXM4
2026-08-26T00:00:00.000Z,2026-08-26T20:00:00.000Z,1.0621,daily,"{'min_index': 1.0436, 'max_index': 1.0785, 'std_dev': 0.0099, 'samples_count': 24}",A100 SXM4
2026-08-27T00:00:00.000Z,2026-08-27T20:00:00.000Z,1.0642,daily,"{'min_index': 1.0532, 'max_index': 1.0826, 'std_dev': 0.0075, 'samples_count': 24}",A100 SXM4
2026-08-28T00:00:00.000Z,2026-08-28T20:00:00.000Z,1.2121,daily,"{'min_index': 1.0204, 'max_index': 1.2763, 'std_dev': 0.0628, 'samples_count': 24}",A100 SXM4
2026-08-29T00:00:00.000Z,2026-08-29T20:00:00.000Z,1.0317,daily,"{'min_index': 1.0087, 'max_index': 1.0419, 'std_dev': 0.0077, 'samples_count': 24}",A100 SXM4
2026-08-30T00:00:00.000Z,2026-08-30T20:00:00.000Z,1.0325,daily,"{'min_index': 1.0083, 'max_index': 1.0512, 'std_dev': 0.0104, 'samples_count': 24}",A100 SXM4
2026-08-31T00:00:00.000Z,2026-08-31T20:00:00.000Z,1.0167,daily,"{'min_index': 0.9854, 'max_index': 1.0563, 'std_dev': 0.0208, 'samples_count': 24}",A100 SXM4
2025-02-23T00:00:00.000Z,2025-02-23T21:00:00.000Z,1.2017,daily,"{'min_index': 0.8754, 'max_index': 1.3201, 'std_dev': 0.1266, 'samples_count': 9}",RTX 5090
2025-02-24T00:00:00.000Z,2025-02-24T21:00:00.000Z,1.0074,daily,"{'min_index': 0.8896, 'max_index': 1.1122, 'std_dev': 0.0707, 'samples_count': 24}",RTX 5090
2025-02-25T00:00:00.000Z,2025-02-25T21:00:00.000Z,0.9712,daily,"{'min_index': 0.9155, 'max_index': 1.0291, 'std_dev': 0.0302, 'samples_count': 24}",RTX 5090
2025-02-26T00:00:00.000Z,2025-02-26T21:00:00.000Z,0.9752,daily,"{'min_index': 0.9055, 'max_index': 1.0449, 'std_dev': 0.0435, 'samples_count': 24}",RTX 5090
2025-02-27T00:00:00.000Z,2025-02-27T21:00:00.000Z,0.8927,daily,"{'min_index': 0.8241, 'max_index': 0.9148, 'std_dev': 0.0233, 'samples_count': 24}",RTX 5090
2025-02-28T00:00:00.000Z,2025-02-28T21:00:00.000Z,0.8225,daily,"{'min_index': 0.7951, 'max_index': 0.8599, 'std_dev': 0.0131, 'samples_count': 24}",RTX 5090
2025-03-01T00:00:00.000Z,2025-03-01T21:00:00.000Z,0.851,daily,"{'min_index': 0.7717, 'max_index': 0.9441, 'std_dev': 0.0531, 'samples_count': 24}",RTX 5090
2025-03-02T00:00:00.000Z,2025-03-02T21:00:00.000Z,0.8931,daily,"{'min_index': 0.8257, 'max_index': 0.9415, 'std_dev': 0.035, 'samples_count': 24}",RTX 5090
2025-03-03T00:00:00.000Z,2025-03-03T21:00:00.000Z,0.8206,daily,"{'min_index': 0.7892, 'max_index': 0.8816, 'std_dev': 0.027, 'samples_count': 24}",RTX 5090
2025-03-04T00:00:00.000Z,2025-03-04T21:00:00.000Z,0.7787,daily,"{'min_index': 0.6462, 'max_index': 0.8642, 'std_dev': 0.0688, 'samples_count': 24}",RTX 5090
2025-03-05T00:00:00.000Z,2025-03-05T21:00:00.000Z,0.811,daily,"{'min_index': 0.73, 'max_index': 0.8515, 'std_dev': 0.0364, 'samples_count': 24}",RTX 5090
2025-03-06T00:00:00.000Z,2025-03-06T21:00:00.000Z,0.7338,daily,"{'min_index': 0.696, 'max_index': 0.7779, 'std_dev': 0.0203, 'samples_count': 24}",RTX 5090
2025-03-07T00:00:00.000Z,2025-03-07T21:00:00.000Z,0.7218,daily,"{'min_index': 0.6766, 'max_index': 0.7699, 'std_dev': 0.0298, 'samples_count': 24}",RTX 5090
2025-03-08T00:00:00.000Z,2025-03-08T21:00:00.000Z,0.7421,daily,"{'min_index': 0.7007, 'max_index': 0.7713, 'std_dev': 0.0215, 'samples_count': 24}",RTX 5090
2025-03-09T00:00:00.000Z,2025-03-09T20:00:00.000Z,0.7251,daily,"{'min_index': 0.6884, 'max_index': 0.7675, 'std_dev': 0.0222, 'samples_count': 24}",RTX 5090
2025-03-10T00:00:00.000Z,2025-03-10T20:00:00.000Z,0.7,daily,"{'min_index': 0.6404, 'max_index': 0.7372, 'std_dev': 0.0261, 'samples_count': 24}",RTX 5090
2025-03-11T00:00:00.000Z,2025-03-11T20:00:00.000Z,0.671,daily,"{'min_index': 0.6183, 'max_index': 0.7192, 'std_dev': 0.0266, 'samples_count': 24}",RTX 5090
2025-03-12T00:00:00.000Z,2025-03-12T20:00:00.000Z,0.6605,daily,"{'min_index': 0.6062, 'max_index': 0.7028, 'std_dev': 0.029, 'samples_count': 24}",RTX 5090
2025-03-13T00:00:00.000Z,2025-03-13T20:00:00.000Z,0.6969,daily,"{'min_index': 0.6765, 'max_index': 0.7119, 'std_dev': 0.0114, 'samples_count': 24}",RTX 5090
2025-03-14T00:00:00.000Z,2025-03-14T20:00:00.000Z,0.6903,daily,"{'min_index': 0.6497, 'max_index': 0.7148, 'std_dev': 0.02, 'samples_count': 24}",RTX 5090
2025-03-15T00:00:00.000Z,2025-03-15T20:00:00.000Z,0.685,daily,"{'min_index': 0.6501, 'max_index': 0.7732, 'std_dev': 0.0421, 'samples_count': 24}",RTX 5090
2025-03-16T00:00:00.000Z,2025-03-16T20:00:00.000Z,0.7396,daily,"{'min_index': 0.7015, 'max_index': 0.7648, 'std_dev': 0.0183, 'samples_count': 24}",RTX 5090
2025-03-17T00:00:00.000Z,2025-03-17T20:00:00.000Z,0.7358,daily,"{'min_index': 0.6987, 'max_index': 0.7922, 'std_dev': 0.0267, 'samples_count': 24}",RTX 5090
2025-03-18T00:00:00.000Z,2025-03-18T20:00:00.000Z,0.7385,daily,"{'min_index': 0.7153, 'max_index': 0.7599, 'std_dev': 0.0141, 'samples_count': 24}",RTX 5090
2025-03-19T00:00:00.000Z,2025-03-19T20:00:00.000Z,0.7231,daily,"{'min_index': 0.7052, 'max_index': 0.7428, 'std_dev': 0.0095, 'samples_count': 24}",RTX 5090
2025-03-20T00:00:00.000Z,2025-03-20T20:00:00.000Z,0.7131,daily,"{'min_index': 0.6988, 'max_index': 0.7308, 'std_dev': 0.0077, 'samples_count': 24}",RTX 5090
2025-03-21T00:00:00.000Z,2025-03-21T20:00:00.000Z,0.7087,daily,"{'min_index': 0.6955, 'max_index': 0.7289, 'std_dev': 0.0097, 'samples_count': 24}",RTX 5090
2025-03-22T00:00:00.000Z,2025-03-22T20:00:00.000Z,0.7148,daily,"{'min_index': 0.6873, 'max_index': 0.7282, 'std_dev': 0.0117, 'samples_count': 24}",RTX 5090
2025-03-23T00:00:00.000Z,2025-03-23T20:00:00.000Z,0.6993,daily,"{'min_index': 0.6868, 'max_index': 0.712, 'std_dev': 0.0061, 'samples_count': 24}",RTX 5090
2025-03-24T00:00:00.000Z,2025-03-24T20:00:00.000Z,0.7095,daily,"{'min_index': 0.6958, 'max_index': 0.7337, 'std_dev': 0.0109, 'samples_count': 24}",RTX 5090
2025-03-25T00:00:00.000Z,2025-03-25T20:00:00.000Z,0.7372,daily,"{'min_index': 0.7239, 'max_index': 0.7528, 'std_dev': 0.0077, 'samples_count': 24}",RTX 5090
2025-03-26T00:00:00.000Z,2025-03-26T20:00:00.000Z,0.744,daily,"{'min_index': 0.7353, 'max_index': 0.7542, 'std_dev': 0.0055, 'samples_count': 24}",RTX 5090
2025-03-27T00:00:00.000Z,2025-03-27T20:00:00.000Z,0.741,daily,"{'min_index': 0.7198, 'max_index': 0.7543, 'std_dev': 0.0097, 'samples_count': 24}",RTX 5090
2025-03-28T00:00:00.000Z,2025-03-28T20:00:00.000Z,0.7252,daily,"{'min_index': 0.7167, 'max_index': 0.744, 'std_dev': 0.0094, 'samples_count': 24}",RTX 5090
2025-03-29T00:00:00.000Z,2025-03-29T20:00:00.000Z,0.7184,daily,"{'min_index': 0.6563, 'max_index': 0.7448, 'std_dev': 0.0218, 'samples_count': 24}",RTX 5090
2025-03-30T00:00:00.000Z,2025-03-30T20:00:00.000Z,0.6824,daily,"{'min_index': 0.6647, 'max_index': 0.6991, 'std_dev': 0.0107, 'samples_count': 24}",RTX 5090
2025-03-31T00:00:00.000Z,2025-03-31T20:00:00.000Z,0.6924,daily,"{'min_index': 0.6862, 'max_index': 0.7039, 'std_dev': 0.0048, 'samples_count': 24}",RTX 5090
2025-04-01T00:00:00.000Z,2025-04-01T20:00:00.000Z,0.6856,daily,"{'min_index': 0.6645, 'max_index': 0.7047, 'std_dev': 0.0109, 'samples_count': 24}",RTX 5090
2025-04-02T00:00:00.000Z,2025-04-02T20:00:00.000Z,0.6987,daily,"{'min_index': 0.6684, 'max_index': 0.7179, 'std_dev': 0.0143, 'samples_count': 24}",RTX 5090
2025-04-03T00:00:00.000Z,2025-04-03T20:00:00.000Z,0.7038,daily,"{'min_index': 0.6853, 'max_index': 0.7333, 'std_dev': 0.0095, 'samples_count': 24}",RTX 5090
2025-04-04T00:00:00.000Z,2025-04-04T20:00:00.000Z,0.6974,daily,"{'min_index': 0.6767, 'max_index': 0.7056, 'std_dev': 0.0074, 'samples_count': 24}",RTX 5090
2025-04-05T00:00:00.000Z,2025-04-05T20:00:00.000Z,0.6823,daily,"{'min_index': 0.6583, 'max_index': 0.704, 'std_dev': 0.0154, 'samples_count': 24}",RTX 5090
2025-04-06T00:00:00.000Z,2025-04-06T20:00:00.000Z,0.6789,daily,"{'min_index': 0.6547, 'max_index': 0.7068, 'std_dev': 0.0182, 'samples_count': 24}",RTX 5090
2025-04-07T00:00:00.000Z,2025-04-07T20:00:00.000Z,0.6973,daily,"{'min_index': 0.6858, 'max_index': 0.7097, 'std_dev': 0.0066, 'samples_count': 24}",RTX 5090
2025-04-08T00:00:00.000Z,2025-04-08T20:00:00.000Z,0.7092,daily,"{'min_index': 0.6868, 'max_index': 0.7247, 'std_dev': 0.0104, 'samples_count': 24}",RTX 5090
2025-04-09T00:00:00.000Z,2025-04-09T20:00:00.000Z,0.718,daily,"{'min_index': 0.7101, 'max_index': 0.7299, 'std_dev': 0.0043, 'samples_count': 24}",RTX 5090
2025-04-10T00:00:00.000Z,2025-04-10T20:00:00.000Z,0.7268,daily,"{'min_index': 0.7001, 'max_index': 0.7431, 'std_dev': 0.0105, 'samples_count': 23}",RTX 5090
2025-04-11T00:00:00.000Z,2025-04-11T20:00:00.000Z,0.7266,daily,"{'min_index': 0.698, 'max_index': 0.7372, 'std_dev': 0.0081, 'samples_count': 24}",RTX 5090
2025-04-12T00:00:00.000Z,2025-04-12T20:00:00.000Z,0.6761,daily,"{'min_index': 0.6111, 'max_index': 0.7138, 'std_dev': 0.0292, 'samples_count': 24}",RTX 5090
2025-04-13T00:00:00.000Z,2025-04-13T20:00:00.000Z,0.7093,daily,"{'min_index': 0.6912, 'max_index': 0.7346, 'std_dev': 0.009, 'samples_count': 24}",RTX 5090
2025-04-14T00:00:00.000Z,2025-04-14T20:00:00.000Z,0.7248,daily,"{'min_index': 0.7061, 'max_index': 0.7405, 'std_dev': 0.0092, 'samples_count': 24}",RTX 5090
2025-04-15T00:00:00.000Z,2025-04-15T20:00:00.000Z,0.7235,daily,"{'min_index': 0.687, 'max_index': 0.7345, 'std_dev': 0.0123, 'samples_count': 24}",RTX 5090
2025-04-16T00:00:00.000Z,2025-04-16T20:00:00.000Z,0.7188,daily,"{'min_index': 0.7068, 'max_index': 0.7437, 'std_dev': 0.0121, 'samples_count': 24}",RTX 5090
2025-04-17T00:00:00.000Z,2025-04-17T20:00:00.000Z,0.7391,daily,"{'min_index': 0.7265, 'max_index': 0.7649, 'std_dev': 0.0113, 'samples_count': 24}",RTX 5090
2025-04-18T00:00:00.000Z,2025-04-18T20:00:00.000Z,0.7446,daily,"{'min_index': 0.7275, 'max_index': 0.7615, 'std_dev': 0.0075, 'samples_count': 24}",RTX 5090
2025-04-19T00:00:00.000Z,2025-04-19T20:00:00.000Z,0.7419,daily,"{'min_index': 0.7316, 'max_index': 0.7643, 'std_dev': 0.0113, 'samples_count': 24}",RTX 5090
2025-04-20T00:00:00.000Z,2025-04-20T20:00:00.000Z,0.7277,daily,"{'min_index': 0.7052, 'max_index': 0.7495, 'std_dev': 0.0123, 'samples_count': 24}",RTX 5090
2025-04-21T00:00:00.000Z,2025-04-21T20:00:00.000Z,0.712,daily,"{'min_index': 0.7054, 'max_index': 0.7455, 'std_dev': 0.0107, 'samples_count': 24}",RTX 5090
2025-04-22T00:00:00.000Z,2025-04-22T20:00:00.000Z,0.7075,daily,"{'min_index': 0.6792, 'max_index': 0.7366, 'std_dev': 0.0161, 'samples_count': 24}",RTX 5090
2025-04-23T00:00:00.000Z,2025-04-23T20:00:00.000Z,0.697,daily,"{'min_index': 0.6737, 'max_index': 0.7097, 'std_dev': 0.0113, 'samples_count': 24}",RTX 5090
2025-04-24T00:00:00.000Z,2025-04-24T20:00:00.000Z,0.6849,daily,"{'min_index': 0.6714, 'max_index': 0.6946, 'std_dev': 0.0066, 'samples_count': 24}",RTX 5090
2025-04-25T00:00:00.000Z,2025-04-25T20:00:00.000Z,0.6797,daily,"{'min_index': 0.6653, 'max_index': 0.7032, 'std_dev': 0.0096, 'samples_count': 24}",RTX 5090
2025-04-26T00:00:00.000Z,2025-04-26T20:00:00.000Z,0.6761,daily,"{'min_index': 0.6569, 'max_index': 0.7032, 'std_dev': 0.0129, 'samples_count': 24}",RTX 5090
2025-04-27T00:00:00.000Z,2025-04-27T20:00:00.000Z,0.6934,daily,"{'min_index': 0.6792, 'max_index': 0.714, 'std_dev': 0.0075, 'samples_count': 24}",RTX 5090
2025-04-28T00:00:00.000Z,2025-04-28T20:00:00.000Z,0.6959,daily,"{'min_index': 0.6755, 'max_index': 0.7106, 'std_dev': 0.0084, 'samples_count': 24}",RTX 5090
2025-04-29T00:00:00.000Z,2025-04-29T20:00:00.000Z,0.7039,daily,"{'min_index': 0.6754, 'max_index': 0.714, 'std_dev': 0.0095, 'samples_count': 24}",RTX 5090
2025-04-30T00:00:00.000Z,2025-04-30T20:00:00.000Z,0.6995,daily,"{'min_index': 0.6669, 'max_index': 0.7144, 'std_dev': 0.0119, 'samples_count': 24}",RTX 5090
2025-05-01T00:00:00.000Z,2025-05-01T20:00:00.000Z,0.6723,daily,"{'min_index': 0.622, 'max_index': 0.7052, 'std_dev': 0.022, 'samples_count': 24}",RTX 5090
2025-05-02T00:00:00.000Z,2025-05-02T20:00:00.000Z,0.661,daily,"{'min_index': 0.6364, 'max_index': 0.6933, 'std_dev': 0.0166, 'samples_count': 24}",RTX 5090
2025-05-03T00:00:00.000Z,2025-05-03T20:00:00.000Z,0.6276,daily,"{'min_index': 0.5961, 'max_index': 0.6705, 'std_dev': 0.0181, 'samples_count': 24}",RTX 5090
2025-05-04T00:00:00.000Z,2025-05-04T20:00:00.000Z,0.6467,daily,"{'min_index': 0.6283, 'max_index': 0.6639, 'std_dev': 0.007, 'samples_count': 24}",RTX 5090
2025-05-05T00:00:00.000Z,2025-05-05T20:00:00.000Z,0.6477,daily,"{'min_index': 0.6118, 'max_index': 0.6725, 'std_dev': 0.0172, 'samples_count': 24}",RTX 5090
2025-05-06T00:00:00.000Z,2025-05-06T20:00:00.000Z,0.6469,daily,"{'min_index': 0.5981, 'max_index': 0.684, 'std_dev': 0.0253, 'samples_count': 24}",RTX 5090
2025-05-07T00:00:00.000Z,2025-05-07T20:00:00.000Z,0.599,daily,"{'min_index': 0.5785, 'max_index': 0.6148, 'std_dev': 0.0083, 'samples_count': 24}",RTX 5090
2025-05-08T00:00:00.000Z,2025-05-08T20:00:00.000Z,0.6172,daily,"{'min_index': 0.6058, 'max_index': 0.6401, 'std_dev': 0.0107, 'samples_count': 24}",RTX 5090
2025-05-09T00:00:00.000Z,2025-05-09T20:00:00.000Z,0.6134,daily,"{'min_index': 0.6051, 'max_index': 0.6319, 'std_dev': 0.0075, 'samples_count': 24}",RTX 5090
2025-05-10T00:00:00.000Z,2025-05-10T20:00:00.000Z,0.6173,daily,"{'min_index': 0.6111, 'max_index': 0.6333, 'std_dev': 0.0043, 'samples_count': 24}",RTX 5090
2025-05-11T00:00:00.000Z,2025-05-11T20:00:00.000Z,0.6297,daily,"{'min_index': 0.6076, 'max_index': 0.6737, 'std_dev': 0.0184, 'samples_count': 24}",RTX 5090
2025-05-12T00:00:00.000Z,2025-05-12T20:00:00.000Z,0.6423,daily,"{'min_index': 0.6267, 'max_index': 0.6555, 'std_dev': 0.0072, 'samples_count': 24}",RTX 5090
2025-05-13T00:00:00.000Z,2025-05-13T20:00:00.000Z,0.644,daily,"{'min_index': 0.6224, 'max_index': 0.6736, 'std_dev': 0.0133, 'samples_count': 24}",RTX 5090
2025-05-14T00:00:00.000Z,2025-05-14T20:00:00.000Z,0.6313,daily,"{'min_index': 0.6194, 'max_index': 0.6411, 'std_dev': 0.0045, 'samples_count': 24}",RTX 5090
2025-05-15T00:00:00.000Z,2025-05-15T20:00:00.000Z,0.6365,daily,"{'min_index': 0.6283, 'max_index': 0.6439, 'std_dev': 0.0047, 'samples_count': 24}",RTX 5090
2025-05-16T00:00:00.000Z,2025-05-16T20:00:00.000Z,0.6317,daily,"{'min_index': 0.6072, 'max_index': 0.6424, 'std_dev': 0.007, 'samples_count': 24}",RTX 5090
2025-05-17T00:00:00.000Z,2025-05-17T20:00:00.000Z,0.6297,daily,"{'min_index': 0.6058, 'max_index': 0.6513, 'std_dev': 0.0141, 'samples_count': 24}",RTX 5090
2025-05-18T00:00:00.000Z,2025-05-18T20:00:00.000Z,0.6093,daily,"{'min_index': 0.6053, 'max_index': 0.6182, 'std_dev': 0.0031, 'samples_count': 24}",RTX 5090
2025-05-19T00:00:00.000Z,2025-05-19T20:00:00.000Z,0.6123,daily,"{'min_index': 0.6067, 'max_index': 0.6339, 'std_dev': 0.007, 'samples_count': 24}",RTX 5090
2025-05-20T00:00:00.000Z,2025-05-20T20:00:00.000Z,0.6171,daily,"{'min_index': 0.6062, 'max_index': 0.634, 'std_dev': 0.0102, 'samples_count': 24}",RTX 5090
2025-05-21T00:00:00.000Z,2025-05-21T20:00:00.000Z,0.6133,daily,"{'min_index': 0.6052, 'max_index': 0.6283, 'std_dev': 0.0054, 'samples_count': 24}",RTX 5090
2025-05-22T00:00:00.000Z,2025-05-22T20:00:00.000Z,0.6088,daily,"{'min_index': 0.6053, 'max_index': 0.6228, 'std_dev': 0.0045, 'samples_count': 24}",RTX 5090
2025-05-23T00:00:00.000Z,2025-05-23T20:00:00.000Z,0.6148,daily,"{'min_index': 0.6041, 'max_index': 0.6245, 'std_dev': 0.0071, 'samples_count': 24}",RTX 5090
2025-05-24T00:00:00.000Z,2025-05-24T20:00:00.000Z,0.6056,daily,"{'min_index': 0.5959, 'max_index': 0.6139, 'std_dev': 0.0054, 'samples_count': 24}",RTX 5090
2025-05-25T00:00:00.000Z,2025-05-25T20:00:00.000Z,0.6046,daily,"{'min_index': 0.5953, 'max_index': 0.6115, 'std_dev': 0.0044, 'samples_count': 24}",RTX 5090
2025-05-26T00:00:00.000Z,2025-05-26T20:00:00.000Z,0.6065,daily,"{'min_index': 0.5952, 'max_index': 0.6228, 'std_dev': 0.007, 'samples_count': 24}",RTX 5090
2025-05-27T00:00:00.000Z,2025-05-27T20:00:00.000Z,0.6019,daily,"{'min_index': 0.5865, 'max_index': 0.6199, 'std_dev': 0.0072, 'samples_count': 24}",RTX 5090
2025-05-28T00:00:00.000Z,2025-05-28T20:00:00.000Z,0.6184,daily,"{'min_index': 0.5974, 'max_index': 0.6347, 'std_dev': 0.0085, 'samples_count': 24}",RTX 5090
2025-05-29T00:00:00.000Z,2025-05-29T20:00:00.000Z,0.6119,daily,"{'min_index': 0.586, 'max_index': 0.6298, 'std_dev': 0.0116, 'samples_count': 24}",RTX 5090
2025-05-30T00:00:00.000Z,2025-05-30T20:00:00.000Z,0.594,daily,"{'min_index': 0.567, 'max_index': 0.6053, 'std_dev': 0.0103, 'samples_count': 24}",RTX 5090
2025-05-31T00:00:00.000Z,2025-05-31T20:00:00.000Z,0.5917,daily,"{'min_index': 0.5737, 'max_index': 0.6245, 'std_dev': 0.0137, 'samples_count': 24}",RTX 5090
2025-06-01T00:00:00.000Z,2025-06-01T20:00:00.000Z,0.5819,daily,"{'min_index': 0.5654, 'max_index': 0.6046, 'std_dev': 0.0109, 'samples_count': 24}",RTX 5090
2025-06-02T00:00:00.000Z,2025-06-02T20:00:00.000Z,0.5683,daily,"{'min_index': 0.5563, 'max_index': 0.5829, 'std_dev': 0.0084, 'samples_count': 24}",RTX 5090
2025-06-03T00:00:00.000Z,2025-06-03T20:00:00.000Z,0.5574,daily,"{'min_index': 0.5526, 'max_index': 0.5647, 'std_dev': 0.003, 'samples_count': 24}",RTX 5090
2025-06-04T00:00:00.000Z,2025-06-04T20:00:00.000Z,0.5536,daily,"{'min_index': 0.5359, 'max_index': 0.5644, 'std_dev': 0.008, 'samples_count': 24}",RTX 5090
2025-06-05T00:00:00.000Z,2025-06-05T20:00:00.000Z,0.5518,daily,"{'min_index': 0.5459, 'max_index': 0.5645, 'std_dev': 0.0055, 'samples_count': 24}",RTX 5090
2025-06-06T00:00:00.000Z,2025-06-06T20:00:00.000Z,0.5495,daily,"{'min_index': 0.5362, 'max_index': 0.5546, 'std_dev': 0.0053, 'samples_count': 24}",RTX 5090
2025-06-07T00:00:00.000Z,2025-06-07T20:00:00.000Z,0.5588,daily,"{'min_index': 0.5456, 'max_index': 0.5728, 'std_dev': 0.0055, 'samples_count': 24}",RTX 5090
2025-06-08T00:00:00.000Z,2025-06-08T20:00:00.000Z,0.5622,daily,"{'min_index': 0.5552, 'max_index': 0.5748, 'std_dev': 0.0061, 'samples_count': 24}",RTX 5090
2025-06-09T00:00:00.000Z,2025-06-09T20:00:00.000Z,0.5601,daily,"{'min_index': 0.5462, 'max_index': 0.5746, 'std_dev': 0.0082, 'samples_count': 24}",RTX 5090
2025-06-10T00:00:00.000Z,2025-06-10T20:00:00.000Z,0.5527,daily,"{'min_index': 0.538, 'max_index': 0.5647, 'std_dev': 0.0081, 'samples_count': 24}",RTX 5090
2025-06-11T00:00:00.000Z,2025-06-11T20:00:00.000Z,0.5405,daily,"{'min_index': 0.5177, 'max_index': 0.5537, 'std_dev': 0.011, 'samples_count': 24}",RTX 5090
2025-06-12T00:00:00.000Z,2025-06-12T20:00:00.000Z,0.537,daily,"{'min_index': 0.5289, 'max_index': 0.5539, 'std_dev': 0.0075, 'samples_count': 24}",RTX 5090
2025-06-13T00:00:00.000Z,2025-06-13T20:00:00.000Z,0.5428,daily,"{'min_index': 0.5295, 'max_index': 0.5543, 'std_dev': 0.0064, 'samples_count': 24}",RTX 5090
2025-06-14T00:00:00.000Z,2025-06-14T20:00:00.000Z,0.5433,daily,"{'min_index': 0.5259, 'max_index': 0.5626, 'std_dev': 0.0102, 'samples_count': 24}",RTX 5090
2025-06-15T00:00:00.000Z,2025-06-15T20:00:00.000Z,0.5396,daily,"{'min_index': 0.5301, 'max_index': 0.5541, 'std_dev': 0.0055, 'samples_count': 24}",RTX 5090
2025-06-16T00:00:00.000Z,2025-06-16T20:00:00.000Z,0.5391,daily,"{'min_index': 0.5355, 'max_index': 0.5456, 'std_dev': 0.003, 'samples_count': 24}",RTX 5090
2025-06-17T00:00:00.000Z,2025-06-17T20:00:00.000Z,0.533,daily,"{'min_index': 0.5256, 'max_index': 0.5446, 'std_dev': 0.0054, 'samples_count': 24}",RTX 5090
2025-06-18T00:00:00.000Z,2025-06-18T20:00:00.000Z,0.5376,daily,"{'min_index': 0.5266, 'max_index': 0.5523, 'std_dev': 0.0066, 'samples_count': 24}",RTX 5090
2025-06-19T00:00:00.000Z,2025-06-19T20:00:00.000Z,0.5384,daily,"{'min_index': 0.5277, 'max_index': 0.5526, 'std_dev': 0.0056, 'samples_count': 24}",RTX 5090
2025-06-20T00:00:00.000Z,2025-06-20T20:00:00.000Z,0.5324,daily,"{'min_index': 0.5257, 'max_index': 0.5532, 'std_dev': 0.008, 'samples_count': 24}",RTX 5090
2025-06-21T00:00:00.000Z,2025-06-21T20:00:00.000Z,0.5452,daily,"{'min_index': 0.531, 'max_index': 0.552, 'std_dev': 0.0057, 'samples_count': 24}",RTX 5090
2025-06-22T00:00:00.000Z,2025-06-22T20:00:00.000Z,0.5443,daily,"{'min_index': 0.5353, 'max_index': 0.5491, 'std_dev': 0.0033, 'samples_count': 24}",RTX 5090
2025-06-23T00:00:00.000Z,2025-06-23T20:00:00.000Z,0.5449,daily,"{'min_index': 0.5355, 'max_index': 0.5545, 'std_dev': 0.004, 'samples_count': 24}",RTX 5090
2025-06-24T00:00:00.000Z,2025-06-24T20:00:00.000Z,0.5449,daily,"{'min_index': 0.5352, 'max_index': 0.5437, 'std_dev': 0.0027, 'samples_count': 24}",RTX 5090
2025-06-25T00:00:00.000Z,2025-06-25T20:00:00.000Z,0.5435,daily,"{'min_index': 0.5306, 'max_index': 0.5542, 'std_dev': 0.0043, 'samples_count': 24}",RTX 5090
2025-06-26T00:00:00.000Z,2025-06-26T20:00:00.000Z,0.5484,daily,"{'min_index': 0.5356, 'max_index': 0.5625, 'std_dev': 0.0082, 'samples_count': 24}",RTX 5090
2025-06-27T00:00:00.000Z,2025-06-27T20:00:00.000Z,0.5485,daily,"{'min_index': 0.5363, 'max_index': 0.5633, 'std_dev': 0.0061, 'samples_count': 24}",RTX 5090
2025-06-28T00:00:00.000Z,2025-06-28T20:00:00.000Z,0.5589,daily,"{'min_index': 0.5401, 'max_index': 0.58, 'std_dev': 0.0107, 'samples_count': 24}",RTX 5090
2025-06-29T00:00:00.000Z,2025-06-29T20:00:00.000Z,0.5557,daily,"{'min_index': 0.5456, 'max_index': 0.583, 'std_dev': 0.0114, 'samples_count': 24}",RTX 5090
2025-06-30T00:00:00.000Z,2025-06-30T20:00:00.000Z,0.5669,daily,"{'min_index': 0.5467, 'max_index': 0.5938, 'std_dev': 0.0131, 'samples_count': 24}",RTX 5090
2025-07-01T00:00:00.000Z,2025-07-01T20:00:00.000Z,0.591,daily,"{'min_index': 0.5783, 'max_index': 0.6042, 'std_dev': 0.0061, 'samples_count': 24}",RTX 5090
2025-07-02T00:00:00.000Z,2025-07-02T20:00:00.000Z,0.5807,daily,"{'min_index': 0.5592, 'max_index': 0.6045, 'std_dev': 0.0106, 'samples_count': 24}",RTX 5090
2025-07-03T00:00:00.000Z,2025-07-03T20:00:00.000Z,0.5863,daily,"{'min_index': 0.5557, 'max_index': 0.6049, 'std_dev': 0.015, 'samples_count': 24}",RTX 5090
2025-07-04T00:00:00.000Z,2025-07-04T20:00:00.000Z,0.5872,daily,"{'min_index': 0.5587, 'max_index': 0.6035, 'std_dev': 0.0125, 'samples_count': 24}",RTX 5090
2025-07-05T00:00:00.000Z,2025-07-05T20:00:00.000Z,0.584,daily,"{'min_index': 0.5452, 'max_index': 0.6033, 'std_dev': 0.0142, 'samples_count': 24}",RTX 5090
2025-07-06T00:00:00.000Z,2025-07-06T20:00:00.000Z,0.5684,daily,"{'min_index': 0.547, 'max_index': 0.5913, 'std_dev': 0.0129, 'samples_count': 24}",RTX 5090
2025-07-07T00:00:00.000Z,2025-07-07T20:00:00.000Z,0.5536,daily,"{'min_index': 0.5267, 'max_index': 0.5753, 'std_dev': 0.0107, 'samples_count': 24}",RTX 5090
2025-07-08T00:00:00.000Z,2025-07-08T20:00:00.000Z,0.5603,daily,"{'min_index': 0.5487, 'max_index': 0.5747, 'std_dev': 0.0067, 'samples_count': 24}",RTX 5090
2025-07-09T00:00:00.000Z,2025-07-09T20:00:00.000Z,0.5579,daily,"{'min_index': 0.5458, 'max_index': 0.5711, 'std_dev': 0.0058, 'samples_count': 24}",RTX 5090
2025-07-10T00:00:00.000Z,2025-07-10T20:00:00.000Z,0.5567,daily,"{'min_index': 0.5464, 'max_index': 0.5637, 'std_dev': 0.0055, 'samples_count': 24}",RTX 5090
2025-07-11T00:00:00.000Z,2025-07-11T20:00:00.000Z,0.5602,daily,"{'min_index': 0.5477, 'max_index': 0.5748, 'std_dev': 0.0065, 'samples_count': 24}",RTX 5090
2025-07-12T00:00:00.000Z,2025-07-12T20:00:00.000Z,0.5612,daily,"{'min_index': 0.5554, 'max_index': 0.5736, 'std_dev': 0.0041, 'samples_count': 24}",RTX 5090
2025-07-13T00:00:00.000Z,2025-07-13T20:00:00.000Z,0.56,daily,"{'min_index': 0.5554, 'max_index': 0.5646, 'std_dev': 0.0027, 'samples_count': 24}",RTX 5090
2025-07-14T00:00:00.000Z,2025-07-14T20:00:00.000Z,0.5582,daily,"{'min_index': 0.5466, 'max_index': 0.5649, 'std_dev': 0.005, 'samples_count': 24}",RTX 5090
2025-07-15T00:00:00.000Z,2025-07-15T20:00:00.000Z,0.5539,daily,"{'min_index': 0.5452, 'max_index': 0.5641, 'std_dev': 0.0059, 'samples_count': 24}",RTX 5090
2025-07-16T00:00:00.000Z,2025-07-16T20:00:00.000Z,0.5597,daily,"{'min_index': 0.5451, 'max_index': 0.5748, 'std_dev': 0.0085, 'samples_count': 24}",RTX 5090
2025-07-17T00:00:00.000Z,2025-07-17T20:00:00.000Z,0.5535,daily,"{'min_index': 0.5412, 'max_index': 0.5647, 'std_dev': 0.0053, 'samples_count': 24}",RTX 5090
2025-07-18T00:00:00.000Z,2025-07-18T20:00:00.000Z,0.5445,daily,"{'min_index': 0.5273, 'max_index': 0.5671, 'std_dev': 0.0091, 'samples_count': 24}",RTX 5090
2025-07-19T00:00:00.000Z,2025-07-19T20:00:00.000Z,0.5508,daily,"{'min_index': 0.5363, 'max_index': 0.5799, 'std_dev': 0.0106, 'samples_count': 24}",RTX 5090
2025-07-20T00:00:00.000Z,2025-07-20T20:00:00.000Z,0.5528,daily,"{'min_index': 0.5428, 'max_index': 0.5943, 'std_dev': 0.0136, 'samples_count': 24}",RTX 5090
2025-07-21T00:00:00.000Z,2025-07-21T20:00:00.000Z,0.5686,daily,"{'min_index': 0.5374, 'max_index': 0.6027, 'std_dev': 0.0182, 'samples_count': 24}",RTX 5090
2025-07-22T00:00:00.000Z,2025-07-22T20:00:00.000Z,0.5679,daily,"{'min_index': 0.5483, 'max_index': 0.5903, 'std_dev': 0.0121, 'samples_count': 24}",RTX 5090
2025-07-23T00:00:00.000Z,2025-07-23T20:00:00.000Z,0.5489,daily,"{'min_index': 0.5358, 'max_index': 0.5624, 'std_dev': 0.0076, 'samples_count': 24}",RTX 5090
2025-07-24T00:00:00.000Z,2025-07-24T20:00:00.000Z,0.561,daily,"{'min_index': 0.5456, 'max_index': 0.5836, 'std_dev': 0.0128, 'samples_count': 24}",RTX 5090
2025-07-25T00:00:00.000Z,2025-07-25T20:00:00.000Z,0.575,daily,"{'min_index': 0.5497, 'max_index': 0.5945, 'std_dev': 0.0136, 'samples_count': 24}",RTX 5090
2025-07-26T00:00:00.000Z,2025-07-26T20:00:00.000Z,0.5697,daily,"{'min_index': 0.5376, 'max_index': 0.6004, 'std_dev': 0.0176, 'samples_count': 24}",RTX 5090
2025-07-27T00:00:00.000Z,2025-07-27T20:00:00.000Z,0.5659,daily,"{'min_index': 0.5356, 'max_index': 0.5849, 'std_dev': 0.0131, 'samples_count': 24}",RTX 5090
2025-07-28T00:00:00.000Z,2025-07-28T20:00:00.000Z,0.5637,daily,"{'min_index': 0.5355, 'max_index': 0.5822, 'std_dev': 0.0117, 'samples_count': 24}",RTX 5090
2025-07-29T00:00:00.000Z,2025-07-29T20:00:00.000Z,0.5508,daily,"{'min_index': 0.5265, 'max_index': 0.5727, 'std_dev': 0.0138, 'samples_count': 24}",RTX 5090
2025-07-30T00:00:00.000Z,2025-07-30T20:00:00.000Z,0.5306,daily,"{'min_index': 0.5063, 'max_index': 0.5434, 'std_dev': 0.0103, 'samples_count': 24}",RTX 5090
2025-07-31T00:00:00.000Z,2025-07-31T20:00:00.000Z,0.5306,daily,"{'min_index': 0.5165, 'max_index': 0.5448, 'std_dev': 0.0079, 'samples_count': 24}",RTX 5090
2025-08-01T00:00:00.000Z,2025-08-01T20:00:00.000Z,0.5371,daily,"{'min_index': 0.5255, 'max_index': 0.5512, 'std_dev': 0.0066, 'samples_count': 24}",RTX 5090
2025-08-02T00:00:00.000Z,2025-08-02T20:00:00.000Z,0.5407,daily,"{'min_index': 0.527, 'max_index': 0.5524, 'std_dev': 0.0048, 'samples_count': 24}",RTX 5090
2025-08-03T00:00:00.000Z,2025-08-03T20:00:00.000Z,0.5291,daily,"{'min_index': 0.5109, 'max_index': 0.5427, 'std_dev': 0.0074, 'samples_count': 24}",RTX 5090
2025-08-04T00:00:00.000Z,2025-08-04T20:00:00.000Z,0.5251,daily,"{'min_index': 0.5152, 'max_index': 0.5366, 'std_dev': 0.0062, 'samples_count': 24}",RTX 5090
2025-08-05T00:00:00.000Z,2025-08-05T20:00:00.000Z,0.5252,daily,"{'min_index': 0.5158, 'max_index': 0.5336, 'std_dev': 0.0047, 'samples_count': 24}",RTX 5090
2025-08-06T00:00:00.000Z,2025-08-06T20:00:00.000Z,0.5212,daily,"{'min_index': 0.5094, 'max_index': 0.5345, 'std_dev': 0.0058, 'samples_count': 24}",RTX 5090
2025-08-07T00:00:00.000Z,2025-08-07T20:00:00.000Z,0.5268,daily,"{'min_index': 0.5158, 'max_index': 0.5388, 'std_dev': 0.0063, 'samples_count': 24}",RTX 5090
2025-08-08T00:00:00.000Z,2025-08-08T20:00:00.000Z,0.5222,daily,"{'min_index': 0.5153, 'max_index': 0.5292, 'std_dev': 0.0032, 'samples_count': 24}",RTX 5090
2025-08-09T00:00:00.000Z,2025-08-09T20:00:00.000Z,0.5192,daily,"{'min_index': 0.5157, 'max_index': 0.5243, 'std_dev': 0.0025, 'samples_count': 24}",RTX 5090
2025-08-10T00:00:00.000Z,2025-08-10T20:00:00.000Z,0.5208,daily,"{'min_index': 0.5153, 'max_index': 0.5234, 'std_dev': 0.0026, 'samples_count': 24}",RTX 5090
2025-08-11T00:00:00.000Z,2025-08-11T20:00:00.000Z,0.5238,daily,"{'min_index': 0.5152, 'max_index': 0.5446, 'std_dev': 0.0099, 'samples_count': 24}",RTX 5090
2025-08-12T00:00:00.000Z,2025-08-12T20:00:00.000Z,0.5234,daily,"{'min_index': 0.5077, 'max_index': 0.5439, 'std_dev': 0.0089, 'samples_count': 24}",RTX 5090
2025-08-13T00:00:00.000Z,2025-08-13T20:00:00.000Z,0.5271,daily,"{'min_index': 0.516, 'max_index': 0.5444, 'std_dev': 0.008, 'samples_count': 24}",RTX 5090
2025-08-14T00:00:00.000Z,2025-08-14T20:00:00.000Z,0.5274,daily,"{'min_index': 0.5151, 'max_index': 0.5394, 'std_dev': 0.0072, 'samples_count': 24}",RTX 5090
2025-08-15T00:00:00.000Z,2025-08-15T20:00:00.000Z,0.5246,daily,"{'min_index': 0.5055, 'max_index': 0.5443, 'std_dev': 0.0117, 'samples_count': 24}",RTX 5090
2025-08-16T00:00:00.000Z,2025-08-16T20:00:00.000Z,0.5241,daily,"{'min_index': 0.5157, 'max_index': 0.5344, 'std_dev': 0.0061, 'samples_count': 24}",RTX 5090
2025-08-17T00:00:00.000Z,2025-08-17T20:00:00.000Z,0.5202,daily,"{'min_index': 0.5152, 'max_index': 0.5248, 'std_dev': 0.0031, 'samples_count': 24}",RTX 5090
2025-08-18T00:00:00.000Z,2025-08-18T20:00:00.000Z,0.5191,daily,"{'min_index': 0.5116, 'max_index': 0.5349, 'std_dev': 0.005, 'samples_count': 24}",RTX 5090
2025-08-19T00:00:00.000Z,2025-08-19T20:00:00.000Z,0.5287,daily,"{'min_index': 0.5152, 'max_index': 0.5439, 'std_dev': 0.0093, 'samples_count': 24}",RTX 5090
2025-08-20T00:00:00.000Z,2025-08-20T20:00:00.000Z,0.5166,daily,"{'min_index': 0.4964, 'max_index': 0.5389, 'std_dev': 0.0129, 'samples_count': 24}",RTX 5090
2025-08-21T00:00:00.000Z,2025-08-21T20:00:00.000Z,0.506,daily,"{'min_index': 0.4966, 'max_index': 0.5225, 'std_dev': 0.0093, 'samples_count': 24}",RTX 5090
2025-08-22T00:00:00.000Z,2025-08-22T20:00:00.000Z,0.5014,daily,"{'min_index': 0.4958, 'max_index': 0.5055, 'std_dev': 0.003, 'samples_count': 24}",RTX 5090
2025-08-23T00:00:00.000Z,2025-08-23T20:00:00.000Z,0.4986,daily,"{'min_index': 0.4854, 'max_index': 0.5111, 'std_dev': 0.0061, 'samples_count': 24}",RTX 5090
2025-08-24T00:00:00.000Z,2025-08-24T20:00:00.000Z,0.5076,daily,"{'min_index': 0.4957, 'max_index': 0.5148, 'std_dev': 0.0046, 'samples_count': 24}",RTX 5090
2025-08-25T00:00:00.000Z,2025-08-25T20:00:00.000Z,0.5108,daily,"{'min_index': 0.5052, 'max_index': 0.5235, 'std_dev': 0.0044, 'samples_count': 24}",RTX 5090
2025-08-26T00:00:00.000Z,2025-08-26T20:00:00.000Z,0.5013,daily,"{'min_index': 0.4852, 'max_index': 0.5147, 'std_dev': 0.0053, 'samples_count': 24}",RTX 5090
2025-08-27T00:00:00.000Z,2025-08-27T20:00:00.000Z,0.498,daily,"{'min_index': 0.4959, 'max_index': 0.5132, 'std_dev': 0.0035, 'samples_count': 24}",RTX 5090
2025-08-28T00:00:00.000Z,2025-08-28T20:00:00.000Z,0.4954,daily,"{'min_index': 0.4877, 'max_index': 0.5048, 'std_dev': 0.005, 'samples_count': 24}",RTX 5090
2025-08-29T00:00:00.000Z,2025-08-29T20:00:00.000Z,0.5007,daily,"{'min_index': 0.4879, 'max_index': 0.5163, 'std_dev': 0.0062, 'samples_count': 24}",RTX 5090
2025-08-30T00:00:00.000Z,2025-08-30T20:00:00.000Z,0.5029,daily,"{'min_index': 0.4954, 'max_index': 0.5141, 'std_dev': 0.0056, 'samples_count': 24}",RTX 5090
2025-08-31T00:00:00.000Z,2025-08-31T20:00:00.000Z,0.5014,daily,"{'min_index': 0.4953, 'max_index': 0.5123, 'std_dev': 0.0054, 'samples_count': 24}",RTX 5090
2025-09-01T00:00:00.000Z,2025-09-01T20:00:00.000Z,0.5035,daily,"{'min_index': 0.4957, 'max_index': 0.5209, 'std_dev': 0.0073, 'samples_count': 24}",RTX 5090
2025-09-02T00:00:00.000Z,2025-09-02T20:00:00.000Z,0.5082,daily,"{'min_index': 0.4957, 'max_index': 0.5163, 'std_dev': 0.006, 'samples_count': 24}",RTX 5090
2025-09-03T00:00:00.000Z,2025-09-03T20:00:00.000Z,0.5038,daily,"{'min_index': 0.4962, 'max_index': 0.5142, 'std_dev': 0.0062, 'samples_count': 24}",RTX 5090
2025-09-04T00:00:00.000Z,2025-09-04T20:00:00.000Z,0.5033,daily,"{'min_index': 0.4869, 'max_index': 0.5312, 'std_dev': 0.0097, 'samples_count': 24}",RTX 5090
2025-09-05T00:00:00.000Z,2025-09-05T20:00:00.000Z,0.4957,daily,"{'min_index': 0.4854, 'max_index': 0.507, 'std_dev': 0.0065, 'samples_count': 24}",RTX 5090
2025-09-06T00:00:00.000Z,2025-09-06T20:00:00.000Z,0.4933,daily,"{'min_index': 0.4853, 'max_index': 0.5025, 'std_dev': 0.0047, 'samples_count': 24}",RTX 5090
2025-09-07T00:00:00.000Z,2025-09-07T20:00:00.000Z,0.4887,daily,"{'min_index': 0.4855, 'max_index': 0.4964, 'std_dev': 0.0029, 'samples_count': 24}",RTX 5090
2025-09-08T00:00:00.000Z,2025-09-08T20:00:00.000Z,0.4879,daily,"{'min_index': 0.4856, 'max_index': 0.4943, 'std_dev': 0.0025, 'samples_count': 24}",RTX 5090
2025-09-09T00:00:00.000Z,2025-09-09T20:00:00.000Z,0.4904,daily,"{'min_index': 0.4853, 'max_index': 0.4975, 'std_dev': 0.0037, 'samples_count': 24}",RTX 5090
2025-09-10T00:00:00.000Z,2025-09-10T20:00:00.000Z,0.4904,daily,"{'min_index': 0.4859, 'max_index': 0.5008, 'std_dev': 0.0036, 'samples_count': 24}",RTX 5090
2025-09-11T00:00:00.000Z,2025-09-11T20:00:00.000Z,0.4921,daily,"{'min_index': 0.4833, 'max_index': 0.5018, 'std_dev': 0.0043, 'samples_count': 24}",RTX 5090
2025-09-12T00:00:00.000Z,2025-09-12T20:00:00.000Z,0.4868,daily,"{'min_index': 0.478, 'max_index': 0.5042, 'std_dev': 0.0056, 'samples_count': 24}",RTX 5090
2025-09-13T00:00:00.000Z,2025-09-13T20:00:00.000Z,0.4908,daily,"{'min_index': 0.48, 'max_index': 0.5039, 'std_dev': 0.006, 'samples_count': 24}",RTX 5090
2025-09-14T00:00:00.000Z,2025-09-14T20:00:00.000Z,0.4933,daily,"{'min_index': 0.4856, 'max_index': 0.5036, 'std_dev': 0.0059, 'samples_count': 24}",RTX 5090
2025-09-15T00:00:00.000Z,2025-09-15T20:00:00.000Z,0.494,daily,"{'min_index': 0.4862, 'max_index': 0.5036, 'std_dev': 0.0051, 'samples_count': 24}",RTX 5090
2025-09-16T00:00:00.000Z,2025-09-16T20:00:00.000Z,0.4895,daily,"{'min_index': 0.4763, 'max_index': 0.498, 'std_dev': 0.0046, 'samples_count': 24}",RTX 5090
2025-09-17T00:00:00.000Z,2025-09-17T20:00:00.000Z,0.4839,daily,"{'min_index': 0.4752, 'max_index': 0.4926, 'std_dev': 0.005, 'samples_count': 24}",RTX 5090
2025-09-18T00:00:00.000Z,2025-09-18T20:00:00.000Z,0.4766,daily,"{'min_index': 0.4673, 'max_index': 0.4845, 'std_dev': 0.0045, 'samples_count': 24}",RTX 5090
2025-09-19T00:00:00.000Z,2025-09-19T20:00:00.000Z,0.4769,daily,"{'min_index': 0.4665, 'max_index': 0.4847, 'std_dev': 0.005, 'samples_count': 24}",RTX 5090
2025-09-20T00:00:00.000Z,2025-09-20T20:00:00.000Z,0.4748,daily,"{'min_index': 0.4659, 'max_index': 0.4845, 'std_dev': 0.0058, 'samples_count': 24}",RTX 5090
2025-09-21T00:00:00.000Z,2025-09-21T20:00:00.000Z,0.4752,daily,"{'min_index': 0.466, 'max_index': 0.4847, 'std_dev': 0.0057, 'samples_count': 24}",RTX 5090
2025-09-22T00:00:00.000Z,2025-09-22T20:00:00.000Z,0.4749,daily,"{'min_index': 0.4653, 'max_index': 0.4845, 'std_dev': 0.0061, 'samples_count': 24}",RTX 5090
2025-09-23T00:00:00.000Z,2025-09-23T20:00:00.000Z,0.4651,daily,"{'min_index': 0.4552, 'max_index': 0.4706, 'std_dev': 0.0044, 'samples_count': 24}",RTX 5090
2025-09-24T00:00:00.000Z,2025-09-24T20:00:00.000Z,0.4695,daily,"{'min_index': 0.458, 'max_index': 0.4823, 'std_dev': 0.0048, 'samples_count': 24}",RTX 5090
2025-09-25T00:00:00.000Z,2025-09-25T20:00:00.000Z,0.47,daily,"{'min_index': 0.4601, 'max_index': 0.4849, 'std_dev': 0.0058, 'samples_count': 24}",RTX 5090
2025-09-26T00:00:00.000Z,2025-09-26T20:00:00.000Z,0.4716,daily,"{'min_index': 0.456, 'max_index': 0.4847, 'std_dev': 0.0075, 'samples_count': 24}",RTX 5090
2025-09-27T00:00:00.000Z,2025-09-27T20:00:00.000Z,0.4663,daily,"{'min_index': 0.4555, 'max_index': 0.4731, 'std_dev': 0.0054, 'samples_count': 24}",RTX 5090
2025-09-28T00:00:00.000Z,2025-09-28T20:00:00.000Z,0.4646,daily,"{'min_index': 0.4553, 'max_index': 0.4741, 'std_dev': 0.0051, 'samples_count': 24}",RTX 5090
2025-09-29T00:00:00.000Z,2025-09-29T20:00:00.000Z,0.47,daily,"{'min_index': 0.4568, 'max_index': 0.4842, 'std_dev': 0.0057, 'samples_count': 24}",RTX 5090
2025-09-30T00:00:00.000Z,2025-09-30T20:00:00.000Z,0.4688,daily,"{'min_index': 0.4553, 'max_index': 0.4836, 'std_dev': 0.009, 'samples_count': 24}",RTX 5090
2025-10-01T00:00:00.000Z,2025-10-01T20:00:00.000Z,0.4627,daily,"{'min_index': 0.4561, 'max_index': 0.4728, 'std_dev': 0.0047, 'samples_count': 24}",RTX 5090
2025-10-02T00:00:00.000Z,2025-10-02T20:00:00.000Z,0.463,daily,"{'min_index': 0.4551, 'max_index': 0.4743, 'std_dev': 0.0057, 'samples_count': 24}",RTX 5090
2025-10-03T00:00:00.000Z,2025-10-03T20:00:00.000Z,0.4615,daily,"{'min_index': 0.4523, 'max_index': 0.4697, 'std_dev': 0.0035, 'samples_count': 24}",RTX 5090
2025-10-04T00:00:00.000Z,2025-10-04T20:00:00.000Z,0.457,daily,"{'min_index': 0.4476, 'max_index': 0.4686, 'std_dev': 0.0061, 'samples_count': 24}",RTX 5090
2025-10-05T00:00:00.000Z,2025-10-05T20:00:00.000Z,0.459,daily,"{'min_index': 0.4462, 'max_index': 0.4725, 'std_dev': 0.0049, 'samples_count': 24}",RTX 5090
2025-10-06T00:00:00.000Z,2025-10-06T20:00:00.000Z,0.4591,daily,"{'min_index': 0.4558, 'max_index': 0.4647, 'std_dev': 0.0027, 'samples_count': 24}",RTX 5090
2025-10-07T00:00:00.000Z,2025-10-07T20:00:00.000Z,0.4652,daily,"{'min_index': 0.4555, 'max_index': 0.4749, 'std_dev': 0.0061, 'samples_count': 24}",RTX 5090
2025-10-08T00:00:00.000Z,2025-10-08T20:00:00.000Z,0.4635,daily,"{'min_index': 0.456, 'max_index': 0.4748, 'std_dev': 0.0057, 'samples_count': 24}",RTX 5090
2025-10-09T00:00:00.000Z,2025-10-09T20:00:00.000Z,0.4584,daily,"{'min_index': 0.4456, 'max_index': 0.4644, 'std_dev': 0.0059, 'samples_count': 24}",RTX 5090
2025-10-10T00:00:00.000Z,2025-10-10T20:00:00.000Z,0.4566,daily,"{'min_index': 0.4477, 'max_index': 0.4647, 'std_dev': 0.0044, 'samples_count': 24}",RTX 5090
2025-10-11T00:00:00.000Z,2025-10-11T20:00:00.000Z,0.4558,daily,"{'min_index': 0.4465, 'max_index': 0.4645, 'std_dev': 0.0047, 'samples_count': 24}",RTX 5090
2025-10-12T00:00:00.000Z,2025-10-12T20:00:00.000Z,0.4553,daily,"{'min_index': 0.4362, 'max_index': 0.4642, 'std_dev': 0.0071, 'samples_count': 24}",RTX 5090
2025-10-13T00:00:00.000Z,2025-10-13T20:00:00.000Z,0.4464,daily,"{'min_index': 0.4363, 'max_index': 0.4541, 'std_dev': 0.0059, 'samples_count': 24}",RTX 5090
2025-10-14T00:00:00.000Z,2025-10-14T20:00:00.000Z,0.4407,daily,"{'min_index': 0.4356, 'max_index': 0.4487, 'std_dev': 0.0031, 'samples_count': 24}",RTX 5090
2025-10-15T00:00:00.000Z,2025-10-15T20:00:00.000Z,0.4409,daily,"{'min_index': 0.4334, 'max_index': 0.4528, 'std_dev': 0.004, 'samples_count': 24}",RTX 5090
2025-10-16T00:00:00.000Z,2025-10-16T20:00:00.000Z,0.4393,daily,"{'min_index': 0.4305, 'max_index': 0.4445, 'std_dev': 0.0031, 'samples_count': 24}",RTX 5090
2025-10-17T00:00:00.000Z,2025-10-17T20:00:00.000Z,0.4356,daily,"{'min_index': 0.424, 'max_index': 0.4448, 'std_dev': 0.0057, 'samples_count': 24}",RTX 5090
2025-10-18T00:00:00.000Z,2025-10-18T20:00:00.000Z,0.427,daily,"{'min_index': 0.4247, 'max_index': 0.4396, 'std_dev': 0.0042, 'samples_count': 24}",RTX 5090
2025-10-19T00:00:00.000Z,2025-10-19T20:00:00.000Z,0.4381,daily,"{'min_index': 0.4266, 'max_index': 0.4543, 'std_dev': 0.0096, 'samples_count': 24}",RTX 5090
2025-10-20T00:00:00.000Z,2025-10-20T20:00:00.000Z,0.456,daily,"{'min_index': 0.4455, 'max_index': 0.4847, 'std_dev': 0.0124, 'samples_count': 24}",RTX 5090
2025-10-21T00:00:00.000Z,2025-10-21T20:00:00.000Z,0.477,daily,"{'min_index': 0.4702, 'max_index': 0.4876, 'std_dev': 0.0044, 'samples_count': 24}",RTX 5090
2025-10-22T00:00:00.000Z,2025-10-22T20:00:00.000Z,0.4733,daily,"{'min_index': 0.4652, 'max_index': 0.4834, 'std_dev': 0.0059, 'samples_count': 24}",RTX 5090
2025-10-23T00:00:00.000Z,2025-10-23T20:00:00.000Z,0.4727,daily,"{'min_index': 0.4458, 'max_index': 0.484, 'std_dev': 0.0105, 'samples_count': 24}",RTX 5090
2025-10-24T00:00:00.000Z,2025-10-24T20:00:00.000Z,0.4532,daily,"{'min_index': 0.4461, 'max_index': 0.4649, 'std_dev': 0.0065, 'samples_count': 24}",RTX 5090
2025-10-25T00:00:00.000Z,2025-10-25T20:00:00.000Z,0.4523,daily,"{'min_index': 0.4455, 'max_index': 0.4631, 'std_dev': 0.0049, 'samples_count': 24}",RTX 5090
2025-10-26T00:00:00.000Z,2025-10-26T20:00:00.000Z,0.4494,daily,"{'min_index': 0.4452, 'max_index': 0.4548, 'std_dev': 0.0031, 'samples_count': 24}",RTX 5090
2025-10-27T00:00:00.000Z,2025-10-27T20:00:00.000Z,0.4478,daily,"{'min_index': 0.4411, 'max_index': 0.4545, 'std_dev': 0.0032, 'samples_count': 24}",RTX 5090
2025-10-28T00:00:00.000Z,2025-10-28T20:00:00.000Z,0.4488,daily,"{'min_index': 0.4454, 'max_index': 0.4548, 'std_dev': 0.0028, 'samples_count': 24}",RTX 5090
2025-10-29T00:00:00.000Z,2025-10-29T20:00:00.000Z,0.4461,daily,"{'min_index': 0.438, 'max_index': 0.4548, 'std_dev': 0.004, 'samples_count': 24}",RTX 5090
2025-10-30T00:00:00.000Z,2025-10-30T20:00:00.000Z,0.447,daily,"{'min_index': 0.4458, 'max_index': 0.4548, 'std_dev': 0.0028, 'samples_count': 24}",RTX 5090
2025-10-31T00:00:00.000Z,2025-10-31T20:00:00.000Z,0.4502,daily,"{'min_index': 0.4453, 'max_index': 0.4632, 'std_dev': 0.0051, 'samples_count': 24}",RTX 5090
2025-11-01T00:00:00.000Z,2025-11-01T20:00:00.000Z,0.4564,daily,"{'min_index': 0.4454, 'max_index': 0.4646, 'std_dev': 0.0066, 'samples_count': 24}",RTX 5090
2025-11-02T00:00:00.000Z,2025-11-02T21:00:00.000Z,0.4573,daily,"{'min_index': 0.4563, 'max_index': 0.4639, 'std_dev': 0.0022, 'samples_count': 24}",RTX 5090
2025-11-03T00:00:00.000Z,2025-11-03T21:00:00.000Z,0.4573,daily,"{'min_index': 0.4504, 'max_index': 0.4648, 'std_dev': 0.0037, 'samples_count': 24}",RTX 5090
2025-11-04T00:00:00.000Z,2025-11-04T21:00:00.000Z,0.4555,daily,"{'min_index': 0.4481, 'max_index': 0.4645, 'std_dev': 0.0043, 'samples_count': 24}",RTX 5090
2025-11-05T00:00:00.000Z,2025-11-05T21:00:00.000Z,0.4495,daily,"{'min_index': 0.4359, 'max_index': 0.4642, 'std_dev': 0.0076, 'samples_count': 24}",RTX 5090
2025-11-06T00:00:00.000Z,2025-11-06T21:00:00.000Z,0.4536,daily,"{'min_index': 0.4455, 'max_index': 0.4645, 'std_dev': 0.0061, 'samples_count': 24}",RTX 5090
2025-11-07T00:00:00.000Z,2025-11-07T21:00:00.000Z,0.4553,daily,"{'min_index': 0.4455, 'max_index': 0.4637, 'std_dev': 0.0064, 'samples_count': 24}",RTX 5090
2025-11-08T00:00:00.000Z,2025-11-08T21:00:00.000Z,0.4544,daily,"{'min_index': 0.4454, 'max_index': 0.4635, 'std_dev': 0.0051, 'samples_count': 24}",RTX 5090
2025-11-09T00:00:00.000Z,2025-11-09T21:00:00.000Z,0.4518,daily,"{'min_index': 0.4453, 'max_index': 0.4548, 'std_dev': 0.0029, 'samples_count': 24}",RTX 5090
2025-11-10T00:00:00.000Z,2025-11-10T21:00:00.000Z,0.4527,daily,"{'min_index': 0.4456, 'max_index': 0.4542, 'std_dev': 0.0026, 'samples_count': 24}",RTX 5090
2025-11-11T00:00:00.000Z,2025-11-11T21:00:00.000Z,0.4561,daily,"{'min_index': 0.4494, 'max_index': 0.4649, 'std_dev': 0.0042, 'samples_count': 24}",RTX 5090
2025-11-12T00:00:00.000Z,2025-11-12T21:00:00.000Z,0.4593,daily,"{'min_index': 0.4559, 'max_index': 0.4648, 'std_dev': 0.0026, 'samples_count': 24}",RTX 5090
2025-11-13T00:00:00.000Z,2025-11-13T21:00:00.000Z,0.4561,daily,"{'min_index': 0.4455, 'max_index': 0.4647, 'std_dev': 0.0063, 'samples_count': 24}",RTX 5090
2025-11-14T00:00:00.000Z,2025-11-14T21:00:00.000Z,0.4604,daily,"{'min_index': 0.4554, 'max_index': 0.4645, 'std_dev': 0.0027, 'samples_count': 24}",RTX 5090
2025-11-15T00:00:00.000Z,2025-11-15T21:00:00.000Z,0.465,daily,"{'min_index': 0.457, 'max_index': 0.4747, 'std_dev': 0.0054, 'samples_count': 24}",RTX 5090
2025-11-16T00:00:00.000Z,2025-11-16T21:00:00.000Z,0.4629,daily,"{'min_index': 0.4563, 'max_index': 0.4688, 'std_dev': 0.0029, 'samples_count': 24}",RTX 5090
2025-11-17T00:00:00.000Z,2025-11-17T21:00:00.000Z,0.4761,daily,"{'min_index': 0.4686, 'max_index': 0.4947, 'std_dev': 0.0068, 'samples_count': 24}",RTX 5090
2025-11-18T00:00:00.000Z,2025-11-18T21:00:00.000Z,0.4948,daily,"{'min_index': 0.4784, 'max_index': 0.5049, 'std_dev': 0.0062, 'samples_count': 24}",RTX 5090
2025-11-19T00:00:00.000Z,2025-11-19T21:00:00.000Z,0.4876,daily,"{'min_index': 0.4748, 'max_index': 0.4972, 'std_dev': 0.0067, 'samples_count': 24}",RTX 5090
2025-11-20T00:00:00.000Z,2025-11-20T21:00:00.000Z,0.4737,daily,"{'min_index': 0.4652, 'max_index': 0.4832, 'std_dev': 0.006, 'samples_count': 24}",RTX 5090
2025-11-21T00:00:00.000Z,2025-11-21T21:00:00.000Z,0.4659,daily,"{'min_index': 0.4555, 'max_index': 0.4847, 'std_dev': 0.008, 'samples_count': 24}",RTX 5090
2025-11-22T00:00:00.000Z,2025-11-22T21:00:00.000Z,0.4721,daily,"{'min_index': 0.4653, 'max_index': 0.4779, 'std_dev': 0.0036, 'samples_count': 24}",RTX 5090
2025-11-23T00:00:00.000Z,2025-11-23T21:00:00.000Z,0.4688,daily,"{'min_index': 0.4655, 'max_index': 0.4748, 'std_dev': 0.0026, 'samples_count': 22}",RTX 5090
2025-11-24T00:00:00.000Z,2025-11-24T21:00:00.000Z,0.4646,daily,"{'min_index': 0.4553, 'max_index': 0.4747, 'std_dev': 0.0052, 'samples_count': 24}",RTX 5090
2025-11-25T00:00:00.000Z,2025-11-25T21:00:00.000Z,0.4629,daily,"{'min_index': 0.4555, 'max_index': 0.4729, 'std_dev': 0.0052, 'samples_count': 24}",RTX 5090
2025-11-26T00:00:00.000Z,2025-11-26T22:00:00.000Z,0.458,daily,"{'min_index': 0.4452, 'max_index': 0.464, 'std_dev': 0.0043, 'samples_count': 24}",RTX 5090
2025-11-27T00:00:00.000Z,2025-11-27T21:00:00.000Z,0.4596,daily,"{'min_index': 0.4462, 'max_index': 0.4647, 'std_dev': 0.0037, 'samples_count': 24}",RTX 5090
2025-11-28T00:00:00.000Z,2025-11-28T21:00:00.000Z,0.4567,daily,"{'min_index': 0.4463, 'max_index': 0.4648, 'std_dev': 0.0058, 'samples_count': 24}",RTX 5090
2025-11-29T00:00:00.000Z,2025-11-29T21:00:00.000Z,0.4583,daily,"{'min_index': 0.4483, 'max_index': 0.4646, 'std_dev': 0.0043, 'samples_count': 24}",RTX 5090
2025-11-30T00:00:00.000Z,2025-11-30T21:00:00.000Z,0.455,daily,"{'min_index': 0.4464, 'max_index': 0.4638, 'std_dev': 0.0054, 'samples_count': 24}",RTX 5090
2025-12-01T00:00:00.000Z,2025-12-01T21:00:00.000Z,0.4525,daily,"{'min_index': 0.4454, 'max_index': 0.4649, 'std_dev': 0.0063, 'samples_count': 24}",RTX 5090
2025-12-02T00:00:00.000Z,2025-12-02T21:00:00.000Z,0.4608,daily,"{'min_index': 0.4559, 'max_index': 0.4714, 'std_dev': 0.0035, 'samples_count': 24}",RTX 5090
2025-12-03T00:00:00.000Z,2025-12-03T21:00:00.000Z,0.4646,daily,"{'min_index': 0.4555, 'max_index': 0.4743, 'std_dev': 0.0053, 'samples_count': 24}",RTX 5090
2025-12-04T00:00:00.000Z,2025-12-04T21:00:00.000Z,0.4671,daily,"{'min_index': 0.456, 'max_index': 0.4748, 'std_dev': 0.0049, 'samples_count': 24}",RTX 5090
2025-12-05T00:00:00.000Z,2025-12-05T21:00:00.000Z,0.4675,daily,"{'min_index': 0.4554, 'max_index': 0.4741, 'std_dev': 0.0059, 'samples_count': 24}",RTX 5090
2025-12-06T00:00:00.000Z,2025-12-06T21:00:00.000Z,0.4658,daily,"{'min_index': 0.4561, 'max_index': 0.4745, 'std_dev': 0.0058, 'samples_count': 24}",RTX 5090
2025-12-07T00:00:00.000Z,2025-12-07T21:00:00.000Z,0.4625,daily,"{'min_index': 0.4461, 'max_index': 0.4747, 'std_dev': 0.006, 'samples_count': 24}",RTX 5090
2025-12-08T00:00:00.000Z,2025-12-08T21:00:00.000Z,0.4596,daily,"{'min_index': 0.4556, 'max_index': 0.4648, 'std_dev': 0.0024, 'samples_count': 24}",RTX 5090
2025-12-09T00:00:00.000Z,2025-12-09T21:00:00.000Z,0.4617,daily,"{'min_index': 0.4556, 'max_index': 0.4735, 'std_dev': 0.0055, 'samples_count': 24}",RTX 5090
2025-12-10T00:00:00.000Z,2025-12-10T21:00:00.000Z,0.4675,daily,"{'min_index': 0.4551, 'max_index': 0.4744, 'std_dev': 0.0059, 'samples_count': 24}",RTX 5090
2025-12-11T00:00:00.000Z,2025-12-11T21:00:00.000Z,0.4604,daily,"{'min_index': 0.4458, 'max_index': 0.4745, 'std_dev': 0.006, 'samples_count': 24}",RTX 5090
2025-12-12T00:00:00.000Z,2025-12-12T21:00:00.000Z,0.4587,daily,"{'min_index': 0.4461, 'max_index': 0.4645, 'std_dev': 0.004, 'samples_count': 23}",RTX 5090
2025-12-13T00:00:00.000Z,2025-12-13T21:00:00.000Z,0.4637,daily,"{'min_index': 0.4551, 'max_index': 0.4742, 'std_dev': 0.0059, 'samples_count': 24}",RTX 5090
2025-12-14T00:00:00.000Z,2025-12-14T21:00:00.000Z,0.4637,daily,"{'min_index': 0.4471, 'max_index': 0.4745, 'std_dev': 0.0062, 'samples_count': 24}",RTX 5090
2025-12-15T00:00:00.000Z,2025-12-15T21:00:00.000Z,0.46,daily,"{'min_index': 0.4453, 'max_index': 0.4697, 'std_dev': 0.0047, 'samples_count': 24}",RTX 5090
2025-12-16T00:00:00.000Z,2025-12-16T21:00:00.000Z,0.4548,daily,"{'min_index': 0.4453, 'max_index': 0.4629, 'std_dev': 0.0052, 'samples_count': 23}",RTX 5090
2025-12-17T00:00:00.000Z,2025-12-17T21:00:00.000Z,0.4537,daily,"{'min_index': 0.4406, 'max_index': 0.4725, 'std_dev': 0.0091, 'samples_count': 24}",RTX 5090
2025-12-18T00:00:00.000Z,2025-12-18T21:00:00.000Z,0.4642,daily,"{'min_index': 0.4519, 'max_index': 0.4728, 'std_dev': 0.0059, 'samples_count': 24}",RTX 5090
2025-12-19T00:00:00.000Z,2025-12-19T21:00:00.000Z,0.4617,daily,"{'min_index': 0.448, 'max_index': 0.4746, 'std_dev': 0.0084, 'samples_count': 24}",RTX 5090
2025-12-20T00:00:00.000Z,2025-12-20T21:00:00.000Z,0.4525,daily,"{'min_index': 0.4359, 'max_index': 0.4641, 'std_dev': 0.0058, 'samples_count': 24}",RTX 5090
2025-12-21T00:00:00.000Z,2025-12-21T21:00:00.000Z,0.4475,daily,"{'min_index': 0.436, 'max_index': 0.4539, 'std_dev': 0.0048, 'samples_count': 24}",RTX 5090
2025-12-22T00:00:00.000Z,2025-12-22T21:00:00.000Z,0.4429,daily,"{'min_index': 0.4352, 'max_index': 0.4549, 'std_dev': 0.0052, 'samples_count': 24}",RTX 5090
2025-12-23T00:00:00.000Z,2025-12-23T21:00:00.000Z,0.4446,daily,"{'min_index': 0.4352, 'max_index': 0.4618, 'std_dev': 0.0069, 'samples_count': 24}",RTX 5090
2025-12-24T00:00:00.000Z,2025-12-24T21:00:00.000Z,0.4492,daily,"{'min_index': 0.4388, 'max_index': 0.456, 'std_dev': 0.0036, 'samples_count': 24}",RTX 5090
2025-12-25T00:00:00.000Z,2025-12-25T21:00:00.000Z,0.4542,daily,"{'min_index': 0.4463, 'max_index': 0.4619, 'std_dev': 0.0047, 'samples_count': 24}",RTX 5090
2025-12-26T00:00:00.000Z,2025-12-26T21:00:00.000Z,0.46,daily,"{'min_index': 0.4562, 'max_index': 0.4642, 'std_dev': 0.0026, 'samples_count': 24}",RTX 5090
2025-12-27T00:00:00.000Z,2025-12-27T21:00:00.000Z,0.4583,daily,"{'min_index': 0.4463, 'max_index': 0.4644, 'std_dev': 0.0051, 'samples_count': 24}",RTX 5090
2025-12-28T00:00:00.000Z,2025-12-28T21:00:00.000Z,0.46,daily,"{'min_index': 0.4553, 'max_index': 0.4648, 'std_dev': 0.0027, 'samples_count': 24}",RTX 5090
2025-12-29T00:00:00.000Z,2025-12-29T21:00:00.000Z,0.4612,daily,"{'min_index': 0.4457, 'max_index': 0.4742, 'std_dev': 0.007, 'samples_count': 24}",RTX 5090
2025-12-30T00:00:00.000Z,2025-12-30T21:00:00.000Z,0.4675,daily,"{'min_index': 0.4559, 'max_index': 0.4749, 'std_dev': 0.0055, 'samples_count': 24}",RTX 5090
2026-01-01T00:00:00.000Z,2026-01-01T21:00:00.000Z,0.4696,daily,"{'min_index': 0.4578, 'max_index': 0.4742, 'std_dev': 0.0036, 'samples_count': 24}",RTX 5090
2026-01-02T00:00:00.000Z,2026-01-02T21:00:00.000Z,0.4617,daily,"{'min_index': 0.4559, 'max_index': 0.4699, 'std_dev': 0.0037, 'samples_count': 24}",RTX 5090
2026-01-03T00:00:00.000Z,2026-01-03T21:00:00.000Z,0.46,daily,"{'min_index': 0.4462, 'max_index': 0.4732, 'std_dev': 0.0051, 'samples_count': 24}",RTX 5090
2026-01-04T00:00:00.000Z,2026-01-04T21:00:00.000Z,0.4637,daily,"{'min_index': 0.4554, 'max_index': 0.4737, 'std_dev': 0.0068, 'samples_count': 24}",RTX 5090
2026-01-05T00:00:00.000Z,2026-01-05T21:00:00.000Z,0.47,daily,"{'min_index': 0.4655, 'max_index': 0.474, 'std_dev': 0.0028, 'samples_count': 24}",RTX 5090
2026-01-06T00:00:00.000Z,2026-01-06T21:00:00.000Z,0.4696,daily,"{'min_index': 0.4577, 'max_index': 0.4747, 'std_dev': 0.0039, 'samples_count': 24}",RTX 5090
2026-01-07T00:00:00.000Z,2026-01-07T21:00:00.000Z,0.4662,daily,"{'min_index': 0.4554, 'max_index': 0.4741, 'std_dev': 0.006, 'samples_count': 24}",RTX 5090
2026-01-08T00:00:00.000Z,2026-01-08T21:00:00.000Z,0.4596,daily,"{'min_index': 0.4512, 'max_index': 0.4648, 'std_dev': 0.0036, 'samples_count': 24}",RTX 5090
2026-01-09T00:00:00.000Z,2026-01-09T21:00:00.000Z,0.4583,daily,"{'min_index': 0.446, 'max_index': 0.4643, 'std_dev': 0.0044, 'samples_count': 24}",RTX 5090
2026-01-10T00:00:00.000Z,2026-01-10T21:00:00.000Z,0.46,daily,"{'min_index': 0.4557, 'max_index': 0.4645, 'std_dev': 0.0028, 'samples_count': 24}",RTX 5090
2026-01-11T00:00:00.000Z,2026-01-11T21:00:00.000Z,0.4617,daily,"{'min_index': 0.4541, 'max_index': 0.472, 'std_dev': 0.005, 'samples_count': 24}",RTX 5090
2026-01-12T00:00:00.000Z,2026-01-12T21:00:00.000Z,0.4543,daily,"{'min_index': 0.4389, 'max_index': 0.4639, 'std_dev': 0.0075, 'samples_count': 24}",RTX 5090
2026-01-13T00:00:00.000Z,2026-01-13T21:00:00.000Z,0.4529,daily,"{'min_index': 0.4452, 'max_index': 0.4647, 'std_dev': 0.0058, 'samples_count': 24}",RTX 5090
2026-01-14T00:00:00.000Z,2026-01-14T21:00:00.000Z,0.45,daily,"{'min_index': 0.4458, 'max_index': 0.4548, 'std_dev': 0.0024, 'samples_count': 24}",RTX 5090
2026-01-15T00:00:00.000Z,2026-01-15T21:00:00.000Z,0.45,daily,"{'min_index': 0.4457, 'max_index': 0.458, 'std_dev': 0.0032, 'samples_count': 24}",RTX 5090
2026-01-16T00:00:00.000Z,2026-01-16T21:00:00.000Z,0.4537,daily,"{'min_index': 0.4453, 'max_index': 0.4643, 'std_dev': 0.0059, 'samples_count': 24}",RTX 5090
2026-01-17T00:00:00.000Z,2026-01-17T21:00:00.000Z,0.4475,daily,"{'min_index': 0.4352, 'max_index': 0.454, 'std_dev': 0.0051, 'samples_count': 24}",RTX 5090
2026-01-18T00:00:00.000Z,2026-01-18T21:00:00.000Z,0.4483,daily,"{'min_index': 0.4371, 'max_index': 0.4615, 'std_dev': 0.0053, 'samples_count': 24}",RTX 5090
2026-01-19T00:00:00.000Z,2026-01-19T21:00:00.000Z,0.4442,daily,"{'min_index': 0.4362, 'max_index': 0.4549, 'std_dev': 0.0058, 'samples_count': 24}",RTX 5090
2026-01-20T00:00:00.000Z,2026-01-20T21:00:00.000Z,0.45,daily,"{'min_index': 0.4452, 'max_index': 0.4548, 'std_dev': 0.0031, 'samples_count': 24}",RTX 5090
2026-01-21T00:00:00.000Z,2026-01-21T21:00:00.000Z,0.4496,daily,"{'min_index': 0.4382, 'max_index': 0.458, 'std_dev': 0.0046, 'samples_count': 24}",RTX 5090
2026-01-22T00:00:00.000Z,2026-01-22T21:00:00.000Z,0.4508,daily,"{'min_index': 0.4454, 'max_index': 0.461, 'std_dev': 0.0043, 'samples_count': 24}",RTX 5090
2026-01-23T00:00:00.000Z,2026-01-23T21:00:00.000Z,0.4542,daily,"{'min_index': 0.4467, 'max_index': 0.4621, 'std_dev': 0.0046, 'samples_count': 24}",RTX 5090
2026-01-24T00:00:00.000Z,2026-01-24T21:00:00.000Z,0.4512,daily,"{'min_index': 0.4419, 'max_index': 0.4642, 'std_dev': 0.0056, 'samples_count': 24}",RTX 5090
2026-01-25T00:00:00.000Z,2026-01-25T21:00:00.000Z,0.4421,daily,"{'min_index': 0.4353, 'max_index': 0.452, 'std_dev': 0.0037, 'samples_count': 24}",RTX 5090
2026-01-26T00:00:00.000Z,2026-01-26T21:00:00.000Z,0.4421,daily,"{'min_index': 0.4355, 'max_index': 0.4541, 'std_dev': 0.0057, 'samples_count': 24}",RTX 5090
2026-01-27T00:00:00.000Z,2026-01-27T21:00:00.000Z,0.4446,daily,"{'min_index': 0.4369, 'max_index': 0.4548, 'std_dev': 0.0054, 'samples_count': 24}",RTX 5090
2026-01-28T00:00:00.000Z,2026-01-28T21:00:00.000Z,0.45,daily,"{'min_index': 0.4451, 'max_index': 0.4571, 'std_dev': 0.003, 'samples_count': 24}",RTX 5090
2026-01-29T00:00:00.000Z,2026-01-29T21:00:00.000Z,0.4575,daily,"{'min_index': 0.4471, 'max_index': 0.4658, 'std_dev': 0.0054, 'samples_count': 24}",RTX 5090
2026-01-30T00:00:00.000Z,2026-01-30T21:00:00.000Z,0.46,daily,"{'min_index': 0.4552, 'max_index': 0.4732, 'std_dev': 0.0047, 'samples_count': 24}",RTX 5090
2026-01-31T00:00:00.000Z,2026-01-31T21:00:00.000Z,0.47,daily,"{'min_index': 0.4652, 'max_index': 0.4735, 'std_dev': 0.0023, 'samples_count': 24}",RTX 5090
2026-02-01T00:00:00.000Z,2026-02-01T21:00:00.000Z,0.4696,daily,"{'min_index': 0.4572, 'max_index': 0.4743, 'std_dev': 0.0035, 'samples_count': 24}",RTX 5090
2026-02-02T00:00:00.000Z,2026-02-02T21:00:00.000Z,0.4633,daily,"{'min_index': 0.4558, 'max_index': 0.4746, 'std_dev': 0.0055, 'samples_count': 24}",RTX 5090
2026-02-03T00:00:00.000Z,2026-02-03T21:00:00.000Z,0.4629,daily,"{'min_index': 0.4551, 'max_index': 0.4847, 'std_dev': 0.0075, 'samples_count': 24}",RTX 5090
2026-02-04T00:00:00.000Z,2026-02-04T21:00:00.000Z,0.48,daily,"{'min_index': 0.4756, 'max_index': 0.4843, 'std_dev': 0.0028, 'samples_count': 24}",RTX 5090
2026-02-05T00:00:00.000Z,2026-02-05T21:00:00.000Z,0.48,daily,"{'min_index': 0.4764, 'max_index': 0.4848, 'std_dev': 0.0026, 'samples_count': 24}",RTX 5090
2026-02-06T00:00:00.000Z,2026-02-06T21:00:00.000Z,0.4808,daily,"{'min_index': 0.4753, 'max_index': 0.4884, 'std_dev': 0.0034, 'samples_count': 24}",RTX 5090
2026-02-07T00:00:00.000Z,2026-02-07T21:00:00.000Z,0.48,daily,"{'min_index': 0.4753, 'max_index': 0.4847, 'std_dev': 0.0025, 'samples_count': 24}",RTX 5090
2026-02-08T00:00:00.000Z,2026-02-08T21:00:00.000Z,0.48,daily,"{'min_index': 0.4755, 'max_index': 0.4837, 'std_dev': 0.0024, 'samples_count': 24}",RTX 5090
2026-02-09T00:00:00.000Z,2026-02-09T21:00:00.000Z,0.4804,daily,"{'min_index': 0.4763, 'max_index': 0.4876, 'std_dev': 0.003, 'samples_count': 24}",RTX 5090
2026-02-10T00:00:00.000Z,2026-02-10T21:00:00.000Z,0.48,daily,"{'min_index': 0.4759, 'max_index': 0.4846, 'std_dev': 0.0027, 'samples_count': 24}",RTX 5090
2026-02-11T00:00:00.000Z,2026-02-11T21:00:00.000Z,0.48,daily,"{'min_index': 0.4753, 'max_index': 0.4848, 'std_dev': 0.0031, 'samples_count': 24}",RTX 5090
2026-02-12T00:00:00.000Z,2026-02-12T21:00:00.000Z,0.48,daily,"{'min_index': 0.4754, 'max_index': 0.4846, 'std_dev': 0.0028, 'samples_count': 24}",RTX 5090
2026-02-13T00:00:00.000Z,2026-02-13T21:00:00.000Z,0.4783,daily,"{'min_index': 0.4672, 'max_index': 0.4841, 'std_dev': 0.0045, 'samples_count': 24}",RTX 5090
2026-02-14T00:00:00.000Z,2026-02-14T21:00:00.000Z,0.48,daily,"{'min_index': 0.4756, 'max_index': 0.4845, 'std_dev': 0.0026, 'samples_count': 24}",RTX 5090
2026-02-15T00:00:00.000Z,2026-02-15T21:00:00.000Z,0.48,daily,"{'min_index': 0.4753, 'max_index': 0.4847, 'std_dev': 0.0029, 'samples_count': 24}",RTX 5090
2026-02-16T00:00:00.000Z,2026-02-16T21:00:00.000Z,0.48,daily,"{'min_index': 0.4763, 'max_index': 0.4845, 'std_dev': 0.0026, 'samples_count': 24}",RTX 5090
2026-02-17T00:00:00.000Z,2026-02-17T21:00:00.000Z,0.48,daily,"{'min_index': 0.4751, 'max_index': 0.4844, 'std_dev': 0.0027, 'samples_count': 24}",RTX 5090
2026-02-18T00:00:00.000Z,2026-02-18T21:00:00.000Z,0.48,daily,"{'min_index': 0.4753, 'max_index': 0.4848, 'std_dev': 0.0032, 'samples_count': 24}",RTX 5090
2026-02-19T00:00:00.000Z,2026-02-19T21:00:00.000Z,0.48,daily,"{'min_index': 0.4762, 'max_index': 0.484, 'std_dev': 0.0023, 'samples_count': 24}",RTX 5090
2026-02-20T00:00:00.000Z,2026-02-20T21:00:00.000Z,0.4752,daily,"{'min_index': 0.4653, 'max_index': 0.4833, 'std_dev': 0.0061, 'samples_count': 22}",RTX 5090
2026-02-21T00:00:00.000Z,2026-02-21T21:00:00.000Z,0.4738,daily,"{'min_index': 0.4603, 'max_index': 0.4844, 'std_dev': 0.0068, 'samples_count': 24}",RTX 5090
2026-02-22T00:00:00.000Z,2026-02-22T21:00:00.000Z,0.4767,daily,"{'min_index': 0.4652, 'max_index': 0.4839, 'std_dev': 0.0049, 'samples_count': 24}",RTX 5090
2026-02-23T00:00:00.000Z,2026-02-23T21:00:00.000Z,0.4721,daily,"{'min_index': 0.4657, 'max_index': 0.4834, 'std_dev': 0.0051, 'samples_count': 24}",RTX 5090
2026-02-24T00:00:00.000Z,2026-02-24T21:00:00.000Z,0.4738,daily,"{'min_index': 0.4652, 'max_index': 0.4836, 'std_dev': 0.0059, 'samples_count': 24}",RTX 5090
2026-02-25T00:00:00.000Z,2026-02-25T21:00:00.000Z,0.4788,daily,"{'min_index': 0.4658, 'max_index': 0.4865, 'std_dev': 0.0045, 'samples_count': 24}",RTX 5090
2026-02-26T00:00:00.000Z,2026-02-26T21:00:00.000Z,0.4758,daily,"{'min_index': 0.4561, 'max_index': 0.4848, 'std_dev': 0.0096, 'samples_count': 24}",RTX 5090
2026-02-27T00:00:00.000Z,2026-02-27T21:00:00.000Z,0.4608,daily,"{'min_index': 0.4552, 'max_index': 0.4708, 'std_dev': 0.0043, 'samples_count': 24}",RTX 5090
2026-02-28T00:00:00.000Z,2026-02-28T21:00:00.000Z,0.4679,daily,"{'min_index': 0.4557, 'max_index': 0.4836, 'std_dev': 0.0072, 'samples_count': 24}",RTX 5090
2026-03-01T00:00:00.000Z,2026-03-01T21:00:00.000Z,0.465,daily,"{'min_index': 0.4577, 'max_index': 0.4752, 'std_dev': 0.0053, 'samples_count': 24}",RTX 5090
2026-03-02T00:00:00.000Z,2026-03-02T21:00:00.000Z,0.4654,daily,"{'min_index': 0.456, 'max_index': 0.4741, 'std_dev': 0.0056, 'samples_count': 24}",RTX 5090
2026-03-03T00:00:00.000Z,2026-03-03T21:00:00.000Z,0.4675,daily,"{'min_index': 0.4568, 'max_index': 0.4821, 'std_dev': 0.0062, 'samples_count': 24}",RTX 5090
2026-03-04T00:00:00.000Z,2026-03-04T21:00:00.000Z,0.4708,daily,"{'min_index': 0.4579, 'max_index': 0.4848, 'std_dev': 0.0062, 'samples_count': 24}",RTX 5090
2026-03-05T00:00:00.000Z,2026-03-05T21:00:00.000Z,0.47,daily,"{'min_index': 0.4584, 'max_index': 0.4832, 'std_dev': 0.0057, 'samples_count': 24}",RTX 5090
2026-03-06T00:00:00.000Z,2026-03-06T21:00:00.000Z,0.4713,daily,"{'min_index': 0.4659, 'max_index': 0.4777, 'std_dev': 0.0028, 'samples_count': 23}",RTX 5090
2026-03-07T00:00:00.000Z,2026-03-07T21:00:00.000Z,0.4721,daily,"{'min_index': 0.4672, 'max_index': 0.4845, 'std_dev': 0.0055, 'samples_count': 24}",RTX 5090
2026-03-08T00:00:00.000Z,2026-03-08T20:00:00.000Z,0.4713,daily,"{'min_index': 0.4574, 'max_index': 0.4834, 'std_dev': 0.0053, 'samples_count': 24}",RTX 5090
2026-03-09T00:00:00.000Z,2026-03-09T20:00:00.000Z,0.4708,daily,"{'min_index': 0.4555, 'max_index': 0.4847, 'std_dev': 0.0087, 'samples_count': 24}",RTX 5090
2026-03-10T00:00:00.000Z,2026-03-10T20:00:00.000Z,0.4721,daily,"{'min_index': 0.4626, 'max_index': 0.4845, 'std_dev': 0.0071, 'samples_count': 24}",RTX 5090
2026-03-11T00:00:00.000Z,2026-03-11T20:00:00.000Z,0.4725,daily,"{'min_index': 0.463, 'max_index': 0.4838, 'std_dev': 0.0049, 'samples_count': 24}",RTX 5090
2026-03-12T00:00:00.000Z,2026-03-12T20:00:00.000Z,0.465,daily,"{'min_index': 0.4561, 'max_index': 0.4732, 'std_dev': 0.0055, 'samples_count': 24}",RTX 5090
2026-03-13T00:00:00.000Z,2026-03-13T20:00:00.000Z,0.4658,daily,"{'min_index': 0.4526, 'max_index': 0.4821, 'std_dev': 0.0072, 'samples_count': 24}",RTX 5090
2026-03-14T00:00:00.000Z,2026-03-14T20:00:00.000Z,0.4517,daily,"{'min_index': 0.4454, 'max_index': 0.4628, 'std_dev': 0.0048, 'samples_count': 24}",RTX 5090
2026-03-15T00:00:00.000Z,2026-03-15T20:00:00.000Z,0.4696,daily,"{'min_index': 0.4475, 'max_index': 0.4844, 'std_dev': 0.0101, 'samples_count': 24}",RTX 5090
2026-03-16T00:00:00.000Z,2026-03-16T20:00:00.000Z,0.4721,daily,"{'min_index': 0.459, 'max_index': 0.4825, 'std_dev': 0.0058, 'samples_count': 24}",RTX 5090
2026-03-17T00:00:00.000Z,2026-03-17T20:00:00.000Z,0.4642,daily,"{'min_index': 0.4552, 'max_index': 0.4748, 'std_dev': 0.0058, 'samples_count': 24}",RTX 5090
2026-03-18T00:00:00.000Z,2026-03-18T20:00:00.000Z,0.4646,daily,"{'min_index': 0.4552, 'max_index': 0.4829, 'std_dev': 0.0083, 'samples_count': 24}",RTX 5090
2026-03-19T00:00:00.000Z,2026-03-19T20:00:00.000Z,0.4721,daily,"{'min_index': 0.4657, 'max_index': 0.4832, 'std_dev': 0.0049, 'samples_count': 24}",RTX 5090
2026-03-20T00:00:00.000Z,2026-03-20T20:00:00.000Z,0.4704,daily,"{'min_index': 0.4655, 'max_index': 0.4808, 'std_dev': 0.0038, 'samples_count': 24}",RTX 5090
2026-03-21T00:00:00.000Z,2026-03-21T20:00:00.000Z,0.4729,daily,"{'min_index': 0.4654, 'max_index': 0.4906, 'std_dev': 0.0071, 'samples_count': 24}",RTX 5090
2026-03-22T00:00:00.000Z,2026-03-22T20:00:00.000Z,0.4804,daily,"{'min_index': 0.473, 'max_index': 0.4848, 'std_dev': 0.0035, 'samples_count': 24}",RTX 5090
2026-03-23T00:00:00.000Z,2026-03-23T20:00:00.000Z,0.4767,daily,"{'min_index': 0.4657, 'max_index': 0.4845, 'std_dev': 0.0053, 'samples_count': 24}",RTX 5090
2026-03-24T00:00:00.000Z,2026-03-24T20:00:00.000Z,0.4833,daily,"{'min_index': 0.4667, 'max_index': 0.4942, 'std_dev': 0.007, 'samples_count': 24}",RTX 5090
2026-03-25T00:00:00.000Z,2026-03-25T20:00:00.000Z,0.4883,daily,"{'min_index': 0.4783, 'max_index': 0.4941, 'std_dev': 0.0041, 'samples_count': 24}",RTX 5090
2026-03-26T00:00:00.000Z,2026-03-26T20:00:00.000Z,0.4862,daily,"{'min_index': 0.4766, 'max_index': 0.4943, 'std_dev': 0.0052, 'samples_count': 18}",RTX 5090
2026-03-27T00:00:00.000Z,2026-03-27T20:00:00.000Z,0.487,daily,"{'min_index': 0.4753, 'max_index': 0.4909, 'std_dev': 0.0056, 'samples_count': 13}",RTX 5090
2026-03-28T00:00:00.000Z,2026-03-28T20:00:00.000Z,0.4804,daily,"{'min_index': 0.4754, 'max_index': 0.4923, 'std_dev': 0.004, 'samples_count': 24}",RTX 5090
2026-03-29T00:00:00.000Z,2026-03-29T20:00:00.000Z,0.4804,daily,"{'min_index': 0.4757, 'max_index': 0.4843, 'std_dev': 0.0027, 'samples_count': 24}",RTX 5090
2026-03-30T00:00:00.000Z,2026-03-30T20:00:00.000Z,0.4804,daily,"{'min_index': 0.4754, 'max_index': 0.4931, 'std_dev': 0.0039, 'samples_count': 24}",RTX 5090
2026-03-31T00:00:00.000Z,2026-03-31T20:00:00.000Z,0.4833,daily,"{'min_index': 0.4761, 'max_index': 0.4932, 'std_dev': 0.0048, 'samples_count': 24}",RTX 5090
2026-04-01T00:00:00.000Z,2026-04-01T20:00:00.000Z,0.4842,daily,"{'min_index': 0.4759, 'max_index': 0.4945, 'std_dev': 0.0056, 'samples_count': 24}",RTX 5090
2026-04-02T00:00:00.000Z,2026-04-02T20:00:00.000Z,0.4846,daily,"{'min_index': 0.4721, 'max_index': 0.4948, 'std_dev': 0.0063, 'samples_count': 24}",RTX 5090
2026-04-03T00:00:00.000Z,2026-04-03T20:00:00.000Z,0.4708,daily,"{'min_index': 0.4557, 'max_index': 0.4843, 'std_dev': 0.0066, 'samples_count': 24}",RTX 5090
2026-04-04T00:00:00.000Z,2026-04-04T20:00:00.000Z,0.4733,daily,"{'min_index': 0.4652, 'max_index': 0.4825, 'std_dev': 0.0051, 'samples_count': 24}",RTX 5090
2026-04-05T00:00:00.000Z,2026-04-05T20:00:00.000Z,0.47,daily,"{'min_index': 0.4559, 'max_index': 0.4761, 'std_dev': 0.0056, 'samples_count': 24}",RTX 5090
2026-04-06T00:00:00.000Z,2026-04-06T20:00:00.000Z,0.4692,daily,"{'min_index': 0.4566, 'max_index': 0.483, 'std_dev': 0.0061, 'samples_count': 24}",RTX 5090
2026-04-07T00:00:00.000Z,2026-04-07T20:00:00.000Z,0.4629,daily,"{'min_index': 0.4565, 'max_index': 0.4723, 'std_dev': 0.0046, 'samples_count': 24}",RTX 5090
2026-04-08T00:00:00.000Z,2026-04-08T20:00:00.000Z,0.4708,daily,"{'min_index': 0.4652, 'max_index': 0.4846, 'std_dev': 0.0053, 'samples_count': 24}",RTX 5090
2026-04-09T00:00:00.000Z,2026-04-09T20:00:00.000Z,0.4763,daily,"{'min_index': 0.4687, 'max_index': 0.4845, 'std_dev': 0.0041, 'samples_count': 24}",RTX 5090
2026-04-10T00:00:00.000Z,2026-04-10T20:00:00.000Z,0.4771,daily,"{'min_index': 0.4653, 'max_index': 0.4841, 'std_dev': 0.0056, 'samples_count': 24}",RTX 5090
2026-04-11T00:00:00.000Z,2026-04-11T20:00:00.000Z,0.47,daily,"{'min_index': 0.4652, 'max_index': 0.4747, 'std_dev': 0.003, 'samples_count': 24}",RTX 5090
2026-04-12T00:00:00.000Z,2026-04-12T20:00:00.000Z,0.4708,daily,"{'min_index': 0.4651, 'max_index': 0.4839, 'std_dev': 0.0043, 'samples_count': 24}",RTX 5090
2026-04-13T00:00:00.000Z,2026-04-13T20:00:00.000Z,0.4738,daily,"{'min_index': 0.4551, 'max_index': 0.4845, 'std_dev': 0.0078, 'samples_count': 24}",RTX 5090
2026-04-14T00:00:00.000Z,2026-04-14T20:00:00.000Z,0.4738,daily,"{'min_index': 0.4561, 'max_index': 0.4847, 'std_dev': 0.0071, 'samples_count': 24}",RTX 5090
2026-04-15T00:00:00.000Z,2026-04-15T20:00:00.000Z,0.4662,daily,"{'min_index': 0.4556, 'max_index': 0.4823, 'std_dev': 0.0067, 'samples_count': 24}",RTX 5090
2026-04-16T00:00:00.000Z,2026-04-16T20:00:00.000Z,0.4671,daily,"{'min_index': 0.4568, 'max_index': 0.4809, 'std_dev': 0.0057, 'samples_count': 24}",RTX 5090
2026-04-17T00:00:00.000Z,2026-04-17T20:00:00.000Z,0.4662,daily,"{'min_index': 0.4571, 'max_index': 0.4737, 'std_dev': 0.0054, 'samples_count': 24}",RTX 5090
2026-04-18T00:00:00.000Z,2026-04-18T20:00:00.000Z,0.4688,daily,"{'min_index': 0.4577, 'max_index': 0.4748, 'std_dev': 0.005, 'samples_count': 24}",RTX 5090
2026-04-19T00:00:00.000Z,2026-04-19T20:00:00.000Z,0.4662,daily,"{'min_index': 0.456, 'max_index': 0.4747, 'std_dev': 0.0056, 'samples_count': 24}",RTX 5090
2026-04-20T00:00:00.000Z,2026-04-20T20:00:00.000Z,0.4625,daily,"{'min_index': 0.4557, 'max_index': 0.4746, 'std_dev': 0.0051, 'samples_count': 24}",RTX 5090
2026-04-21T00:00:00.000Z,2026-04-21T20:00:00.000Z,0.4604,daily,"{'min_index': 0.4481, 'max_index': 0.4742, 'std_dev': 0.0066, 'samples_count': 24}",RTX 5090
2026-04-22T00:00:00.000Z,2026-04-22T20:00:00.000Z,0.4525,daily,"{'min_index': 0.446, 'max_index': 0.4642, 'std_dev': 0.0049, 'samples_count': 24}",RTX 5090
2026-04-23T00:00:00.000Z,2026-04-23T20:00:00.000Z,0.46,daily,"{'min_index': 0.4464, 'max_index': 0.4747, 'std_dev': 0.0061, 'samples_count': 24}",RTX 5090
2026-04-24T00:00:00.000Z,2026-04-24T20:00:00.000Z,0.4567,daily,"{'min_index': 0.4454, 'max_index': 0.4621, 'std_dev': 0.005, 'samples_count': 24}",RTX 5090
2026-04-25T00:00:00.000Z,2026-04-25T20:00:00.000Z,0.4558,daily,"{'min_index': 0.4455, 'max_index': 0.464, 'std_dev': 0.0061, 'samples_count': 24}",RTX 5090
2026-04-26T00:00:00.000Z,2026-04-26T20:00:00.000Z,0.4608,daily,"{'min_index': 0.4513, 'max_index': 0.4746, 'std_dev': 0.0055, 'samples_count': 24}",RTX 5090
2026-04-27T00:00:00.000Z,2026-04-27T20:00:00.000Z,0.4604,daily,"{'min_index': 0.456, 'max_index': 0.4671, 'std_dev': 0.0026, 'samples_count': 24}",RTX 5090
2026-04-28T00:00:00.000Z,2026-04-28T20:00:00.000Z,0.46,daily,"{'min_index': 0.4559, 'max_index': 0.4733, 'std_dev': 0.004, 'samples_count': 24}",RTX 5090
2026-04-29T00:00:00.000Z,2026-04-29T20:00:00.000Z,0.4683,daily,"{'min_index': 0.4555, 'max_index': 0.4829, 'std_dev': 0.0096, 'samples_count': 24}",RTX 5090
2026-04-30T00:00:00.000Z,2026-04-30T20:00:00.000Z,0.4763,daily,"{'min_index': 0.4682, 'max_index': 0.4813, 'std_dev': 0.004, 'samples_count': 24}",RTX 5090
2026-05-01T00:00:00.000Z,2026-05-01T20:00:00.000Z,0.4825,daily,"{'min_index': 0.4752, 'max_index': 0.491, 'std_dev': 0.0046, 'samples_count': 24}",RTX 5090
2026-05-02T00:00:00.000Z,2026-05-02T20:00:00.000Z,0.4779,daily,"{'min_index': 0.4653, 'max_index': 0.4848, 'std_dev': 0.0055, 'samples_count': 24}",RTX 5090
2026-05-03T00:00:00.000Z,2026-05-03T20:00:00.000Z,0.4738,daily,"{'min_index': 0.466, 'max_index': 0.4845, 'std_dev': 0.006, 'samples_count': 24}",RTX 5090
2026-05-04T00:00:00.000Z,2026-05-04T20:00:00.000Z,0.4671,daily,"{'min_index': 0.4563, 'max_index': 0.4746, 'std_dev': 0.0049, 'samples_count': 24}",RTX 5090
2026-05-05T00:00:00.000Z,2026-05-05T20:00:00.000Z,0.4671,daily,"{'min_index': 0.4554, 'max_index': 0.4749, 'std_dev': 0.0055, 'samples_count': 24}",RTX 5090
2026-05-06T00:00:00.000Z,2026-05-06T20:00:00.000Z,0.4692,daily,"{'min_index': 0.4586, 'max_index': 0.4748, 'std_dev': 0.0036, 'samples_count': 24}",RTX 5090
2026-05-07T00:00:00.000Z,2026-05-07T20:00:00.000Z,0.4704,daily,"{'min_index': 0.4652, 'max_index': 0.4777, 'std_dev': 0.0031, 'samples_count': 24}",RTX 5090
2026-05-08T00:00:00.000Z,2026-05-08T20:00:00.000Z,0.4704,daily,"{'min_index': 0.4652, 'max_index': 0.4825, 'std_dev': 0.0044, 'samples_count': 24}",RTX 5090
2026-05-09T00:00:00.000Z,2026-05-09T20:00:00.000Z,0.4767,daily,"{'min_index': 0.4657, 'max_index': 0.4948, 'std_dev': 0.0117, 'samples_count': 24}",RTX 5090
2026-05-10T00:00:00.000Z,2026-05-10T20:00:00.000Z,0.49,daily,"{'min_index': 0.4853, 'max_index': 0.4947, 'std_dev': 0.0028, 'samples_count': 24}",RTX 5090
2026-05-11T00:00:00.000Z,2026-05-11T20:00:00.000Z,0.5125,daily,"{'min_index': 0.4855, 'max_index': 0.5446, 'std_dev': 0.0195, 'samples_count': 24}",RTX 5090
2026-05-12T00:00:00.000Z,2026-05-12T20:00:00.000Z,0.5317,daily,"{'min_index': 0.5252, 'max_index': 0.5397, 'std_dev': 0.0032, 'samples_count': 24}",RTX 5090
2026-05-13T00:00:00.000Z,2026-05-13T20:00:00.000Z,0.5325,daily,"{'min_index': 0.5263, 'max_index': 0.5445, 'std_dev': 0.0045, 'samples_count': 24}",RTX 5090
2026-05-14T00:00:00.000Z,2026-05-14T20:00:00.000Z,0.5492,daily,"{'min_index': 0.5356, 'max_index': 0.5947, 'std_dev': 0.0185, 'samples_count': 24}",RTX 5090
2026-05-15T00:00:00.000Z,2026-05-15T20:00:00.000Z,0.5942,daily,"{'min_index': 0.5862, 'max_index': 0.6043, 'std_dev': 0.0054, 'samples_count': 24}",RTX 5090
2026-05-16T00:00:00.000Z,2026-05-16T20:00:00.000Z,0.6,daily,"{'min_index': 0.5959, 'max_index': 0.6046, 'std_dev': 0.0027, 'samples_count': 24}",RTX 5090
2026-05-17T00:00:00.000Z,2026-05-17T20:00:00.000Z,0.6229,daily,"{'min_index': 0.5973, 'max_index': 0.6448, 'std_dev': 0.0165, 'samples_count': 24}",RTX 5090
2026-05-18T00:00:00.000Z,2026-05-18T20:00:00.000Z,0.6621,daily,"{'min_index': 0.6354, 'max_index': 0.6829, 'std_dev': 0.0135, 'samples_count': 24}",RTX 5090
2026-05-19T00:00:00.000Z,2026-05-19T20:00:00.000Z,0.7021,daily,"{'min_index': 0.6654, 'max_index': 0.7608, 'std_dev': 0.0332, 'samples_count': 24}",RTX 5090
2026-05-20T00:00:00.000Z,2026-05-20T20:00:00.000Z,0.7671,daily,"{'min_index': 0.7575, 'max_index': 0.8131, 'std_dev': 0.0124, 'samples_count': 24}",RTX 5090
2026-05-21T00:00:00.000Z,2026-05-21T20:00:00.000Z,0.8225,daily,"{'min_index': 0.7374, 'max_index': 0.9852, 'std_dev': 0.0518, 'samples_count': 24}",RTX 5090
2026-05-22T00:00:00.000Z,2026-05-22T20:00:00.000Z,0.8671,daily,"{'min_index': 0.8387, 'max_index': 0.8777, 'std_dev': 0.0116, 'samples_count': 24}",RTX 5090
2026-05-23T00:00:00.000Z,2026-05-23T20:00:00.000Z,0.8825,daily,"{'min_index': 0.8762, 'max_index': 0.8971, 'std_dev': 0.0061, 'samples_count': 24}",RTX 5090
2026-05-24T00:00:00.000Z,2026-05-24T20:00:00.000Z,0.8508,daily,"{'min_index': 0.831, 'max_index': 0.8905, 'std_dev': 0.0138, 'samples_count': 24}",RTX 5090
2026-05-25T00:00:00.000Z,2026-05-25T20:00:00.000Z,0.8546,daily,"{'min_index': 0.846, 'max_index': 0.87, 'std_dev': 0.0068, 'samples_count': 24}",RTX 5090
2026-05-26T00:00:00.000Z,2026-05-26T20:00:00.000Z,0.8588,daily,"{'min_index': 0.8463, 'max_index': 0.8731, 'std_dev': 0.0062, 'samples_count': 24}",RTX 5090
2026-05-27T00:00:00.000Z,2026-05-27T20:00:00.000Z,0.8554,daily,"{'min_index': 0.8454, 'max_index': 0.8933, 'std_dev': 0.0132, 'samples_count': 24}",RTX 5090
2026-05-28T00:00:00.000Z,2026-05-28T20:00:00.000Z,0.9746,daily,"{'min_index': 0.8953, 'max_index': 1.1435, 'std_dev': 0.0874, 'samples_count': 24}",RTX 5090
2026-05-29T00:00:00.000Z,2026-05-29T20:00:00.000Z,1.1633,daily,"{'min_index': 1.0905, 'max_index': 1.299, 'std_dev': 0.069, 'samples_count': 24}",RTX 5090
2026-05-30T00:00:00.000Z,2026-05-30T20:00:00.000Z,1.3292,daily,"{'min_index': 1.2762, 'max_index': 1.3837, 'std_dev': 0.0296, 'samples_count': 24}",RTX 5090
2026-05-31T00:00:00.000Z,2026-05-31T20:00:00.000Z,1.3225,daily,"{'min_index': 1.2961, 'max_index': 1.3843, 'std_dev': 0.0258, 'samples_count': 24}",RTX 5090
2026-06-01T00:00:00.000Z,2026-06-01T20:00:00.000Z,1.2263,daily,"{'min_index': 1.1204, 'max_index': 1.2972, 'std_dev': 0.0517, 'samples_count': 24}",RTX 5090
2026-06-02T00:00:00.000Z,2026-06-02T20:00:00.000Z,1.1296,daily,"{'min_index': 1.0659, 'max_index': 1.1923, 'std_dev': 0.0387, 'samples_count': 24}",RTX 5090
2026-06-03T00:00:00.000Z,2026-06-03T20:00:00.000Z,1.0987,daily,"{'min_index': 1.0607, 'max_index': 1.1546, 'std_dev': 0.0306, 'samples_count': 24}",RTX 5090
2026-06-04T00:00:00.000Z,2026-06-04T20:00:00.000Z,1.1287,daily,"{'min_index': 1.0768, 'max_index': 1.1534, 'std_dev': 0.0282, 'samples_count': 24}",RTX 5090
2026-06-05T00:00:00.000Z,2026-06-05T20:00:00.000Z,1.0767,daily,"{'min_index': 1.0562, 'max_index': 1.091, 'std_dev': 0.0095, 'samples_count': 24}",RTX 5090
2026-06-06T00:00:00.000Z,2026-06-06T20:00:00.000Z,1.0375,daily,"{'min_index': 1.0065, 'max_index': 1.0607, 'std_dev': 0.0138, 'samples_count': 24}",RTX 5090
2026-06-07T00:00:00.000Z,2026-06-07T20:00:00.000Z,0.9867,daily,"{'min_index': 0.9193, 'max_index': 1.0101, 'std_dev': 0.0341, 'samples_count': 24}",RTX 5090
2026-06-08T00:00:00.000Z,2026-06-08T20:00:00.000Z,0.8783,daily,"{'min_index': 0.8396, 'max_index': 0.9179, 'std_dev': 0.0221, 'samples_count': 24}",RTX 5090
2026-06-09T00:00:00.000Z,2026-06-09T20:00:00.000Z,0.8438,daily,"{'min_index': 0.818, 'max_index': 0.8635, 'std_dev': 0.0125, 'samples_count': 24}",RTX 5090
2026-06-10T00:00:00.000Z,2026-06-10T20:00:00.000Z,0.8154,daily,"{'min_index': 0.7865, 'max_index': 0.8344, 'std_dev': 0.0123, 'samples_count': 24}",RTX 5090
2026-06-11T00:00:00.000Z,2026-06-11T20:00:00.000Z,0.77,daily,"{'min_index': 0.7223, 'max_index': 0.8047, 'std_dev': 0.029, 'samples_count': 24}",RTX 5090
2026-06-12T00:00:00.000Z,2026-06-12T20:00:00.000Z,0.7354,daily,"{'min_index': 0.7178, 'max_index': 0.7542, 'std_dev': 0.0081, 'samples_count': 24}",RTX 5090
2026-06-13T00:00:00.000Z,2026-06-13T20:00:00.000Z,0.7254,daily,"{'min_index': 0.6974, 'max_index': 0.7364, 'std_dev': 0.0108, 'samples_count': 24}",RTX 5090
2026-06-14T00:00:00.000Z,2026-06-14T20:00:00.000Z,0.7008,daily,"{'min_index': 0.6913, 'max_index': 0.7223, 'std_dev': 0.0059, 'samples_count': 24}",RTX 5090
2026-06-15T00:00:00.000Z,2026-06-15T20:00:00.000Z,0.6883,daily,"{'min_index': 0.6787, 'max_index': 0.6967, 'std_dev': 0.0041, 'samples_count': 24}",RTX 5090
2026-06-16T00:00:00.000Z,2026-06-16T20:00:00.000Z,0.69,daily,"{'min_index': 0.6854, 'max_index': 0.6949, 'std_dev': 0.0031, 'samples_count': 24}",RTX 5090
2026-06-17T00:00:00.000Z,2026-06-17T20:00:00.000Z,0.6837,daily,"{'min_index': 0.6557, 'max_index': 0.6945, 'std_dev': 0.0111, 'samples_count': 24}",RTX 5090
2026-06-18T00:00:00.000Z,2026-06-18T20:00:00.000Z,0.6062,daily,"{'min_index': 0.5852, 'max_index': 0.6633, 'std_dev': 0.0203, 'samples_count': 24}",RTX 5090
2026-06-19T00:00:00.000Z,2026-06-19T20:00:00.000Z,0.5846,daily,"{'min_index': 0.576, 'max_index': 0.594, 'std_dev': 0.0047, 'samples_count': 24}",RTX 5090
2026-06-20T00:00:00.000Z,2026-06-20T20:00:00.000Z,0.5675,daily,"{'min_index': 0.5556, 'max_index': 0.5786, 'std_dev': 0.0074, 'samples_count': 24}",RTX 5090
2026-06-21T00:00:00.000Z,2026-06-21T20:00:00.000Z,0.5587,daily,"{'min_index': 0.536, 'max_index': 0.5721, 'std_dev': 0.0079, 'samples_count': 24}",RTX 5090
2026-06-22T00:00:00.000Z,2026-06-22T20:00:00.000Z,0.5425,daily,"{'min_index': 0.5354, 'max_index': 0.5549, 'std_dev': 0.0048, 'samples_count': 24}",RTX 5090
2026-06-23T00:00:00.000Z,2026-06-23T20:00:00.000Z,0.5404,daily,"{'min_index': 0.5274, 'max_index': 0.5543, 'std_dev': 0.0057, 'samples_count': 24}",RTX 5090
2026-06-24T00:00:00.000Z,2026-06-24T20:00:00.000Z,0.5329,daily,"{'min_index': 0.5251, 'max_index': 0.5441, 'std_dev': 0.005, 'samples_count': 24}",RTX 5090
2026-06-25T00:00:00.000Z,2026-06-25T20:00:00.000Z,0.5371,daily,"{'min_index': 0.5265, 'max_index': 0.5531, 'std_dev': 0.0059, 'samples_count': 24}",RTX 5090
2026-06-26T00:00:00.000Z,2026-06-26T20:00:00.000Z,0.54,daily,"{'min_index': 0.5351, 'max_index': 0.5488, 'std_dev': 0.0033, 'samples_count': 24}",RTX 5090
2026-06-27T00:00:00.000Z,2026-06-27T20:00:00.000Z,0.5404,daily,"{'min_index': 0.5361, 'max_index': 0.5438, 'std_dev': 0.0024, 'samples_count': 24}",RTX 5090
2026-06-28T00:00:00.000Z,2026-06-28T20:00:00.000Z,0.5429,daily,"{'min_index': 0.5355, 'max_index': 0.5528, 'std_dev': 0.0052, 'samples_count': 24}",RTX 5090
2026-06-29T00:00:00.000Z,2026-06-29T20:00:00.000Z,0.5483,daily,"{'min_index': 0.5358, 'max_index': 0.5547, 'std_dev': 0.005, 'samples_count': 24}",RTX 5090
2026-06-30T00:00:00.000Z,2026-06-30T20:00:00.000Z,0.5342,daily,"{'min_index': 0.5253, 'max_index': 0.544, 'std_dev': 0.0054, 'samples_count': 24}",RTX 5090
2026-07-01T00:00:00.000Z,2026-07-01T20:00:00.000Z,0.5279,daily,"{'min_index': 0.5183, 'max_index': 0.5338, 'std_dev': 0.0043, 'samples_count': 24}",RTX 5090
2026-07-02T00:00:00.000Z,2026-07-02T20:00:00.000Z,0.5225,daily,"{'min_index': 0.5153, 'max_index': 0.528, 'std_dev': 0.0038, 'samples_count': 24}",RTX 5090
2026-07-03T00:00:00.000Z,2026-07-03T20:00:00.000Z,0.5208,daily,"{'min_index': 0.5153, 'max_index': 0.5338, 'std_dev': 0.0054, 'samples_count': 24}",RTX 5090
2026-07-04T00:00:00.000Z,2026-07-04T20:00:00.000Z,0.5238,daily,"{'min_index': 0.5078, 'max_index': 0.534, 'std_dev': 0.0072, 'samples_count': 24}",RTX 5090
2026-07-05T00:00:00.000Z,2026-07-05T20:00:00.000Z,0.5104,daily,"{'min_index': 0.5058, 'max_index': 0.524, 'std_dev': 0.004, 'samples_count': 24}",RTX 5090
2026-07-06T00:00:00.000Z,2026-07-06T20:00:00.000Z,0.5125,daily,"{'min_index': 0.5057, 'max_index': 0.5247, 'std_dev': 0.0049, 'samples_count': 24}",RTX 5090
2026-07-07T00:00:00.000Z,2026-07-07T20:00:00.000Z,0.51,daily,"{'min_index': 0.4962, 'max_index': 0.5147, 'std_dev': 0.0041, 'samples_count': 24}",RTX 5090
2026-07-08T00:00:00.000Z,2026-07-08T20:00:00.000Z,0.5067,daily,"{'min_index': 0.4953, 'max_index': 0.5144, 'std_dev': 0.0058, 'samples_count': 24}",RTX 5090
2026-07-09T00:00:00.000Z,2026-07-09T20:00:00.000Z,0.5033,daily,"{'min_index': 0.4954, 'max_index': 0.5146, 'std_dev': 0.0062, 'samples_count': 24}",RTX 5090
2026-07-10T00:00:00.000Z,2026-07-10T20:00:00.000Z,0.5058,daily,"{'min_index': 0.4952, 'max_index': 0.5138, 'std_dev': 0.0059, 'samples_count': 24}",RTX 5090
2026-07-11T00:00:00.000Z,2026-07-11T20:00:00.000Z,0.51,daily,"{'min_index': 0.5063, 'max_index': 0.5147, 'std_dev': 0.0023, 'samples_count': 24}",RTX 5090
2026-07-12T00:00:00.000Z,2026-07-12T20:00:00.000Z,0.51,daily,"{'min_index': 0.5058, 'max_index': 0.5142, 'std_dev': 0.0028, 'samples_count': 24}",RTX 5090
2026-07-13T00:00:00.000Z,2026-07-13T20:00:00.000Z,0.5088,daily,"{'min_index': 0.5001, 'max_index': 0.5148, 'std_dev': 0.0041, 'samples_count': 24}",RTX 5090
2026-07-14T00:00:00.000Z,2026-07-14T20:00:00.000Z,0.5075,daily,"{'min_index': 0.4965, 'max_index': 0.5146, 'std_dev': 0.0055, 'samples_count': 24}",RTX 5090
2026-07-15T00:00:00.000Z,2026-07-15T20:00:00.000Z,0.5008,daily,"{'min_index': 0.4757, 'max_index': 0.5142, 'std_dev': 0.0112, 'samples_count': 24}",RTX 5090
2026-07-16T00:00:00.000Z,2026-07-16T20:00:00.000Z,0.4979,daily,"{'min_index': 0.4891, 'max_index': 0.5046, 'std_dev': 0.0038, 'samples_count': 24}",RTX 5090
2026-07-17T00:00:00.000Z,2026-07-17T20:00:00.000Z,0.5008,daily,"{'min_index': 0.4953, 'max_index': 0.513, 'std_dev': 0.0046, 'samples_count': 24}",RTX 5090
2026-07-18T00:00:00.000Z,2026-07-18T20:00:00.000Z,0.4996,daily,"{'min_index': 0.494, 'max_index': 0.5045, 'std_dev': 0.0029, 'samples_count': 24}",RTX 5090
2026-07-19T00:00:00.000Z,2026-07-19T20:00:00.000Z,0.4958,daily,"{'min_index': 0.4855, 'max_index': 0.5045, 'std_dev': 0.0056, 'samples_count': 24}",RTX 5090
2026-07-20T00:00:00.000Z,2026-07-20T20:00:00.000Z,0.4938,daily,"{'min_index': 0.4855, 'max_index': 0.5034, 'std_dev': 0.0055, 'samples_count': 24}",RTX 5090
2026-07-21T00:00:00.000Z,2026-07-21T20:00:00.000Z,0.4925,daily,"{'min_index': 0.4898, 'max_index': 0.4983, 'std_dev': 0.002, 'samples_count': 24}",RTX 5090
2026-07-22T00:00:00.000Z,2026-07-22T20:00:00.000Z,0.4942,daily,"{'min_index': 0.4854, 'max_index': 0.4972, 'std_dev': 0.0032, 'samples_count': 24}",RTX 5090
2026-07-23T00:00:00.000Z,2026-07-23T20:00:00.000Z,0.4896,daily,"{'min_index': 0.4843, 'max_index': 0.4957, 'std_dev': 0.0035, 'samples_count': 24}",RTX 5090
2026-07-24T00:00:00.000Z,2026-07-24T20:00:00.000Z,0.4908,daily,"{'min_index': 0.4875, 'max_index': 0.4956, 'std_dev': 0.0027, 'samples_count': 24}",RTX 5090
2026-07-25T00:00:00.000Z,2026-07-25T20:00:00.000Z,0.4846,daily,"{'min_index': 0.4803, 'max_index': 0.4924, 'std_dev': 0.0034, 'samples_count': 24}",RTX 5090
2026-07-26T00:00:00.000Z,2026-07-26T20:00:00.000Z,0.4804,daily,"{'min_index': 0.4763, 'max_index': 0.4857, 'std_dev': 0.0026, 'samples_count': 24}",RTX 5090
2026-07-27T00:00:00.000Z,2026-07-27T20:00:00.000Z,0.4854,daily,"{'min_index': 0.4794, 'max_index': 0.4897, 'std_dev': 0.0026, 'samples_count': 24}",RTX 5090
2026-07-28T00:00:00.000Z,2026-07-28T20:00:00.000Z,0.4846,daily,"{'min_index': 0.4788, 'max_index': 0.4885, 'std_dev': 0.0024, 'samples_count': 24}",RTX 5090
2026-07-29T00:00:00.000Z,2026-07-29T20:00:00.000Z,0.4863,daily,"{'min_index': 0.4827, 'max_index': 0.4939, 'std_dev': 0.0033, 'samples_count': 24}",RTX 5090
2026-07-30T00:00:00.000Z,2026-07-30T20:00:00.000Z,0.4875,daily,"{'min_index': 0.4831, 'max_index': 0.4915, 'std_dev': 0.0022, 'samples_count': 24}",RTX 5090
2026-07-31T00:00:00.000Z,2026-07-31T20:00:00.000Z,0.4867,daily,"{'min_index': 0.4809, 'max_index': 0.4919, 'std_dev': 0.0032, 'samples_count': 24}",RTX 5090
2026-08-01T00:00:00.000Z,2026-08-01T20:00:00.000Z,0.4904,daily,"{'min_index': 0.4859, 'max_index': 0.4953, 'std_dev': 0.0028, 'samples_count': 24}",RTX 5090
2026-08-02T00:00:00.000Z,2026-08-02T20:00:00.000Z,0.4883,daily,"{'min_index': 0.483, 'max_index': 0.4908, 'std_dev': 0.0024, 'samples_count': 24}",RTX 5090
2026-08-03T00:00:00.000Z,2026-08-03T20:00:00.000Z,0.4808,daily,"{'min_index': 0.4773, 'max_index': 0.4863, 'std_dev': 0.0024, 'samples_count': 24}",RTX 5090
2026-08-04T00:00:00.000Z,2026-08-04T20:00:00.000Z,0.4875,daily,"{'min_index': 0.4797, 'max_index': 0.4898, 'std_dev': 0.0028, 'samples_count': 24}",RTX 5090
2026-08-05T00:00:00.000Z,2026-08-05T20:00:00.000Z,0.4896,daily,"{'min_index': 0.4857, 'max_index': 0.4927, 'std_dev': 0.0021, 'samples_count': 24}",RTX 5090
2026-08-06T00:00:00.000Z,2026-08-06T20:00:00.000Z,0.4896,daily,"{'min_index': 0.4844, 'max_index': 0.491, 'std_dev': 0.0017, 'samples_count': 24}",RTX 5090
2026-08-07T00:00:00.000Z,2026-08-07T20:00:00.000Z,0.4875,daily,"{'min_index': 0.4825, 'max_index': 0.4907, 'std_dev': 0.0024, 'samples_count': 24}",RTX 5090
2026-08-08T00:00:00.000Z,2026-08-08T20:00:00.000Z,0.4879,daily,"{'min_index': 0.4824, 'max_index': 0.4901, 'std_dev': 0.002, 'samples_count': 24}",RTX 5090
2026-08-09T00:00:00.000Z,2026-08-09T20:00:00.000Z,0.4858,daily,"{'min_index': 0.4825, 'max_index': 0.4921, 'std_dev': 0.0024, 'samples_count': 24}",RTX 5090
2026-08-10T00:00:00.000Z,2026-08-10T20:00:00.000Z,0.4892,daily,"{'min_index': 0.486, 'max_index': 0.4943, 'std_dev': 0.0021, 'samples_count': 24}",RTX 5090
2026-08-11T00:00:00.000Z,2026-08-11T20:00:00.000Z,0.5,daily,"{'min_index': 0.4913, 'max_index': 0.5124, 'std_dev': 0.0067, 'samples_count': 24}",RTX 5090
2026-08-12T00:00:00.000Z,2026-08-12T20:00:00.000Z,0.5058,daily,"{'min_index': 0.502, 'max_index': 0.5112, 'std_dev': 0.0021, 'samples_count': 24}",RTX 5090
2026-08-13T00:00:00.000Z,2026-08-13T20:00:00.000Z,0.5012,daily,"{'min_index': 0.4999, 'max_index': 0.5069, 'std_dev': 0.0016, 'samples_count': 24}",RTX 5090
2026-08-14T00:00:00.000Z,2026-08-14T20:00:00.000Z,0.5017,daily,"{'min_index': 0.5006, 'max_index': 0.5066, 'std_dev': 0.0016, 'samples_count': 24}",RTX 5090
2026-08-15T00:00:00.000Z,2026-08-15T20:00:00.000Z,0.5088,daily,"{'min_index': 0.5032, 'max_index': 0.5115, 'std_dev': 0.0022, 'samples_count': 24}",RTX 5090
2026-08-16T00:00:00.000Z,2026-08-16T20:00:00.000Z,0.5133,daily,"{'min_index': 0.508, 'max_index': 0.5266, 'std_dev': 0.0061, 'samples_count': 24}",RTX 5090
2026-08-17T00:00:00.000Z,2026-08-17T20:00:00.000Z,0.5208,daily,"{'min_index': 0.5151, 'max_index': 0.5318, 'std_dev': 0.0051, 'samples_count': 24}",RTX 5090
2026-08-18T00:00:00.000Z,2026-08-18T20:00:00.000Z,0.5258,daily,"{'min_index': 0.5157, 'max_index': 0.5324, 'std_dev': 0.0049, 'samples_count': 24}",RTX 5090
2026-08-19T00:00:00.000Z,2026-08-19T20:00:00.000Z,0.5204,daily,"{'min_index': 0.5177, 'max_index': 0.5262, 'std_dev': 0.0022, 'samples_count': 24}",RTX 5090
2026-08-20T00:00:00.000Z,2026-08-20T20:00:00.000Z,0.5238,daily,"{'min_index': 0.5196, 'max_index': 0.5287, 'std_dev': 0.0028, 'samples_count': 24}",RTX 5090
2026-08-21T00:00:00.000Z,2026-08-21T20:00:00.000Z,0.5196,daily,"{'min_index': 0.5147, 'max_index': 0.5263, 'std_dev': 0.0029, 'samples_count': 24}",RTX 5090
2026-08-22T00:00:00.000Z,2026-08-22T20:00:00.000Z,0.5278,daily,"{'min_index': 0.5217, 'max_index': 0.532, 'std_dev': 0.0032, 'samples_count': 23}",RTX 5090
2026-08-23T00:00:00.000Z,2026-08-23T20:00:00.000Z,0.5233,daily,"{'min_index': 0.5207, 'max_index': 0.5343, 'std_dev': 0.004, 'samples_count': 24}",RTX 5090
2026-08-24T00:00:00.000Z,2026-08-24T20:00:00.000Z,0.5309,daily,"{'min_index': 0.5278, 'max_index': 0.5367, 'std_dev': 0.0023, 'samples_count': 23}",RTX 5090
2026-08-25T00:00:00.000Z,2026-08-25T20:00:00.000Z,0.53,daily,"{'min_index': 0.5245, 'max_index': 0.5351, 'std_dev': 0.0033, 'samples_count': 24}",RTX 5090
2026-08-26T00:00:00.000Z,2026-08-26T20:00:00.000Z,0.5363,daily,"{'min_index': 0.5314, 'max_index': 0.5401, 'std_dev': 0.0022, 'samples_count': 24}",RTX 5090
2026-08-27T00:00:00.000Z,2026-08-27T20:00:00.000Z,0.5308,daily,"{'min_index': 0.5298, 'max_index': 0.5354, 'std_dev': 0.0015, 'samples_count': 24}",RTX 5090
2026-08-28T00:00:00.000Z,2026-08-28T20:00:00.000Z,0.5337,daily,"{'min_index': 0.5309, 'max_index': 0.5382, 'std_dev': 0.0019, 'samples_count': 24}",RTX 5090
2026-08-29T00:00:00.000Z,2026-08-29T20:00:00.000Z,0.5304,daily,"{'min_index': 0.5248, 'max_index': 0.536, 'std_dev': 0.0032, 'samples_count': 24}",RTX 5090
2026-08-30T00:00:00.000Z,2026-08-30T20:00:00.000Z,0.5333,daily,"{'min_index': 0.53, 'max_index': 0.5373, 'std_dev': 0.0017, 'samples_count': 24}",RTX 5090
2026-08-31T00:00:00.000Z,2026-08-31T20:00:00.000Z,0.5363,daily,"{'min_index': 0.5331, 'max_index': 0.619, 'std_dev': 0.0168, 'samples_count': 24}",RTX 5090
2025-09-16T00:00:00.000Z,2025-09-16T20:00:00.000Z,1.0649,daily,"{'min_index': 1.0275, 'max_index': 1.0769, 'std_dev': 0.0178, 'samples_count': 9}",RTX PRO 6000 WS
2025-09-17T00:00:00.000Z,2025-09-17T20:00:00.000Z,1.0435,daily,"{'min_index': 1.0321, 'max_index': 1.067, 'std_dev': 0.0071, 'samples_count': 24}",RTX PRO 6000 WS
2025-09-18T00:00:00.000Z,2025-09-18T20:00:00.000Z,1.0415,daily,"{'min_index': 1.0257, 'max_index': 1.0541, 'std_dev': 0.0072, 'samples_count': 24}",RTX PRO 6000 WS
2025-09-19T00:00:00.000Z,2025-09-19T20:00:00.000Z,1.0434,daily,"{'min_index': 1.03, 'max_index': 1.053, 'std_dev': 0.006, 'samples_count': 24}",RTX PRO 6000 WS
2025-09-20T00:00:00.000Z,2025-09-20T20:00:00.000Z,1.0435,daily,"{'min_index': 1.0266, 'max_index': 1.0532, 'std_dev': 0.0061, 'samples_count': 24}",RTX PRO 6000 WS
2025-09-21T00:00:00.000Z,2025-09-21T20:00:00.000Z,1.0354,daily,"{'min_index': 1.0184, 'max_index': 1.0448, 'std_dev': 0.0064, 'samples_count': 24}",RTX PRO 6000 WS
2025-09-22T00:00:00.000Z,2025-09-22T20:00:00.000Z,1.0418,daily,"{'min_index': 1.026, 'max_index': 1.0563, 'std_dev': 0.0069, 'samples_count': 24}",RTX PRO 6000 WS
2025-09-23T00:00:00.000Z,2025-09-23T20:00:00.000Z,1.038,daily,"{'min_index': 1.0329, 'max_index': 1.0529, 'std_dev': 0.006, 'samples_count': 24}",RTX PRO 6000 WS
2025-09-24T00:00:00.000Z,2025-09-24T20:00:00.000Z,1.0459,daily,"{'min_index': 1.0309, 'max_index': 1.0794, 'std_dev': 0.0097, 'samples_count': 24}",RTX PRO 6000 WS
2025-09-25T00:00:00.000Z,2025-09-25T20:00:00.000Z,1.0587,daily,"{'min_index': 1.0258, 'max_index': 1.1416, 'std_dev': 0.0326, 'samples_count': 24}",RTX PRO 6000 WS
2025-09-26T00:00:00.000Z,2025-09-26T20:00:00.000Z,1.0356,daily,"{'min_index': 1.0152, 'max_index': 1.0463, 'std_dev': 0.0097, 'samples_count': 24}",RTX PRO 6000 WS
2025-09-27T00:00:00.000Z,2025-09-27T20:00:00.000Z,1.0287,daily,"{'min_index': 1.0156, 'max_index': 1.0584, 'std_dev': 0.0094, 'samples_count': 24}",RTX PRO 6000 WS
2025-09-28T00:00:00.000Z,2025-09-28T20:00:00.000Z,1.0347,daily,"{'min_index': 1.0182, 'max_index': 1.0514, 'std_dev': 0.0084, 'samples_count': 24}",RTX PRO 6000 WS
2025-09-29T00:00:00.000Z,2025-09-29T20:00:00.000Z,1.0392,daily,"{'min_index': 1.0161, 'max_index': 1.0526, 'std_dev': 0.0103, 'samples_count': 24}",RTX PRO 6000 WS
2025-09-30T00:00:00.000Z,2025-09-30T20:00:00.000Z,1.0248,daily,"{'min_index': 0.9606, 'max_index': 1.0521, 'std_dev': 0.022, 'samples_count': 24}",RTX PRO 6000 WS
2025-10-01T00:00:00.000Z,2025-10-01T20:00:00.000Z,1.0159,daily,"{'min_index': 0.9976, 'max_index': 1.0628, 'std_dev': 0.0165, 'samples_count': 24}",RTX PRO 6000 WS
2025-10-02T00:00:00.000Z,2025-10-02T20:00:00.000Z,1.0263,daily,"{'min_index': 0.9847, 'max_index': 1.0444, 'std_dev': 0.0168, 'samples_count': 24}",RTX PRO 6000 WS
2025-10-03T00:00:00.000Z,2025-10-03T20:00:00.000Z,0.9984,daily,"{'min_index': 0.9566, 'max_index': 1.0506, 'std_dev': 0.0217, 'samples_count': 24}",RTX PRO 6000 WS
2025-10-04T00:00:00.000Z,2025-10-04T20:00:00.000Z,0.9938,daily,"{'min_index': 0.9565, 'max_index': 1.034, 'std_dev': 0.0218, 'samples_count': 24}",RTX PRO 6000 WS
2025-10-05T00:00:00.000Z,2025-10-05T20:00:00.000Z,1.0143,daily,"{'min_index': 0.9911, 'max_index': 1.0364, 'std_dev': 0.0126, 'samples_count': 24}",RTX PRO 6000 WS
2025-10-06T00:00:00.000Z,2025-10-06T20:00:00.000Z,1.0208,daily,"{'min_index': 0.9784, 'max_index': 1.0525, 'std_dev': 0.0215, 'samples_count': 24}",RTX PRO 6000 WS
2025-10-07T00:00:00.000Z,2025-10-07T20:00:00.000Z,1.0087,daily,"{'min_index': 0.9722, 'max_index': 1.0338, 'std_dev': 0.0181, 'samples_count': 24}",RTX PRO 6000 WS
2025-10-08T00:00:00.000Z,2025-10-08T20:00:00.000Z,1.0091,daily,"{'min_index': 0.9391, 'max_index': 1.0415, 'std_dev': 0.0293, 'samples_count': 24}",RTX PRO 6000 WS
2025-10-09T00:00:00.000Z,2025-10-09T20:00:00.000Z,0.9769,daily,"{'min_index': 0.953, 'max_index': 1.0213, 'std_dev': 0.0218, 'samples_count': 24}",RTX PRO 6000 WS
2025-10-10T00:00:00.000Z,2025-10-10T20:00:00.000Z,1.0102,daily,"{'min_index': 0.9956, 'max_index': 1.0409, 'std_dev': 0.0106, 'samples_count': 24}",RTX PRO 6000 WS
2025-10-11T00:00:00.000Z,2025-10-11T20:00:00.000Z,0.986,daily,"{'min_index': 0.9355, 'max_index': 1.0328, 'std_dev': 0.0245, 'samples_count': 24}",RTX PRO 6000 WS
2025-10-12T00:00:00.000Z,2025-10-12T20:00:00.000Z,0.9903,daily,"{'min_index': 0.9732, 'max_index': 1.0245, 'std_dev': 0.0151, 'samples_count': 24}",RTX PRO 6000 WS
2025-10-13T00:00:00.000Z,2025-10-13T20:00:00.000Z,0.9808,daily,"{'min_index': 0.972, 'max_index': 0.9946, 'std_dev': 0.0063, 'samples_count': 24}",RTX PRO 6000 WS
2025-10-14T00:00:00.000Z,2025-10-14T20:00:00.000Z,0.9789,daily,"{'min_index': 0.9656, 'max_index': 0.9865, 'std_dev': 0.0058, 'samples_count': 24}",RTX PRO 6000 WS
2025-10-15T00:00:00.000Z,2025-10-15T20:00:00.000Z,0.9689,daily,"{'min_index': 0.9562, 'max_index': 0.9842, 'std_dev': 0.0065, 'samples_count': 24}",RTX PRO 6000 WS
2025-10-16T00:00:00.000Z,2025-10-16T20:00:00.000Z,0.9681,daily,"{'min_index': 0.9298, 'max_index': 0.9882, 'std_dev': 0.0166, 'samples_count': 24}",RTX PRO 6000 WS
2025-10-17T00:00:00.000Z,2025-10-17T20:00:00.000Z,0.9677,daily,"{'min_index': 0.9377, 'max_index': 0.9866, 'std_dev': 0.013, 'samples_count': 24}",RTX PRO 6000 WS
2025-10-18T00:00:00.000Z,2025-10-18T20:00:00.000Z,0.9537,daily,"{'min_index': 0.9276, 'max_index': 0.9717, 'std_dev': 0.0108, 'samples_count': 24}",RTX PRO 6000 WS
2025-10-19T00:00:00.000Z,2025-10-19T20:00:00.000Z,0.9704,daily,"{'min_index': 0.9561, 'max_index': 1.0035, 'std_dev': 0.0095, 'samples_count': 24}",RTX PRO 6000 WS
2025-10-20T00:00:00.000Z,2025-10-20T20:00:00.000Z,0.9734,daily,"{'min_index': 0.9601, 'max_index': 0.9842, 'std_dev': 0.0069, 'samples_count': 24}",RTX PRO 6000 WS
2025-10-21T00:00:00.000Z,2025-10-21T20:00:00.000Z,0.9711,daily,"{'min_index': 0.9571, 'max_index': 0.9842, 'std_dev': 0.0073, 'samples_count': 24}",RTX PRO 6000 WS
2025-10-22T00:00:00.000Z,2025-10-22T20:00:00.000Z,0.9866,daily,"{'min_index': 0.9526, 'max_index': 1.0037, 'std_dev': 0.0126, 'samples_count': 24}",RTX PRO 6000 WS
2025-10-23T00:00:00.000Z,2025-10-23T20:00:00.000Z,0.9501,daily,"{'min_index': 0.9056, 'max_index': 0.9797, 'std_dev': 0.0172, 'samples_count': 24}",RTX PRO 6000 WS
2025-10-24T00:00:00.000Z,2025-10-24T20:00:00.000Z,0.9235,daily,"{'min_index': 0.9061, 'max_index': 0.9408, 'std_dev': 0.0086, 'samples_count': 24}",RTX PRO 6000 WS
2025-10-25T00:00:00.000Z,2025-10-25T20:00:00.000Z,0.9296,daily,"{'min_index': 0.9156, 'max_index': 0.9441, 'std_dev': 0.0082, 'samples_count': 24}",RTX PRO 6000 WS
2025-10-26T00:00:00.000Z,2025-10-26T20:00:00.000Z,0.9339,daily,"{'min_index': 0.9093, 'max_index': 0.9728, 'std_dev': 0.0188, 'samples_count': 24}",RTX PRO 6000 WS
2025-10-27T00:00:00.000Z,2025-10-27T20:00:00.000Z,0.9719,daily,"{'min_index': 0.9302, 'max_index': 0.9842, 'std_dev': 0.0116, 'samples_count': 24}",RTX PRO 6000 WS
2025-10-28T00:00:00.000Z,2025-10-28T20:00:00.000Z,0.9556,daily,"{'min_index': 0.9301, 'max_index': 0.9828, 'std_dev': 0.0137, 'samples_count': 24}",RTX PRO 6000 WS
2025-10-29T00:00:00.000Z,2025-10-29T20:00:00.000Z,0.9332,daily,"{'min_index': 0.9167, 'max_index': 0.9532, 'std_dev': 0.0082, 'samples_count': 24}",RTX PRO 6000 WS
2025-10-30T00:00:00.000Z,2025-10-30T20:00:00.000Z,0.9432,daily,"{'min_index': 0.9256, 'max_index': 0.9816, 'std_dev': 0.0137, 'samples_count': 24}",RTX PRO 6000 WS
2025-10-31T00:00:00.000Z,2025-10-31T20:00:00.000Z,0.9352,daily,"{'min_index': 0.9269, 'max_index': 0.9443, 'std_dev': 0.0049, 'samples_count': 24}",RTX PRO 6000 WS
2025-11-01T00:00:00.000Z,2025-11-01T20:00:00.000Z,0.9537,daily,"{'min_index': 0.9298, 'max_index': 0.9748, 'std_dev': 0.0128, 'samples_count': 24}",RTX PRO 6000 WS
2025-11-02T00:00:00.000Z,2025-11-02T21:00:00.000Z,0.9407,daily,"{'min_index': 0.9254, 'max_index': 0.9566, 'std_dev': 0.0096, 'samples_count': 24}",RTX PRO 6000 WS
2025-11-03T00:00:00.000Z,2025-11-03T21:00:00.000Z,0.9495,daily,"{'min_index': 0.9274, 'max_index': 0.9934, 'std_dev': 0.0245, 'samples_count': 24}",RTX PRO 6000 WS
2025-11-04T00:00:00.000Z,2025-11-04T21:00:00.000Z,0.9881,daily,"{'min_index': 0.9725, 'max_index': 1.0136, 'std_dev': 0.012, 'samples_count': 24}",RTX PRO 6000 WS
2025-11-05T00:00:00.000Z,2025-11-05T21:00:00.000Z,0.9778,daily,"{'min_index': 0.9653, 'max_index': 0.9872, 'std_dev': 0.0069, 'samples_count': 24}",RTX PRO 6000 WS
2025-11-06T00:00:00.000Z,2025-11-06T21:00:00.000Z,0.9678,daily,"{'min_index': 0.9383, 'max_index': 1.0007, 'std_dev': 0.016, 'samples_count': 24}",RTX PRO 6000 WS
2025-11-07T00:00:00.000Z,2025-11-07T21:00:00.000Z,0.9883,daily,"{'min_index': 0.9788, 'max_index': 1.0017, 'std_dev': 0.0061, 'samples_count': 24}",RTX PRO 6000 WS
2025-11-08T00:00:00.000Z,2025-11-08T21:00:00.000Z,0.9853,daily,"{'min_index': 0.9653, 'max_index': 1.0021, 'std_dev': 0.0118, 'samples_count': 24}",RTX PRO 6000 WS
2025-11-09T00:00:00.000Z,2025-11-09T21:00:00.000Z,0.9662,daily,"{'min_index': 0.9458, 'max_index': 0.9797, 'std_dev': 0.0094, 'samples_count': 24}",RTX PRO 6000 WS
2025-11-10T00:00:00.000Z,2025-11-10T21:00:00.000Z,0.9655,daily,"{'min_index': 0.9306, 'max_index': 0.9831, 'std_dev': 0.0142, 'samples_count': 24}",RTX PRO 6000 WS
2025-11-11T00:00:00.000Z,2025-11-11T21:00:00.000Z,0.9417,daily,"{'min_index': 0.928, 'max_index': 0.9535, 'std_dev': 0.0059, 'samples_count': 24}",RTX PRO 6000 WS
2025-11-12T00:00:00.000Z,2025-11-12T21:00:00.000Z,0.9425,daily,"{'min_index': 0.9272, 'max_index': 0.9772, 'std_dev': 0.0121, 'samples_count': 24}",RTX PRO 6000 WS
2025-11-13T00:00:00.000Z,2025-11-13T21:00:00.000Z,0.9817,daily,"{'min_index': 0.9752, 'max_index': 0.9918, 'std_dev': 0.0046, 'samples_count': 24}",RTX PRO 6000 WS
2025-11-14T00:00:00.000Z,2025-11-14T21:00:00.000Z,0.9746,daily,"{'min_index': 0.9626, 'max_index': 0.9854, 'std_dev': 0.0071, 'samples_count': 24}",RTX PRO 6000 WS
2025-11-15T00:00:00.000Z,2025-11-15T21:00:00.000Z,0.9662,daily,"{'min_index': 0.9551, 'max_index': 0.9829, 'std_dev': 0.0072, 'samples_count': 24}",RTX PRO 6000 WS
2025-11-16T00:00:00.000Z,2025-11-16T21:00:00.000Z,0.9879,daily,"{'min_index': 0.9763, 'max_index': 0.9947, 'std_dev': 0.0044, 'samples_count': 24}",RTX PRO 6000 WS
2025-11-17T00:00:00.000Z,2025-11-17T21:00:00.000Z,0.9863,daily,"{'min_index': 0.9752, 'max_index': 0.9986, 'std_dev': 0.0074, 'samples_count': 24}",RTX PRO 6000 WS
2025-11-18T00:00:00.000Z,2025-11-18T21:00:00.000Z,0.9831,daily,"{'min_index': 0.9769, 'max_index': 1.0034, 'std_dev': 0.0067, 'samples_count': 24}",RTX PRO 6000 WS
2025-11-19T00:00:00.000Z,2025-11-19T21:00:00.000Z,0.9779,daily,"{'min_index': 0.9558, 'max_index': 0.9909, 'std_dev': 0.008, 'samples_count': 24}",RTX PRO 6000 WS
2025-11-20T00:00:00.000Z,2025-11-20T21:00:00.000Z,0.9846,daily,"{'min_index': 0.976, 'max_index': 1.0001, 'std_dev': 0.007, 'samples_count': 24}",RTX PRO 6000 WS
2025-11-21T00:00:00.000Z,2025-11-21T21:00:00.000Z,0.9857,daily,"{'min_index': 0.9651, 'max_index': 1.0128, 'std_dev': 0.0109, 'samples_count': 24}",RTX PRO 6000 WS
2025-11-22T00:00:00.000Z,2025-11-22T21:00:00.000Z,0.9775,daily,"{'min_index': 0.9584, 'max_index': 0.9945, 'std_dev': 0.0091, 'samples_count': 24}",RTX PRO 6000 WS
2025-11-23T00:00:00.000Z,2025-11-23T21:00:00.000Z,0.9859,daily,"{'min_index': 0.9458, 'max_index': 1.0113, 'std_dev': 0.0143, 'samples_count': 24}",RTX PRO 6000 WS
2025-11-24T00:00:00.000Z,2025-11-24T21:00:00.000Z,0.9404,daily,"{'min_index': 0.9252, 'max_index': 0.951, 'std_dev': 0.0071, 'samples_count': 24}",RTX PRO 6000 WS
2025-11-25T00:00:00.000Z,2025-11-25T21:00:00.000Z,0.9364,daily,"{'min_index': 0.9257, 'max_index': 0.9448, 'std_dev': 0.0047, 'samples_count': 24}",RTX PRO 6000 WS
2025-11-26T00:00:00.000Z,2025-11-26T21:00:00.000Z,0.957,daily,"{'min_index': 0.9355, 'max_index': 0.9835, 'std_dev': 0.0136, 'samples_count': 24}",RTX PRO 6000 WS
2025-11-27T00:00:00.000Z,2025-11-27T21:00:00.000Z,0.9467,daily,"{'min_index': 0.9358, 'max_index': 0.9646, 'std_dev': 0.0087, 'samples_count': 24}",RTX PRO 6000 WS
2025-11-28T00:00:00.000Z,2025-11-28T21:00:00.000Z,0.9367,daily,"{'min_index': 0.9259, 'max_index': 0.9439, 'std_dev': 0.0054, 'samples_count': 24}",RTX PRO 6000 WS
2025-11-29T00:00:00.000Z,2025-11-29T21:00:00.000Z,0.9414,daily,"{'min_index': 0.9187, 'max_index': 0.9646, 'std_dev': 0.0085, 'samples_count': 24}",RTX PRO 6000 WS
2025-11-30T00:00:00.000Z,2025-11-30T21:00:00.000Z,0.929,daily,"{'min_index': 0.9151, 'max_index': 0.9626, 'std_dev': 0.0089, 'samples_count': 24}",RTX PRO 6000 WS
2025-12-01T00:00:00.000Z,2025-12-01T21:00:00.000Z,0.9436,daily,"{'min_index': 0.9273, 'max_index': 0.9577, 'std_dev': 0.0075, 'samples_count': 24}",RTX PRO 6000 WS
2025-12-02T00:00:00.000Z,2025-12-02T21:00:00.000Z,0.9464,daily,"{'min_index': 0.9363, 'max_index': 0.954, 'std_dev': 0.0044, 'samples_count': 24}",RTX PRO 6000 WS
2025-12-03T00:00:00.000Z,2025-12-03T21:00:00.000Z,0.9397,daily,"{'min_index': 0.9261, 'max_index': 0.9525, 'std_dev': 0.0078, 'samples_count': 24}",RTX PRO 6000 WS
2025-12-04T00:00:00.000Z,2025-12-04T21:00:00.000Z,0.9325,daily,"{'min_index': 0.9252, 'max_index': 0.9523, 'std_dev': 0.006, 'samples_count': 24}",RTX PRO 6000 WS
2025-12-05T00:00:00.000Z,2025-12-05T21:00:00.000Z,0.9466,daily,"{'min_index': 0.9361, 'max_index': 0.9592, 'std_dev': 0.007, 'samples_count': 24}",RTX PRO 6000 WS
2025-12-06T00:00:00.000Z,2025-12-06T21:00:00.000Z,0.9358,daily,"{'min_index': 0.9257, 'max_index': 0.9523, 'std_dev': 0.0067, 'samples_count': 24}",RTX PRO 6000 WS
2025-12-07T00:00:00.000Z,2025-12-07T21:00:00.000Z,0.9326,daily,"{'min_index': 0.9272, 'max_index': 0.9481, 'std_dev': 0.005, 'samples_count': 24}",RTX PRO 6000 WS
2025-12-08T00:00:00.000Z,2025-12-08T21:00:00.000Z,0.9316,daily,"{'min_index': 0.9193, 'max_index': 0.9448, 'std_dev': 0.0076, 'samples_count': 24}",RTX PRO 6000 WS
2025-12-09T00:00:00.000Z,2025-12-09T21:00:00.000Z,0.9179,daily,"{'min_index': 0.9084, 'max_index': 0.9239, 'std_dev': 0.0047, 'samples_count': 24}",RTX PRO 6000 WS
2025-12-10T00:00:00.000Z,2025-12-10T21:00:00.000Z,0.9202,daily,"{'min_index': 0.9151, 'max_index': 0.9334, 'std_dev': 0.0046, 'samples_count': 24}",RTX PRO 6000 WS
2025-12-11T00:00:00.000Z,2025-12-11T21:00:00.000Z,0.9225,daily,"{'min_index': 0.9062, 'max_index': 0.9573, 'std_dev': 0.011, 'samples_count': 24}",RTX PRO 6000 WS
2025-12-12T00:00:00.000Z,2025-12-12T21:00:00.000Z,0.9258,daily,"{'min_index': 0.9153, 'max_index': 0.9427, 'std_dev': 0.0065, 'samples_count': 24}",RTX PRO 6000 WS
2025-12-13T00:00:00.000Z,2025-12-13T21:00:00.000Z,0.9177,daily,"{'min_index': 0.9064, 'max_index': 0.9233, 'std_dev': 0.0041, 'samples_count': 24}",RTX PRO 6000 WS
2025-12-14T00:00:00.000Z,2025-12-14T21:00:00.000Z,0.9145,daily,"{'min_index': 0.897, 'max_index': 0.9323, 'std_dev': 0.0082, 'samples_count': 24}",RTX PRO 6000 WS
2025-12-15T00:00:00.000Z,2025-12-15T21:00:00.000Z,0.9067,daily,"{'min_index': 0.8884, 'max_index': 0.9241, 'std_dev': 0.0103, 'samples_count': 24}",RTX PRO 6000 WS
2025-12-16T00:00:00.000Z,2025-12-16T21:00:00.000Z,0.9104,daily,"{'min_index': 0.8969, 'max_index': 0.9238, 'std_dev': 0.0097, 'samples_count': 23}",RTX PRO 6000 WS
2025-12-17T00:00:00.000Z,2025-12-17T21:00:00.000Z,0.9054,daily,"{'min_index': 0.8864, 'max_index': 0.9275, 'std_dev': 0.0088, 'samples_count': 24}",RTX PRO 6000 WS
2025-12-18T00:00:00.000Z,2025-12-18T21:00:00.000Z,0.9058,daily,"{'min_index': 0.8871, 'max_index': 0.9204, 'std_dev': 0.0076, 'samples_count': 24}",RTX PRO 6000 WS
2025-12-19T00:00:00.000Z,2025-12-19T21:00:00.000Z,0.915,daily,"{'min_index': 0.9057, 'max_index': 0.9249, 'std_dev': 0.0061, 'samples_count': 24}",RTX PRO 6000 WS
2025-12-20T00:00:00.000Z,2025-12-20T21:00:00.000Z,0.9092,daily,"{'min_index': 0.9017, 'max_index': 0.9136, 'std_dev': 0.0034, 'samples_count': 24}",RTX PRO 6000 WS
2025-12-21T00:00:00.000Z,2025-12-21T21:00:00.000Z,0.9108,daily,"{'min_index': 0.8971, 'max_index': 0.9238, 'std_dev': 0.0074, 'samples_count': 24}",RTX PRO 6000 WS
2025-12-22T00:00:00.000Z,2025-12-22T21:00:00.000Z,0.9171,daily,"{'min_index': 0.9005, 'max_index': 0.9247, 'std_dev': 0.0061, 'samples_count': 24}",RTX PRO 6000 WS
2025-12-23T00:00:00.000Z,2025-12-23T21:00:00.000Z,0.9042,daily,"{'min_index': 0.8791, 'max_index': 0.9139, 'std_dev': 0.0081, 'samples_count': 24}",RTX PRO 6000 WS
2025-12-24T00:00:00.000Z,2025-12-24T21:00:00.000Z,0.8992,daily,"{'min_index': 0.8872, 'max_index': 0.9148, 'std_dev': 0.0065, 'samples_count': 24}",RTX PRO 6000 WS
2025-12-25T00:00:00.000Z,2025-12-25T21:00:00.000Z,0.8917,daily,"{'min_index': 0.8756, 'max_index': 0.9036, 'std_dev': 0.0086, 'samples_count': 24}",RTX PRO 6000 WS
2025-12-26T00:00:00.000Z,2025-12-26T21:00:00.000Z,0.8921,daily,"{'min_index': 0.8781, 'max_index': 0.9042, 'std_dev': 0.0075, 'samples_count': 24}",RTX PRO 6000 WS
2025-12-27T00:00:00.000Z,2025-12-27T21:00:00.000Z,0.8946,daily,"{'min_index': 0.8773, 'max_index': 0.904, 'std_dev': 0.0067, 'samples_count': 24}",RTX PRO 6000 WS
2025-12-28T00:00:00.000Z,2025-12-28T21:00:00.000Z,0.8904,daily,"{'min_index': 0.8763, 'max_index': 0.9006, 'std_dev': 0.006, 'samples_count': 24}",RTX PRO 6000 WS
2025-12-29T00:00:00.000Z,2025-12-29T21:00:00.000Z,0.885,daily,"{'min_index': 0.8671, 'max_index': 0.8963, 'std_dev': 0.0087, 'samples_count': 24}",RTX PRO 6000 WS
2025-12-30T00:00:00.000Z,2025-12-30T21:00:00.000Z,0.8867,daily,"{'min_index': 0.8559, 'max_index': 0.9229, 'std_dev': 0.0209, 'samples_count': 24}",RTX PRO 6000 WS
2026-01-01T00:00:00.000Z,2026-01-01T21:00:00.000Z,0.8983,daily,"{'min_index': 0.8764, 'max_index': 0.9043, 'std_dev': 0.0061, 'samples_count': 24}",RTX PRO 6000 WS
2026-01-02T00:00:00.000Z,2026-01-02T21:00:00.000Z,0.8871,daily,"{'min_index': 0.8777, 'max_index': 0.8942, 'std_dev': 0.0049, 'samples_count': 24}",RTX PRO 6000 WS
2026-01-03T00:00:00.000Z,2026-01-03T21:00:00.000Z,0.8829,daily,"{'min_index': 0.8754, 'max_index': 0.8938, 'std_dev': 0.0061, 'samples_count': 24}",RTX PRO 6000 WS
2026-01-04T00:00:00.000Z,2026-01-04T21:00:00.000Z,0.8779,daily,"{'min_index': 0.8651, 'max_index': 0.8841, 'std_dev': 0.0047, 'samples_count': 24}",RTX PRO 6000 WS
2026-01-05T00:00:00.000Z,2026-01-05T21:00:00.000Z,0.875,daily,"{'min_index': 0.8661, 'max_index': 0.8844, 'std_dev': 0.0055, 'samples_count': 24}",RTX PRO 6000 WS
2026-01-06T00:00:00.000Z,2026-01-06T21:00:00.000Z,0.8675,daily,"{'min_index': 0.8556, 'max_index': 0.8794, 'std_dev': 0.0055, 'samples_count': 24}",RTX PRO 6000 WS
2026-01-07T00:00:00.000Z,2026-01-07T21:00:00.000Z,0.8562,daily,"{'min_index': 0.8364, 'max_index': 0.8669, 'std_dev': 0.0081, 'samples_count': 24}",RTX PRO 6000 WS
2026-01-08T00:00:00.000Z,2026-01-08T21:00:00.000Z,0.87,daily,"{'min_index': 0.8576, 'max_index': 0.8941, 'std_dev': 0.0108, 'samples_count': 24}",RTX PRO 6000 WS
2026-01-09T00:00:00.000Z,2026-01-09T21:00:00.000Z,0.8675,daily,"{'min_index': 0.8279, 'max_index': 0.8929, 'std_dev': 0.0198, 'samples_count': 24}",RTX PRO 6000 WS
2026-01-10T00:00:00.000Z,2026-01-10T21:00:00.000Z,0.8346,daily,"{'min_index': 0.8268, 'max_index': 0.8454, 'std_dev': 0.0054, 'samples_count': 24}",RTX PRO 6000 WS
2026-01-11T00:00:00.000Z,2026-01-11T21:00:00.000Z,0.8462,daily,"{'min_index': 0.8269, 'max_index': 0.8575, 'std_dev': 0.0072, 'samples_count': 24}",RTX PRO 6000 WS
2026-01-12T00:00:00.000Z,2026-01-12T21:00:00.000Z,0.8439,daily,"{'min_index': 0.8185, 'max_index': 0.8547, 'std_dev': 0.0089, 'samples_count': 24}",RTX PRO 6000 WS
2026-01-13T00:00:00.000Z,2026-01-13T21:00:00.000Z,0.8371,daily,"{'min_index': 0.826, 'max_index': 0.8534, 'std_dev': 0.0072, 'samples_count': 24}",RTX PRO 6000 WS
2026-01-14T00:00:00.000Z,2026-01-14T21:00:00.000Z,0.8396,daily,"{'min_index': 0.8259, 'max_index': 0.8726, 'std_dev': 0.0116, 'samples_count': 24}",RTX PRO 6000 WS
2026-01-15T00:00:00.000Z,2026-01-15T21:00:00.000Z,0.8387,daily,"{'min_index': 0.8253, 'max_index': 0.8594, 'std_dev': 0.0089, 'samples_count': 24}",RTX PRO 6000 WS
2026-01-16T00:00:00.000Z,2026-01-16T21:00:00.000Z,0.8325,daily,"{'min_index': 0.8253, 'max_index': 0.8508, 'std_dev': 0.0061, 'samples_count': 24}",RTX PRO 6000 WS
2026-01-17T00:00:00.000Z,2026-01-17T21:00:00.000Z,0.83,daily,"{'min_index': 0.8252, 'max_index': 0.8345, 'std_dev': 0.0027, 'samples_count': 24}",RTX PRO 6000 WS
2026-01-18T00:00:00.000Z,2026-01-18T21:00:00.000Z,0.8313,daily,"{'min_index': 0.8253, 'max_index': 0.8437, 'std_dev': 0.0053, 'samples_count': 24}",RTX PRO 6000 WS
2026-01-19T00:00:00.000Z,2026-01-19T21:00:00.000Z,0.8429,daily,"{'min_index': 0.8284, 'max_index': 0.8528, 'std_dev': 0.0066, 'samples_count': 24}",RTX PRO 6000 WS
2026-01-20T00:00:00.000Z,2026-01-20T21:00:00.000Z,0.8396,daily,"{'min_index': 0.8256, 'max_index': 0.8527, 'std_dev': 0.0082, 'samples_count': 24}",RTX PRO 6000 WS
2026-01-21T00:00:00.000Z,2026-01-21T21:00:00.000Z,0.8363,daily,"{'min_index': 0.8255, 'max_index': 0.8548, 'std_dev': 0.0094, 'samples_count': 24}",RTX PRO 6000 WS
2026-01-22T00:00:00.000Z,2026-01-22T21:00:00.000Z,0.8354,daily,"{'min_index': 0.8258, 'max_index': 0.849, 'std_dev': 0.0053, 'samples_count': 24}",RTX PRO 6000 WS
2026-01-23T00:00:00.000Z,2026-01-23T21:00:00.000Z,0.8329,daily,"{'min_index': 0.8254, 'max_index': 0.853, 'std_dev': 0.0064, 'samples_count': 24}",RTX PRO 6000 WS
2026-01-24T00:00:00.000Z,2026-01-24T21:00:00.000Z,0.8413,daily,"{'min_index': 0.8283, 'max_index': 0.887, 'std_dev': 0.0116, 'samples_count': 24}",RTX PRO 6000 WS
2026-01-25T00:00:00.000Z,2026-01-25T21:00:00.000Z,0.8458,daily,"{'min_index': 0.8356, 'max_index': 0.8601, 'std_dev': 0.0074, 'samples_count': 24}",RTX PRO 6000 WS
2026-01-26T00:00:00.000Z,2026-01-26T21:00:00.000Z,0.8558,daily,"{'min_index': 0.8368, 'max_index': 0.8932, 'std_dev': 0.0111, 'samples_count': 24}",RTX PRO 6000 WS
2026-01-27T00:00:00.000Z,2026-01-27T21:00:00.000Z,0.8567,daily,"{'min_index': 0.8457, 'max_index': 0.9028, 'std_dev': 0.011, 'samples_count': 24}",RTX PRO 6000 WS
2026-01-28T00:00:00.000Z,2026-01-28T21:00:00.000Z,0.8617,daily,"{'min_index': 0.8554, 'max_index': 0.8778, 'std_dev': 0.0049, 'samples_count': 24}",RTX PRO 6000 WS
2026-01-29T00:00:00.000Z,2026-01-29T21:00:00.000Z,0.86,daily,"{'min_index': 0.8555, 'max_index': 0.8786, 'std_dev': 0.0047, 'samples_count': 24}",RTX PRO 6000 WS
2026-01-30T00:00:00.000Z,2026-01-30T21:00:00.000Z,0.8775,daily,"{'min_index': 0.8488, 'max_index': 0.9248, 'std_dev': 0.0214, 'samples_count': 24}",RTX PRO 6000 WS
2026-01-31T00:00:00.000Z,2026-01-31T21:00:00.000Z,0.8817,daily,"{'min_index': 0.8424, 'max_index': 0.9293, 'std_dev': 0.031, 'samples_count': 24}",RTX PRO 6000 WS
2026-02-01T00:00:00.000Z,2026-02-01T21:00:00.000Z,0.8692,daily,"{'min_index': 0.8513, 'max_index': 0.9215, 'std_dev': 0.02, 'samples_count': 24}",RTX PRO 6000 WS
2026-02-02T00:00:00.000Z,2026-02-02T21:00:00.000Z,0.8925,daily,"{'min_index': 0.8566, 'max_index': 0.9405, 'std_dev': 0.0279, 'samples_count': 24}",RTX PRO 6000 WS
2026-02-03T00:00:00.000Z,2026-02-03T21:00:00.000Z,0.8733,daily,"{'min_index': 0.8384, 'max_index': 0.9202, 'std_dev': 0.0238, 'samples_count': 24}",RTX PRO 6000 WS
2026-02-04T00:00:00.000Z,2026-02-04T21:00:00.000Z,0.8729,daily,"{'min_index': 0.8369, 'max_index': 0.9239, 'std_dev': 0.0262, 'samples_count': 24}",RTX PRO 6000 WS
2026-02-05T00:00:00.000Z,2026-02-05T21:00:00.000Z,0.8712,daily,"{'min_index': 0.8372, 'max_index': 0.9118, 'std_dev': 0.0215, 'samples_count': 24}",RTX PRO 6000 WS
2026-02-06T00:00:00.000Z,2026-02-06T21:00:00.000Z,0.8571,daily,"{'min_index': 0.827, 'max_index': 0.8878, 'std_dev': 0.014, 'samples_count': 24}",RTX PRO 6000 WS
2026-02-07T00:00:00.000Z,2026-02-07T21:00:00.000Z,0.8425,daily,"{'min_index': 0.8171, 'max_index': 0.8804, 'std_dev': 0.0165, 'samples_count': 24}",RTX PRO 6000 WS
2026-02-08T00:00:00.000Z,2026-02-08T21:00:00.000Z,0.8483,daily,"{'min_index': 0.8158, 'max_index': 0.9095, 'std_dev': 0.0263, 'samples_count': 24}",RTX PRO 6000 WS
2026-02-09T00:00:00.000Z,2026-02-09T21:00:00.000Z,0.8679,daily,"{'min_index': 0.8272, 'max_index': 0.9639, 'std_dev': 0.0437, 'samples_count': 24}",RTX PRO 6000 WS
2026-02-10T00:00:00.000Z,2026-02-10T21:00:00.000Z,0.8688,daily,"{'min_index': 0.83, 'max_index': 0.9647, 'std_dev': 0.0328, 'samples_count': 24}",RTX PRO 6000 WS
2026-02-11T00:00:00.000Z,2026-02-11T21:00:00.000Z,0.8588,daily,"{'min_index': 0.8252, 'max_index': 0.9338, 'std_dev': 0.0336, 'samples_count': 24}",RTX PRO 6000 WS
2026-02-12T00:00:00.000Z,2026-02-12T21:00:00.000Z,0.84,daily,"{'min_index': 0.8261, 'max_index': 0.8533, 'std_dev': 0.0086, 'samples_count': 24}",RTX PRO 6000 WS
2026-02-13T00:00:00.000Z,2026-02-13T21:00:00.000Z,0.8462,daily,"{'min_index': 0.8262, 'max_index': 0.8637, 'std_dev': 0.0105, 'samples_count': 24}",RTX PRO 6000 WS
2026-02-14T00:00:00.000Z,2026-02-14T21:00:00.000Z,0.8429,daily,"{'min_index': 0.8254, 'max_index': 0.8618, 'std_dev': 0.0091, 'samples_count': 24}",RTX PRO 6000 WS
2026-02-15T00:00:00.000Z,2026-02-15T21:00:00.000Z,0.8567,daily,"{'min_index': 0.8398, 'max_index': 0.9436, 'std_dev': 0.0259, 'samples_count': 24}",RTX PRO 6000 WS
2026-02-16T00:00:00.000Z,2026-02-16T21:00:00.000Z,0.8471,daily,"{'min_index': 0.826, 'max_index': 0.8683, 'std_dev': 0.0104, 'samples_count': 24}",RTX PRO 6000 WS
2026-02-17T00:00:00.000Z,2026-02-17T21:00:00.000Z,0.855,daily,"{'min_index': 0.8328, 'max_index': 0.9469, 'std_dev': 0.026, 'samples_count': 24}",RTX PRO 6000 WS
2026-02-18T00:00:00.000Z,2026-02-18T21:00:00.000Z,0.8796,daily,"{'min_index': 0.8424, 'max_index': 0.9548, 'std_dev': 0.0313, 'samples_count': 24}",RTX PRO 6000 WS
2026-02-19T00:00:00.000Z,2026-02-19T21:00:00.000Z,0.8733,daily,"{'min_index': 0.8364, 'max_index': 0.9349, 'std_dev': 0.0225, 'samples_count': 24}",RTX PRO 6000 WS
2026-02-20T00:00:00.000Z,2026-02-20T21:00:00.000Z,0.8614,daily,"{'min_index': 0.8532, 'max_index': 0.8647, 'std_dev': 0.0029, 'samples_count': 22}",RTX PRO 6000 WS
2026-02-21T00:00:00.000Z,2026-02-21T21:00:00.000Z,0.87,daily,"{'min_index': 0.8552, 'max_index': 0.9052, 'std_dev': 0.0127, 'samples_count': 24}",RTX PRO 6000 WS
2026-02-22T00:00:00.000Z,2026-02-22T21:00:00.000Z,0.8667,daily,"{'min_index': 0.8461, 'max_index': 0.9032, 'std_dev': 0.0152, 'samples_count': 24}",RTX PRO 6000 WS
2026-02-23T00:00:00.000Z,2026-02-23T21:00:00.000Z,0.8583,daily,"{'min_index': 0.8455, 'max_index': 0.8848, 'std_dev': 0.0109, 'samples_count': 24}",RTX PRO 6000 WS
2026-02-24T00:00:00.000Z,2026-02-24T21:00:00.000Z,0.8717,daily,"{'min_index': 0.8478, 'max_index': 0.9041, 'std_dev': 0.0167, 'samples_count': 24}",RTX PRO 6000 WS
2026-02-25T00:00:00.000Z,2026-02-25T21:00:00.000Z,0.8708,daily,"{'min_index': 0.8469, 'max_index': 0.9296, 'std_dev': 0.0214, 'samples_count': 24}",RTX PRO 6000 WS
2026-02-26T00:00:00.000Z,2026-02-26T21:00:00.000Z,0.89,daily,"{'min_index': 0.8514, 'max_index': 0.9286, 'std_dev': 0.021, 'samples_count': 24}",RTX PRO 6000 WS
2026-02-27T00:00:00.000Z,2026-02-27T21:00:00.000Z,0.8746,daily,"{'min_index': 0.8358, 'max_index': 0.9217, 'std_dev': 0.0248, 'samples_count': 24}",RTX PRO 6000 WS
2026-02-28T00:00:00.000Z,2026-02-28T21:00:00.000Z,0.8538,daily,"{'min_index': 0.8284, 'max_index': 0.8819, 'std_dev': 0.0112, 'samples_count': 24}",RTX PRO 6000 WS
2026-03-01T00:00:00.000Z,2026-03-01T21:00:00.000Z,0.8679,daily,"{'min_index': 0.8459, 'max_index': 0.9111, 'std_dev': 0.016, 'samples_count': 24}",RTX PRO 6000 WS
2026-03-02T00:00:00.000Z,2026-03-02T21:00:00.000Z,0.8696,daily,"{'min_index': 0.8368, 'max_index': 0.8955, 'std_dev': 0.017, 'samples_count': 24}",RTX PRO 6000 WS
2026-03-03T00:00:00.000Z,2026-03-03T21:00:00.000Z,0.8842,daily,"{'min_index': 0.8541, 'max_index': 0.9258, 'std_dev': 0.0185, 'samples_count': 24}",RTX PRO 6000 WS
2026-03-04T00:00:00.000Z,2026-03-04T21:00:00.000Z,0.8983,daily,"{'min_index': 0.8666, 'max_index': 0.9445, 'std_dev': 0.0198, 'samples_count': 24}",RTX PRO 6000 WS
2026-03-05T00:00:00.000Z,2026-03-05T21:00:00.000Z,0.9042,daily,"{'min_index': 0.8572, 'max_index': 0.9529, 'std_dev': 0.026, 'samples_count': 24}",RTX PRO 6000 WS
2026-03-06T00:00:00.000Z,2026-03-06T21:00:00.000Z,0.9078,daily,"{'min_index': 0.8597, 'max_index': 0.9526, 'std_dev': 0.0296, 'samples_count': 23}",RTX PRO 6000 WS
2026-03-07T00:00:00.000Z,2026-03-07T21:00:00.000Z,0.9208,daily,"{'min_index': 0.8766, 'max_index': 0.9545, 'std_dev': 0.0223, 'samples_count': 24}",RTX PRO 6000 WS
2026-03-08T00:00:00.000Z,2026-03-08T20:00:00.000Z,0.9363,daily,"{'min_index': 0.8814, 'max_index': 0.9538, 'std_dev': 0.0207, 'samples_count': 24}",RTX PRO 6000 WS
2026-03-09T00:00:00.000Z,2026-03-09T20:00:00.000Z,0.9329,daily,"{'min_index': 0.9067, 'max_index': 0.9542, 'std_dev': 0.0178, 'samples_count': 24}",RTX PRO 6000 WS
2026-03-10T00:00:00.000Z,2026-03-10T20:00:00.000Z,0.9404,daily,"{'min_index': 0.9058, 'max_index': 0.9541, 'std_dev': 0.0173, 'samples_count': 24}",RTX PRO 6000 WS
2026-03-11T00:00:00.000Z,2026-03-11T20:00:00.000Z,0.9467,daily,"{'min_index': 0.9239, 'max_index': 0.9536, 'std_dev': 0.0086, 'samples_count': 24}",RTX PRO 6000 WS
2026-03-12T00:00:00.000Z,2026-03-12T20:00:00.000Z,0.9442,daily,"{'min_index': 0.9183, 'max_index': 0.9641, 'std_dev': 0.0111, 'samples_count': 24}",RTX PRO 6000 WS
2026-03-13T00:00:00.000Z,2026-03-13T20:00:00.000Z,0.9463,daily,"{'min_index': 0.91, 'max_index': 0.9628, 'std_dev': 0.0106, 'samples_count': 24}",RTX PRO 6000 WS
2026-03-14T00:00:00.000Z,2026-03-14T20:00:00.000Z,0.95,daily,"{'min_index': 0.9287, 'max_index': 0.9647, 'std_dev': 0.0082, 'samples_count': 24}",RTX PRO 6000 WS
2026-03-15T00:00:00.000Z,2026-03-15T20:00:00.000Z,0.9479,daily,"{'min_index': 0.9249, 'max_index': 0.9742, 'std_dev': 0.01, 'samples_count': 24}",RTX PRO 6000 WS
2026-03-16T00:00:00.000Z,2026-03-16T20:00:00.000Z,0.935,daily,"{'min_index': 0.8888, 'max_index': 0.9612, 'std_dev': 0.0228, 'samples_count': 24}",RTX PRO 6000 WS
2026-03-17T00:00:00.000Z,2026-03-17T20:00:00.000Z,0.9125,daily,"{'min_index': 0.8895, 'max_index': 0.9581, 'std_dev': 0.0177, 'samples_count': 24}",RTX PRO 6000 WS
2026-03-18T00:00:00.000Z,2026-03-18T20:00:00.000Z,0.9296,daily,"{'min_index': 0.8962, 'max_index': 0.9677, 'std_dev': 0.0205, 'samples_count': 24}",RTX PRO 6000 WS
2026-03-19T00:00:00.000Z,2026-03-19T20:00:00.000Z,0.96,daily,"{'min_index': 0.9254, 'max_index': 0.9993, 'std_dev': 0.0218, 'samples_count': 24}",RTX PRO 6000 WS
2026-03-20T00:00:00.000Z,2026-03-20T20:00:00.000Z,0.9629,daily,"{'min_index': 0.9292, 'max_index': 0.9972, 'std_dev': 0.0189, 'samples_count': 24}",RTX PRO 6000 WS
2026-03-21T00:00:00.000Z,2026-03-21T20:00:00.000Z,0.9579,daily,"{'min_index': 0.9266, 'max_index': 0.9934, 'std_dev': 0.0196, 'samples_count': 24}",RTX PRO 6000 WS
2026-03-22T00:00:00.000Z,2026-03-22T20:00:00.000Z,0.9613,daily,"{'min_index': 0.9276, 'max_index': 0.9948, 'std_dev': 0.0206, 'samples_count': 24}",RTX PRO 6000 WS
2026-03-23T00:00:00.000Z,2026-03-23T20:00:00.000Z,0.9646,daily,"{'min_index': 0.928, 'max_index': 1.0033, 'std_dev': 0.021, 'samples_count': 24}",RTX PRO 6000 WS
2026-03-24T00:00:00.000Z,2026-03-24T20:00:00.000Z,0.9821,daily,"{'min_index': 0.9461, 'max_index': 1.0024, 'std_dev': 0.0171, 'samples_count': 24}",RTX PRO 6000 WS
2026-03-25T00:00:00.000Z,2026-03-25T20:00:00.000Z,0.9675,daily,"{'min_index': 0.9269, 'max_index': 1.0032, 'std_dev': 0.0248, 'samples_count': 24}",RTX PRO 6000 WS
2026-03-26T00:00:00.000Z,2026-03-26T20:00:00.000Z,0.9648,daily,"{'min_index': 0.93, 'max_index': 1.0247, 'std_dev': 0.0266, 'samples_count': 18}",RTX PRO 6000 WS
2026-03-27T00:00:00.000Z,2026-03-27T20:00:00.000Z,1.0,daily,"{'min_index': 0.9964, 'max_index': 1.0041, 'std_dev': 0.0024, 'samples_count': 13}",RTX PRO 6000 WS
2026-03-28T00:00:00.000Z,2026-03-28T20:00:00.000Z,0.9842,daily,"{'min_index': 0.9482, 'max_index': 1.0042, 'std_dev': 0.0187, 'samples_count': 24}",RTX PRO 6000 WS
2026-03-29T00:00:00.000Z,2026-03-29T20:00:00.000Z,0.9688,daily,"{'min_index': 0.9126, 'max_index': 1.0036, 'std_dev': 0.0249, 'samples_count': 24}",RTX PRO 6000 WS
2026-03-30T00:00:00.000Z,2026-03-30T20:00:00.000Z,0.9758,daily,"{'min_index': 0.9057, 'max_index': 1.0048, 'std_dev': 0.0291, 'samples_count': 24}",RTX PRO 6000 WS
2026-03-31T00:00:00.000Z,2026-03-31T20:00:00.000Z,0.9825,daily,"{'min_index': 0.9086, 'max_index': 1.0044, 'std_dev': 0.03, 'samples_count': 24}",RTX PRO 6000 WS
2026-04-01T00:00:00.000Z,2026-04-01T20:00:00.000Z,1.0021,daily,"{'min_index': 0.9957, 'max_index': 1.0084, 'std_dev': 0.0038, 'samples_count': 24}",RTX PRO 6000 WS
2026-04-02T00:00:00.000Z,2026-04-02T20:00:00.000Z,1.0008,daily,"{'min_index': 0.9901, 'max_index': 1.014, 'std_dev': 0.006, 'samples_count': 24}",RTX PRO 6000 WS
2026-04-03T00:00:00.000Z,2026-04-03T20:00:00.000Z,0.9958,daily,"{'min_index': 0.9599, 'max_index': 1.0132, 'std_dev': 0.0153, 'samples_count': 24}",RTX PRO 6000 WS
2026-04-04T00:00:00.000Z,2026-04-04T20:00:00.000Z,1.0042,daily,"{'min_index': 0.9678, 'max_index': 1.014, 'std_dev': 0.013, 'samples_count': 24}",RTX PRO 6000 WS
2026-04-05T00:00:00.000Z,2026-04-05T20:00:00.000Z,0.9954,daily,"{'min_index': 0.9623, 'max_index': 1.0145, 'std_dev': 0.0166, 'samples_count': 24}",RTX PRO 6000 WS
2026-04-06T00:00:00.000Z,2026-04-06T20:00:00.000Z,1.005,daily,"{'min_index': 0.9652, 'max_index': 1.0333, 'std_dev': 0.0189, 'samples_count': 24}",RTX PRO 6000 WS
2026-04-07T00:00:00.000Z,2026-04-07T20:00:00.000Z,1.0246,daily,"{'min_index': 0.9988, 'max_index': 1.0512, 'std_dev': 0.0145, 'samples_count': 24}",RTX PRO 6000 WS
2026-04-08T00:00:00.000Z,2026-04-08T20:00:00.000Z,1.0379,daily,"{'min_index': 0.9987, 'max_index': 1.0645, 'std_dev': 0.015, 'samples_count': 24}",RTX PRO 6000 WS
2026-04-09T00:00:00.000Z,2026-04-09T20:00:00.000Z,1.0317,daily,"{'min_index': 0.9957, 'max_index': 1.0521, 'std_dev': 0.0141, 'samples_count': 24}",RTX PRO 6000 WS
2026-04-10T00:00:00.000Z,2026-04-10T20:00:00.000Z,1.0354,daily,"{'min_index': 0.9998, 'max_index': 1.0527, 'std_dev': 0.012, 'samples_count': 24}",RTX PRO 6000 WS
2026-04-11T00:00:00.000Z,2026-04-11T20:00:00.000Z,1.0283,daily,"{'min_index': 0.9869, 'max_index': 1.053, 'std_dev': 0.0166, 'samples_count': 24}",RTX PRO 6000 WS
2026-04-12T00:00:00.000Z,2026-04-12T20:00:00.000Z,1.0196,daily,"{'min_index': 0.9836, 'max_index': 1.0372, 'std_dev': 0.0169, 'samples_count': 24}",RTX PRO 6000 WS
2026-04-13T00:00:00.000Z,2026-04-13T20:00:00.000Z,1.0279,daily,"{'min_index': 0.9987, 'max_index': 1.0649, 'std_dev': 0.0175, 'samples_count': 24}",RTX PRO 6000 WS
2026-04-14T00:00:00.000Z,2026-04-14T20:00:00.000Z,1.0337,daily,"{'min_index': 0.9882, 'max_index': 1.0943, 'std_dev': 0.0255, 'samples_count': 24}",RTX PRO 6000 WS
2026-04-15T00:00:00.000Z,2026-04-15T20:00:00.000Z,1.0704,daily,"{'min_index': 1.013, 'max_index': 1.1025, 'std_dev': 0.0256, 'samples_count': 24}",RTX PRO 6000 WS
2026-04-16T00:00:00.000Z,2026-04-16T20:00:00.000Z,1.0542,daily,"{'min_index': 1.0354, 'max_index': 1.0831, 'std_dev': 0.0123, 'samples_count': 24}",RTX PRO 6000 WS
2026-04-17T00:00:00.000Z,2026-04-17T20:00:00.000Z,1.0442,daily,"{'min_index': 1.0128, 'max_index': 1.0564, 'std_dev': 0.01, 'samples_count': 24}",RTX PRO 6000 WS
2026-04-18T00:00:00.000Z,2026-04-18T20:00:00.000Z,1.0254,daily,"{'min_index': 0.9963, 'max_index': 1.0425, 'std_dev': 0.0147, 'samples_count': 24}",RTX PRO 6000 WS
2026-04-19T00:00:00.000Z,2026-04-19T20:00:00.000Z,1.0321,daily,"{'min_index': 1.0214, 'max_index': 1.0447, 'std_dev': 0.0061, 'samples_count': 24}",RTX PRO 6000 WS
2026-04-20T00:00:00.000Z,2026-04-20T20:00:00.000Z,1.0375,daily,"{'min_index': 0.9978, 'max_index': 1.0548, 'std_dev': 0.0154, 'samples_count': 24}",RTX PRO 6000 WS
2026-04-21T00:00:00.000Z,2026-04-21T20:00:00.000Z,1.0467,daily,"{'min_index': 1.0267, 'max_index': 1.061, 'std_dev': 0.0093, 'samples_count': 24}",RTX PRO 6000 WS
2026-04-22T00:00:00.000Z,2026-04-22T20:00:00.000Z,1.0437,daily,"{'min_index': 1.0253, 'max_index': 1.062, 'std_dev': 0.0113, 'samples_count': 24}",RTX PRO 6000 WS
2026-04-23T00:00:00.000Z,2026-04-23T20:00:00.000Z,1.0521,daily,"{'min_index': 1.0305, 'max_index': 1.0641, 'std_dev': 0.009, 'samples_count': 24}",RTX PRO 6000 WS
2026-04-24T00:00:00.000Z,2026-04-24T20:00:00.000Z,1.0567,daily,"{'min_index': 1.0409, 'max_index': 1.0635, 'std_dev': 0.0064, 'samples_count': 24}",RTX PRO 6000 WS
2026-04-25T00:00:00.000Z,2026-04-25T20:00:00.000Z,1.05,daily,"{'min_index': 1.0265, 'max_index': 1.0645, 'std_dev': 0.0114, 'samples_count': 24}",RTX PRO 6000 WS
2026-04-26T00:00:00.000Z,2026-04-26T20:00:00.000Z,1.0567,daily,"{'min_index': 1.0457, 'max_index': 1.0634, 'std_dev': 0.0057, 'samples_count': 24}",RTX PRO 6000 WS
2026-04-27T00:00:00.000Z,2026-04-27T20:00:00.000Z,1.0479,daily,"{'min_index': 1.0251, 'max_index': 1.0642, 'std_dev': 0.0102, 'samples_count': 24}",RTX PRO 6000 WS
2026-04-28T00:00:00.000Z,2026-04-28T20:00:00.000Z,1.0462,daily,"{'min_index': 1.0263, 'max_index': 1.0591, 'std_dev': 0.0096, 'samples_count': 24}",RTX PRO 6000 WS
2026-04-29T00:00:00.000Z,2026-04-29T20:00:00.000Z,1.0654,daily,"{'min_index': 1.0433, 'max_index': 1.1038, 'std_dev': 0.0192, 'samples_count': 24}",RTX PRO 6000 WS
2026-04-30T00:00:00.000Z,2026-04-30T20:00:00.000Z,1.08,daily,"{'min_index': 1.0523, 'max_index': 1.1128, 'std_dev': 0.0209, 'samples_count': 24}",RTX PRO 6000 WS
2026-05-01T00:00:00.000Z,2026-05-01T20:00:00.000Z,1.0662,daily,"{'min_index': 1.0457, 'max_index': 1.0979, 'std_dev': 0.011, 'samples_count': 24}",RTX PRO 6000 WS
2026-05-02T00:00:00.000Z,2026-05-02T20:00:00.000Z,1.0517,daily,"{'min_index': 1.0453, 'max_index': 1.0577, 'std_dev': 0.0034, 'samples_count': 24}",RTX PRO 6000 WS
2026-05-03T00:00:00.000Z,2026-05-03T20:00:00.000Z,1.0504,daily,"{'min_index': 1.0362, 'max_index': 1.0676, 'std_dev': 0.0066, 'samples_count': 24}",RTX PRO 6000 WS
2026-05-04T00:00:00.000Z,2026-05-04T20:00:00.000Z,1.0558,daily,"{'min_index': 1.0462, 'max_index': 1.0737, 'std_dev': 0.0091, 'samples_count': 24}",RTX PRO 6000 WS
2026-05-05T00:00:00.000Z,2026-05-05T20:00:00.000Z,1.0554,daily,"{'min_index': 1.0465, 'max_index': 1.0845, 'std_dev': 0.01, 'samples_count': 24}",RTX PRO 6000 WS
2026-05-06T00:00:00.000Z,2026-05-06T20:00:00.000Z,1.0783,daily,"{'min_index': 1.0472, 'max_index': 1.1424, 'std_dev': 0.031, 'samples_count': 24}",RTX PRO 6000 WS
2026-05-07T00:00:00.000Z,2026-05-07T20:00:00.000Z,1.1121,daily,"{'min_index': 1.0823, 'max_index': 1.1349, 'std_dev': 0.0166, 'samples_count': 24}",RTX PRO 6000 WS
2026-05-08T00:00:00.000Z,2026-05-08T20:00:00.000Z,1.1104,daily,"{'min_index': 1.0741, 'max_index': 1.1453, 'std_dev': 0.0227, 'samples_count': 24}",RTX PRO 6000 WS
2026-05-09T00:00:00.000Z,2026-05-09T20:00:00.000Z,1.0942,daily,"{'min_index': 1.0585, 'max_index': 1.1278, 'std_dev': 0.0236, 'samples_count': 24}",RTX PRO 6000 WS
2026-05-10T00:00:00.000Z,2026-05-10T20:00:00.000Z,1.1004,daily,"{'min_index': 1.0696, 'max_index': 1.1338, 'std_dev': 0.0254, 'samples_count': 24}",RTX PRO 6000 WS
2026-05-11T00:00:00.000Z,2026-05-11T20:00:00.000Z,1.1538,daily,"{'min_index': 1.0758, 'max_index': 1.21, 'std_dev': 0.044, 'samples_count': 24}",RTX PRO 6000 WS
2026-05-12T00:00:00.000Z,2026-05-12T20:00:00.000Z,1.1692,daily,"{'min_index': 1.1018, 'max_index': 1.2138, 'std_dev': 0.0291, 'samples_count': 24}",RTX PRO 6000 WS
2026-05-13T00:00:00.000Z,2026-05-13T20:00:00.000Z,1.1821,daily,"{'min_index': 1.1196, 'max_index': 1.2866, 'std_dev': 0.0372, 'samples_count': 24}",RTX PRO 6000 WS
2026-05-14T00:00:00.000Z,2026-05-14T20:00:00.000Z,1.1946,daily,"{'min_index': 1.1487, 'max_index': 1.2979, 'std_dev': 0.0364, 'samples_count': 24}",RTX PRO 6000 WS
2026-05-15T00:00:00.000Z,2026-05-15T20:00:00.000Z,1.1942,daily,"{'min_index': 1.1687, 'max_index': 1.2896, 'std_dev': 0.023, 'samples_count': 24}",RTX PRO 6000 WS
2026-05-16T00:00:00.000Z,2026-05-16T20:00:00.000Z,1.1708,daily,"{'min_index': 1.1377, 'max_index': 1.1942, 'std_dev': 0.0161, 'samples_count': 24}",RTX PRO 6000 WS
2026-05-17T00:00:00.000Z,2026-05-17T20:00:00.000Z,1.175,daily,"{'min_index': 1.1365, 'max_index': 1.204, 'std_dev': 0.019, 'samples_count': 24}",RTX PRO 6000 WS
2026-05-18T00:00:00.000Z,2026-05-18T20:00:00.000Z,1.1954,daily,"{'min_index': 1.1652, 'max_index': 1.2336, 'std_dev': 0.0153, 'samples_count': 24}",RTX PRO 6000 WS
2026-05-19T00:00:00.000Z,2026-05-19T20:00:00.000Z,1.1921,daily,"{'min_index': 1.1649, 'max_index': 1.2174, 'std_dev': 0.0126, 'samples_count': 24}",RTX PRO 6000 WS
2026-05-20T00:00:00.000Z,2026-05-20T20:00:00.000Z,1.1963,daily,"{'min_index': 1.1581, 'max_index': 1.2532, 'std_dev': 0.0294, 'samples_count': 24}",RTX PRO 6000 WS
2026-05-21T00:00:00.000Z,2026-05-21T20:00:00.000Z,1.2546,daily,"{'min_index': 1.2186, 'max_index': 1.3632, 'std_dev': 0.0365, 'samples_count': 24}",RTX PRO 6000 WS
2026-05-22T00:00:00.000Z,2026-05-22T20:00:00.000Z,1.3113,daily,"{'min_index': 1.2766, 'max_index': 1.3646, 'std_dev': 0.0351, 'samples_count': 24}",RTX PRO 6000 WS
2026-05-23T00:00:00.000Z,2026-05-23T20:00:00.000Z,1.32,daily,"{'min_index': 1.2571, 'max_index': 1.3812, 'std_dev': 0.0467, 'samples_count': 24}",RTX PRO 6000 WS
2026-05-24T00:00:00.000Z,2026-05-24T20:00:00.000Z,1.36,daily,"{'min_index': 1.3205, 'max_index': 1.384, 'std_dev': 0.0213, 'samples_count': 24}",RTX PRO 6000 WS
2026-05-25T00:00:00.000Z,2026-05-25T20:00:00.000Z,1.3483,daily,"{'min_index': 1.2989, 'max_index': 1.4028, 'std_dev': 0.0296, 'samples_count': 24}",RTX PRO 6000 WS
2026-05-26T00:00:00.000Z,2026-05-26T20:00:00.000Z,1.3146,daily,"{'min_index': 1.2925, 'max_index': 1.3829, 'std_dev': 0.0265, 'samples_count': 24}",RTX PRO 6000 WS
2026-05-27T00:00:00.000Z,2026-05-27T20:00:00.000Z,1.3271,daily,"{'min_index': 1.2905, 'max_index': 1.3829, 'std_dev': 0.0354, 'samples_count': 24}",RTX PRO 6000 WS
2026-05-28T00:00:00.000Z,2026-05-28T20:00:00.000Z,1.3917,daily,"{'min_index': 1.3024, 'max_index': 1.6456, 'std_dev': 0.0946, 'samples_count': 24}",RTX PRO 6000 WS
2026-05-29T00:00:00.000Z,2026-05-29T20:00:00.000Z,1.64,daily,"{'min_index': 1.4822, 'max_index': 1.8327, 'std_dev': 0.1042, 'samples_count': 24}",RTX PRO 6000 WS
2026-05-30T00:00:00.000Z,2026-05-30T20:00:00.000Z,1.7212,daily,"{'min_index': 1.5711, 'max_index': 1.8516, 'std_dev': 0.0603, 'samples_count': 24}",RTX PRO 6000 WS
2026-05-31T00:00:00.000Z,2026-05-31T20:00:00.000Z,1.5875,daily,"{'min_index': 1.4497, 'max_index': 1.679, 'std_dev': 0.064, 'samples_count': 24}",RTX PRO 6000 WS
2026-06-01T00:00:00.000Z,2026-06-01T20:00:00.000Z,1.5421,daily,"{'min_index': 1.4116, 'max_index': 1.6432, 'std_dev': 0.07, 'samples_count': 24}",RTX PRO 6000 WS
2026-06-02T00:00:00.000Z,2026-06-02T20:00:00.000Z,1.4758,daily,"{'min_index': 1.3539, 'max_index': 1.582, 'std_dev': 0.0872, 'samples_count': 24}",RTX PRO 6000 WS
2026-06-03T00:00:00.000Z,2026-06-03T20:00:00.000Z,1.3792,daily,"{'min_index': 1.3287, 'max_index': 1.5198, 'std_dev': 0.0403, 'samples_count': 24}",RTX PRO 6000 WS
2026-06-04T00:00:00.000Z,2026-06-04T20:00:00.000Z,1.3567,daily,"{'min_index': 1.3064, 'max_index': 1.441, 'std_dev': 0.0246, 'samples_count': 24}",RTX PRO 6000 WS
2026-06-05T00:00:00.000Z,2026-06-05T20:00:00.000Z,1.3333,daily,"{'min_index': 1.3165, 'max_index': 1.3904, 'std_dev': 0.0155, 'samples_count': 24}",RTX PRO 6000 WS
2026-06-06T00:00:00.000Z,2026-06-06T20:00:00.000Z,1.3658,daily,"{'min_index': 1.3156, 'max_index': 1.444, 'std_dev': 0.0408, 'samples_count': 24}",RTX PRO 6000 WS
2026-06-07T00:00:00.000Z,2026-06-07T20:00:00.000Z,1.3283,daily,"{'min_index': 1.3012, 'max_index': 1.3437, 'std_dev': 0.0136, 'samples_count': 24}",RTX PRO 6000 WS
2026-06-08T00:00:00.000Z,2026-06-08T20:00:00.000Z,1.3329,daily,"{'min_index': 1.3089, 'max_index': 1.3643, 'std_dev': 0.0112, 'samples_count': 24}",RTX PRO 6000 WS
2026-06-09T00:00:00.000Z,2026-06-09T20:00:00.000Z,1.3346,daily,"{'min_index': 1.2993, 'max_index': 1.4004, 'std_dev': 0.019, 'samples_count': 24}",RTX PRO 6000 WS
2026-06-10T00:00:00.000Z,2026-06-10T20:00:00.000Z,1.315,daily,"{'min_index': 1.2825, 'max_index': 1.3407, 'std_dev': 0.0159, 'samples_count': 24}",RTX PRO 6000 WS
2026-06-11T00:00:00.000Z,2026-06-11T20:00:00.000Z,1.3233,daily,"{'min_index': 1.287, 'max_index': 1.3447, 'std_dev': 0.0157, 'samples_count': 24}",RTX PRO 6000 WS
2026-06-12T00:00:00.000Z,2026-06-12T20:00:00.000Z,1.3204,daily,"{'min_index': 1.2851, 'max_index': 1.3489, 'std_dev': 0.0183, 'samples_count': 24}",RTX PRO 6000 WS
2026-06-13T00:00:00.000Z,2026-06-13T20:00:00.000Z,1.3217,daily,"{'min_index': 1.2982, 'max_index': 1.3529, 'std_dev': 0.0167, 'samples_count': 24}",RTX PRO 6000 WS
2026-06-14T00:00:00.000Z,2026-06-14T20:00:00.000Z,1.3192,daily,"{'min_index': 1.2661, 'max_index': 1.3476, 'std_dev': 0.0222, 'samples_count': 24}",RTX PRO 6000 WS
2026-06-15T00:00:00.000Z,2026-06-15T20:00:00.000Z,1.3017,daily,"{'min_index': 1.2665, 'max_index': 1.3257, 'std_dev': 0.017, 'samples_count': 24}",RTX PRO 6000 WS
2026-06-16T00:00:00.000Z,2026-06-16T20:00:00.000Z,1.2908,daily,"{'min_index': 1.2599, 'max_index': 1.3366, 'std_dev': 0.0178, 'samples_count': 24}",RTX PRO 6000 WS
2026-06-17T00:00:00.000Z,2026-06-17T20:00:00.000Z,1.2679,daily,"{'min_index': 1.2456, 'max_index': 1.3012, 'std_dev': 0.0135, 'samples_count': 24}",RTX PRO 6000 WS
2026-06-18T00:00:00.000Z,2026-06-18T20:00:00.000Z,1.2696,daily,"{'min_index': 1.2208, 'max_index': 1.3139, 'std_dev': 0.0312, 'samples_count': 24}",RTX PRO 6000 WS
2026-06-19T00:00:00.000Z,2026-06-19T20:00:00.000Z,1.2712,daily,"{'min_index': 1.2132, 'max_index': 1.3185, 'std_dev': 0.0324, 'samples_count': 24}",RTX PRO 6000 WS
2026-06-20T00:00:00.000Z,2026-06-20T20:00:00.000Z,1.2717,daily,"{'min_index': 1.217, 'max_index': 1.3087, 'std_dev': 0.0258, 'samples_count': 24}",RTX PRO 6000 WS
2026-06-21T00:00:00.000Z,2026-06-21T20:00:00.000Z,1.2429,daily,"{'min_index': 1.1773, 'max_index': 1.2726, 'std_dev': 0.0286, 'samples_count': 24}",RTX PRO 6000 WS
2026-06-22T00:00:00.000Z,2026-06-22T20:00:00.000Z,1.2629,daily,"{'min_index': 1.1771, 'max_index': 1.2945, 'std_dev': 0.0269, 'samples_count': 24}",RTX PRO 6000 WS
2026-06-23T00:00:00.000Z,2026-06-23T20:00:00.000Z,1.2408,daily,"{'min_index': 1.1559, 'max_index': 1.2822, 'std_dev': 0.0288, 'samples_count': 24}",RTX PRO 6000 WS
2026-06-24T00:00:00.000Z,2026-06-24T20:00:00.000Z,1.1779,daily,"{'min_index': 1.1385, 'max_index': 1.2238, 'std_dev': 0.028, 'samples_count': 24}",RTX PRO 6000 WS
2026-06-25T00:00:00.000Z,2026-06-25T20:00:00.000Z,1.1887,daily,"{'min_index': 1.1377, 'max_index': 1.2258, 'std_dev': 0.0271, 'samples_count': 24}",RTX PRO 6000 WS
2026-06-26T00:00:00.000Z,2026-06-26T20:00:00.000Z,1.1875,daily,"{'min_index': 1.1076, 'max_index': 1.2241, 'std_dev': 0.0372, 'samples_count': 24}",RTX PRO 6000 WS
2026-06-27T00:00:00.000Z,2026-06-27T20:00:00.000Z,1.1329,daily,"{'min_index': 1.1056, 'max_index': 1.2194, 'std_dev': 0.0279, 'samples_count': 24}",RTX PRO 6000 WS
2026-06-28T00:00:00.000Z,2026-06-28T20:00:00.000Z,1.1775,daily,"{'min_index': 1.1064, 'max_index': 1.2173, 'std_dev': 0.0316, 'samples_count': 24}",RTX PRO 6000 WS
2026-06-29T00:00:00.000Z,2026-06-29T20:00:00.000Z,1.21,daily,"{'min_index': 1.1672, 'max_index': 1.2501, 'std_dev': 0.0188, 'samples_count': 24}",RTX PRO 6000 WS
2026-06-30T00:00:00.000Z,2026-06-30T20:00:00.000Z,1.2008,daily,"{'min_index': 1.1612, 'max_index': 1.2646, 'std_dev': 0.0273, 'samples_count': 24}",RTX PRO 6000 WS
2026-07-01T00:00:00.000Z,2026-07-01T20:00:00.000Z,1.2196,daily,"{'min_index': 1.1778, 'max_index': 1.2696, 'std_dev': 0.0253, 'samples_count': 24}",RTX PRO 6000 WS
2026-07-02T00:00:00.000Z,2026-07-02T20:00:00.000Z,1.2529,daily,"{'min_index': 1.1935, 'max_index': 1.282, 'std_dev': 0.0214, 'samples_count': 24}",RTX PRO 6000 WS
2026-07-03T00:00:00.000Z,2026-07-03T20:00:00.000Z,1.2467,daily,"{'min_index': 1.1821, 'max_index': 1.2775, 'std_dev': 0.0278, 'samples_count': 24}",RTX PRO 6000 WS
2026-07-04T00:00:00.000Z,2026-07-04T20:00:00.000Z,1.2092,daily,"{'min_index': 1.1586, 'max_index': 1.2386, 'std_dev': 0.0283, 'samples_count': 24}",RTX PRO 6000 WS
2026-07-05T00:00:00.000Z,2026-07-05T20:00:00.000Z,1.1825,daily,"{'min_index': 1.1306, 'max_index': 1.2507, 'std_dev': 0.039, 'samples_count': 24}",RTX PRO 6000 WS
2026-07-06T00:00:00.000Z,2026-07-06T20:00:00.000Z,1.1483,daily,"{'min_index': 1.1071, 'max_index': 1.2072, 'std_dev': 0.0321, 'samples_count': 24}",RTX PRO 6000 WS
2026-07-07T00:00:00.000Z,2026-07-07T20:00:00.000Z,1.1271,daily,"{'min_index': 1.1054, 'max_index': 1.1481, 'std_dev': 0.0102, 'samples_count': 24}",RTX PRO 6000 WS
2026-07-08T00:00:00.000Z,2026-07-08T20:00:00.000Z,1.1462,daily,"{'min_index': 1.1026, 'max_index': 1.2128, 'std_dev': 0.0326, 'samples_count': 24}",RTX PRO 6000 WS
2026-07-09T00:00:00.000Z,2026-07-09T20:00:00.000Z,1.1692,daily,"{'min_index': 1.1234, 'max_index': 1.2126, 'std_dev': 0.0262, 'samples_count': 24}",RTX PRO 6000 WS
2026-07-10T00:00:00.000Z,2026-07-10T20:00:00.000Z,1.1546,daily,"{'min_index': 1.0955, 'max_index': 1.204, 'std_dev': 0.0266, 'samples_count': 24}",RTX PRO 6000 WS
2026-07-11T00:00:00.000Z,2026-07-11T20:00:00.000Z,1.1625,daily,"{'min_index': 1.1274, 'max_index': 1.2144, 'std_dev': 0.0255, 'samples_count': 24}",RTX PRO 6000 WS
2026-07-12T00:00:00.000Z,2026-07-12T20:00:00.000Z,1.1442,daily,"{'min_index': 1.0976, 'max_index': 1.1808, 'std_dev': 0.023, 'samples_count': 24}",RTX PRO 6000 WS
2026-07-13T00:00:00.000Z,2026-07-13T20:00:00.000Z,1.1096,daily,"{'min_index': 1.0781, 'max_index': 1.1269, 'std_dev': 0.0122, 'samples_count': 24}",RTX PRO 6000 WS
2026-07-14T00:00:00.000Z,2026-07-14T20:00:00.000Z,1.1004,daily,"{'min_index': 1.0831, 'max_index': 1.1834, 'std_dev': 0.0187, 'samples_count': 24}",RTX PRO 6000 WS
2026-07-15T00:00:00.000Z,2026-07-15T20:00:00.000Z,1.1346,daily,"{'min_index': 1.1064, 'max_index': 1.1916, 'std_dev': 0.0234, 'samples_count': 24}",RTX PRO 6000 WS
2026-07-16T00:00:00.000Z,2026-07-16T20:00:00.000Z,1.1221,daily,"{'min_index': 1.0752, 'max_index': 1.192, 'std_dev': 0.0308, 'samples_count': 24}",RTX PRO 6000 WS
2026-07-17T00:00:00.000Z,2026-07-17T20:00:00.000Z,1.1187,daily,"{'min_index': 1.0956, 'max_index': 1.1346, 'std_dev': 0.0102, 'samples_count': 24}",RTX PRO 6000 WS
2026-07-18T00:00:00.000Z,2026-07-18T20:00:00.000Z,1.1246,daily,"{'min_index': 1.1096, 'max_index': 1.1493, 'std_dev': 0.0108, 'samples_count': 24}",RTX PRO 6000 WS
2026-07-19T00:00:00.000Z,2026-07-19T20:00:00.000Z,1.1233,daily,"{'min_index': 1.1048, 'max_index': 1.1494, 'std_dev': 0.0118, 'samples_count': 24}",RTX PRO 6000 WS
2026-07-20T00:00:00.000Z,2026-07-20T20:00:00.000Z,1.14,daily,"{'min_index': 1.1154, 'max_index': 1.1743, 'std_dev': 0.0144, 'samples_count': 24}",RTX PRO 6000 WS
2026-07-21T00:00:00.000Z,2026-07-21T20:00:00.000Z,1.1471,daily,"{'min_index': 1.1305, 'max_index': 1.2054, 'std_dev': 0.017, 'samples_count': 24}",RTX PRO 6000 WS
2026-07-22T00:00:00.000Z,2026-07-22T20:00:00.000Z,1.1379,daily,"{'min_index': 1.1177, 'max_index': 1.2006, 'std_dev': 0.0164, 'samples_count': 24}",RTX PRO 6000 WS
2026-07-23T00:00:00.000Z,2026-07-23T20:00:00.000Z,1.1513,daily,"{'min_index': 1.1325, 'max_index': 1.1984, 'std_dev': 0.0159, 'samples_count': 24}",RTX PRO 6000 WS
2026-07-24T00:00:00.000Z,2026-07-24T20:00:00.000Z,1.1808,daily,"{'min_index': 1.1455, 'max_index': 1.2116, 'std_dev': 0.0194, 'samples_count': 24}",RTX PRO 6000 WS
2026-07-25T00:00:00.000Z,2026-07-25T20:00:00.000Z,1.1758,daily,"{'min_index': 1.1365, 'max_index': 1.2198, 'std_dev': 0.0265, 'samples_count': 24}",RTX PRO 6000 WS
2026-07-26T00:00:00.000Z,2026-07-26T20:00:00.000Z,1.1396,daily,"{'min_index': 1.1275, 'max_index': 1.17, 'std_dev': 0.0098, 'samples_count': 24}",RTX PRO 6000 WS
2026-07-27T00:00:00.000Z,2026-07-27T20:00:00.000Z,1.16,daily,"{'min_index': 1.1495, 'max_index': 1.1692, 'std_dev': 0.0039, 'samples_count': 24}",RTX PRO 6000 WS
2026-07-28T00:00:00.000Z,2026-07-28T20:00:00.000Z,1.1575,daily,"{'min_index': 1.1345, 'max_index': 1.1715, 'std_dev': 0.01, 'samples_count': 24}",RTX PRO 6000 WS
2026-07-29T00:00:00.000Z,2026-07-29T20:00:00.000Z,1.165,daily,"{'min_index': 1.13, 'max_index': 1.2289, 'std_dev': 0.0311, 'samples_count': 24}",RTX PRO 6000 WS
2026-07-30T00:00:00.000Z,2026-07-30T20:00:00.000Z,1.1638,daily,"{'min_index': 1.1452, 'max_index': 1.1973, 'std_dev': 0.016, 'samples_count': 24}",RTX PRO 6000 WS
2026-07-31T00:00:00.000Z,2026-07-31T20:00:00.000Z,1.1663,daily,"{'min_index': 1.1492, 'max_index': 1.184, 'std_dev': 0.0095, 'samples_count': 24}",RTX PRO 6000 WS
2026-08-01T00:00:00.000Z,2026-08-01T20:00:00.000Z,1.1729,daily,"{'min_index': 1.151, 'max_index': 1.1957, 'std_dev': 0.0114, 'samples_count': 24}",RTX PRO 6000 WS
2026-08-02T00:00:00.000Z,2026-08-02T20:00:00.000Z,1.1733,daily,"{'min_index': 1.1561, 'max_index': 1.2017, 'std_dev': 0.0121, 'samples_count': 24}",RTX PRO 6000 WS
2026-08-03T00:00:00.000Z,2026-08-03T20:00:00.000Z,1.1863,daily,"{'min_index': 1.1596, 'max_index': 1.2011, 'std_dev': 0.0134, 'samples_count': 24}",RTX PRO 6000 WS
2026-08-04T00:00:00.000Z,2026-08-04T20:00:00.000Z,1.1763,daily,"{'min_index': 1.1594, 'max_index': 1.2275, 'std_dev': 0.0166, 'samples_count': 24}",RTX PRO 6000 WS
2026-08-05T00:00:00.000Z,2026-08-05T20:00:00.000Z,1.1721,daily,"{'min_index': 1.1617, 'max_index': 1.2272, 'std_dev': 0.0151, 'samples_count': 24}",RTX PRO 6000 WS
2026-08-06T00:00:00.000Z,2026-08-06T20:00:00.000Z,1.1867,daily,"{'min_index': 1.1715, 'max_index': 1.2022, 'std_dev': 0.0069, 'samples_count': 24}",RTX PRO 6000 WS
2026-08-07T00:00:00.000Z,2026-08-07T20:00:00.000Z,1.1767,daily,"{'min_index': 1.1589, 'max_index': 1.198, 'std_dev': 0.0102, 'samples_count': 24}",RTX PRO 6000 WS
2026-08-08T00:00:00.000Z,2026-08-08T20:00:00.000Z,1.1696,daily,"{'min_index': 1.1608, 'max_index': 1.1836, 'std_dev': 0.0056, 'samples_count': 24}",RTX PRO 6000 WS
2026-08-09T00:00:00.000Z,2026-08-09T20:00:00.000Z,1.1787,daily,"{'min_index': 1.1598, 'max_index': 1.2202, 'std_dev': 0.0136, 'samples_count': 24}",RTX PRO 6000 WS
2026-08-10T00:00:00.000Z,2026-08-10T20:00:00.000Z,1.2038,daily,"{'min_index': 1.1813, 'max_index': 1.2448, 'std_dev': 0.017, 'samples_count': 24}",RTX PRO 6000 WS
2026-08-11T00:00:00.000Z,2026-08-11T20:00:00.000Z,1.2471,daily,"{'min_index': 1.216, 'max_index': 1.3012, 'std_dev': 0.0223, 'samples_count': 24}",RTX PRO 6000 WS
2026-08-12T00:00:00.000Z,2026-08-12T20:00:00.000Z,1.2363,daily,"{'min_index': 1.1962, 'max_index': 1.2844, 'std_dev': 0.0307, 'samples_count': 24}",RTX PRO 6000 WS
2026-08-13T00:00:00.000Z,2026-08-13T20:00:00.000Z,1.2642,daily,"{'min_index': 1.2239, 'max_index': 1.2964, 'std_dev': 0.0188, 'samples_count': 24}",RTX PRO 6000 WS
2026-08-14T00:00:00.000Z,2026-08-14T20:00:00.000Z,1.2504,daily,"{'min_index': 1.2064, 'max_index': 1.2863, 'std_dev': 0.0263, 'samples_count': 24}",RTX PRO 6000 WS
2026-08-15T00:00:00.000Z,2026-08-15T20:00:00.000Z,1.2092,daily,"{'min_index': 1.1855, 'max_index': 1.2351, 'std_dev': 0.0149, 'samples_count': 24}",RTX PRO 6000 WS
2026-08-16T00:00:00.000Z,2026-08-16T20:00:00.000Z,1.2208,daily,"{'min_index': 1.1956, 'max_index': 1.2733, 'std_dev': 0.0182, 'samples_count': 24}",RTX PRO 6000 WS
2026-08-17T00:00:00.000Z,2026-08-17T20:00:00.000Z,1.225,daily,"{'min_index': 1.1959, 'max_index': 1.2489, 'std_dev': 0.0167, 'samples_count': 24}",RTX PRO 6000 WS
2026-08-18T00:00:00.000Z,2026-08-18T20:00:00.000Z,1.2475,daily,"{'min_index': 1.2316, 'max_index': 1.2845, 'std_dev': 0.0121, 'samples_count': 24}",RTX PRO 6000 WS
2026-08-19T00:00:00.000Z,2026-08-19T20:00:00.000Z,1.2533,daily,"{'min_index': 1.2341, 'max_index': 1.2852, 'std_dev': 0.0152, 'samples_count': 24}",RTX PRO 6000 WS
2026-08-20T00:00:00.000Z,2026-08-20T20:00:00.000Z,1.2592,daily,"{'min_index': 1.2377, 'max_index': 1.2888, 'std_dev': 0.0132, 'samples_count': 24}",RTX PRO 6000 WS
2026-08-21T00:00:00.000Z,2026-08-21T20:00:00.000Z,1.2542,daily,"{'min_index': 1.2438, 'max_index': 1.3021, 'std_dev': 0.0133, 'samples_count': 24}",RTX PRO 6000 WS
2026-08-22T00:00:00.000Z,2026-08-22T20:00:00.000Z,1.2535,daily,"{'min_index': 1.2365, 'max_index': 1.2738, 'std_dev': 0.0097, 'samples_count': 23}",RTX PRO 6000 WS
2026-08-23T00:00:00.000Z,2026-08-23T20:00:00.000Z,1.2488,daily,"{'min_index': 1.2237, 'max_index': 1.2727, 'std_dev': 0.0109, 'samples_count': 24}",RTX PRO 6000 WS
2026-08-24T00:00:00.000Z,2026-08-24T20:00:00.000Z,1.2517,daily,"{'min_index': 1.2203, 'max_index': 1.2843, 'std_dev': 0.0168, 'samples_count': 23}",RTX PRO 6000 WS
2026-08-25T00:00:00.000Z,2026-08-25T20:00:00.000Z,1.2717,daily,"{'min_index': 1.2454, 'max_index': 1.3313, 'std_dev': 0.0223, 'samples_count': 24}",RTX PRO 6000 WS
2026-08-26T00:00:00.000Z,2026-08-26T20:00:00.000Z,1.3075,daily,"{'min_index': 1.2784, 'max_index': 1.3417, 'std_dev': 0.0156, 'samples_count': 24}",RTX PRO 6000 WS
2026-08-27T00:00:00.000Z,2026-08-27T20:00:00.000Z,1.3104,daily,"{'min_index': 1.2865, 'max_index': 1.3563, 'std_dev': 0.0179, 'samples_count': 24}",RTX PRO 6000 WS
2026-08-28T00:00:00.000Z,2026-08-28T20:00:00.000Z,1.3037,daily,"{'min_index': 1.2672, 'max_index': 1.3649, 'std_dev': 0.0308, 'samples_count': 24}",RTX PRO 6000 WS
2026-08-29T00:00:00.000Z,2026-08-29T20:00:00.000Z,1.2975,daily,"{'min_index': 1.2759, 'max_index': 1.3207, 'std_dev': 0.0126, 'samples_count': 24}",RTX PRO 6000 WS
2026-08-30T00:00:00.000Z,2026-08-30T20:00:00.000Z,1.3021,daily,"{'min_index': 1.2855, 'max_index': 1.324, 'std_dev': 0.0119, 'samples_count': 24}",RTX PRO 6000 WS
2026-08-31T00:00:00.000Z,2026-08-31T20:00:00.000Z,1.3279,daily,"{'min_index': 1.3194, 'max_index': 1.3654, 'std_dev': 0.0096, 'samples_count': 24}",RTX PRO 6000 WS
