recorded_at,exact_timestamp,utilization_ratio,gpu_name
2025-09-05T00:00:00.000Z,2025-09-05T00:00:00.000Z,0.352234753550543,B200
2025-09-06T00:00:00.000Z,2025-09-06T00:00:00.000Z,0.20833333333333334,B200
2025-09-07T00:00:00.000Z,2025-09-07T00:00:00.000Z,0.2216517857142857,B200
2025-09-08T00:00:00.000Z,2025-09-08T00:00:00.000Z,0.32421875,B200
2025-09-09T00:00:00.000Z,2025-09-09T00:00:00.000Z,0.13020833333333334,B200
2025-09-10T00:00:00.000Z,2025-09-10T00:00:00.000Z,0.09114583333333333,B200
2025-09-11T00:00:00.000Z,2025-09-11T00:00:00.000Z,0.11197916666666667,B200
2025-09-12T00:00:00.000Z,2025-09-12T00:00:00.000Z,0.18359375,B200
2025-09-13T00:00:00.000Z,2025-09-13T00:00:00.000Z,0.11588541666666667,B200
2025-09-14T00:00:00.000Z,2025-09-14T00:00:00.000Z,0.2157907196969697,B200
2025-09-15T00:00:00.000Z,2025-09-15T00:00:00.000Z,0.24084267325107842,B200
2025-09-16T00:00:00.000Z,2025-09-16T00:00:00.000Z,0.1328125,B200
2025-09-17T00:00:00.000Z,2025-09-17T00:00:00.000Z,0.125,B200
2025-09-18T00:00:00.000Z,2025-09-18T00:00:00.000Z,0.10909880050505051,B200
2025-09-19T00:00:00.000Z,2025-09-19T00:00:00.000Z,0.12630208333333334,B200
2025-09-20T00:00:00.000Z,2025-09-20T00:00:00.000Z,0.17708333333333334,B200
2025-09-21T00:00:00.000Z,2025-09-21T00:00:00.000Z,0.06380208333333333,B200
2025-09-22T00:00:00.000Z,2025-09-22T00:00:00.000Z,0.09505208333333333,B200
2025-09-23T00:00:00.000Z,2025-09-23T00:00:00.000Z,0.07421875,B200
2025-09-24T00:00:00.000Z,2025-09-24T00:00:00.000Z,0.11968137748255502,B200
2025-09-25T00:00:00.000Z,2025-09-25T00:00:00.000Z,0.018229166666666668,B200
2025-09-26T00:00:00.000Z,2025-09-26T00:00:00.000Z,0.0754857367475292,B200
2025-09-27T00:00:00.000Z,2025-09-27T00:00:00.000Z,0.0031277557319223984,B200
2025-09-28T00:00:00.000Z,2025-09-28T00:00:00.000Z,0.001488095238095238,B200
2025-09-29T00:00:00.000Z,2025-09-29T00:00:00.000Z,0.009672619047619048,B200
2025-09-30T00:00:00.000Z,2025-09-30T00:00:00.000Z,0.005208333333333333,B200
2025-10-01T00:00:00.000Z,2025-10-01T00:00:00.000Z,0.0033482142857142855,B200
2025-10-02T00:00:00.000Z,2025-10-02T00:00:00.000Z,0.048654715762273905,B200
2025-10-03T00:00:00.000Z,2025-10-03T00:00:00.000Z,0.09114583333333333,B200
2025-10-04T00:00:00.000Z,2025-10-04T00:00:00.000Z,0.041703605200945626,B200
2025-10-05T00:00:00.000Z,2025-10-05T00:00:00.000Z,0.026041666666666668,B200
2025-10-06T00:00:00.000Z,2025-10-06T00:00:00.000Z,0.011284722222222222,B200
2025-10-07T00:00:00.000Z,2025-10-07T00:00:00.000Z,0.04861111111111111,B200
2025-10-08T00:00:00.000Z,2025-10-08T00:00:00.000Z,0.10850694444444445,B200
2025-10-09T00:00:00.000Z,2025-10-09T00:00:00.000Z,0.11458333333333333,B200
2025-10-10T00:00:00.000Z,2025-10-10T00:00:00.000Z,0.06254779043400306,B200
2025-10-11T00:00:00.000Z,2025-10-11T00:00:00.000Z,0.21979166666666666,B200
2025-10-12T00:00:00.000Z,2025-10-12T00:00:00.000Z,0.228125,B200
2025-10-13T00:00:00.000Z,2025-10-13T00:00:00.000Z,0.30896849593495934,B200
2025-10-14T00:00:00.000Z,2025-10-14T00:00:00.000Z,0.165625,B200
2025-10-15T00:00:00.000Z,2025-10-15T00:00:00.000Z,0.17291666666666666,B200
2025-10-16T00:00:00.000Z,2025-10-16T00:00:00.000Z,0.12291666666666666,B200
2025-10-17T00:00:00.000Z,2025-10-17T00:00:00.000Z,0.1375,B200
2025-10-18T00:00:00.000Z,2025-10-18T00:00:00.000Z,0.07703252032520325,B200
2025-10-19T00:00:00.000Z,2025-10-19T00:00:00.000Z,0.25416666666666665,B200
2025-10-20T00:00:00.000Z,2025-10-20T00:00:00.000Z,0.5135416666666667,B200
2025-10-21T00:00:00.000Z,2025-10-21T00:00:00.000Z,0.3072916666666667,B200
2025-10-22T00:00:00.000Z,2025-10-22T00:00:00.000Z,0.13541666666666666,B200
2025-10-23T00:00:00.000Z,2025-10-23T00:00:00.000Z,0.084375,B200
2025-10-24T00:00:00.000Z,2025-10-24T00:00:00.000Z,0.13010670731707316,B200
2025-10-25T00:00:00.000Z,2025-10-25T00:00:00.000Z,0.221875,B200
2025-10-26T00:00:00.000Z,2025-10-26T00:00:00.000Z,0.16770833333333332,B200
2025-10-27T00:00:00.000Z,2025-10-27T00:00:00.000Z,0.271875,B200
2025-10-28T00:00:00.000Z,2025-10-28T00:00:00.000Z,0.46770833333333334,B200
2025-10-29T00:00:00.000Z,2025-10-29T00:00:00.000Z,0.44895833333333335,B200
2025-10-30T00:00:00.000Z,2025-10-30T00:00:00.000Z,0.31875,B200
2025-10-31T00:00:00.000Z,2025-10-31T00:00:00.000Z,0.23332081290733994,B200
2025-11-01T00:00:00.000Z,2025-11-01T00:00:00.000Z,0.1647002551020408,B200
2025-11-02T00:00:00.000Z,2025-11-02T00:00:00.000Z,0.2919092817712004,B200
2025-11-03T00:00:00.000Z,2025-11-03T00:00:00.000Z,0.347895703121716,B200
2025-11-04T00:00:00.000Z,2025-11-04T00:00:00.000Z,0.15122100683273584,B200
2025-11-05T00:00:00.000Z,2025-11-05T00:00:00.000Z,0.18688688169066076,B200
2025-11-06T00:00:00.000Z,2025-11-06T00:00:00.000Z,0.14820467269595178,B200
2025-11-07T00:00:00.000Z,2025-11-07T00:00:00.000Z,0.07657634274640089,B200
2025-11-08T00:00:00.000Z,2025-11-08T00:00:00.000Z,0.07480694980694981,B200
2025-11-09T00:00:00.000Z,2025-11-09T00:00:00.000Z,0.17999186160950867,B200
2025-11-10T00:00:00.000Z,2025-11-10T00:00:00.000Z,0.30652947009371156,B200
2025-11-11T00:00:00.000Z,2025-11-11T00:00:00.000Z,0.3601570593758094,B200
2025-11-12T00:00:00.000Z,2025-11-12T00:00:00.000Z,0.30880229729397685,B200
2025-11-13T00:00:00.000Z,2025-11-13T00:00:00.000Z,0.3975469298079592,B200
2025-11-14T00:00:00.000Z,2025-11-14T00:00:00.000Z,0.25717270371875633,B200
2025-11-15T00:00:00.000Z,2025-11-15T00:00:00.000Z,0.1799288617886179,B200
2025-11-16T00:00:00.000Z,2025-11-16T00:00:00.000Z,0.31055743243243245,B200
2025-11-17T00:00:00.000Z,2025-11-17T00:00:00.000Z,0.16073558575190516,B200
2025-11-18T00:00:00.000Z,2025-11-18T00:00:00.000Z,0.17355655191210523,B200
2025-11-19T00:00:00.000Z,2025-11-19T00:00:00.000Z,0.515625,B200
2025-11-20T00:00:00.000Z,2025-11-20T00:00:00.000Z,0.5416666666666666,B200
2025-11-21T00:00:00.000Z,2025-11-21T00:00:00.000Z,0.5039930555555555,B200
2025-11-22T00:00:00.000Z,2025-11-22T00:00:00.000Z,0.5,B200
2025-11-23T00:00:00.000Z,2025-11-23T00:00:00.000Z,0.5,B200
2025-11-24T00:00:00.000Z,2025-11-24T00:00:00.000Z,0.3576388888888889,B200
2025-11-25T00:00:00.000Z,2025-11-25T00:00:00.000Z,0.2979126291989664,B200
2025-11-26T00:00:00.000Z,2025-11-26T00:00:00.000Z,0.42410905297637025,B200
2025-11-27T00:00:00.000Z,2025-11-27T00:00:00.000Z,0.4619958933185677,B200
2025-11-28T00:00:00.000Z,2025-11-28T00:00:00.000Z,0.34241423625888623,B200
2025-11-29T00:00:00.000Z,2025-11-29T00:00:00.000Z,0.4619441067831745,B200
2025-11-30T00:00:00.000Z,2025-11-30T00:00:00.000Z,0.4308755009018605,B200
2025-12-01T00:00:00.000Z,2025-12-01T00:00:00.000Z,0.4277377136752137,B200
2025-12-02T00:00:00.000Z,2025-12-02T00:00:00.000Z,0.6716853408029878,B200
2025-12-03T00:00:00.000Z,2025-12-03T00:00:00.000Z,0.6279541685546216,B200
2025-12-04T00:00:00.000Z,2025-12-04T00:00:00.000Z,0.7470121547073261,B200
2025-12-05T00:00:00.000Z,2025-12-05T00:00:00.000Z,0.6689572944573747,B200
2025-12-06T00:00:00.000Z,2025-12-06T00:00:00.000Z,0.6720428208027134,B200
2025-12-07T00:00:00.000Z,2025-12-07T00:00:00.000Z,0.646484375,B200
2025-12-08T00:00:00.000Z,2025-12-08T00:00:00.000Z,0.7184650627133352,B200
2025-12-09T00:00:00.000Z,2025-12-09T00:00:00.000Z,0.779690934065934,B200
2025-12-10T00:00:00.000Z,2025-12-10T00:00:00.000Z,0.7797619047619048,B200
2025-12-11T00:00:00.000Z,2025-12-11T00:00:00.000Z,0.748015873015873,B200
2025-12-12T00:00:00.000Z,2025-12-12T00:00:00.000Z,0.8442028985507246,B200
2025-12-13T00:00:00.000Z,2025-12-13T00:00:00.000Z,0.6736111111111112,B200
2025-12-14T00:00:00.000Z,2025-12-14T00:00:00.000Z,0.625,B200
2025-12-15T00:00:00.000Z,2025-12-15T00:00:00.000Z,0.8590277777777777,B200
2025-12-16T00:00:00.000Z,2025-12-16T00:00:00.000Z,0.8778985507246376,B200
2025-12-17T00:00:00.000Z,2025-12-17T00:00:00.000Z,0.9361111111111111,B200
2025-12-18T00:00:00.000Z,2025-12-18T00:00:00.000Z,0.8645833333333334,B200
2025-12-19T00:00:00.000Z,2025-12-19T00:00:00.000Z,0.9236111111111112,B200
2025-12-20T00:00:00.000Z,2025-12-20T00:00:00.000Z,0.8854166666666666,B200
2025-12-21T00:00:00.000Z,2025-12-21T00:00:00.000Z,0.9125,B200
2025-12-22T00:00:00.000Z,2025-12-22T00:00:00.000Z,0.9722222222222222,B200
2025-12-23T00:00:00.000Z,2025-12-23T00:00:00.000Z,0.8645833333333334,B200
2025-12-24T00:00:00.000Z,2025-12-24T00:00:00.000Z,0.8923611111111112,B200
2025-12-25T00:00:00.000Z,2025-12-25T00:00:00.000Z,0.7951388888888888,B200
2025-12-26T00:00:00.000Z,2025-12-26T00:00:00.000Z,0.6805555555555556,B200
2025-12-27T00:00:00.000Z,2025-12-27T00:00:00.000Z,0.5555555555555556,B200
2025-12-28T00:00:00.000Z,2025-12-28T00:00:00.000Z,0.6909722222222222,B200
2025-12-29T00:00:00.000Z,2025-12-29T00:00:00.000Z,0.6979166666666666,B200
2025-12-30T00:00:00.000Z,2025-12-30T00:00:00.000Z,0.7708333333333334,B200
2025-12-31T00:00:00.000Z,2025-12-31T00:00:00.000Z,0.6666666666666666,B200
2026-01-01T00:00:00.000Z,2026-01-01T00:00:00.000Z,0.5763888888888888,B200
2026-01-02T00:00:00.000Z,2026-01-02T00:00:00.000Z,0.5863095238095238,B200
2026-01-03T00:00:00.000Z,2026-01-03T00:00:00.000Z,0.5059523809523809,B200
2026-01-04T00:00:00.000Z,2026-01-04T00:00:00.000Z,0.5059523809523809,B200
2026-01-05T00:00:00.000Z,2026-01-05T00:00:00.000Z,0.5327380952380952,B200
2026-01-06T00:00:00.000Z,2026-01-06T00:00:00.000Z,0.4166666666666667,B200
2026-01-07T00:00:00.000Z,2026-01-07T00:00:00.000Z,0.4880952380952381,B200
2026-01-08T00:00:00.000Z,2026-01-08T00:00:00.000Z,0.5178571428571429,B200
2026-01-09T00:00:00.000Z,2026-01-09T00:00:00.000Z,0.5654761904761905,B200
2026-01-10T00:00:00.000Z,2026-01-10T00:00:00.000Z,0.6190476190476191,B200
2026-01-11T00:00:00.000Z,2026-01-11T00:00:00.000Z,0.38392857142857145,B200
2026-01-12T00:00:00.000Z,2026-01-12T00:00:00.000Z,0.5818452380952381,B200
2026-01-13T00:00:00.000Z,2026-01-13T00:00:00.000Z,0.43452380952380953,B200
2026-01-14T00:00:00.000Z,2026-01-14T00:00:00.000Z,0.44345238095238093,B200
2026-01-15T00:00:00.000Z,2026-01-15T00:00:00.000Z,0.4642857142857143,B200
2026-01-16T00:00:00.000Z,2026-01-16T00:00:00.000Z,0.5327380952380952,B200
2026-01-17T00:00:00.000Z,2026-01-17T00:00:00.000Z,0.4226190476190476,B200
2026-01-18T00:00:00.000Z,2026-01-18T00:00:00.000Z,0.40476190476190477,B200
2026-01-19T00:00:00.000Z,2026-01-19T00:00:00.000Z,0.4732142857142857,B200
2026-01-20T00:00:00.000Z,2026-01-20T00:00:00.000Z,0.5982142857142857,B200
2026-01-21T00:00:00.000Z,2026-01-21T00:00:00.000Z,0.49107142857142855,B200
2026-01-22T00:00:00.000Z,2026-01-22T00:00:00.000Z,0.8005952380952381,B200
2026-01-23T00:00:00.000Z,2026-01-23T00:00:00.000Z,0.9285714285714286,B200
2026-01-24T00:00:00.000Z,2026-01-24T00:00:00.000Z,0.9196428571428571,B200
2026-01-25T00:00:00.000Z,2026-01-25T00:00:00.000Z,0.7232142857142857,B200
2026-01-26T00:00:00.000Z,2026-01-26T00:00:00.000Z,0.8005952380952381,B200
2026-01-27T00:00:00.000Z,2026-01-27T00:00:00.000Z,0.8512896825396825,B200
2026-01-28T00:00:00.000Z,2026-01-28T00:00:00.000Z,0.8527777777777777,B200
2026-01-29T00:00:00.000Z,2026-01-29T00:00:00.000Z,0.5555555555555556,B200
2026-01-30T00:00:00.000Z,2026-01-30T00:00:00.000Z,0.5059523809523809,B200
2026-01-31T00:00:00.000Z,2026-01-31T00:00:00.000Z,0.4583333333333333,B200
2026-02-01T00:00:00.000Z,2026-02-01T00:00:00.000Z,0.7946428571428571,B200
2026-02-02T00:00:00.000Z,2026-02-02T00:00:00.000Z,0.5233134920634921,B200
2026-02-03T00:00:00.000Z,2026-02-03T00:00:00.000Z,0.4849702380952381,B200
2026-02-04T00:00:00.000Z,2026-02-04T00:00:00.000Z,0.4607060185185185,B200
2026-02-05T00:00:00.000Z,2026-02-05T00:00:00.000Z,0.5005208333333333,B200
2026-02-06T00:00:00.000Z,2026-02-06T00:00:00.000Z,0.4635416666666667,B200
2026-02-07T00:00:00.000Z,2026-02-07T00:00:00.000Z,0.5420138888888889,B200
2026-02-08T00:00:00.000Z,2026-02-08T00:00:00.000Z,0.49594907407407407,B200
2026-02-09T00:00:00.000Z,2026-02-09T00:00:00.000Z,0.48952546296296295,B200
2026-02-10T00:00:00.000Z,2026-02-10T00:00:00.000Z,0.5020675505050505,B200
2026-02-11T00:00:00.000Z,2026-02-11T00:00:00.000Z,0.6267361111111112,B200
2026-02-12T00:00:00.000Z,2026-02-12T00:00:00.000Z,0.6206597222222222,B200
2026-02-13T00:00:00.000Z,2026-02-13T00:00:00.000Z,0.6332465277777778,B200
2026-02-14T00:00:00.000Z,2026-02-14T00:00:00.000Z,0.71484375,B200
2026-02-15T00:00:00.000Z,2026-02-15T00:00:00.000Z,0.6462673611111112,B200
2026-02-16T00:00:00.000Z,2026-02-16T00:00:00.000Z,0.69140625,B200
2026-02-17T00:00:00.000Z,2026-02-17T00:00:00.000Z,0.5668402777777778,B200
2026-02-18T00:00:00.000Z,2026-02-18T00:00:00.000Z,0.6271701388888888,B200
2026-02-19T00:00:00.000Z,2026-02-19T00:00:00.000Z,0.6193970959595959,B200
2026-02-20T00:00:00.000Z,2026-02-20T00:00:00.000Z,0.5367132867132867,B200
2026-02-21T00:00:00.000Z,2026-02-21T00:00:00.000Z,0.5363808389250867,B200
2026-02-22T00:00:00.000Z,2026-02-22T00:00:00.000Z,0.6434365781710915,B200
2026-02-23T00:00:00.000Z,2026-02-23T00:00:00.000Z,0.7264905770851567,B200
2026-02-24T00:00:00.000Z,2026-02-24T00:00:00.000Z,0.7912660256410257,B200
2026-02-25T00:00:00.000Z,2026-02-25T00:00:00.000Z,0.8249771062271062,B200
2026-02-26T00:00:00.000Z,2026-02-26T00:00:00.000Z,0.8277529761904762,B200
2026-02-27T00:00:00.000Z,2026-02-27T00:00:00.000Z,0.8248106060606061,B200
2026-02-28T00:00:00.000Z,2026-02-28T00:00:00.000Z,0.7499199585137085,B200
2026-03-01T00:00:00.000Z,2026-03-01T00:00:00.000Z,0.7735863095238096,B200
2026-03-02T00:00:00.000Z,2026-03-02T00:00:00.000Z,0.8311935885465297,B200
2026-03-03T00:00:00.000Z,2026-03-03T00:00:00.000Z,0.8299453187707831,B200
2026-03-04T00:00:00.000Z,2026-03-04T00:00:00.000Z,0.8817222795550969,B200
2026-03-05T00:00:00.000Z,2026-03-05T00:00:00.000Z,0.8723476147080521,B200
2026-03-06T00:00:00.000Z,2026-03-06T00:00:00.000Z,0.8804797384249835,B200
2026-03-07T00:00:00.000Z,2026-03-07T00:00:00.000Z,0.7874845131165634,B200
2026-03-08T00:00:00.000Z,2026-03-08T00:00:00.000Z,0.8271275642719005,B200
2026-03-09T00:00:00.000Z,2026-03-09T00:00:00.000Z,0.8439168243788664,B200
2026-03-10T00:00:00.000Z,2026-03-10T00:00:00.000Z,0.8567274683552548,B200
2026-03-11T00:00:00.000Z,2026-03-11T00:00:00.000Z,0.904591773715415,B200
2026-03-12T00:00:00.000Z,2026-03-12T00:00:00.000Z,0.9135950854700855,B200
2026-03-13T00:00:00.000Z,2026-03-13T00:00:00.000Z,0.953926282051282,B200
2026-03-14T00:00:00.000Z,2026-03-14T00:00:00.000Z,0.9294871794871795,B200
2026-03-15T00:00:00.000Z,2026-03-15T00:00:00.000Z,0.9404380341880342,B200
2026-03-16T00:00:00.000Z,2026-03-16T00:00:00.000Z,0.917465563949939,B200
2026-03-17T00:00:00.000Z,2026-03-17T00:00:00.000Z,0.8743636877828054,B200
2026-03-18T00:00:00.000Z,2026-03-18T00:00:00.000Z,0.8850736936674437,B200
2026-03-19T00:00:00.000Z,2026-03-19T00:00:00.000Z,0.8476246843434343,B200
2026-03-20T00:00:00.000Z,2026-03-20T00:00:00.000Z,0.5006175889328063,B200
2026-03-21T00:00:00.000Z,2026-03-21T00:00:00.000Z,0.5031702898550725,B200
2026-03-22T00:00:00.000Z,2026-03-22T00:00:00.000Z,0.5063028381642513,B200
2026-03-23T00:00:00.000Z,2026-03-23T00:00:00.000Z,0.4383537350988164,B200
2026-03-24T00:00:00.000Z,2026-03-24T00:00:00.000Z,0.3814817216343572,B200
2026-03-25T00:00:00.000Z,2026-03-25T00:00:00.000Z,0.3737596102171078,B200
2026-03-26T00:00:00.000Z,2026-03-26T00:00:00.000Z,0.42819940476190477,B200
2026-03-27T00:00:00.000Z,2026-03-27T00:00:00.000Z,0.4742569486392161,B200
2026-03-28T00:00:00.000Z,2026-03-28T00:00:00.000Z,0.4398936415651532,B200
2026-03-29T00:00:00.000Z,2026-03-29T00:00:00.000Z,0.3733207804792107,B200
2026-03-30T00:00:00.000Z,2026-03-30T00:00:00.000Z,0.4084936784791436,B200
2026-03-31T00:00:00.000Z,2026-03-31T00:00:00.000Z,0.4523982558139535,B200
2026-04-01T00:00:00.000Z,2026-04-01T00:00:00.000Z,0.4146554700975741,B200
2026-04-02T00:00:00.000Z,2026-04-02T00:00:00.000Z,0.491525015417823,B200
2026-04-03T00:00:00.000Z,2026-04-03T00:00:00.000Z,0.5464317375886525,B200
2026-04-04T00:00:00.000Z,2026-04-04T00:00:00.000Z,0.5707003546099291,B200
2026-04-05T00:00:00.000Z,2026-04-05T00:00:00.000Z,0.5912012411347518,B200
2026-04-06T00:00:00.000Z,2026-04-06T00:00:00.000Z,0.6865628854455751,B200
2026-04-07T00:00:00.000Z,2026-04-07T00:00:00.000Z,0.7497783687943262,B200
2026-04-08T00:00:00.000Z,2026-04-08T00:00:00.000Z,0.7630046124987152,B200
2026-04-09T00:00:00.000Z,2026-04-09T00:00:00.000Z,0.6702160599201381,B200
2026-04-10T00:00:00.000Z,2026-04-10T00:00:00.000Z,0.6400248864522139,B200
2026-04-11T00:00:00.000Z,2026-04-11T00:00:00.000Z,0.6205262972522856,B200
2026-04-12T00:00:00.000Z,2026-04-12T00:00:00.000Z,0.6267581185366252,B200
2026-04-13T00:00:00.000Z,2026-04-13T00:00:00.000Z,0.7744177521931793,B200
2026-04-14T00:00:00.000Z,2026-04-14T00:00:00.000Z,0.7088714483384723,B200
2026-04-15T00:00:00.000Z,2026-04-15T00:00:00.000Z,0.7198077368275685,B200
2026-04-16T00:00:00.000Z,2026-04-16T00:00:00.000Z,0.7140715965993312,B200
2026-04-17T00:00:00.000Z,2026-04-17T00:00:00.000Z,0.7142322855264949,B200
2026-04-18T00:00:00.000Z,2026-04-18T00:00:00.000Z,0.7131702871718442,B200
2026-04-19T00:00:00.000Z,2026-04-19T00:00:00.000Z,0.7989436927951087,B200
2026-04-20T00:00:00.000Z,2026-04-20T00:00:00.000Z,0.8380229351170799,B200
2026-04-21T00:00:00.000Z,2026-04-21T00:00:00.000Z,0.8616355945624125,B200
2026-04-22T00:00:00.000Z,2026-04-22T00:00:00.000Z,0.8958582604981628,B200
2026-04-23T00:00:00.000Z,2026-04-23T00:00:00.000Z,0.8805140097164206,B200
2026-04-24T00:00:00.000Z,2026-04-24T00:00:00.000Z,0.8830442471197146,B200
2026-04-25T00:00:00.000Z,2026-04-25T00:00:00.000Z,0.8057997340999488,B200
2026-04-26T00:00:00.000Z,2026-04-26T00:00:00.000Z,0.7753153412479837,B200
2026-04-27T00:00:00.000Z,2026-04-27T00:00:00.000Z,0.8334719594788087,B200
2026-04-28T00:00:00.000Z,2026-04-28T00:00:00.000Z,0.7968257896395567,B200
2026-04-29T00:00:00.000Z,2026-04-29T00:00:00.000Z,0.8213129560098574,B200
2026-04-30T00:00:00.000Z,2026-04-30T00:00:00.000Z,0.8909099561990236,B200
2026-05-01T00:00:00.000Z,2026-05-01T00:00:00.000Z,0.9334673793667121,B200
2026-05-02T00:00:00.000Z,2026-05-02T00:00:00.000Z,0.9094149355812046,B200
2026-05-03T00:00:00.000Z,2026-05-03T00:00:00.000Z,0.8884154079878901,B200
2026-05-04T00:00:00.000Z,2026-05-04T00:00:00.000Z,0.9160375437982358,B200
2026-05-05T00:00:00.000Z,2026-05-05T00:00:00.000Z,0.9281769907897642,B200
2026-05-06T00:00:00.000Z,2026-05-06T00:00:00.000Z,0.8800186691537454,B200
2026-05-07T00:00:00.000Z,2026-05-07T00:00:00.000Z,0.8184281521980207,B200
2026-05-08T00:00:00.000Z,2026-05-08T00:00:00.000Z,0.7691734981883313,B200
2026-05-09T00:00:00.000Z,2026-05-09T00:00:00.000Z,0.8163523028742742,B200
2026-05-10T00:00:00.000Z,2026-05-10T00:00:00.000Z,0.8318643400489869,B200
2026-05-11T00:00:00.000Z,2026-05-11T00:00:00.000Z,0.9169265639351014,B200
2026-05-12T00:00:00.000Z,2026-05-12T00:00:00.000Z,0.7877344731884753,B200
2026-05-13T00:00:00.000Z,2026-05-13T00:00:00.000Z,0.8457270036104027,B200
2026-05-14T00:00:00.000Z,2026-05-14T00:00:00.000Z,0.8534195146344131,B200
2026-05-15T00:00:00.000Z,2026-05-15T00:00:00.000Z,0.8404345380596994,B200
2026-05-16T00:00:00.000Z,2026-05-16T00:00:00.000Z,0.8309906291834003,B200
2026-05-17T00:00:00.000Z,2026-05-17T00:00:00.000Z,0.8124638254110564,B200
2026-05-18T00:00:00.000Z,2026-05-18T00:00:00.000Z,0.8756054018110597,B200
2026-05-19T00:00:00.000Z,2026-05-19T00:00:00.000Z,0.8915645994832041,B200
2026-05-20T00:00:00.000Z,2026-05-20T00:00:00.000Z,0.9035280890097355,B200
2026-05-21T00:00:00.000Z,2026-05-21T00:00:00.000Z,0.934299780805971,B200
2026-05-22T00:00:00.000Z,2026-05-22T00:00:00.000Z,0.9041895734505542,B200
2026-05-23T00:00:00.000Z,2026-05-23T00:00:00.000Z,0.8511107745600722,B200
2026-05-24T00:00:00.000Z,2026-05-24T00:00:00.000Z,0.800745714419517,B200
2026-05-25T00:00:00.000Z,2026-05-25T00:00:00.000Z,0.8113022708826185,B200
2026-05-26T00:00:00.000Z,2026-05-26T00:00:00.000Z,0.7493832885207775,B200
2026-05-27T00:00:00.000Z,2026-05-27T00:00:00.000Z,0.7633038019836804,B200
2026-05-28T00:00:00.000Z,2026-05-28T00:00:00.000Z,0.8807327691894448,B200
2026-05-29T00:00:00.000Z,2026-05-29T00:00:00.000Z,0.8611627040332746,B200
2026-05-30T00:00:00.000Z,2026-05-30T00:00:00.000Z,0.5558700430776283,B200
2026-05-31T00:00:00.000Z,2026-05-31T00:00:00.000Z,0.5644767343600916,B200
2026-06-01T00:00:00.000Z,2026-06-01T00:00:00.000Z,0.5886049434436531,B200
2026-06-02T00:00:00.000Z,2026-06-02T00:00:00.000Z,0.4974900671656567,B200
2026-06-03T00:00:00.000Z,2026-06-03T00:00:00.000Z,0.5575370788828139,B200
2026-06-04T00:00:00.000Z,2026-06-04T00:00:00.000Z,0.5316674592579371,B200
2026-06-05T00:00:00.000Z,2026-06-05T00:00:00.000Z,0.4911401423477058,B200
2026-06-06T00:00:00.000Z,2026-06-06T00:00:00.000Z,0.3974852846781493,B200
2026-06-07T00:00:00.000Z,2026-06-07T00:00:00.000Z,0.4032918346985531,B200
2026-06-08T00:00:00.000Z,2026-06-08T00:00:00.000Z,0.3736212560466835,B200
2026-06-09T00:00:00.000Z,2026-06-09T00:00:00.000Z,0.41468451357136643,B200
2026-06-10T00:00:00.000Z,2026-06-10T00:00:00.000Z,0.3911594257785181,B200
2026-06-11T00:00:00.000Z,2026-06-11T00:00:00.000Z,0.3862751875849916,B200
2026-06-12T00:00:00.000Z,2026-06-12T00:00:00.000Z,0.4301958215831512,B200
2026-06-13T00:00:00.000Z,2026-06-13T00:00:00.000Z,0.41653552717020004,B200
2026-06-14T00:00:00.000Z,2026-06-14T00:00:00.000Z,0.44808515183627023,B200
2026-06-15T00:00:00.000Z,2026-06-15T00:00:00.000Z,0.5174055954261928,B200
2026-06-16T00:00:00.000Z,2026-06-16T00:00:00.000Z,0.5110815518455769,B200
2026-06-17T00:00:00.000Z,2026-06-17T00:00:00.000Z,0.4612074280675517,B200
2026-06-18T00:00:00.000Z,2026-06-18T00:00:00.000Z,0.5763845508530256,B200
2026-06-19T00:00:00.000Z,2026-06-19T00:00:00.000Z,0.6282646530738134,B200
2026-06-20T00:00:00.000Z,2026-06-20T00:00:00.000Z,0.5065935134773047,B200
2026-06-21T00:00:00.000Z,2026-06-21T00:00:00.000Z,0.5162415726396816,B200
2026-06-22T00:00:00.000Z,2026-06-22T00:00:00.000Z,0.6040691328476369,B200
2026-06-23T00:00:00.000Z,2026-06-23T00:00:00.000Z,0.6556201397473326,B200
2026-06-24T00:00:00.000Z,2026-06-24T00:00:00.000Z,0.6459118506614189,B200
2026-06-25T00:00:00.000Z,2026-06-25T00:00:00.000Z,0.7231069121181384,B200
2026-06-26T00:00:00.000Z,2026-06-26T00:00:00.000Z,0.6925277115259844,B200
2026-06-27T00:00:00.000Z,2026-06-27T00:00:00.000Z,0.6223100328106991,B200
2026-06-28T00:00:00.000Z,2026-06-28T00:00:00.000Z,0.6494930433181663,B200
2026-06-29T00:00:00.000Z,2026-06-29T00:00:00.000Z,0.7319935035901213,B200
2026-06-30T00:00:00.000Z,2026-06-30T00:00:00.000Z,0.8489350519934885,B200
2026-07-01T00:00:00.000Z,2026-07-01T00:00:00.000Z,0.8733619748707476,B200
2026-07-02T00:00:00.000Z,2026-07-02T00:00:00.000Z,0.817607036859484,B200
2026-07-03T00:00:00.000Z,2026-07-03T00:00:00.000Z,0.8930901542111507,B200
2026-07-04T00:00:00.000Z,2026-07-04T00:00:00.000Z,0.8634341637010676,B200
2026-07-05T00:00:00.000Z,2026-07-05T00:00:00.000Z,0.8642065230143522,B200
2026-07-06T00:00:00.000Z,2026-07-06T00:00:00.000Z,0.9011131771109113,B200
2026-07-07T00:00:00.000Z,2026-07-07T00:00:00.000Z,0.9592827184532841,B200
2026-07-08T00:00:00.000Z,2026-07-08T00:00:00.000Z,0.9837310583462594,B200
2026-07-09T00:00:00.000Z,2026-07-09T00:00:00.000Z,0.9794177305810763,B200
2026-07-10T00:00:00.000Z,2026-07-10T00:00:00.000Z,0.9856629808109624,B200
2026-07-11T00:00:00.000Z,2026-07-11T00:00:00.000Z,0.967464786495251,B200
2026-07-12T00:00:00.000Z,2026-07-12T00:00:00.000Z,0.9326643635730736,B200
2026-07-13T00:00:00.000Z,2026-07-13T00:00:00.000Z,0.9395856680381834,B200
2026-07-14T00:00:00.000Z,2026-07-14T00:00:00.000Z,0.942649607490245,B200
2026-07-15T00:00:00.000Z,2026-07-15T00:00:00.000Z,0.8949117618871593,B200
2026-07-16T00:00:00.000Z,2026-07-16T00:00:00.000Z,0.8690006206254526,B200
2026-07-17T00:00:00.000Z,2026-07-17T00:00:00.000Z,0.8836630837039846,B200
2026-07-18T00:00:00.000Z,2026-07-18T00:00:00.000Z,0.856687595129376,B200
2026-07-19T00:00:00.000Z,2026-07-19T00:00:00.000Z,0.8311130136986301,B200
2026-07-20T00:00:00.000Z,2026-07-20T00:00:00.000Z,0.874758826267814,B200
2026-07-21T00:00:00.000Z,2026-07-21T00:00:00.000Z,0.8657560706401766,B200
2026-07-22T00:00:00.000Z,2026-07-22T00:00:00.000Z,0.8235121863314863,B200
2026-07-23T00:00:00.000Z,2026-07-23T00:00:00.000Z,0.887174333602905,B200
2026-07-24T00:00:00.000Z,2026-07-24T00:00:00.000Z,0.860513263023571,B200
2026-07-25T00:00:00.000Z,2026-07-25T00:00:00.000Z,0.7559145263842412,B200
2026-07-26T00:00:00.000Z,2026-07-26T00:00:00.000Z,0.7873809523809524,B200
2026-07-27T00:00:00.000Z,2026-07-27T00:00:00.000Z,0.7900710108604846,B200
2026-07-28T00:00:00.000Z,2026-07-28T00:00:00.000Z,0.8253032721468475,B200
2026-07-29T00:00:00.000Z,2026-07-29T00:00:00.000Z,0.8354072681704261,B200
2026-07-30T00:00:00.000Z,2026-07-30T00:00:00.000Z,0.7648856195423381,B200
2026-07-31T00:00:00.000Z,2026-07-31T00:00:00.000Z,0.7608005784296505,B200
2026-08-01T00:00:00.000Z,2026-08-01T00:00:00.000Z,0.64195784930611,B200
2026-08-02T00:00:00.000Z,2026-08-02T00:00:00.000Z,0.5286992621217849,B200
2026-08-03T00:00:00.000Z,2026-08-03T00:00:00.000Z,0.5770564290925949,B200
2026-08-04T00:00:00.000Z,2026-08-04T00:00:00.000Z,0.581746808721272,B200
2026-08-05T00:00:00.000Z,2026-08-05T00:00:00.000Z,0.5894737343329813,B200
2026-08-06T00:00:00.000Z,2026-08-06T00:00:00.000Z,0.6385833224717667,B200
2026-08-07T00:00:00.000Z,2026-08-07T00:00:00.000Z,0.6555555555555556,B200
2026-08-08T00:00:00.000Z,2026-08-08T00:00:00.000Z,0.638831017104252,B200
2026-08-09T00:00:00.000Z,2026-08-09T00:00:00.000Z,0.6397125548872569,B200
2026-08-10T00:00:00.000Z,2026-08-10T00:00:00.000Z,0.6149578141899931,B200
2026-08-11T00:00:00.000Z,2026-08-11T00:00:00.000Z,0.7682631394872642,B200
2026-08-12T00:00:00.000Z,2026-08-12T00:00:00.000Z,0.8432030052069008,B200
2026-08-13T00:00:00.000Z,2026-08-13T00:00:00.000Z,0.9108777437488452,B200
2026-08-14T00:00:00.000Z,2026-08-14T00:00:00.000Z,0.8763339920948616,B200
2026-08-15T00:00:00.000Z,2026-08-15T00:00:00.000Z,0.8013327251762224,B200
2026-08-16T00:00:00.000Z,2026-08-16T00:00:00.000Z,0.8029684095860566,B200
2026-08-17T00:00:00.000Z,2026-08-17T00:00:00.000Z,0.9286163384071003,B200
2026-08-18T00:00:00.000Z,2026-08-18T00:00:00.000Z,0.9618894974833528,B200
2026-08-19T00:00:00.000Z,2026-08-19T00:00:00.000Z,0.9520899406450225,B200
2026-08-20T00:00:00.000Z,2026-08-20T00:00:00.000Z,0.8974534490101,B200
2026-08-21T00:00:00.000Z,2026-08-21T00:00:00.000Z,0.843328655866734,B200
2026-08-22T00:00:00.000Z,2026-08-22T00:00:00.000Z,0.712795522058282,B200
2026-08-23T00:00:00.000Z,2026-08-23T00:00:00.000Z,0.702246847355543,B200
2026-08-24T00:00:00.000Z,2026-08-24T00:00:00.000Z,0.7680249412390825,B200
2026-08-25T00:00:00.000Z,2026-08-25T00:00:00.000Z,0.7672973555069278,B200
2026-08-26T00:00:00.000Z,2026-08-26T00:00:00.000Z,0.7931904642785872,B200
2026-08-27T00:00:00.000Z,2026-08-27T00:00:00.000Z,0.883818689787912,B200
2026-08-28T00:00:00.000Z,2026-08-28T00:00:00.000Z,0.9031492356185093,B200
2026-08-29T00:00:00.000Z,2026-08-29T00:00:00.000Z,0.7700171799374518,B200
2026-08-30T00:00:00.000Z,2026-08-30T00:00:00.000Z,0.8238993710691824,B200
2024-06-11T00:00:00.000Z,2024-06-11T00:00:00.000Z,0.71875,H100 SXM
2024-06-12T00:00:00.000Z,2024-06-12T00:00:00.000Z,0.7369791666666666,H100 SXM
2024-06-13T00:00:00.000Z,2024-06-13T00:00:00.000Z,0.65234375,H100 SXM
2024-06-14T00:00:00.000Z,2024-06-14T00:00:00.000Z,0.4739583333333333,H100 SXM
2024-06-15T00:00:00.000Z,2024-06-15T00:00:00.000Z,0.5299479166666666,H100 SXM
2024-06-16T00:00:00.000Z,2024-06-16T00:00:00.000Z,0.4986979166666667,H100 SXM
2024-06-17T00:00:00.000Z,2024-06-17T00:00:00.000Z,0.25823252688172044,H100 SXM
2024-06-18T00:00:00.000Z,2024-06-18T00:00:00.000Z,0.3177083333333333,H100 SXM
2024-06-19T00:00:00.000Z,2024-06-19T00:00:00.000Z,0.3138020833333333,H100 SXM
2024-06-20T00:00:00.000Z,2024-06-20T00:00:00.000Z,0.53125,H100 SXM
2024-06-21T00:00:00.000Z,2024-06-21T00:00:00.000Z,0.80078125,H100 SXM
2024-06-22T00:00:00.000Z,2024-06-22T00:00:00.000Z,0.44921875,H100 SXM
2024-06-23T00:00:00.000Z,2024-06-23T00:00:00.000Z,0.22005208333333334,H100 SXM
2024-06-24T00:00:00.000Z,2024-06-24T00:00:00.000Z,0.4259672619047619,H100 SXM
2024-06-25T00:00:00.000Z,2024-06-25T00:00:00.000Z,0.6816319444444444,H100 SXM
2024-06-26T00:00:00.000Z,2024-06-26T00:00:00.000Z,0.7109041132478633,H100 SXM
2024-06-27T00:00:00.000Z,2024-06-27T00:00:00.000Z,0.45579117063492064,H100 SXM
2024-06-28T00:00:00.000Z,2024-06-28T00:00:00.000Z,0.36569251543209874,H100 SXM
2024-06-29T00:00:00.000Z,2024-06-29T00:00:00.000Z,0.5451388888888888,H100 SXM
2024-06-30T00:00:00.000Z,2024-06-30T00:00:00.000Z,0.7447916666666666,H100 SXM
2024-07-01T00:00:00.000Z,2024-07-01T00:00:00.000Z,0.7604166666666666,H100 SXM
2024-07-02T00:00:00.000Z,2024-07-02T00:00:00.000Z,0.7517361111111112,H100 SXM
2024-07-03T00:00:00.000Z,2024-07-03T00:00:00.000Z,0.7673611111111112,H100 SXM
2024-07-04T00:00:00.000Z,2024-07-04T00:00:00.000Z,0.7135416666666666,H100 SXM
2024-07-05T00:00:00.000Z,2024-07-05T00:00:00.000Z,0.671875,H100 SXM
2024-07-06T00:00:00.000Z,2024-07-06T00:00:00.000Z,0.6246225845410628,H100 SXM
2024-07-07T00:00:00.000Z,2024-07-07T00:00:00.000Z,0.6588541666666666,H100 SXM
2024-07-08T00:00:00.000Z,2024-07-08T00:00:00.000Z,0.5424713063989036,H100 SXM
2024-07-09T00:00:00.000Z,2024-07-09T00:00:00.000Z,0.3229166666666667,H100 SXM
2024-07-10T00:00:00.000Z,2024-07-10T00:00:00.000Z,0.24088541666666666,H100 SXM
2024-07-11T00:00:00.000Z,2024-07-11T00:00:00.000Z,0.2743255876068376,H100 SXM
2024-07-12T00:00:00.000Z,2024-07-12T00:00:00.000Z,0.16536458333333334,H100 SXM
2024-07-13T00:00:00.000Z,2024-07-13T00:00:00.000Z,0.22265625,H100 SXM
2024-07-14T00:00:00.000Z,2024-07-14T00:00:00.000Z,0.28125,H100 SXM
2024-07-15T00:00:00.000Z,2024-07-15T00:00:00.000Z,0.4765625,H100 SXM
2024-07-16T00:00:00.000Z,2024-07-16T00:00:00.000Z,0.40747316919191917,H100 SXM
2024-07-17T00:00:00.000Z,2024-07-17T00:00:00.000Z,0.39166503630276944,H100 SXM
2024-07-18T00:00:00.000Z,2024-07-18T00:00:00.000Z,0.3861788617886179,H100 SXM
2024-07-19T00:00:00.000Z,2024-07-19T00:00:00.000Z,0.31910569105691056,H100 SXM
2024-07-20T00:00:00.000Z,2024-07-20T00:00:00.000Z,0.35688937437502716,H100 SXM
2024-07-21T00:00:00.000Z,2024-07-21T00:00:00.000Z,0.5384797854310049,H100 SXM
2024-07-22T00:00:00.000Z,2024-07-22T00:00:00.000Z,0.3985547062408423,H100 SXM
2024-07-23T00:00:00.000Z,2024-07-23T00:00:00.000Z,0.27929710181945117,H100 SXM
2024-07-24T00:00:00.000Z,2024-07-24T00:00:00.000Z,0.39705882352941174,H100 SXM
2024-07-25T00:00:00.000Z,2024-07-25T00:00:00.000Z,0.4488168877257678,H100 SXM
2024-07-26T00:00:00.000Z,2024-07-26T00:00:00.000Z,0.5155038759689923,H100 SXM
2024-07-27T00:00:00.000Z,2024-07-27T00:00:00.000Z,0.4572530324519309,H100 SXM
2024-07-28T00:00:00.000Z,2024-07-28T00:00:00.000Z,0.38095238095238093,H100 SXM
2024-07-29T00:00:00.000Z,2024-07-29T00:00:00.000Z,0.3638888888888889,H100 SXM
2024-07-30T00:00:00.000Z,2024-07-30T00:00:00.000Z,0.487461394814336,H100 SXM
2024-07-31T00:00:00.000Z,2024-07-31T00:00:00.000Z,0.30158730158730157,H100 SXM
2024-08-01T00:00:00.000Z,2024-08-01T00:00:00.000Z,0.4126984126984127,H100 SXM
2024-08-02T00:00:00.000Z,2024-08-02T00:00:00.000Z,0.40319306016980433,H100 SXM
2024-08-03T00:00:00.000Z,2024-08-03T00:00:00.000Z,0.2632795983086681,H100 SXM
2024-08-04T00:00:00.000Z,2024-08-04T00:00:00.000Z,0.29844961240310075,H100 SXM
2024-08-05T00:00:00.000Z,2024-08-05T00:00:00.000Z,0.39249325208627533,H100 SXM
2024-08-06T00:00:00.000Z,2024-08-06T00:00:00.000Z,0.3345238095238095,H100 SXM
2024-08-07T00:00:00.000Z,2024-08-07T00:00:00.000Z,0.344626174858733,H100 SXM
2024-08-08T00:00:00.000Z,2024-08-08T00:00:00.000Z,0.26744186046511625,H100 SXM
2024-08-09T00:00:00.000Z,2024-08-09T00:00:00.000Z,0.32073643410852715,H100 SXM
2024-08-10T00:00:00.000Z,2024-08-10T00:00:00.000Z,0.29554263565891475,H100 SXM
2024-08-11T00:00:00.000Z,2024-08-11T00:00:00.000Z,0.30120286180567696,H100 SXM
2024-08-12T00:00:00.000Z,2024-08-12T00:00:00.000Z,0.324994224994225,H100 SXM
2024-08-13T00:00:00.000Z,2024-08-13T00:00:00.000Z,0.32420027321988104,H100 SXM
2024-08-14T00:00:00.000Z,2024-08-14T00:00:00.000Z,0.3795454545454545,H100 SXM
2024-08-15T00:00:00.000Z,2024-08-15T00:00:00.000Z,0.31742424242424244,H100 SXM
2024-08-16T00:00:00.000Z,2024-08-16T00:00:00.000Z,0.2946969696969697,H100 SXM
2024-08-17T00:00:00.000Z,2024-08-17T00:00:00.000Z,0.2340909090909091,H100 SXM
2024-08-18T00:00:00.000Z,2024-08-18T00:00:00.000Z,0.24545454545454545,H100 SXM
2024-08-19T00:00:00.000Z,2024-08-19T00:00:00.000Z,0.3978310364281109,H100 SXM
2024-08-20T00:00:00.000Z,2024-08-20T00:00:00.000Z,0.21187943262411346,H100 SXM
2024-08-21T00:00:00.000Z,2024-08-21T00:00:00.000Z,0.1620308806146572,H100 SXM
2024-08-22T00:00:00.000Z,2024-08-22T00:00:00.000Z,0.22872340425531915,H100 SXM
2024-08-23T00:00:00.000Z,2024-08-23T00:00:00.000Z,0.18882978723404256,H100 SXM
2024-08-24T00:00:00.000Z,2024-08-24T00:00:00.000Z,0.1320921985815603,H100 SXM
2024-08-25T00:00:00.000Z,2024-08-25T00:00:00.000Z,0.2047872340425532,H100 SXM
2024-08-26T00:00:00.000Z,2024-08-26T00:00:00.000Z,0.1517262933542211,H100 SXM
2024-08-27T00:00:00.000Z,2024-08-27T00:00:00.000Z,0.20098039215686275,H100 SXM
2024-08-28T00:00:00.000Z,2024-08-28T00:00:00.000Z,0.20588235294117646,H100 SXM
2024-08-29T00:00:00.000Z,2024-08-29T00:00:00.000Z,0.5380462644764504,H100 SXM
2024-08-30T00:00:00.000Z,2024-08-30T00:00:00.000Z,0.3934875165343915,H100 SXM
2024-08-31T00:00:00.000Z,2024-08-31T00:00:00.000Z,0.4152777777777778,H100 SXM
2024-09-01T00:00:00.000Z,2024-09-01T00:00:00.000Z,0.3993055555555556,H100 SXM
2024-09-02T00:00:00.000Z,2024-09-02T00:00:00.000Z,0.4288488700564972,H100 SXM
2024-09-03T00:00:00.000Z,2024-09-03T00:00:00.000Z,0.5222222222222223,H100 SXM
2024-09-04T00:00:00.000Z,2024-09-04T00:00:00.000Z,0.418427979390681,H100 SXM
2024-09-05T00:00:00.000Z,2024-09-05T00:00:00.000Z,0.2799479166666667,H100 SXM
2024-09-06T00:00:00.000Z,2024-09-06T00:00:00.000Z,0.2721354166666667,H100 SXM
2024-09-07T00:00:00.000Z,2024-09-07T00:00:00.000Z,0.28515625,H100 SXM
2024-09-08T00:00:00.000Z,2024-09-08T00:00:00.000Z,0.3059895833333333,H100 SXM
2024-09-09T00:00:00.000Z,2024-09-09T00:00:00.000Z,0.19891634842637324,H100 SXM
2024-09-10T00:00:00.000Z,2024-09-10T00:00:00.000Z,0.10267271915878727,H100 SXM
2024-09-11T00:00:00.000Z,2024-09-11T00:00:00.000Z,0.12390350877192982,H100 SXM
2024-09-12T00:00:00.000Z,2024-09-12T00:00:00.000Z,0.13651315789473684,H100 SXM
2024-09-13T00:00:00.000Z,2024-09-13T00:00:00.000Z,0.14535470620996938,H100 SXM
2024-09-14T00:00:00.000Z,2024-09-14T00:00:00.000Z,0.06442901234567901,H100 SXM
2024-09-15T00:00:00.000Z,2024-09-15T00:00:00.000Z,0.09722222222222222,H100 SXM
2024-09-16T00:00:00.000Z,2024-09-16T00:00:00.000Z,0.13660441636607376,H100 SXM
2024-09-17T00:00:00.000Z,2024-09-17T00:00:00.000Z,0.12803452627365713,H100 SXM
2024-09-18T00:00:00.000Z,2024-09-18T00:00:00.000Z,0.17220826387493054,H100 SXM
2024-09-19T00:00:00.000Z,2024-09-19T00:00:00.000Z,0.2708333333333333,H100 SXM
2024-09-20T00:00:00.000Z,2024-09-20T00:00:00.000Z,0.27194940476190477,H100 SXM
2024-09-21T00:00:00.000Z,2024-09-21T00:00:00.000Z,0.2272264194139194,H100 SXM
2024-09-22T00:00:00.000Z,2024-09-22T00:00:00.000Z,0.2387820512820513,H100 SXM
2024-09-23T00:00:00.000Z,2024-09-23T00:00:00.000Z,0.3097976965164465,H100 SXM
2024-09-24T00:00:00.000Z,2024-09-24T00:00:00.000Z,0.6189421428161263,H100 SXM
2024-09-25T00:00:00.000Z,2024-09-25T00:00:00.000Z,0.7087439807939908,H100 SXM
2024-09-26T00:00:00.000Z,2024-09-26T00:00:00.000Z,0.6141957505511284,H100 SXM
2024-09-27T00:00:00.000Z,2024-09-27T00:00:00.000Z,0.7351190476190477,H100 SXM
2024-09-28T00:00:00.000Z,2024-09-28T00:00:00.000Z,0.5601781938991242,H100 SXM
2024-09-29T00:00:00.000Z,2024-09-29T00:00:00.000Z,0.3958333333333333,H100 SXM
2024-09-30T00:00:00.000Z,2024-09-30T00:00:00.000Z,0.46808345976286325,H100 SXM
2024-10-01T00:00:00.000Z,2024-10-01T00:00:00.000Z,0.3545964968837309,H100 SXM
2024-10-02T00:00:00.000Z,2024-10-02T00:00:00.000Z,0.48631525856389984,H100 SXM
2024-10-03T00:00:00.000Z,2024-10-03T00:00:00.000Z,0.5307765151515151,H100 SXM
2024-10-04T00:00:00.000Z,2024-10-04T00:00:00.000Z,0.417892354395014,H100 SXM
2024-10-05T00:00:00.000Z,2024-10-05T00:00:00.000Z,0.31675417687451957,H100 SXM
2024-10-06T00:00:00.000Z,2024-10-06T00:00:00.000Z,0.3457456328751432,H100 SXM
2024-10-07T00:00:00.000Z,2024-10-07T00:00:00.000Z,0.38253848246287764,H100 SXM
2024-10-08T00:00:00.000Z,2024-10-08T00:00:00.000Z,0.5117115187679704,H100 SXM
2024-10-09T00:00:00.000Z,2024-10-09T00:00:00.000Z,0.5508292129763904,H100 SXM
2024-10-10T00:00:00.000Z,2024-10-10T00:00:00.000Z,0.5143275836320191,H100 SXM
2024-10-11T00:00:00.000Z,2024-10-11T00:00:00.000Z,0.4732408056876142,H100 SXM
2024-10-12T00:00:00.000Z,2024-10-12T00:00:00.000Z,0.5353200978215432,H100 SXM
2024-10-13T00:00:00.000Z,2024-10-13T00:00:00.000Z,0.46049401371874776,H100 SXM
2024-10-14T00:00:00.000Z,2024-10-14T00:00:00.000Z,0.48585688505043345,H100 SXM
2024-10-15T00:00:00.000Z,2024-10-15T00:00:00.000Z,0.5213863937735975,H100 SXM
2024-10-16T00:00:00.000Z,2024-10-16T00:00:00.000Z,0.43403025637970416,H100 SXM
2024-10-17T00:00:00.000Z,2024-10-17T00:00:00.000Z,0.5502336913536081,H100 SXM
2024-10-18T00:00:00.000Z,2024-10-18T00:00:00.000Z,0.5976296408426126,H100 SXM
2024-10-19T00:00:00.000Z,2024-10-19T00:00:00.000Z,0.6555250190180698,H100 SXM
2024-10-20T00:00:00.000Z,2024-10-20T00:00:00.000Z,0.7129397819922013,H100 SXM
2024-10-21T00:00:00.000Z,2024-10-21T00:00:00.000Z,0.6139385118533329,H100 SXM
2024-10-22T00:00:00.000Z,2024-10-22T00:00:00.000Z,0.6060606060606061,H100 SXM
2024-10-23T00:00:00.000Z,2024-10-23T00:00:00.000Z,0.6519468730454969,H100 SXM
2024-10-24T00:00:00.000Z,2024-10-24T00:00:00.000Z,0.6825163699741845,H100 SXM
2024-10-25T00:00:00.000Z,2024-10-25T00:00:00.000Z,0.6531978310432923,H100 SXM
2024-10-26T00:00:00.000Z,2024-10-26T00:00:00.000Z,0.6029749983920195,H100 SXM
2024-10-27T00:00:00.000Z,2024-10-27T00:00:00.000Z,0.700479457887408,H100 SXM
2024-10-28T00:00:00.000Z,2024-10-28T00:00:00.000Z,0.7502289170210354,H100 SXM
2024-10-29T00:00:00.000Z,2024-10-29T00:00:00.000Z,0.8052271684048046,H100 SXM
2024-10-30T00:00:00.000Z,2024-10-30T00:00:00.000Z,0.7304653735601316,H100 SXM
2024-10-31T00:00:00.000Z,2024-10-31T00:00:00.000Z,0.7415296434280411,H100 SXM
2024-11-01T00:00:00.000Z,2024-11-01T00:00:00.000Z,0.6684662142226411,H100 SXM
2024-11-02T00:00:00.000Z,2024-11-02T00:00:00.000Z,0.636673223186061,H100 SXM
2024-11-03T00:00:00.000Z,2024-11-03T00:00:00.000Z,0.6044634540462994,H100 SXM
2024-11-04T00:00:00.000Z,2024-11-04T00:00:00.000Z,0.6399653059694551,H100 SXM
2024-11-05T00:00:00.000Z,2024-11-05T00:00:00.000Z,0.758269807121223,H100 SXM
2024-11-06T00:00:00.000Z,2024-11-06T00:00:00.000Z,0.8120659722222222,H100 SXM
2024-11-07T00:00:00.000Z,2024-11-07T00:00:00.000Z,0.7988739078234747,H100 SXM
2024-11-08T00:00:00.000Z,2024-11-08T00:00:00.000Z,0.7223624595469256,H100 SXM
2024-11-09T00:00:00.000Z,2024-11-09T00:00:00.000Z,0.68,H100 SXM
2024-11-10T00:00:00.000Z,2024-11-10T00:00:00.000Z,0.685,H100 SXM
2024-11-11T00:00:00.000Z,2024-11-11T00:00:00.000Z,0.7403476048962362,H100 SXM
2024-11-12T00:00:00.000Z,2024-11-12T00:00:00.000Z,0.6974198717948717,H100 SXM
2024-11-13T00:00:00.000Z,2024-11-13T00:00:00.000Z,0.6597222222222222,H100 SXM
2024-11-14T00:00:00.000Z,2024-11-14T00:00:00.000Z,0.6385768244016774,H100 SXM
2024-11-15T00:00:00.000Z,2024-11-15T00:00:00.000Z,0.6125399278266436,H100 SXM
2024-11-16T00:00:00.000Z,2024-11-16T00:00:00.000Z,0.5948275862068966,H100 SXM
2024-11-17T00:00:00.000Z,2024-11-17T00:00:00.000Z,0.5693247126436781,H100 SXM
2024-11-18T00:00:00.000Z,2024-11-18T00:00:00.000Z,0.6269891977999622,H100 SXM
2024-11-19T00:00:00.000Z,2024-11-19T00:00:00.000Z,0.6546147675214226,H100 SXM
2024-11-20T00:00:00.000Z,2024-11-20T00:00:00.000Z,0.6831896551724138,H100 SXM
2024-11-21T00:00:00.000Z,2024-11-21T00:00:00.000Z,0.685829894881619,H100 SXM
2024-11-22T00:00:00.000Z,2024-11-22T00:00:00.000Z,0.6761385323942039,H100 SXM
2024-11-23T00:00:00.000Z,2024-11-23T00:00:00.000Z,0.6817528735632183,H100 SXM
2024-11-24T00:00:00.000Z,2024-11-24T00:00:00.000Z,0.6853448275862069,H100 SXM
2024-11-25T00:00:00.000Z,2024-11-25T00:00:00.000Z,0.6835488505747126,H100 SXM
2024-11-26T00:00:00.000Z,2024-11-26T00:00:00.000Z,0.7611304838652102,H100 SXM
2024-11-27T00:00:00.000Z,2024-11-27T00:00:00.000Z,0.7468773168360875,H100 SXM
2024-11-28T00:00:00.000Z,2024-11-28T00:00:00.000Z,0.7266522988505747,H100 SXM
2024-11-29T00:00:00.000Z,2024-11-29T00:00:00.000Z,0.7529564544650752,H100 SXM
2024-11-30T00:00:00.000Z,2024-11-30T00:00:00.000Z,0.6573275862068966,H100 SXM
2024-12-01T00:00:00.000Z,2024-12-01T00:00:00.000Z,0.6989942528735632,H100 SXM
2024-12-02T00:00:00.000Z,2024-12-02T00:00:00.000Z,0.6963266757710254,H100 SXM
2024-12-03T00:00:00.000Z,2024-12-03T00:00:00.000Z,0.7504166666666666,H100 SXM
2024-12-04T00:00:00.000Z,2024-12-04T00:00:00.000Z,0.7516666666666667,H100 SXM
2024-12-05T00:00:00.000Z,2024-12-05T00:00:00.000Z,0.727921195652174,H100 SXM
2024-12-06T00:00:00.000Z,2024-12-06T00:00:00.000Z,0.7397253334721493,H100 SXM
2024-12-07T00:00:00.000Z,2024-12-07T00:00:00.000Z,0.5561007553255621,H100 SXM
2024-12-08T00:00:00.000Z,2024-12-08T00:00:00.000Z,0.5369577363718718,H100 SXM
2024-12-09T00:00:00.000Z,2024-12-09T00:00:00.000Z,0.5094932067000557,H100 SXM
2024-12-10T00:00:00.000Z,2024-12-10T00:00:00.000Z,0.49247170624576186,H100 SXM
2024-12-11T00:00:00.000Z,2024-12-11T00:00:00.000Z,0.559397020399402,H100 SXM
2024-12-12T00:00:00.000Z,2024-12-12T00:00:00.000Z,0.6375848317481356,H100 SXM
2024-12-13T00:00:00.000Z,2024-12-13T00:00:00.000Z,0.5069920079486469,H100 SXM
2024-12-14T00:00:00.000Z,2024-12-14T00:00:00.000Z,0.6140211653408537,H100 SXM
2024-12-15T00:00:00.000Z,2024-12-15T00:00:00.000Z,0.5880850247003923,H100 SXM
2024-12-16T00:00:00.000Z,2024-12-16T00:00:00.000Z,0.6223701159295835,H100 SXM
2024-12-17T00:00:00.000Z,2024-12-17T00:00:00.000Z,0.6721610056454795,H100 SXM
2024-12-18T00:00:00.000Z,2024-12-18T00:00:00.000Z,0.7019025646862533,H100 SXM
2024-12-19T00:00:00.000Z,2024-12-19T00:00:00.000Z,0.6725164762077513,H100 SXM
2024-12-20T00:00:00.000Z,2024-12-20T00:00:00.000Z,0.712221175482365,H100 SXM
2024-12-21T00:00:00.000Z,2024-12-21T00:00:00.000Z,0.6763794243952536,H100 SXM
2024-12-22T00:00:00.000Z,2024-12-22T00:00:00.000Z,0.628015350877193,H100 SXM
2024-12-23T00:00:00.000Z,2024-12-23T00:00:00.000Z,0.6022711376177216,H100 SXM
2024-12-24T00:00:00.000Z,2024-12-24T00:00:00.000Z,0.5673606984955673,H100 SXM
2024-12-25T00:00:00.000Z,2024-12-25T00:00:00.000Z,0.5773207590548953,H100 SXM
2024-12-26T00:00:00.000Z,2024-12-26T00:00:00.000Z,0.5809176617203858,H100 SXM
2024-12-27T00:00:00.000Z,2024-12-27T00:00:00.000Z,0.6420765265931164,H100 SXM
2024-12-28T00:00:00.000Z,2024-12-28T00:00:00.000Z,0.6504620959146068,H100 SXM
2024-12-29T00:00:00.000Z,2024-12-29T00:00:00.000Z,0.5971354166666667,H100 SXM
2024-12-30T00:00:00.000Z,2024-12-30T00:00:00.000Z,0.6101855796278265,H100 SXM
2024-12-31T00:00:00.000Z,2024-12-31T00:00:00.000Z,0.6089743589743589,H100 SXM
2025-01-01T00:00:00.000Z,2025-01-01T00:00:00.000Z,0.5661599099099099,H100 SXM
2025-01-02T00:00:00.000Z,2025-01-02T00:00:00.000Z,0.5481418918918919,H100 SXM
2025-01-03T00:00:00.000Z,2025-01-03T00:00:00.000Z,0.5698482702159173,H100 SXM
2025-01-04T00:00:00.000Z,2025-01-04T00:00:00.000Z,0.6233038202889152,H100 SXM
2025-01-05T00:00:00.000Z,2025-01-05T00:00:00.000Z,0.5955596038330006,H100 SXM
2025-01-06T00:00:00.000Z,2025-01-06T00:00:00.000Z,0.6009615384615384,H100 SXM
2025-01-07T00:00:00.000Z,2025-01-07T00:00:00.000Z,0.457271959306843,H100 SXM
2025-01-08T00:00:00.000Z,2025-01-08T00:00:00.000Z,0.4313783654026831,H100 SXM
2025-01-09T00:00:00.000Z,2025-01-09T00:00:00.000Z,0.31778916932000606,H100 SXM
2025-01-10T00:00:00.000Z,2025-01-10T00:00:00.000Z,0.35430242818917507,H100 SXM
2025-01-11T00:00:00.000Z,2025-01-11T00:00:00.000Z,0.30529566963268434,H100 SXM
2025-01-12T00:00:00.000Z,2025-01-12T00:00:00.000Z,0.3030611017612182,H100 SXM
2025-01-13T00:00:00.000Z,2025-01-13T00:00:00.000Z,0.32810418832311444,H100 SXM
2025-01-14T00:00:00.000Z,2025-01-14T00:00:00.000Z,0.35291367825816644,H100 SXM
2025-01-15T00:00:00.000Z,2025-01-15T00:00:00.000Z,0.3933531746031746,H100 SXM
2025-01-16T00:00:00.000Z,2025-01-16T00:00:00.000Z,0.41041359966353796,H100 SXM
2025-01-17T00:00:00.000Z,2025-01-17T00:00:00.000Z,0.5123603444002707,H100 SXM
2025-01-18T00:00:00.000Z,2025-01-18T00:00:00.000Z,0.4953175162206197,H100 SXM
2025-01-19T00:00:00.000Z,2025-01-19T00:00:00.000Z,0.48286290322580644,H100 SXM
2025-01-20T00:00:00.000Z,2025-01-20T00:00:00.000Z,0.47678833244068086,H100 SXM
2025-01-21T00:00:00.000Z,2025-01-21T00:00:00.000Z,0.5239954866358253,H100 SXM
2025-01-22T00:00:00.000Z,2025-01-22T00:00:00.000Z,0.5455598901164217,H100 SXM
2025-01-23T00:00:00.000Z,2025-01-23T00:00:00.000Z,0.5982092546252773,H100 SXM
2025-01-24T00:00:00.000Z,2025-01-24T00:00:00.000Z,0.5303099387304602,H100 SXM
2025-01-25T00:00:00.000Z,2025-01-25T00:00:00.000Z,0.5162605530843658,H100 SXM
2025-01-26T00:00:00.000Z,2025-01-26T00:00:00.000Z,0.4980940910344071,H100 SXM
2025-01-27T00:00:00.000Z,2025-01-27T00:00:00.000Z,0.5111913245131839,H100 SXM
2025-01-28T00:00:00.000Z,2025-01-28T00:00:00.000Z,0.5732747743234343,H100 SXM
2025-01-29T00:00:00.000Z,2025-01-29T00:00:00.000Z,0.591220238095238,H100 SXM
2025-01-30T00:00:00.000Z,2025-01-30T00:00:00.000Z,0.562219658462636,H100 SXM
2025-01-31T00:00:00.000Z,2025-01-31T00:00:00.000Z,0.5239575717252631,H100 SXM
2025-02-01T00:00:00.000Z,2025-02-01T00:00:00.000Z,0.5042989417989417,H100 SXM
2025-02-02T00:00:00.000Z,2025-02-02T00:00:00.000Z,0.4955357142857143,H100 SXM
2025-02-03T00:00:00.000Z,2025-02-03T00:00:00.000Z,0.48933954471757884,H100 SXM
2025-02-04T00:00:00.000Z,2025-02-04T00:00:00.000Z,0.49974598930481284,H100 SXM
2025-02-05T00:00:00.000Z,2025-02-05T00:00:00.000Z,0.6036291630269716,H100 SXM
2025-02-06T00:00:00.000Z,2025-02-06T00:00:00.000Z,0.5264500353219457,H100 SXM
2025-02-07T00:00:00.000Z,2025-02-07T00:00:00.000Z,0.5276443025124475,H100 SXM
2025-02-08T00:00:00.000Z,2025-02-08T00:00:00.000Z,0.5924479166666666,H100 SXM
2025-02-09T00:00:00.000Z,2025-02-09T00:00:00.000Z,0.5973307291666666,H100 SXM
2025-02-10T00:00:00.000Z,2025-02-10T00:00:00.000Z,0.5758055722895445,H100 SXM
2025-02-11T00:00:00.000Z,2025-02-11T00:00:00.000Z,0.5407536899788443,H100 SXM
2025-02-12T00:00:00.000Z,2025-02-12T00:00:00.000Z,0.5080086546964053,H100 SXM
2025-02-13T00:00:00.000Z,2025-02-13T00:00:00.000Z,0.5389251831602889,H100 SXM
2025-02-14T00:00:00.000Z,2025-02-14T00:00:00.000Z,0.5143315795780734,H100 SXM
2025-02-15T00:00:00.000Z,2025-02-15T00:00:00.000Z,0.49368074395728884,H100 SXM
2025-02-16T00:00:00.000Z,2025-02-16T00:00:00.000Z,0.45146194848803034,H100 SXM
2025-02-17T00:00:00.000Z,2025-02-17T00:00:00.000Z,0.47691659220260163,H100 SXM
2025-02-18T00:00:00.000Z,2025-02-18T00:00:00.000Z,0.47608528777532927,H100 SXM
2025-02-19T00:00:00.000Z,2025-02-19T00:00:00.000Z,0.5282343212624973,H100 SXM
2025-02-20T00:00:00.000Z,2025-02-20T00:00:00.000Z,0.5447118989075624,H100 SXM
2025-02-21T00:00:00.000Z,2025-02-21T00:00:00.000Z,0.5765175601959579,H100 SXM
2025-02-22T00:00:00.000Z,2025-02-22T00:00:00.000Z,0.5374607640555805,H100 SXM
2025-02-23T00:00:00.000Z,2025-02-23T00:00:00.000Z,0.5731547722012175,H100 SXM
2025-02-24T00:00:00.000Z,2025-02-24T00:00:00.000Z,0.5820293114874685,H100 SXM
2025-02-25T00:00:00.000Z,2025-02-25T00:00:00.000Z,0.6401173118142323,H100 SXM
2025-02-26T00:00:00.000Z,2025-02-26T00:00:00.000Z,0.6314507632920063,H100 SXM
2025-02-27T00:00:00.000Z,2025-02-27T00:00:00.000Z,0.6431054301323073,H100 SXM
2025-02-28T00:00:00.000Z,2025-02-28T00:00:00.000Z,0.7049176907312447,H100 SXM
2025-03-01T00:00:00.000Z,2025-03-01T00:00:00.000Z,0.7652056166889246,H100 SXM
2025-03-02T00:00:00.000Z,2025-03-02T00:00:00.000Z,0.6849725663781132,H100 SXM
2025-03-03T00:00:00.000Z,2025-03-03T00:00:00.000Z,0.6337333169725254,H100 SXM
2025-03-04T00:00:00.000Z,2025-03-04T00:00:00.000Z,0.574890717760271,H100 SXM
2025-03-05T00:00:00.000Z,2025-03-05T00:00:00.000Z,0.6187101392134032,H100 SXM
2025-03-06T00:00:00.000Z,2025-03-06T00:00:00.000Z,0.6610101712041296,H100 SXM
2025-03-07T00:00:00.000Z,2025-03-07T00:00:00.000Z,0.6528031813203179,H100 SXM
2025-03-08T00:00:00.000Z,2025-03-08T00:00:00.000Z,0.5970506604724504,H100 SXM
2025-03-09T00:00:00.000Z,2025-03-09T00:00:00.000Z,0.5614113966895086,H100 SXM
2025-03-10T00:00:00.000Z,2025-03-10T00:00:00.000Z,0.5757876605652136,H100 SXM
2025-03-11T00:00:00.000Z,2025-03-11T00:00:00.000Z,0.5545032066916257,H100 SXM
2025-03-12T00:00:00.000Z,2025-03-12T00:00:00.000Z,0.591406553269755,H100 SXM
2025-03-13T00:00:00.000Z,2025-03-13T00:00:00.000Z,0.5797212133626959,H100 SXM
2025-03-14T00:00:00.000Z,2025-03-14T00:00:00.000Z,0.5691997070983139,H100 SXM
2025-03-15T00:00:00.000Z,2025-03-15T00:00:00.000Z,0.57169445489265,H100 SXM
2025-03-16T00:00:00.000Z,2025-03-16T00:00:00.000Z,0.5905124069690239,H100 SXM
2025-03-17T00:00:00.000Z,2025-03-17T00:00:00.000Z,0.6208057517977803,H100 SXM
2025-03-18T00:00:00.000Z,2025-03-18T00:00:00.000Z,0.5860048349236859,H100 SXM
2025-03-19T00:00:00.000Z,2025-03-19T00:00:00.000Z,0.5832035235644294,H100 SXM
2025-03-20T00:00:00.000Z,2025-03-20T00:00:00.000Z,0.5507046405099179,H100 SXM
2025-03-21T00:00:00.000Z,2025-03-21T00:00:00.000Z,0.5158403156301161,H100 SXM
2025-03-22T00:00:00.000Z,2025-03-22T00:00:00.000Z,0.5009383271985219,H100 SXM
2025-03-23T00:00:00.000Z,2025-03-23T00:00:00.000Z,0.4771712075845391,H100 SXM
2025-03-24T00:00:00.000Z,2025-03-24T00:00:00.000Z,0.4889463684769267,H100 SXM
2025-03-25T00:00:00.000Z,2025-03-25T00:00:00.000Z,0.5075642523004275,H100 SXM
2025-03-26T00:00:00.000Z,2025-03-26T00:00:00.000Z,0.5152074083268596,H100 SXM
2025-03-27T00:00:00.000Z,2025-03-27T00:00:00.000Z,0.5186389613662121,H100 SXM
2025-03-28T00:00:00.000Z,2025-03-28T00:00:00.000Z,0.512962962962963,H100 SXM
2025-03-29T00:00:00.000Z,2025-03-29T00:00:00.000Z,0.4828042328042328,H100 SXM
2025-03-30T00:00:00.000Z,2025-03-30T00:00:00.000Z,0.4674221484969482,H100 SXM
2025-03-31T00:00:00.000Z,2025-03-31T00:00:00.000Z,0.4950745291978641,H100 SXM
2025-04-01T00:00:00.000Z,2025-04-01T00:00:00.000Z,0.495472696642349,H100 SXM
2025-04-02T00:00:00.000Z,2025-04-02T00:00:00.000Z,0.48113651614418246,H100 SXM
2025-04-03T00:00:00.000Z,2025-04-03T00:00:00.000Z,0.471881017373637,H100 SXM
2025-04-04T00:00:00.000Z,2025-04-04T00:00:00.000Z,0.4341406216283096,H100 SXM
2025-04-05T00:00:00.000Z,2025-04-05T00:00:00.000Z,0.42424075947712037,H100 SXM
2025-04-06T00:00:00.000Z,2025-04-06T00:00:00.000Z,0.40902497961549106,H100 SXM
2025-04-07T00:00:00.000Z,2025-04-07T00:00:00.000Z,0.4467125623796009,H100 SXM
2025-04-08T00:00:00.000Z,2025-04-08T00:00:00.000Z,0.44145440568946637,H100 SXM
2025-04-09T00:00:00.000Z,2025-04-09T00:00:00.000Z,0.4523553302739726,H100 SXM
2025-04-10T00:00:00.000Z,2025-04-10T00:00:00.000Z,0.382066126406292,H100 SXM
2025-04-11T00:00:00.000Z,2025-04-11T00:00:00.000Z,0.39581798426108356,H100 SXM
2025-04-12T00:00:00.000Z,2025-04-12T00:00:00.000Z,0.3958339104453571,H100 SXM
2025-04-13T00:00:00.000Z,2025-04-13T00:00:00.000Z,0.38808279773923876,H100 SXM
2025-04-14T00:00:00.000Z,2025-04-14T00:00:00.000Z,0.2955727837200394,H100 SXM
2025-04-15T00:00:00.000Z,2025-04-15T00:00:00.000Z,0.2841782224602968,H100 SXM
2025-04-16T00:00:00.000Z,2025-04-16T00:00:00.000Z,0.4147581319394325,H100 SXM
2025-04-17T00:00:00.000Z,2025-04-17T00:00:00.000Z,0.42576746097459034,H100 SXM
2025-04-18T00:00:00.000Z,2025-04-18T00:00:00.000Z,0.3824506159361006,H100 SXM
2025-04-19T00:00:00.000Z,2025-04-19T00:00:00.000Z,0.39764860424121173,H100 SXM
2025-04-20T00:00:00.000Z,2025-04-20T00:00:00.000Z,0.41360990793857977,H100 SXM
2025-04-21T00:00:00.000Z,2025-04-21T00:00:00.000Z,0.42970492588999387,H100 SXM
2025-04-22T00:00:00.000Z,2025-04-22T00:00:00.000Z,0.4830344580575548,H100 SXM
2025-04-23T00:00:00.000Z,2025-04-23T00:00:00.000Z,0.4868597808546959,H100 SXM
2025-04-24T00:00:00.000Z,2025-04-24T00:00:00.000Z,0.44030779144301635,H100 SXM
2025-04-25T00:00:00.000Z,2025-04-25T00:00:00.000Z,0.4571878419813864,H100 SXM
2025-04-26T00:00:00.000Z,2025-04-26T00:00:00.000Z,0.41306172829767734,H100 SXM
2025-04-27T00:00:00.000Z,2025-04-27T00:00:00.000Z,0.3587550872515622,H100 SXM
2025-04-28T00:00:00.000Z,2025-04-28T00:00:00.000Z,0.38982671364768195,H100 SXM
2025-04-29T00:00:00.000Z,2025-04-29T00:00:00.000Z,0.37864761157775495,H100 SXM
2025-04-30T00:00:00.000Z,2025-04-30T00:00:00.000Z,0.40746453359066676,H100 SXM
2025-05-01T00:00:00.000Z,2025-05-01T00:00:00.000Z,0.43855999553518055,H100 SXM
2025-05-02T00:00:00.000Z,2025-05-02T00:00:00.000Z,0.4913901478128561,H100 SXM
2025-05-03T00:00:00.000Z,2025-05-03T00:00:00.000Z,0.413165838045303,H100 SXM
2025-05-04T00:00:00.000Z,2025-05-04T00:00:00.000Z,0.4319046529361069,H100 SXM
2025-05-05T00:00:00.000Z,2025-05-05T00:00:00.000Z,0.5048836164933128,H100 SXM
2025-05-06T00:00:00.000Z,2025-05-06T00:00:00.000Z,0.4980217707246968,H100 SXM
2025-05-07T00:00:00.000Z,2025-05-07T00:00:00.000Z,0.5332197840415257,H100 SXM
2025-05-08T00:00:00.000Z,2025-05-08T00:00:00.000Z,0.5338887159255192,H100 SXM
2025-05-09T00:00:00.000Z,2025-05-09T00:00:00.000Z,0.5847283535695179,H100 SXM
2025-05-10T00:00:00.000Z,2025-05-10T00:00:00.000Z,0.561947424996042,H100 SXM
2025-05-11T00:00:00.000Z,2025-05-11T00:00:00.000Z,0.5327819803988038,H100 SXM
2025-05-12T00:00:00.000Z,2025-05-12T00:00:00.000Z,0.5894174915466488,H100 SXM
2025-05-13T00:00:00.000Z,2025-05-13T00:00:00.000Z,0.6347420832176695,H100 SXM
2025-05-14T00:00:00.000Z,2025-05-14T00:00:00.000Z,0.5814783167640543,H100 SXM
2025-05-15T00:00:00.000Z,2025-05-15T00:00:00.000Z,0.5521591876057902,H100 SXM
2025-05-16T00:00:00.000Z,2025-05-16T00:00:00.000Z,0.45592199598393096,H100 SXM
2025-05-17T00:00:00.000Z,2025-05-17T00:00:00.000Z,0.34696655215420696,H100 SXM
2025-05-18T00:00:00.000Z,2025-05-18T00:00:00.000Z,0.3277902427182073,H100 SXM
2025-05-19T00:00:00.000Z,2025-05-19T00:00:00.000Z,0.3319776025634414,H100 SXM
2025-05-20T00:00:00.000Z,2025-05-20T00:00:00.000Z,0.387966702445988,H100 SXM
2025-05-21T00:00:00.000Z,2025-05-21T00:00:00.000Z,0.36178114954604945,H100 SXM
2025-05-22T00:00:00.000Z,2025-05-22T00:00:00.000Z,0.3553502918742275,H100 SXM
2025-05-23T00:00:00.000Z,2025-05-23T00:00:00.000Z,0.3592787486325456,H100 SXM
2025-05-24T00:00:00.000Z,2025-05-24T00:00:00.000Z,0.38682147494859165,H100 SXM
2025-05-25T00:00:00.000Z,2025-05-25T00:00:00.000Z,0.37370516868180753,H100 SXM
2025-05-26T00:00:00.000Z,2025-05-26T00:00:00.000Z,0.3348353869048656,H100 SXM
2025-05-27T00:00:00.000Z,2025-05-27T00:00:00.000Z,0.3677522369611823,H100 SXM
2025-05-28T00:00:00.000Z,2025-05-28T00:00:00.000Z,0.3655761400128658,H100 SXM
2025-05-29T00:00:00.000Z,2025-05-29T00:00:00.000Z,0.3493348068783516,H100 SXM
2025-05-30T00:00:00.000Z,2025-05-30T00:00:00.000Z,0.30915174367939996,H100 SXM
2025-05-31T00:00:00.000Z,2025-05-31T00:00:00.000Z,0.2967895600568981,H100 SXM
2025-06-01T00:00:00.000Z,2025-06-01T00:00:00.000Z,0.29668584770760553,H100 SXM
2025-06-02T00:00:00.000Z,2025-06-02T00:00:00.000Z,0.30247356719543833,H100 SXM
2025-06-03T00:00:00.000Z,2025-06-03T00:00:00.000Z,0.2976893612670475,H100 SXM
2025-06-04T00:00:00.000Z,2025-06-04T00:00:00.000Z,0.3586108033011889,H100 SXM
2025-06-05T00:00:00.000Z,2025-06-05T00:00:00.000Z,0.32946343756382723,H100 SXM
2025-06-06T00:00:00.000Z,2025-06-06T00:00:00.000Z,0.3889576286051724,H100 SXM
2025-06-07T00:00:00.000Z,2025-06-07T00:00:00.000Z,0.3542002894551804,H100 SXM
2025-06-08T00:00:00.000Z,2025-06-08T00:00:00.000Z,0.32850513801426495,H100 SXM
2025-06-09T00:00:00.000Z,2025-06-09T00:00:00.000Z,0.32446001451379164,H100 SXM
2025-06-10T00:00:00.000Z,2025-06-10T00:00:00.000Z,0.3383609990471411,H100 SXM
2025-06-11T00:00:00.000Z,2025-06-11T00:00:00.000Z,0.35207584478386533,H100 SXM
2025-06-12T00:00:00.000Z,2025-06-12T00:00:00.000Z,0.33044733957593164,H100 SXM
2025-06-13T00:00:00.000Z,2025-06-13T00:00:00.000Z,0.26355419302140537,H100 SXM
2025-06-14T00:00:00.000Z,2025-06-14T00:00:00.000Z,0.2571836350526366,H100 SXM
2025-06-15T00:00:00.000Z,2025-06-15T00:00:00.000Z,0.274311434000653,H100 SXM
2025-06-16T00:00:00.000Z,2025-06-16T00:00:00.000Z,0.33670856323870846,H100 SXM
2025-06-17T00:00:00.000Z,2025-06-17T00:00:00.000Z,0.27536704540154655,H100 SXM
2025-06-18T00:00:00.000Z,2025-06-18T00:00:00.000Z,0.31568460647859314,H100 SXM
2025-06-19T00:00:00.000Z,2025-06-19T00:00:00.000Z,0.3444039502225292,H100 SXM
2025-06-20T00:00:00.000Z,2025-06-20T00:00:00.000Z,0.34083897627857357,H100 SXM
2025-06-21T00:00:00.000Z,2025-06-21T00:00:00.000Z,0.34664100277629156,H100 SXM
2025-06-22T00:00:00.000Z,2025-06-22T00:00:00.000Z,0.2984722699734711,H100 SXM
2025-06-23T00:00:00.000Z,2025-06-23T00:00:00.000Z,0.36007386585889906,H100 SXM
2025-06-24T00:00:00.000Z,2025-06-24T00:00:00.000Z,0.3425577070959864,H100 SXM
2025-06-25T00:00:00.000Z,2025-06-25T00:00:00.000Z,0.32472312128719466,H100 SXM
2025-06-26T00:00:00.000Z,2025-06-26T00:00:00.000Z,0.39890365083328705,H100 SXM
2025-06-27T00:00:00.000Z,2025-06-27T00:00:00.000Z,0.44269253009646065,H100 SXM
2025-06-28T00:00:00.000Z,2025-06-28T00:00:00.000Z,0.4313077125358974,H100 SXM
2025-06-29T00:00:00.000Z,2025-06-29T00:00:00.000Z,0.37979237588529907,H100 SXM
2025-06-30T00:00:00.000Z,2025-06-30T00:00:00.000Z,0.3676870066551336,H100 SXM
2025-07-01T00:00:00.000Z,2025-07-01T00:00:00.000Z,0.38550120465806587,H100 SXM
2025-07-02T00:00:00.000Z,2025-07-02T00:00:00.000Z,0.40364408520556694,H100 SXM
2025-07-03T00:00:00.000Z,2025-07-03T00:00:00.000Z,0.4342841856209375,H100 SXM
2025-07-04T00:00:00.000Z,2025-07-04T00:00:00.000Z,0.4149073802597595,H100 SXM
2025-07-05T00:00:00.000Z,2025-07-05T00:00:00.000Z,0.36916247117709533,H100 SXM
2025-07-06T00:00:00.000Z,2025-07-06T00:00:00.000Z,0.35911980588998815,H100 SXM
2025-07-07T00:00:00.000Z,2025-07-07T00:00:00.000Z,0.37144230847598125,H100 SXM
2025-07-08T00:00:00.000Z,2025-07-08T00:00:00.000Z,0.35565561391803013,H100 SXM
2025-07-09T00:00:00.000Z,2025-07-09T00:00:00.000Z,0.34944300258601485,H100 SXM
2025-07-10T00:00:00.000Z,2025-07-10T00:00:00.000Z,0.3923264055042239,H100 SXM
2025-07-11T00:00:00.000Z,2025-07-11T00:00:00.000Z,0.39412335183299896,H100 SXM
2025-07-12T00:00:00.000Z,2025-07-12T00:00:00.000Z,0.4166350279359021,H100 SXM
2025-07-13T00:00:00.000Z,2025-07-13T00:00:00.000Z,0.3910115758532702,H100 SXM
2025-07-14T00:00:00.000Z,2025-07-14T00:00:00.000Z,0.468903374246257,H100 SXM
2025-07-15T00:00:00.000Z,2025-07-15T00:00:00.000Z,0.5108486171692629,H100 SXM
2025-07-16T00:00:00.000Z,2025-07-16T00:00:00.000Z,0.48057669946909043,H100 SXM
2025-07-17T00:00:00.000Z,2025-07-17T00:00:00.000Z,0.4806217195269588,H100 SXM
2025-07-18T00:00:00.000Z,2025-07-18T00:00:00.000Z,0.426179391478622,H100 SXM
2025-07-19T00:00:00.000Z,2025-07-19T00:00:00.000Z,0.40618829672095486,H100 SXM
2025-07-20T00:00:00.000Z,2025-07-20T00:00:00.000Z,0.4103593890523887,H100 SXM
2025-07-21T00:00:00.000Z,2025-07-21T00:00:00.000Z,0.38059299507318867,H100 SXM
2025-07-22T00:00:00.000Z,2025-07-22T00:00:00.000Z,0.4334370091085611,H100 SXM
2025-07-23T00:00:00.000Z,2025-07-23T00:00:00.000Z,0.4320660696289877,H100 SXM
2025-07-24T00:00:00.000Z,2025-07-24T00:00:00.000Z,0.39041104024367423,H100 SXM
2025-07-25T00:00:00.000Z,2025-07-25T00:00:00.000Z,0.4899252738776709,H100 SXM
2025-07-26T00:00:00.000Z,2025-07-26T00:00:00.000Z,0.5366805334991542,H100 SXM
2025-07-27T00:00:00.000Z,2025-07-27T00:00:00.000Z,0.49867474160453046,H100 SXM
2025-07-28T00:00:00.000Z,2025-07-28T00:00:00.000Z,0.5373068656869678,H100 SXM
2025-07-29T00:00:00.000Z,2025-07-29T00:00:00.000Z,0.5516928610864691,H100 SXM
2025-07-30T00:00:00.000Z,2025-07-30T00:00:00.000Z,0.5423290448576271,H100 SXM
2025-07-31T00:00:00.000Z,2025-07-31T00:00:00.000Z,0.5291992841113594,H100 SXM
2025-08-01T00:00:00.000Z,2025-08-01T00:00:00.000Z,0.5218802718710299,H100 SXM
2025-08-02T00:00:00.000Z,2025-08-02T00:00:00.000Z,0.5028986362190695,H100 SXM
2025-08-03T00:00:00.000Z,2025-08-03T00:00:00.000Z,0.45156775314866576,H100 SXM
2025-08-04T00:00:00.000Z,2025-08-04T00:00:00.000Z,0.4921891156014132,H100 SXM
2025-08-05T00:00:00.000Z,2025-08-05T00:00:00.000Z,0.5209504693414863,H100 SXM
2025-08-06T00:00:00.000Z,2025-08-06T00:00:00.000Z,0.5495032123374662,H100 SXM
2025-08-07T00:00:00.000Z,2025-08-07T00:00:00.000Z,0.5808179877347381,H100 SXM
2025-08-08T00:00:00.000Z,2025-08-08T00:00:00.000Z,0.5388103739932908,H100 SXM
2025-08-09T00:00:00.000Z,2025-08-09T00:00:00.000Z,0.4792409580476653,H100 SXM
2025-08-10T00:00:00.000Z,2025-08-10T00:00:00.000Z,0.5141895746182155,H100 SXM
2025-08-11T00:00:00.000Z,2025-08-11T00:00:00.000Z,0.5364731721762942,H100 SXM
2025-08-12T00:00:00.000Z,2025-08-12T00:00:00.000Z,0.5120483871988661,H100 SXM
2025-08-13T00:00:00.000Z,2025-08-13T00:00:00.000Z,0.5780479748502807,H100 SXM
2025-08-14T00:00:00.000Z,2025-08-14T00:00:00.000Z,0.4829010200697685,H100 SXM
2025-08-15T00:00:00.000Z,2025-08-15T00:00:00.000Z,0.5017688351989338,H100 SXM
2025-08-16T00:00:00.000Z,2025-08-16T00:00:00.000Z,0.43653109665282624,H100 SXM
2025-08-17T00:00:00.000Z,2025-08-17T00:00:00.000Z,0.4519785199189728,H100 SXM
2025-08-18T00:00:00.000Z,2025-08-18T00:00:00.000Z,0.4806865873009278,H100 SXM
2025-08-19T00:00:00.000Z,2025-08-19T00:00:00.000Z,0.5264065299884856,H100 SXM
2025-08-20T00:00:00.000Z,2025-08-20T00:00:00.000Z,0.5634091847163276,H100 SXM
2025-08-21T00:00:00.000Z,2025-08-21T00:00:00.000Z,0.6364662913709748,H100 SXM
2025-08-22T00:00:00.000Z,2025-08-22T00:00:00.000Z,0.5309226858875898,H100 SXM
2025-08-23T00:00:00.000Z,2025-08-23T00:00:00.000Z,0.49958906236491424,H100 SXM
2025-08-24T00:00:00.000Z,2025-08-24T00:00:00.000Z,0.4959068599823155,H100 SXM
2025-08-25T00:00:00.000Z,2025-08-25T00:00:00.000Z,0.5837621133863695,H100 SXM
2025-08-26T00:00:00.000Z,2025-08-26T00:00:00.000Z,0.6015932923690288,H100 SXM
2025-08-27T00:00:00.000Z,2025-08-27T00:00:00.000Z,0.600307670521978,H100 SXM
2025-08-28T00:00:00.000Z,2025-08-28T00:00:00.000Z,0.6005215352813614,H100 SXM
2025-08-29T00:00:00.000Z,2025-08-29T00:00:00.000Z,0.6061064369193299,H100 SXM
2025-08-30T00:00:00.000Z,2025-08-30T00:00:00.000Z,0.5562040989912237,H100 SXM
2025-08-31T00:00:00.000Z,2025-08-31T00:00:00.000Z,0.5283862453070346,H100 SXM
2025-09-01T00:00:00.000Z,2025-09-01T00:00:00.000Z,0.6179795869361624,H100 SXM
2025-09-02T00:00:00.000Z,2025-09-02T00:00:00.000Z,0.5738262351648108,H100 SXM
2025-09-03T00:00:00.000Z,2025-09-03T00:00:00.000Z,0.561972719806703,H100 SXM
2025-09-04T00:00:00.000Z,2025-09-04T00:00:00.000Z,0.5708814116460459,H100 SXM
2025-09-05T00:00:00.000Z,2025-09-05T00:00:00.000Z,0.541417358348014,H100 SXM
2025-09-06T00:00:00.000Z,2025-09-06T00:00:00.000Z,0.46575496732796784,H100 SXM
2025-09-07T00:00:00.000Z,2025-09-07T00:00:00.000Z,0.4022419458108057,H100 SXM
2025-09-08T00:00:00.000Z,2025-09-08T00:00:00.000Z,0.43538302601479406,H100 SXM
2025-09-09T00:00:00.000Z,2025-09-09T00:00:00.000Z,0.5002411201936258,H100 SXM
2025-09-10T00:00:00.000Z,2025-09-10T00:00:00.000Z,0.5315557912773332,H100 SXM
2025-09-11T00:00:00.000Z,2025-09-11T00:00:00.000Z,0.554163361270826,H100 SXM
2025-09-12T00:00:00.000Z,2025-09-12T00:00:00.000Z,0.5462476741446118,H100 SXM
2025-09-13T00:00:00.000Z,2025-09-13T00:00:00.000Z,0.5626794657572286,H100 SXM
2025-09-14T00:00:00.000Z,2025-09-14T00:00:00.000Z,0.5979903749004387,H100 SXM
2025-09-15T00:00:00.000Z,2025-09-15T00:00:00.000Z,0.663003391331765,H100 SXM
2025-09-16T00:00:00.000Z,2025-09-16T00:00:00.000Z,0.5796628568902112,H100 SXM
2025-09-17T00:00:00.000Z,2025-09-17T00:00:00.000Z,0.48076267840378467,H100 SXM
2025-09-18T00:00:00.000Z,2025-09-18T00:00:00.000Z,0.48801604822690553,H100 SXM
2025-09-19T00:00:00.000Z,2025-09-19T00:00:00.000Z,0.5167096163960392,H100 SXM
2025-09-20T00:00:00.000Z,2025-09-20T00:00:00.000Z,0.5266336417078366,H100 SXM
2025-09-21T00:00:00.000Z,2025-09-21T00:00:00.000Z,0.5252503633366159,H100 SXM
2025-09-22T00:00:00.000Z,2025-09-22T00:00:00.000Z,0.5598305733402071,H100 SXM
2025-09-23T00:00:00.000Z,2025-09-23T00:00:00.000Z,0.5170985833977415,H100 SXM
2025-09-24T00:00:00.000Z,2025-09-24T00:00:00.000Z,0.5624399040357556,H100 SXM
2025-09-25T00:00:00.000Z,2025-09-25T00:00:00.000Z,0.4979551685513117,H100 SXM
2025-09-26T00:00:00.000Z,2025-09-26T00:00:00.000Z,0.32346051458470854,H100 SXM
2025-09-27T00:00:00.000Z,2025-09-27T00:00:00.000Z,0.2559159092053245,H100 SXM
2025-09-28T00:00:00.000Z,2025-09-28T00:00:00.000Z,0.26019544368053954,H100 SXM
2025-09-29T00:00:00.000Z,2025-09-29T00:00:00.000Z,0.3071053010749973,H100 SXM
2025-09-30T00:00:00.000Z,2025-09-30T00:00:00.000Z,0.3491581196042908,H100 SXM
2025-10-01T00:00:00.000Z,2025-10-01T00:00:00.000Z,0.3606090565056293,H100 SXM
2025-10-02T00:00:00.000Z,2025-10-02T00:00:00.000Z,0.3780139846489786,H100 SXM
2025-10-03T00:00:00.000Z,2025-10-03T00:00:00.000Z,0.3915418387426817,H100 SXM
2025-10-04T00:00:00.000Z,2025-10-04T00:00:00.000Z,0.37548654405564286,H100 SXM
2025-10-05T00:00:00.000Z,2025-10-05T00:00:00.000Z,0.330708852256953,H100 SXM
2025-10-06T00:00:00.000Z,2025-10-06T00:00:00.000Z,0.3518150791026584,H100 SXM
2025-10-07T00:00:00.000Z,2025-10-07T00:00:00.000Z,0.4102348083893238,H100 SXM
2025-10-08T00:00:00.000Z,2025-10-08T00:00:00.000Z,0.4835644195076615,H100 SXM
2025-10-09T00:00:00.000Z,2025-10-09T00:00:00.000Z,0.4943242437385452,H100 SXM
2025-10-10T00:00:00.000Z,2025-10-10T00:00:00.000Z,0.4383680250500517,H100 SXM
2025-10-11T00:00:00.000Z,2025-10-11T00:00:00.000Z,0.402477362097369,H100 SXM
2025-10-12T00:00:00.000Z,2025-10-12T00:00:00.000Z,0.43899384702092076,H100 SXM
2025-10-13T00:00:00.000Z,2025-10-13T00:00:00.000Z,0.47763633587722076,H100 SXM
2025-10-14T00:00:00.000Z,2025-10-14T00:00:00.000Z,0.48966195800867574,H100 SXM
2025-10-15T00:00:00.000Z,2025-10-15T00:00:00.000Z,0.5003561319043708,H100 SXM
2025-10-16T00:00:00.000Z,2025-10-16T00:00:00.000Z,0.4454892272391589,H100 SXM
2025-10-17T00:00:00.000Z,2025-10-17T00:00:00.000Z,0.4470352532508207,H100 SXM
2025-10-18T00:00:00.000Z,2025-10-18T00:00:00.000Z,0.4165684213934309,H100 SXM
2025-10-19T00:00:00.000Z,2025-10-19T00:00:00.000Z,0.40829388724024385,H100 SXM
2025-10-20T00:00:00.000Z,2025-10-20T00:00:00.000Z,0.3972769638778219,H100 SXM
2025-10-21T00:00:00.000Z,2025-10-21T00:00:00.000Z,0.5005516296281366,H100 SXM
2025-10-22T00:00:00.000Z,2025-10-22T00:00:00.000Z,0.5067620435843564,H100 SXM
2025-10-23T00:00:00.000Z,2025-10-23T00:00:00.000Z,0.5137798056625978,H100 SXM
2025-10-24T00:00:00.000Z,2025-10-24T00:00:00.000Z,0.5218758631588989,H100 SXM
2025-10-25T00:00:00.000Z,2025-10-25T00:00:00.000Z,0.492096849203581,H100 SXM
2025-10-26T00:00:00.000Z,2025-10-26T00:00:00.000Z,0.47863627045208634,H100 SXM
2025-10-27T00:00:00.000Z,2025-10-27T00:00:00.000Z,0.5933349950798127,H100 SXM
2025-10-28T00:00:00.000Z,2025-10-28T00:00:00.000Z,0.6048149848654899,H100 SXM
2025-10-29T00:00:00.000Z,2025-10-29T00:00:00.000Z,0.6561812288877148,H100 SXM
2025-10-30T00:00:00.000Z,2025-10-30T00:00:00.000Z,0.5695851239582747,H100 SXM
2025-10-31T00:00:00.000Z,2025-10-31T00:00:00.000Z,0.5414986383054758,H100 SXM
2025-11-01T00:00:00.000Z,2025-11-01T00:00:00.000Z,0.4712315008828973,H100 SXM
2025-11-02T00:00:00.000Z,2025-11-02T00:00:00.000Z,0.4940225035161744,H100 SXM
2025-11-03T00:00:00.000Z,2025-11-03T00:00:00.000Z,0.524879398895381,H100 SXM
2025-11-04T00:00:00.000Z,2025-11-04T00:00:00.000Z,0.5101310610700432,H100 SXM
2025-11-05T00:00:00.000Z,2025-11-05T00:00:00.000Z,0.6702292441140025,H100 SXM
2025-11-06T00:00:00.000Z,2025-11-06T00:00:00.000Z,0.5701672862453532,H100 SXM
2025-11-07T00:00:00.000Z,2025-11-07T00:00:00.000Z,0.5003097893432465,H100 SXM
2025-11-08T00:00:00.000Z,2025-11-08T00:00:00.000Z,0.5088289962825279,H100 SXM
2025-11-09T00:00:00.000Z,2025-11-09T00:00:00.000Z,0.5314436183395291,H100 SXM
2025-11-10T00:00:00.000Z,2025-11-10T00:00:00.000Z,0.5698311074395337,H100 SXM
2025-11-11T00:00:00.000Z,2025-11-11T00:00:00.000Z,0.5689224906044139,H100 SXM
2025-11-12T00:00:00.000Z,2025-11-12T00:00:00.000Z,0.5927469135802469,H100 SXM
2025-11-13T00:00:00.000Z,2025-11-13T00:00:00.000Z,0.7295781038575395,H100 SXM
2025-11-14T00:00:00.000Z,2025-11-14T00:00:00.000Z,0.7394723483155757,H100 SXM
2025-11-15T00:00:00.000Z,2025-11-15T00:00:00.000Z,0.6307190547167016,H100 SXM
2025-11-16T00:00:00.000Z,2025-11-16T00:00:00.000Z,0.6405231099474481,H100 SXM
2025-11-17T00:00:00.000Z,2025-11-17T00:00:00.000Z,0.6259866823157004,H100 SXM
2025-11-18T00:00:00.000Z,2025-11-18T00:00:00.000Z,0.7014672013389022,H100 SXM
2025-11-19T00:00:00.000Z,2025-11-19T00:00:00.000Z,0.6916090128033618,H100 SXM
2025-11-20T00:00:00.000Z,2025-11-20T00:00:00.000Z,0.6712136473094378,H100 SXM
2025-11-21T00:00:00.000Z,2025-11-21T00:00:00.000Z,0.6611050480510688,H100 SXM
2025-11-22T00:00:00.000Z,2025-11-22T00:00:00.000Z,0.5715732427051416,H100 SXM
2025-11-23T00:00:00.000Z,2025-11-23T00:00:00.000Z,0.6038764527493653,H100 SXM
2025-11-24T00:00:00.000Z,2025-11-24T00:00:00.000Z,0.6621926754131937,H100 SXM
2025-11-25T00:00:00.000Z,2025-11-25T00:00:00.000Z,0.6963763815740672,H100 SXM
2025-11-26T00:00:00.000Z,2025-11-26T00:00:00.000Z,0.6698410518053375,H100 SXM
2025-11-27T00:00:00.000Z,2025-11-27T00:00:00.000Z,0.7266025641025641,H100 SXM
2025-11-28T00:00:00.000Z,2025-11-28T00:00:00.000Z,0.7219499993144249,H100 SXM
2025-11-29T00:00:00.000Z,2025-11-29T00:00:00.000Z,0.6396203172022651,H100 SXM
2025-11-30T00:00:00.000Z,2025-11-30T00:00:00.000Z,0.583321597422425,H100 SXM
2025-12-01T00:00:00.000Z,2025-12-01T00:00:00.000Z,0.6173990193718523,H100 SXM
2025-12-02T00:00:00.000Z,2025-12-02T00:00:00.000Z,0.6248637165908862,H100 SXM
2025-12-03T00:00:00.000Z,2025-12-03T00:00:00.000Z,0.5692307692307692,H100 SXM
2025-12-04T00:00:00.000Z,2025-12-04T00:00:00.000Z,0.6738782051282052,H100 SXM
2025-12-05T00:00:00.000Z,2025-12-05T00:00:00.000Z,0.6396097357304253,H100 SXM
2025-12-06T00:00:00.000Z,2025-12-06T00:00:00.000Z,0.6532152060169302,H100 SXM
2025-12-07T00:00:00.000Z,2025-12-07T00:00:00.000Z,0.7035246808953706,H100 SXM
2025-12-08T00:00:00.000Z,2025-12-08T00:00:00.000Z,0.7426821881563261,H100 SXM
2025-12-09T00:00:00.000Z,2025-12-09T00:00:00.000Z,0.7540566638863642,H100 SXM
2025-12-10T00:00:00.000Z,2025-12-10T00:00:00.000Z,0.7576844262295082,H100 SXM
2025-12-11T00:00:00.000Z,2025-12-11T00:00:00.000Z,0.7366803278688525,H100 SXM
2025-12-12T00:00:00.000Z,2025-12-12T00:00:00.000Z,0.7807860414055268,H100 SXM
2025-12-13T00:00:00.000Z,2025-12-13T00:00:00.000Z,0.6863172743055556,H100 SXM
2025-12-14T00:00:00.000Z,2025-12-14T00:00:00.000Z,0.6505533854166666,H100 SXM
2025-12-15T00:00:00.000Z,2025-12-15T00:00:00.000Z,0.6765276631550573,H100 SXM
2025-12-16T00:00:00.000Z,2025-12-16T00:00:00.000Z,0.6521739130434783,H100 SXM
2025-12-17T00:00:00.000Z,2025-12-17T00:00:00.000Z,0.6632049252637408,H100 SXM
2025-12-18T00:00:00.000Z,2025-12-18T00:00:00.000Z,0.6499442586399108,H100 SXM
2025-12-19T00:00:00.000Z,2025-12-19T00:00:00.000Z,0.6605351170568562,H100 SXM
2025-12-20T00:00:00.000Z,2025-12-20T00:00:00.000Z,0.6360089186176142,H100 SXM
2025-12-21T00:00:00.000Z,2025-12-21T00:00:00.000Z,0.5595039018952063,H100 SXM
2025-12-22T00:00:00.000Z,2025-12-22T00:00:00.000Z,0.564520624303233,H100 SXM
2025-12-23T00:00:00.000Z,2025-12-23T00:00:00.000Z,0.5951783723522854,H100 SXM
2025-12-24T00:00:00.000Z,2025-12-24T00:00:00.000Z,0.6190342809364549,H100 SXM
2025-12-25T00:00:00.000Z,2025-12-25T00:00:00.000Z,0.5919444444444445,H100 SXM
2025-12-26T00:00:00.000Z,2025-12-26T00:00:00.000Z,0.6120869408369408,H100 SXM
2025-12-27T00:00:00.000Z,2025-12-27T00:00:00.000Z,0.5758164629488159,H100 SXM
2025-12-28T00:00:00.000Z,2025-12-28T00:00:00.000Z,0.5912990196078431,H100 SXM
2025-12-29T00:00:00.000Z,2025-12-29T00:00:00.000Z,0.5670568514762226,H100 SXM
2025-12-30T00:00:00.000Z,2025-12-30T00:00:00.000Z,0.4530261203667829,H100 SXM
2025-12-31T00:00:00.000Z,2025-12-31T00:00:00.000Z,0.5168539325842697,H100 SXM
2026-01-01T00:00:00.000Z,2026-01-01T00:00:00.000Z,0.5153323970037453,H100 SXM
2026-01-02T00:00:00.000Z,2026-01-02T00:00:00.000Z,0.6088483146067416,H100 SXM
2026-01-03T00:00:00.000Z,2026-01-03T00:00:00.000Z,0.6147003745318352,H100 SXM
2026-01-04T00:00:00.000Z,2026-01-04T00:00:00.000Z,0.577247191011236,H100 SXM
2026-01-05T00:00:00.000Z,2026-01-05T00:00:00.000Z,0.5371253421886186,H100 SXM
2026-01-06T00:00:00.000Z,2026-01-06T00:00:00.000Z,0.5475443157957226,H100 SXM
2026-01-07T00:00:00.000Z,2026-01-07T00:00:00.000Z,0.566306062654947,H100 SXM
2026-01-08T00:00:00.000Z,2026-01-08T00:00:00.000Z,0.5419222738817857,H100 SXM
2026-01-09T00:00:00.000Z,2026-01-09T00:00:00.000Z,0.6153662985922769,H100 SXM
2026-01-10T00:00:00.000Z,2026-01-10T00:00:00.000Z,0.6412687265917603,H100 SXM
2026-01-11T00:00:00.000Z,2026-01-11T00:00:00.000Z,0.5813436329588015,H100 SXM
2026-01-12T00:00:00.000Z,2026-01-12T00:00:00.000Z,0.602996254681648,H100 SXM
2026-01-13T00:00:00.000Z,2026-01-13T00:00:00.000Z,0.638810861423221,H100 SXM
2026-01-14T00:00:00.000Z,2026-01-14T00:00:00.000Z,0.6333031985879719,H100 SXM
2026-01-15T00:00:00.000Z,2026-01-15T00:00:00.000Z,0.6594885685475573,H100 SXM
2026-01-16T00:00:00.000Z,2026-01-16T00:00:00.000Z,0.6314958369393854,H100 SXM
2026-01-17T00:00:00.000Z,2026-01-17T00:00:00.000Z,0.6296932234432234,H100 SXM
2026-01-18T00:00:00.000Z,2026-01-18T00:00:00.000Z,0.5574207184042388,H100 SXM
2026-01-19T00:00:00.000Z,2026-01-19T00:00:00.000Z,0.569108422939068,H100 SXM
2026-01-20T00:00:00.000Z,2026-01-20T00:00:00.000Z,0.5440126629642759,H100 SXM
2026-01-21T00:00:00.000Z,2026-01-21T00:00:00.000Z,0.5761279277811843,H100 SXM
2026-01-22T00:00:00.000Z,2026-01-22T00:00:00.000Z,0.6295966855686769,H100 SXM
2026-01-23T00:00:00.000Z,2026-01-23T00:00:00.000Z,0.628584229390681,H100 SXM
2026-01-24T00:00:00.000Z,2026-01-24T00:00:00.000Z,0.6042786738351255,H100 SXM
2026-01-25T00:00:00.000Z,2026-01-25T00:00:00.000Z,0.5758705497514849,H100 SXM
2026-01-26T00:00:00.000Z,2026-01-26T00:00:00.000Z,0.615274005021196,H100 SXM
2026-01-27T00:00:00.000Z,2026-01-27T00:00:00.000Z,0.7472527472527473,H100 SXM
2026-01-28T00:00:00.000Z,2026-01-28T00:00:00.000Z,0.7345467032967034,H100 SXM
2026-01-29T00:00:00.000Z,2026-01-29T00:00:00.000Z,0.538003663003663,H100 SXM
2026-01-30T00:00:00.000Z,2026-01-30T00:00:00.000Z,0.5002289377289377,H100 SXM
2026-01-31T00:00:00.000Z,2026-01-31T00:00:00.000Z,0.47871473584788804,H100 SXM
2026-02-01T00:00:00.000Z,2026-02-01T00:00:00.000Z,0.49994057714050777,H100 SXM
2026-02-02T00:00:00.000Z,2026-02-02T00:00:00.000Z,0.5199652777777778,H100 SXM
2026-02-03T00:00:00.000Z,2026-02-03T00:00:00.000Z,0.5793252196712018,H100 SXM
2026-02-04T00:00:00.000Z,2026-02-04T00:00:00.000Z,0.6876062925170068,H100 SXM
2026-02-05T00:00:00.000Z,2026-02-05T00:00:00.000Z,0.6178214387483717,H100 SXM
2026-02-06T00:00:00.000Z,2026-02-06T00:00:00.000Z,0.6713209219858156,H100 SXM
2026-02-07T00:00:00.000Z,2026-02-07T00:00:00.000Z,0.6164141998149861,H100 SXM
2026-02-08T00:00:00.000Z,2026-02-08T00:00:00.000Z,0.6154698581560284,H100 SXM
2026-02-09T00:00:00.000Z,2026-02-09T00:00:00.000Z,0.599093239284613,H100 SXM
2026-02-10T00:00:00.000Z,2026-02-10T00:00:00.000Z,0.6457276570048309,H100 SXM
2026-02-11T00:00:00.000Z,2026-02-11T00:00:00.000Z,0.6843203369697934,H100 SXM
2026-02-12T00:00:00.000Z,2026-02-12T00:00:00.000Z,0.6967435080995231,H100 SXM
2026-02-13T00:00:00.000Z,2026-02-13T00:00:00.000Z,0.7025983146067416,H100 SXM
2026-02-14T00:00:00.000Z,2026-02-14T00:00:00.000Z,0.6521535580524345,H100 SXM
2026-02-15T00:00:00.000Z,2026-02-15T00:00:00.000Z,0.5870786516853933,H100 SXM
2026-02-16T00:00:00.000Z,2026-02-16T00:00:00.000Z,0.636479454561109,H100 SXM
2026-02-17T00:00:00.000Z,2026-02-17T00:00:00.000Z,0.6837546816479401,H100 SXM
2026-02-18T00:00:00.000Z,2026-02-18T00:00:00.000Z,0.7622893258426966,H100 SXM
2026-02-19T00:00:00.000Z,2026-02-19T00:00:00.000Z,0.8072154531102244,H100 SXM
2026-02-20T00:00:00.000Z,2026-02-20T00:00:00.000Z,0.8511704937591061,H100 SXM
2026-02-21T00:00:00.000Z,2026-02-21T00:00:00.000Z,0.7544257511836087,H100 SXM
2026-02-22T00:00:00.000Z,2026-02-22T00:00:00.000Z,0.7696677825488514,H100 SXM
2026-02-23T00:00:00.000Z,2026-02-23T00:00:00.000Z,0.7516660640560248,H100 SXM
2026-02-24T00:00:00.000Z,2026-02-24T00:00:00.000Z,0.7833923976196162,H100 SXM
2026-02-25T00:00:00.000Z,2026-02-25T00:00:00.000Z,0.7895765000964692,H100 SXM
2026-02-26T00:00:00.000Z,2026-02-26T00:00:00.000Z,0.7656788951379876,H100 SXM
2026-02-27T00:00:00.000Z,2026-02-27T00:00:00.000Z,0.7660417015567823,H100 SXM
2026-02-28T00:00:00.000Z,2026-02-28T00:00:00.000Z,0.7398139669107411,H100 SXM
2026-03-01T00:00:00.000Z,2026-03-01T00:00:00.000Z,0.7768290306999984,H100 SXM
2026-03-02T00:00:00.000Z,2026-03-02T00:00:00.000Z,0.7771240448047677,H100 SXM
2026-03-03T00:00:00.000Z,2026-03-03T00:00:00.000Z,0.8060779558520522,H100 SXM
2026-03-04T00:00:00.000Z,2026-03-04T00:00:00.000Z,0.8309269671118079,H100 SXM
2026-03-05T00:00:00.000Z,2026-03-05T00:00:00.000Z,0.8159090909090909,H100 SXM
2026-03-06T00:00:00.000Z,2026-03-06T00:00:00.000Z,0.7590331247552683,H100 SXM
2026-03-07T00:00:00.000Z,2026-03-07T00:00:00.000Z,0.7161975542905334,H100 SXM
2026-03-08T00:00:00.000Z,2026-03-08T00:00:00.000Z,0.7538978494623656,H100 SXM
2026-03-09T00:00:00.000Z,2026-03-09T00:00:00.000Z,0.7446523973760736,H100 SXM
2026-03-10T00:00:00.000Z,2026-03-10T00:00:00.000Z,0.8124370268853082,H100 SXM
2026-03-11T00:00:00.000Z,2026-03-11T00:00:00.000Z,0.8572819481394598,H100 SXM
2026-03-12T00:00:00.000Z,2026-03-12T00:00:00.000Z,0.8867872807017544,H100 SXM
2026-03-13T00:00:00.000Z,2026-03-13T00:00:00.000Z,0.8916930109364319,H100 SXM
2026-03-14T00:00:00.000Z,2026-03-14T00:00:00.000Z,0.8791393739423867,H100 SXM
2026-03-15T00:00:00.000Z,2026-03-15T00:00:00.000Z,0.8574100201970619,H100 SXM
2026-03-16T00:00:00.000Z,2026-03-16T00:00:00.000Z,0.8981313677037361,H100 SXM
2026-03-17T00:00:00.000Z,2026-03-17T00:00:00.000Z,0.9143606118221168,H100 SXM
2026-03-18T00:00:00.000Z,2026-03-18T00:00:00.000Z,0.9120021307582724,H100 SXM
2026-03-19T00:00:00.000Z,2026-03-19T00:00:00.000Z,0.8972932963454114,H100 SXM
2026-03-20T00:00:00.000Z,2026-03-20T00:00:00.000Z,0.8833382285646098,H100 SXM
2026-03-21T00:00:00.000Z,2026-03-21T00:00:00.000Z,0.8689405205588239,H100 SXM
2026-03-22T00:00:00.000Z,2026-03-22T00:00:00.000Z,0.8534480964717879,H100 SXM
2026-03-23T00:00:00.000Z,2026-03-23T00:00:00.000Z,0.8503690285105019,H100 SXM
2026-03-24T00:00:00.000Z,2026-03-24T00:00:00.000Z,0.882197797983359,H100 SXM
2026-03-25T00:00:00.000Z,2026-03-25T00:00:00.000Z,0.8908907017379054,H100 SXM
2026-03-26T00:00:00.000Z,2026-03-26T00:00:00.000Z,0.9260925449871465,H100 SXM
2026-03-27T00:00:00.000Z,2026-03-27T00:00:00.000Z,0.9407325516039408,H100 SXM
2026-03-28T00:00:00.000Z,2026-03-28T00:00:00.000Z,0.8574990311772311,H100 SXM
2026-03-29T00:00:00.000Z,2026-03-29T00:00:00.000Z,0.8537968962645915,H100 SXM
2026-03-30T00:00:00.000Z,2026-03-30T00:00:00.000Z,0.9251803600364307,H100 SXM
2026-03-31T00:00:00.000Z,2026-03-31T00:00:00.000Z,0.9066627872843355,H100 SXM
2026-04-01T00:00:00.000Z,2026-04-01T00:00:00.000Z,0.9171194398301956,H100 SXM
2026-04-02T00:00:00.000Z,2026-04-02T00:00:00.000Z,0.9359469002358748,H100 SXM
2026-04-03T00:00:00.000Z,2026-04-03T00:00:00.000Z,0.9096087171837021,H100 SXM
2026-04-04T00:00:00.000Z,2026-04-04T00:00:00.000Z,0.8920765027322405,H100 SXM
2026-04-05T00:00:00.000Z,2026-04-05T00:00:00.000Z,0.8643474780299261,H100 SXM
2026-04-06T00:00:00.000Z,2026-04-06T00:00:00.000Z,0.8877158458119463,H100 SXM
2026-04-07T00:00:00.000Z,2026-04-07T00:00:00.000Z,0.8897155056465282,H100 SXM
2026-04-08T00:00:00.000Z,2026-04-08T00:00:00.000Z,0.8621152267943191,H100 SXM
2026-04-09T00:00:00.000Z,2026-04-09T00:00:00.000Z,0.8340591844463298,H100 SXM
2026-04-10T00:00:00.000Z,2026-04-10T00:00:00.000Z,0.8403966367841939,H100 SXM
2026-04-11T00:00:00.000Z,2026-04-11T00:00:00.000Z,0.8290061574981661,H100 SXM
2026-04-12T00:00:00.000Z,2026-04-12T00:00:00.000Z,0.8283639690670944,H100 SXM
2026-04-13T00:00:00.000Z,2026-04-13T00:00:00.000Z,0.8760175165345868,H100 SXM
2026-04-14T00:00:00.000Z,2026-04-14T00:00:00.000Z,0.8560134832773423,H100 SXM
2026-04-15T00:00:00.000Z,2026-04-15T00:00:00.000Z,0.8781881675924607,H100 SXM
2026-04-16T00:00:00.000Z,2026-04-16T00:00:00.000Z,0.9006249455750085,H100 SXM
2026-04-17T00:00:00.000Z,2026-04-17T00:00:00.000Z,0.888315592721595,H100 SXM
2026-04-18T00:00:00.000Z,2026-04-18T00:00:00.000Z,0.8327708326830435,H100 SXM
2026-04-19T00:00:00.000Z,2026-04-19T00:00:00.000Z,0.7980115853751856,H100 SXM
2026-04-20T00:00:00.000Z,2026-04-20T00:00:00.000Z,0.8786291728303658,H100 SXM
2026-04-21T00:00:00.000Z,2026-04-21T00:00:00.000Z,0.8625301132072829,H100 SXM
2026-04-22T00:00:00.000Z,2026-04-22T00:00:00.000Z,0.8554512301145284,H100 SXM
2026-04-23T00:00:00.000Z,2026-04-23T00:00:00.000Z,0.8991151263415358,H100 SXM
2026-04-24T00:00:00.000Z,2026-04-24T00:00:00.000Z,0.900604452236216,H100 SXM
2026-04-25T00:00:00.000Z,2026-04-25T00:00:00.000Z,0.8798463402741965,H100 SXM
2026-04-26T00:00:00.000Z,2026-04-26T00:00:00.000Z,0.8791659088901735,H100 SXM
2026-04-27T00:00:00.000Z,2026-04-27T00:00:00.000Z,0.8758822278911564,H100 SXM
2026-04-28T00:00:00.000Z,2026-04-28T00:00:00.000Z,0.92024554980482,H100 SXM
2026-04-29T00:00:00.000Z,2026-04-29T00:00:00.000Z,0.9795899303139275,H100 SXM
2026-04-30T00:00:00.000Z,2026-04-30T00:00:00.000Z,0.9768900773687824,H100 SXM
2026-05-01T00:00:00.000Z,2026-05-01T00:00:00.000Z,0.9906028889675366,H100 SXM
2026-05-02T00:00:00.000Z,2026-05-02T00:00:00.000Z,0.9856085498041258,H100 SXM
2026-05-03T00:00:00.000Z,2026-05-03T00:00:00.000Z,0.9757902948671879,H100 SXM
2026-05-04T00:00:00.000Z,2026-05-04T00:00:00.000Z,0.9819663395914474,H100 SXM
2026-05-05T00:00:00.000Z,2026-05-05T00:00:00.000Z,0.977070485527438,H100 SXM
2026-05-06T00:00:00.000Z,2026-05-06T00:00:00.000Z,0.9543371282699419,H100 SXM
2026-05-07T00:00:00.000Z,2026-05-07T00:00:00.000Z,0.9478284300059611,H100 SXM
2026-05-08T00:00:00.000Z,2026-05-08T00:00:00.000Z,0.8965949265650689,H100 SXM
2026-05-09T00:00:00.000Z,2026-05-09T00:00:00.000Z,0.9376208667101127,H100 SXM
2026-05-10T00:00:00.000Z,2026-05-10T00:00:00.000Z,0.9668172162993723,H100 SXM
2026-05-11T00:00:00.000Z,2026-05-11T00:00:00.000Z,0.9911029412122769,H100 SXM
2026-05-12T00:00:00.000Z,2026-05-12T00:00:00.000Z,0.9871372267732992,H100 SXM
2026-05-13T00:00:00.000Z,2026-05-13T00:00:00.000Z,0.9826966390043336,H100 SXM
2026-05-14T00:00:00.000Z,2026-05-14T00:00:00.000Z,0.993851878079918,H100 SXM
2026-05-15T00:00:00.000Z,2026-05-15T00:00:00.000Z,0.99293790174472,H100 SXM
2026-05-16T00:00:00.000Z,2026-05-16T00:00:00.000Z,0.9919640152144221,H100 SXM
2026-05-17T00:00:00.000Z,2026-05-17T00:00:00.000Z,0.9780687693924875,H100 SXM
2026-05-18T00:00:00.000Z,2026-05-18T00:00:00.000Z,0.8589448081745962,H100 SXM
2026-05-19T00:00:00.000Z,2026-05-19T00:00:00.000Z,0.9567161805851176,H100 SXM
2026-05-20T00:00:00.000Z,2026-05-20T00:00:00.000Z,0.9041560913052668,H100 SXM
2026-05-21T00:00:00.000Z,2026-05-21T00:00:00.000Z,0.959909392228479,H100 SXM
2026-05-22T00:00:00.000Z,2026-05-22T00:00:00.000Z,0.9211469124252042,H100 SXM
2026-05-23T00:00:00.000Z,2026-05-23T00:00:00.000Z,0.8740010459908782,H100 SXM
2026-05-24T00:00:00.000Z,2026-05-24T00:00:00.000Z,0.7899044441107776,H100 SXM
2026-05-25T00:00:00.000Z,2026-05-25T00:00:00.000Z,0.7417236580205309,H100 SXM
2026-05-26T00:00:00.000Z,2026-05-26T00:00:00.000Z,0.662682339139515,H100 SXM
2026-05-27T00:00:00.000Z,2026-05-27T00:00:00.000Z,0.7857740367070023,H100 SXM
2026-05-28T00:00:00.000Z,2026-05-28T00:00:00.000Z,0.9109533076688003,H100 SXM
2026-05-29T00:00:00.000Z,2026-05-29T00:00:00.000Z,0.8929903336714045,H100 SXM
2026-05-30T00:00:00.000Z,2026-05-30T00:00:00.000Z,0.9052771284250117,H100 SXM
2026-05-31T00:00:00.000Z,2026-05-31T00:00:00.000Z,0.8121065729761382,H100 SXM
2026-06-01T00:00:00.000Z,2026-06-01T00:00:00.000Z,0.80946383117856,H100 SXM
2026-06-02T00:00:00.000Z,2026-06-02T00:00:00.000Z,0.7414776574136763,H100 SXM
2026-06-03T00:00:00.000Z,2026-06-03T00:00:00.000Z,0.845414886039886,H100 SXM
2026-06-04T00:00:00.000Z,2026-06-04T00:00:00.000Z,0.8879336008847265,H100 SXM
2026-06-05T00:00:00.000Z,2026-06-05T00:00:00.000Z,0.9179644281358708,H100 SXM
2026-06-06T00:00:00.000Z,2026-06-06T00:00:00.000Z,0.836574615481457,H100 SXM
2026-06-07T00:00:00.000Z,2026-06-07T00:00:00.000Z,0.734464561287478,H100 SXM
2026-06-08T00:00:00.000Z,2026-06-08T00:00:00.000Z,0.6530700007370147,H100 SXM
2026-06-09T00:00:00.000Z,2026-06-09T00:00:00.000Z,0.7092509594720139,H100 SXM
2026-06-10T00:00:00.000Z,2026-06-10T00:00:00.000Z,0.7035076136781909,H100 SXM
2026-06-11T00:00:00.000Z,2026-06-11T00:00:00.000Z,0.7306498173677389,H100 SXM
2026-06-12T00:00:00.000Z,2026-06-12T00:00:00.000Z,0.6351626016260162,H100 SXM
2026-06-13T00:00:00.000Z,2026-06-13T00:00:00.000Z,0.6088366240805265,H100 SXM
2026-06-14T00:00:00.000Z,2026-06-14T00:00:00.000Z,0.5936667349866775,H100 SXM
2026-06-15T00:00:00.000Z,2026-06-15T00:00:00.000Z,0.613646328096456,H100 SXM
2026-06-16T00:00:00.000Z,2026-06-16T00:00:00.000Z,0.7188422117769944,H100 SXM
2026-06-17T00:00:00.000Z,2026-06-17T00:00:00.000Z,0.6248083606584642,H100 SXM
2026-06-18T00:00:00.000Z,2026-06-18T00:00:00.000Z,0.7732989010938779,H100 SXM
2026-06-19T00:00:00.000Z,2026-06-19T00:00:00.000Z,0.7959453755518571,H100 SXM
2026-06-20T00:00:00.000Z,2026-06-20T00:00:00.000Z,0.6769323671497585,H100 SXM
2026-06-21T00:00:00.000Z,2026-06-21T00:00:00.000Z,0.6304822485622106,H100 SXM
2026-06-22T00:00:00.000Z,2026-06-22T00:00:00.000Z,0.6569988968735606,H100 SXM
2026-06-23T00:00:00.000Z,2026-06-23T00:00:00.000Z,0.6366822569821696,H100 SXM
2026-06-24T00:00:00.000Z,2026-06-24T00:00:00.000Z,0.6509715994020927,H100 SXM
2026-06-25T00:00:00.000Z,2026-06-25T00:00:00.000Z,0.6633034379671151,H100 SXM
2026-06-26T00:00:00.000Z,2026-06-26T00:00:00.000Z,0.6664798206278026,H100 SXM
2026-06-27T00:00:00.000Z,2026-06-27T00:00:00.000Z,0.5913198731974322,H100 SXM
2026-06-28T00:00:00.000Z,2026-06-28T00:00:00.000Z,0.546750894095405,H100 SXM
2026-06-29T00:00:00.000Z,2026-06-29T00:00:00.000Z,0.6147835147828896,H100 SXM
2026-06-30T00:00:00.000Z,2026-06-30T00:00:00.000Z,0.6992552157680035,H100 SXM
2026-07-01T00:00:00.000Z,2026-07-01T00:00:00.000Z,0.6815585809635524,H100 SXM
2026-07-02T00:00:00.000Z,2026-07-02T00:00:00.000Z,0.7205840213391865,H100 SXM
2026-07-03T00:00:00.000Z,2026-07-03T00:00:00.000Z,0.7458713307772774,H100 SXM
2026-07-04T00:00:00.000Z,2026-07-04T00:00:00.000Z,0.752011217948718,H100 SXM
2026-07-05T00:00:00.000Z,2026-07-05T00:00:00.000Z,0.739487620321965,H100 SXM
2026-07-06T00:00:00.000Z,2026-07-06T00:00:00.000Z,0.7299282538648564,H100 SXM
2026-07-07T00:00:00.000Z,2026-07-07T00:00:00.000Z,0.7669345192006152,H100 SXM
2026-07-08T00:00:00.000Z,2026-07-08T00:00:00.000Z,0.7717230893043694,H100 SXM
2026-07-09T00:00:00.000Z,2026-07-09T00:00:00.000Z,0.8181250004983133,H100 SXM
2026-07-10T00:00:00.000Z,2026-07-10T00:00:00.000Z,0.8230628725152163,H100 SXM
2026-07-11T00:00:00.000Z,2026-07-11T00:00:00.000Z,0.7710189728274073,H100 SXM
2026-07-12T00:00:00.000Z,2026-07-12T00:00:00.000Z,0.8006920336977772,H100 SXM
2026-07-13T00:00:00.000Z,2026-07-13T00:00:00.000Z,0.7529206532936761,H100 SXM
2026-07-14T00:00:00.000Z,2026-07-14T00:00:00.000Z,0.821289910822773,H100 SXM
2026-07-15T00:00:00.000Z,2026-07-15T00:00:00.000Z,0.8455909483564737,H100 SXM
2026-07-16T00:00:00.000Z,2026-07-16T00:00:00.000Z,0.8408295533188942,H100 SXM
2026-07-17T00:00:00.000Z,2026-07-17T00:00:00.000Z,0.753423812544571,H100 SXM
2026-07-18T00:00:00.000Z,2026-07-18T00:00:00.000Z,0.7991715050257764,H100 SXM
2026-07-19T00:00:00.000Z,2026-07-19T00:00:00.000Z,0.8895531245613099,H100 SXM
2026-07-20T00:00:00.000Z,2026-07-20T00:00:00.000Z,0.909146047461359,H100 SXM
2026-07-21T00:00:00.000Z,2026-07-21T00:00:00.000Z,0.8127117288687403,H100 SXM
2026-07-22T00:00:00.000Z,2026-07-22T00:00:00.000Z,0.8135729308055459,H100 SXM
2026-07-23T00:00:00.000Z,2026-07-23T00:00:00.000Z,0.8782010586938441,H100 SXM
2026-07-24T00:00:00.000Z,2026-07-24T00:00:00.000Z,0.8944346152111616,H100 SXM
2026-07-25T00:00:00.000Z,2026-07-25T00:00:00.000Z,0.8268851364463337,H100 SXM
2026-07-26T00:00:00.000Z,2026-07-26T00:00:00.000Z,0.8020890012185411,H100 SXM
2026-07-27T00:00:00.000Z,2026-07-27T00:00:00.000Z,0.8686630673612632,H100 SXM
2026-07-28T00:00:00.000Z,2026-07-28T00:00:00.000Z,0.8905604394759201,H100 SXM
2026-07-29T00:00:00.000Z,2026-07-29T00:00:00.000Z,0.8260935817558196,H100 SXM
2026-07-30T00:00:00.000Z,2026-07-30T00:00:00.000Z,0.8250252636680724,H100 SXM
2026-07-31T00:00:00.000Z,2026-07-31T00:00:00.000Z,0.8199324638964383,H100 SXM
2026-08-01T00:00:00.000Z,2026-08-01T00:00:00.000Z,0.7572748584456017,H100 SXM
2026-08-02T00:00:00.000Z,2026-08-02T00:00:00.000Z,0.7540661958209811,H100 SXM
2026-08-03T00:00:00.000Z,2026-08-03T00:00:00.000Z,0.7622504407314867,H100 SXM
2026-08-04T00:00:00.000Z,2026-08-04T00:00:00.000Z,0.8567482346473944,H100 SXM
2026-08-05T00:00:00.000Z,2026-08-05T00:00:00.000Z,0.8495981726023742,H100 SXM
2026-08-06T00:00:00.000Z,2026-08-06T00:00:00.000Z,0.8022524623503294,H100 SXM
2026-08-07T00:00:00.000Z,2026-08-07T00:00:00.000Z,0.8078403797416402,H100 SXM
2026-08-08T00:00:00.000Z,2026-08-08T00:00:00.000Z,0.7461172777528373,H100 SXM
2026-08-09T00:00:00.000Z,2026-08-09T00:00:00.000Z,0.6648056750218165,H100 SXM
2026-08-10T00:00:00.000Z,2026-08-10T00:00:00.000Z,0.6800120735544855,H100 SXM
2026-08-11T00:00:00.000Z,2026-08-11T00:00:00.000Z,0.7705490384729047,H100 SXM
2026-08-12T00:00:00.000Z,2026-08-12T00:00:00.000Z,0.855470889281347,H100 SXM
2026-08-13T00:00:00.000Z,2026-08-13T00:00:00.000Z,0.8037018462457058,H100 SXM
2026-08-14T00:00:00.000Z,2026-08-14T00:00:00.000Z,0.8023894678857172,H100 SXM
2026-08-15T00:00:00.000Z,2026-08-15T00:00:00.000Z,0.7686871343873569,H100 SXM
2026-08-16T00:00:00.000Z,2026-08-16T00:00:00.000Z,0.7554089361674162,H100 SXM
2026-08-17T00:00:00.000Z,2026-08-17T00:00:00.000Z,0.8473088249192252,H100 SXM
2026-08-18T00:00:00.000Z,2026-08-18T00:00:00.000Z,0.8543130051502521,H100 SXM
2026-08-19T00:00:00.000Z,2026-08-19T00:00:00.000Z,0.8778757718611465,H100 SXM
2026-08-20T00:00:00.000Z,2026-08-20T00:00:00.000Z,0.8765816311621519,H100 SXM
2026-08-21T00:00:00.000Z,2026-08-21T00:00:00.000Z,0.8522137003170788,H100 SXM
2026-08-22T00:00:00.000Z,2026-08-22T00:00:00.000Z,0.7866135364138205,H100 SXM
2026-08-23T00:00:00.000Z,2026-08-23T00:00:00.000Z,0.7944530510394714,H100 SXM
2026-08-24T00:00:00.000Z,2026-08-24T00:00:00.000Z,0.8536450396301168,H100 SXM
2026-08-25T00:00:00.000Z,2026-08-25T00:00:00.000Z,0.8659969565652779,H100 SXM
2026-08-26T00:00:00.000Z,2026-08-26T00:00:00.000Z,0.8071541141501714,H100 SXM
2026-08-27T00:00:00.000Z,2026-08-27T00:00:00.000Z,0.8374103099408113,H100 SXM
2026-08-28T00:00:00.000Z,2026-08-28T00:00:00.000Z,0.9324831445670996,H100 SXM
2026-08-29T00:00:00.000Z,2026-08-29T00:00:00.000Z,0.8922577506151219,H100 SXM
2026-08-30T00:00:00.000Z,2026-08-30T00:00:00.000Z,0.96875,H100 SXM
2025-01-23T00:00:00.000Z,2025-01-23T00:00:00.000Z,0.7012994528619528,H200
2025-01-24T00:00:00.000Z,2025-01-24T00:00:00.000Z,0.5073164682539683,H200
2025-01-25T00:00:00.000Z,2025-01-25T00:00:00.000Z,0.5334821428571429,H200
2025-01-26T00:00:00.000Z,2025-01-26T00:00:00.000Z,0.5930059523809523,H200
2025-01-27T00:00:00.000Z,2025-01-27T00:00:00.000Z,0.6749334730563269,H200
2025-01-28T00:00:00.000Z,2025-01-28T00:00:00.000Z,0.6336805555555556,H200
2025-01-29T00:00:00.000Z,2025-01-29T00:00:00.000Z,0.7326636904761905,H200
2025-01-30T00:00:00.000Z,2025-01-30T00:00:00.000Z,0.4429029210749428,H200
2025-01-31T00:00:00.000Z,2025-01-31T00:00:00.000Z,0.6630208333333333,H200
2025-02-01T00:00:00.000Z,2025-02-01T00:00:00.000Z,0.6333333333333333,H200
2025-02-02T00:00:00.000Z,2025-02-02T00:00:00.000Z,0.6208333333333333,H200
2025-02-03T00:00:00.000Z,2025-02-03T00:00:00.000Z,0.6442708333333333,H200
2025-02-04T00:00:00.000Z,2025-02-04T00:00:00.000Z,0.6630726911976912,H200
2025-02-05T00:00:00.000Z,2025-02-05T00:00:00.000Z,0.6403366598679099,H200
2025-02-06T00:00:00.000Z,2025-02-06T00:00:00.000Z,0.6606813325563325,H200
2025-02-07T00:00:00.000Z,2025-02-07T00:00:00.000Z,0.7092013888888888,H200
2025-02-08T00:00:00.000Z,2025-02-08T00:00:00.000Z,0.7048611111111112,H200
2025-02-09T00:00:00.000Z,2025-02-09T00:00:00.000Z,0.7626762958190149,H200
2025-02-10T00:00:00.000Z,2025-02-10T00:00:00.000Z,0.7760416666666666,H200
2025-02-11T00:00:00.000Z,2025-02-11T00:00:00.000Z,0.7952801593693952,H200
2025-02-12T00:00:00.000Z,2025-02-12T00:00:00.000Z,0.8494318181818182,H200
2025-02-13T00:00:00.000Z,2025-02-13T00:00:00.000Z,0.8020833333333334,H200
2025-02-14T00:00:00.000Z,2025-02-14T00:00:00.000Z,0.6939893728956229,H200
2025-02-15T00:00:00.000Z,2025-02-15T00:00:00.000Z,0.7426102237444987,H200
2025-02-16T00:00:00.000Z,2025-02-16T00:00:00.000Z,0.8790276423844973,H200
2025-02-17T00:00:00.000Z,2025-02-17T00:00:00.000Z,0.8802083333333334,H200
2025-02-18T00:00:00.000Z,2025-02-18T00:00:00.000Z,0.8873877858252859,H200
2025-02-19T00:00:00.000Z,2025-02-19T00:00:00.000Z,0.8982007575757576,H200
2025-02-20T00:00:00.000Z,2025-02-20T00:00:00.000Z,0.8304193248272196,H200
2025-02-21T00:00:00.000Z,2025-02-21T00:00:00.000Z,0.8363715277777778,H200
2025-02-22T00:00:00.000Z,2025-02-22T00:00:00.000Z,0.8003472222222222,H200
2025-02-23T00:00:00.000Z,2025-02-23T00:00:00.000Z,0.7977430555555556,H200
2025-02-24T00:00:00.000Z,2025-02-24T00:00:00.000Z,0.7868113256218094,H200
2025-02-25T00:00:00.000Z,2025-02-25T00:00:00.000Z,0.8297834429824561,H200
2025-02-26T00:00:00.000Z,2025-02-26T00:00:00.000Z,0.8651620370370371,H200
2025-02-27T00:00:00.000Z,2025-02-27T00:00:00.000Z,0.8989583333333333,H200
2025-02-28T00:00:00.000Z,2025-02-28T00:00:00.000Z,0.7782779131047584,H200
2025-03-01T00:00:00.000Z,2025-03-01T00:00:00.000Z,0.6947371106905477,H200
2025-03-02T00:00:00.000Z,2025-03-02T00:00:00.000Z,0.5111607142857143,H200
2025-03-03T00:00:00.000Z,2025-03-03T00:00:00.000Z,0.7295783464901112,H200
2025-03-04T00:00:00.000Z,2025-03-04T00:00:00.000Z,0.8245516058016058,H200
2025-03-05T00:00:00.000Z,2025-03-05T00:00:00.000Z,0.7987300228310502,H200
2025-03-06T00:00:00.000Z,2025-03-06T00:00:00.000Z,0.8402777777777778,H200
2025-03-07T00:00:00.000Z,2025-03-07T00:00:00.000Z,0.9386444513543394,H200
2025-03-08T00:00:00.000Z,2025-03-08T00:00:00.000Z,0.859375,H200
2025-03-09T00:00:00.000Z,2025-03-09T00:00:00.000Z,0.8679787660256411,H200
2025-03-10T00:00:00.000Z,2025-03-10T00:00:00.000Z,0.8592178520114943,H200
2025-03-11T00:00:00.000Z,2025-03-11T00:00:00.000Z,0.9205668179156908,H200
2025-03-12T00:00:00.000Z,2025-03-12T00:00:00.000Z,0.8734047114608555,H200
2025-03-13T00:00:00.000Z,2025-03-13T00:00:00.000Z,0.8305371543778802,H200
2025-03-14T00:00:00.000Z,2025-03-14T00:00:00.000Z,0.8346354166666666,H200
2025-03-15T00:00:00.000Z,2025-03-15T00:00:00.000Z,0.6155567956349206,H200
2025-03-16T00:00:00.000Z,2025-03-16T00:00:00.000Z,0.7861174530695079,H200
2025-03-17T00:00:00.000Z,2025-03-17T00:00:00.000Z,0.8386050862506342,H200
2025-03-18T00:00:00.000Z,2025-03-18T00:00:00.000Z,0.7364037750630492,H200
2025-03-19T00:00:00.000Z,2025-03-19T00:00:00.000Z,0.6517224049707603,H200
2025-03-20T00:00:00.000Z,2025-03-20T00:00:00.000Z,0.6002604166666666,H200
2025-03-21T00:00:00.000Z,2025-03-21T00:00:00.000Z,0.5285005013323131,H200
2025-03-22T00:00:00.000Z,2025-03-22T00:00:00.000Z,0.4343104522792023,H200
2025-03-23T00:00:00.000Z,2025-03-23T00:00:00.000Z,0.39305555555555555,H200
2025-03-24T00:00:00.000Z,2025-03-24T00:00:00.000Z,0.4757088648131429,H200
2025-03-25T00:00:00.000Z,2025-03-25T00:00:00.000Z,0.49983643250688703,H200
2025-03-26T00:00:00.000Z,2025-03-26T00:00:00.000Z,0.5958060432924563,H200
2025-03-27T00:00:00.000Z,2025-03-27T00:00:00.000Z,0.6332224481730079,H200
2025-03-28T00:00:00.000Z,2025-03-28T00:00:00.000Z,0.5563830266955268,H200
2025-03-29T00:00:00.000Z,2025-03-29T00:00:00.000Z,0.4395833333333333,H200
2025-03-30T00:00:00.000Z,2025-03-30T00:00:00.000Z,0.44583333333333336,H200
2025-03-31T00:00:00.000Z,2025-03-31T00:00:00.000Z,0.4476571180555556,H200
2025-04-01T00:00:00.000Z,2025-04-01T00:00:00.000Z,0.3298019833599929,H200
2025-04-02T00:00:00.000Z,2025-04-02T00:00:00.000Z,0.4801668599473293,H200
2025-04-03T00:00:00.000Z,2025-04-03T00:00:00.000Z,0.34762002138101933,H200
2025-04-04T00:00:00.000Z,2025-04-04T00:00:00.000Z,0.32659313725490197,H200
2025-04-05T00:00:00.000Z,2025-04-05T00:00:00.000Z,0.4338235294117647,H200
2025-04-06T00:00:00.000Z,2025-04-06T00:00:00.000Z,0.34363818520108774,H200
2025-04-07T00:00:00.000Z,2025-04-07T00:00:00.000Z,0.3694852941176471,H200
2025-04-08T00:00:00.000Z,2025-04-08T00:00:00.000Z,0.4212622549019608,H200
2025-04-09T00:00:00.000Z,2025-04-09T00:00:00.000Z,0.43570884287751327,H200
2025-04-10T00:00:00.000Z,2025-04-10T00:00:00.000Z,0.5339399549566745,H200
2025-04-11T00:00:00.000Z,2025-04-11T00:00:00.000Z,0.5617528462998103,H200
2025-04-12T00:00:00.000Z,2025-04-12T00:00:00.000Z,0.5333333333333333,H200
2025-04-13T00:00:00.000Z,2025-04-13T00:00:00.000Z,0.5269281415351096,H200
2025-04-14T00:00:00.000Z,2025-04-14T00:00:00.000Z,0.565625,H200
2025-04-15T00:00:00.000Z,2025-04-15T00:00:00.000Z,0.6506354665071771,H200
2025-04-16T00:00:00.000Z,2025-04-16T00:00:00.000Z,0.6503065451326729,H200
2025-04-17T00:00:00.000Z,2025-04-17T00:00:00.000Z,0.5674342105263158,H200
2025-04-18T00:00:00.000Z,2025-04-18T00:00:00.000Z,0.5389254385964912,H200
2025-04-19T00:00:00.000Z,2025-04-19T00:00:00.000Z,0.5204212532966402,H200
2025-04-20T00:00:00.000Z,2025-04-20T00:00:00.000Z,0.5361842105263158,H200
2025-04-21T00:00:00.000Z,2025-04-21T00:00:00.000Z,0.5590951535251253,H200
2025-04-22T00:00:00.000Z,2025-04-22T00:00:00.000Z,0.6105431027306027,H200
2025-04-23T00:00:00.000Z,2025-04-23T00:00:00.000Z,0.690044207392553,H200
2025-04-24T00:00:00.000Z,2025-04-24T00:00:00.000Z,0.6450965947536539,H200
2025-04-25T00:00:00.000Z,2025-04-25T00:00:00.000Z,0.5587630739473813,H200
2025-04-26T00:00:00.000Z,2025-04-26T00:00:00.000Z,0.49802325018795174,H200
2025-04-27T00:00:00.000Z,2025-04-27T00:00:00.000Z,0.485054347826087,H200
2025-04-28T00:00:00.000Z,2025-04-28T00:00:00.000Z,0.5012832125603864,H200
2025-04-29T00:00:00.000Z,2025-04-29T00:00:00.000Z,0.5489322674474928,H200
2025-04-30T00:00:00.000Z,2025-04-30T00:00:00.000Z,0.5863223895933606,H200
2025-05-01T00:00:00.000Z,2025-05-01T00:00:00.000Z,0.7691498528675883,H200
2025-05-02T00:00:00.000Z,2025-05-02T00:00:00.000Z,0.7323807915182193,H200
2025-05-03T00:00:00.000Z,2025-05-03T00:00:00.000Z,0.6575115126176422,H200
2025-05-04T00:00:00.000Z,2025-05-04T00:00:00.000Z,0.6136363636363636,H200
2025-05-05T00:00:00.000Z,2025-05-05T00:00:00.000Z,0.6439393939393939,H200
2025-05-06T00:00:00.000Z,2025-05-06T00:00:00.000Z,0.6864730971507501,H200
2025-05-07T00:00:00.000Z,2025-05-07T00:00:00.000Z,0.6796875,H200
2025-05-08T00:00:00.000Z,2025-05-08T00:00:00.000Z,0.7189867424242424,H200
2025-05-09T00:00:00.000Z,2025-05-09T00:00:00.000Z,0.6612387738269795,H200
2025-05-10T00:00:00.000Z,2025-05-10T00:00:00.000Z,0.6178185232426304,H200
2025-05-11T00:00:00.000Z,2025-05-11T00:00:00.000Z,0.6117433665008292,H200
2025-05-12T00:00:00.000Z,2025-05-12T00:00:00.000Z,0.6058333333333333,H200
2025-05-13T00:00:00.000Z,2025-05-13T00:00:00.000Z,0.7130493120617736,H200
2025-05-14T00:00:00.000Z,2025-05-14T00:00:00.000Z,0.7271242731083569,H200
2025-05-15T00:00:00.000Z,2025-05-15T00:00:00.000Z,0.6984636668122907,H200
2025-05-16T00:00:00.000Z,2025-05-16T00:00:00.000Z,0.5485334870574109,H200
2025-05-17T00:00:00.000Z,2025-05-17T00:00:00.000Z,0.4944936841808597,H200
2025-05-18T00:00:00.000Z,2025-05-18T00:00:00.000Z,0.4844843130183916,H200
2025-05-19T00:00:00.000Z,2025-05-19T00:00:00.000Z,0.45164797626797926,H200
2025-05-20T00:00:00.000Z,2025-05-20T00:00:00.000Z,0.4701816745655608,H200
2025-05-21T00:00:00.000Z,2025-05-21T00:00:00.000Z,0.5029620853080569,H200
2025-05-22T00:00:00.000Z,2025-05-22T00:00:00.000Z,0.48417029824815266,H200
2025-05-23T00:00:00.000Z,2025-05-23T00:00:00.000Z,0.5597280428726646,H200
2025-05-24T00:00:00.000Z,2025-05-24T00:00:00.000Z,0.4847196062332979,H200
2025-05-25T00:00:00.000Z,2025-05-25T00:00:00.000Z,0.4856139344205479,H200
2025-05-26T00:00:00.000Z,2025-05-26T00:00:00.000Z,0.4388341543513957,H200
2025-05-27T00:00:00.000Z,2025-05-27T00:00:00.000Z,0.39209354665091145,H200
2025-05-28T00:00:00.000Z,2025-05-28T00:00:00.000Z,0.2271017505537515,H200
2025-05-29T00:00:00.000Z,2025-05-29T00:00:00.000Z,0.26279899051001104,H200
2025-05-30T00:00:00.000Z,2025-05-30T00:00:00.000Z,0.28229524622743923,H200
2025-05-31T00:00:00.000Z,2025-05-31T00:00:00.000Z,0.24835467003245582,H200
2025-06-01T00:00:00.000Z,2025-06-01T00:00:00.000Z,0.34346017457719585,H200
2025-06-02T00:00:00.000Z,2025-06-02T00:00:00.000Z,0.2866809116809117,H200
2025-06-03T00:00:00.000Z,2025-06-03T00:00:00.000Z,0.32047363983375227,H200
2025-06-04T00:00:00.000Z,2025-06-04T00:00:00.000Z,0.33672426451714116,H200
2025-06-05T00:00:00.000Z,2025-06-05T00:00:00.000Z,0.29097796143250687,H200
2025-06-06T00:00:00.000Z,2025-06-06T00:00:00.000Z,0.33315047150166965,H200
2025-06-07T00:00:00.000Z,2025-06-07T00:00:00.000Z,0.372575094931135,H200
2025-06-08T00:00:00.000Z,2025-06-08T00:00:00.000Z,0.40280202970750467,H200
2025-06-09T00:00:00.000Z,2025-06-09T00:00:00.000Z,0.3087121212121212,H200
2025-06-10T00:00:00.000Z,2025-06-10T00:00:00.000Z,0.3134511757471536,H200
2025-06-11T00:00:00.000Z,2025-06-11T00:00:00.000Z,0.38322365600617336,H200
2025-06-12T00:00:00.000Z,2025-06-12T00:00:00.000Z,0.39755351681957185,H200
2025-06-13T00:00:00.000Z,2025-06-13T00:00:00.000Z,0.41743119266055045,H200
2025-06-14T00:00:00.000Z,2025-06-14T00:00:00.000Z,0.4258665910216748,H200
2025-06-15T00:00:00.000Z,2025-06-15T00:00:00.000Z,0.4018605211344309,H200
2025-06-16T00:00:00.000Z,2025-06-16T00:00:00.000Z,0.3937308868501529,H200
2025-06-17T00:00:00.000Z,2025-06-17T00:00:00.000Z,0.42450305810397554,H200
2025-06-18T00:00:00.000Z,2025-06-18T00:00:00.000Z,0.3769950190446253,H200
2025-06-19T00:00:00.000Z,2025-06-19T00:00:00.000Z,0.3968859652104232,H200
2025-06-20T00:00:00.000Z,2025-06-20T00:00:00.000Z,0.4065082644628099,H200
2025-06-21T00:00:00.000Z,2025-06-21T00:00:00.000Z,0.3747895622895623,H200
2025-06-22T00:00:00.000Z,2025-06-22T00:00:00.000Z,0.3952991452991453,H200
2025-06-23T00:00:00.000Z,2025-06-23T00:00:00.000Z,0.4428418803418803,H200
2025-06-24T00:00:00.000Z,2025-06-24T00:00:00.000Z,0.49456717777533227,H200
2025-06-25T00:00:00.000Z,2025-06-25T00:00:00.000Z,0.44034900284900286,H200
2025-06-26T00:00:00.000Z,2025-06-26T00:00:00.000Z,0.4893162393162393,H200
2025-06-27T00:00:00.000Z,2025-06-27T00:00:00.000Z,0.48486467236467234,H200
2025-06-28T00:00:00.000Z,2025-06-28T00:00:00.000Z,0.43803418803418803,H200
2025-06-29T00:00:00.000Z,2025-06-29T00:00:00.000Z,0.4113247863247863,H200
2025-06-30T00:00:00.000Z,2025-06-30T00:00:00.000Z,0.45036179191817854,H200
2025-07-01T00:00:00.000Z,2025-07-01T00:00:00.000Z,0.44537591232465507,H200
2025-07-02T00:00:00.000Z,2025-07-02T00:00:00.000Z,0.508707050745078,H200
2025-07-03T00:00:00.000Z,2025-07-03T00:00:00.000Z,0.6106844274227866,H200
2025-07-04T00:00:00.000Z,2025-07-04T00:00:00.000Z,0.5298055716213611,H200
2025-07-05T00:00:00.000Z,2025-07-05T00:00:00.000Z,0.5416894444150869,H200
2025-07-06T00:00:00.000Z,2025-07-06T00:00:00.000Z,0.448447577444011,H200
2025-07-07T00:00:00.000Z,2025-07-07T00:00:00.000Z,0.4632398913298812,H200
2025-07-08T00:00:00.000Z,2025-07-08T00:00:00.000Z,0.515,H200
2025-07-09T00:00:00.000Z,2025-07-09T00:00:00.000Z,0.5266666666666666,H200
2025-07-10T00:00:00.000Z,2025-07-10T00:00:00.000Z,0.5901716836052691,H200
2025-07-11T00:00:00.000Z,2025-07-11T00:00:00.000Z,0.6406887263939341,H200
2025-07-12T00:00:00.000Z,2025-07-12T00:00:00.000Z,0.6263774104683195,H200
2025-07-13T00:00:00.000Z,2025-07-13T00:00:00.000Z,0.6275826446280992,H200
2025-07-14T00:00:00.000Z,2025-07-14T00:00:00.000Z,0.6201790633608816,H200
2025-07-15T00:00:00.000Z,2025-07-15T00:00:00.000Z,0.597794381531076,H200
2025-07-16T00:00:00.000Z,2025-07-16T00:00:00.000Z,0.578168044077135,H200
2025-07-17T00:00:00.000Z,2025-07-17T00:00:00.000Z,0.5670315019908322,H200
2025-07-18T00:00:00.000Z,2025-07-18T00:00:00.000Z,0.6231294798337266,H200
2025-07-19T00:00:00.000Z,2025-07-19T00:00:00.000Z,0.6119205046359629,H200
2025-07-20T00:00:00.000Z,2025-07-20T00:00:00.000Z,0.5812338501291989,H200
2025-07-21T00:00:00.000Z,2025-07-21T00:00:00.000Z,0.6445722560813281,H200
2025-07-22T00:00:00.000Z,2025-07-22T00:00:00.000Z,0.6955478460542929,H200
2025-07-23T00:00:00.000Z,2025-07-23T00:00:00.000Z,0.6892983307622528,H200
2025-07-24T00:00:00.000Z,2025-07-24T00:00:00.000Z,0.6062585490608917,H200
2025-07-25T00:00:00.000Z,2025-07-25T00:00:00.000Z,0.6048291985067467,H200
2025-07-26T00:00:00.000Z,2025-07-26T00:00:00.000Z,0.6002216956110611,H200
2025-07-27T00:00:00.000Z,2025-07-27T00:00:00.000Z,0.5737933809854043,H200
2025-07-28T00:00:00.000Z,2025-07-28T00:00:00.000Z,0.6468577271184255,H200
2025-07-29T00:00:00.000Z,2025-07-29T00:00:00.000Z,0.6614498723670438,H200
2025-07-30T00:00:00.000Z,2025-07-30T00:00:00.000Z,0.6346911728051812,H200
2025-07-31T00:00:00.000Z,2025-07-31T00:00:00.000Z,0.7038547444361491,H200
2025-08-01T00:00:00.000Z,2025-08-01T00:00:00.000Z,0.7521786492374728,H200
2025-08-02T00:00:00.000Z,2025-08-02T00:00:00.000Z,0.5887851632304696,H200
2025-08-03T00:00:00.000Z,2025-08-03T00:00:00.000Z,0.5103485838779956,H200
2025-08-04T00:00:00.000Z,2025-08-04T00:00:00.000Z,0.4895234204793028,H200
2025-08-05T00:00:00.000Z,2025-08-05T00:00:00.000Z,0.4979429087218668,H200
2025-08-06T00:00:00.000Z,2025-08-06T00:00:00.000Z,0.5582598143683869,H200
2025-08-07T00:00:00.000Z,2025-08-07T00:00:00.000Z,0.5870142615531866,H200
2025-08-08T00:00:00.000Z,2025-08-08T00:00:00.000Z,0.6164501541084623,H200
2025-08-09T00:00:00.000Z,2025-08-09T00:00:00.000Z,0.5559978768577495,H200
2025-08-10T00:00:00.000Z,2025-08-10T00:00:00.000Z,0.5009074561174217,H200
2025-08-11T00:00:00.000Z,2025-08-11T00:00:00.000Z,0.5478712429169746,H200
2025-08-12T00:00:00.000Z,2025-08-12T00:00:00.000Z,0.6758804303156849,H200
2025-08-13T00:00:00.000Z,2025-08-13T00:00:00.000Z,0.43830619430964557,H200
2025-08-14T00:00:00.000Z,2025-08-14T00:00:00.000Z,0.3565917107583774,H200
2025-08-15T00:00:00.000Z,2025-08-15T00:00:00.000Z,0.3235351024211321,H200
2025-08-16T00:00:00.000Z,2025-08-16T00:00:00.000Z,0.27417127071823205,H200
2025-08-17T00:00:00.000Z,2025-08-17T00:00:00.000Z,0.2925852419501996,H200
2025-08-18T00:00:00.000Z,2025-08-18T00:00:00.000Z,0.3158094932098043,H200
2025-08-19T00:00:00.000Z,2025-08-19T00:00:00.000Z,0.38042207405565664,H200
2025-08-20T00:00:00.000Z,2025-08-20T00:00:00.000Z,0.4416712474585367,H200
2025-08-21T00:00:00.000Z,2025-08-21T00:00:00.000Z,0.47580998100326133,H200
2025-08-22T00:00:00.000Z,2025-08-22T00:00:00.000Z,0.5052874428733926,H200
2025-08-23T00:00:00.000Z,2025-08-23T00:00:00.000Z,0.4408028455284553,H200
2025-08-24T00:00:00.000Z,2025-08-24T00:00:00.000Z,0.46768562909522704,H200
2025-08-25T00:00:00.000Z,2025-08-25T00:00:00.000Z,0.46350531920254795,H200
2025-08-26T00:00:00.000Z,2025-08-26T00:00:00.000Z,0.45234937917896767,H200
2025-08-27T00:00:00.000Z,2025-08-27T00:00:00.000Z,0.4876302083333333,H200
2025-08-28T00:00:00.000Z,2025-08-28T00:00:00.000Z,0.49935894185895124,H200
2025-08-29T00:00:00.000Z,2025-08-29T00:00:00.000Z,0.4661524821601217,H200
2025-08-30T00:00:00.000Z,2025-08-30T00:00:00.000Z,0.3813043341132214,H200
2025-08-31T00:00:00.000Z,2025-08-31T00:00:00.000Z,0.3079054399649455,H200
2025-09-01T00:00:00.000Z,2025-09-01T00:00:00.000Z,0.3391848707869459,H200
2025-09-02T00:00:00.000Z,2025-09-02T00:00:00.000Z,0.3352272727272727,H200
2025-09-03T00:00:00.000Z,2025-09-03T00:00:00.000Z,0.4007414697375638,H200
2025-09-04T00:00:00.000Z,2025-09-04T00:00:00.000Z,0.4417008573265842,H200
2025-09-05T00:00:00.000Z,2025-09-05T00:00:00.000Z,0.41195436507936506,H200
2025-09-06T00:00:00.000Z,2025-09-06T00:00:00.000Z,0.4652777777777778,H200
2025-09-07T00:00:00.000Z,2025-09-07T00:00:00.000Z,0.4986359126984127,H200
2025-09-08T00:00:00.000Z,2025-09-08T00:00:00.000Z,0.5386904761904762,H200
2025-09-09T00:00:00.000Z,2025-09-09T00:00:00.000Z,0.49937715297582297,H200
2025-09-10T00:00:00.000Z,2025-09-10T00:00:00.000Z,0.5480862403100775,H200
2025-09-11T00:00:00.000Z,2025-09-11T00:00:00.000Z,0.5540743315357824,H200
2025-09-12T00:00:00.000Z,2025-09-12T00:00:00.000Z,0.5285136980267794,H200
2025-09-13T00:00:00.000Z,2025-09-13T00:00:00.000Z,0.51171875,H200
2025-09-14T00:00:00.000Z,2025-09-14T00:00:00.000Z,0.5088778409090909,H200
2025-09-15T00:00:00.000Z,2025-09-15T00:00:00.000Z,0.5885054026537047,H200
2025-09-16T00:00:00.000Z,2025-09-16T00:00:00.000Z,0.6194063521061993,H200
2025-09-17T00:00:00.000Z,2025-09-17T00:00:00.000Z,0.6066678744605681,H200
2025-09-18T00:00:00.000Z,2025-09-18T00:00:00.000Z,0.6935125612745098,H200
2025-09-19T00:00:00.000Z,2025-09-19T00:00:00.000Z,0.769051125245299,H200
2025-09-20T00:00:00.000Z,2025-09-20T00:00:00.000Z,0.7592411173198248,H200
2025-09-21T00:00:00.000Z,2025-09-21T00:00:00.000Z,0.7366219448904459,H200
2025-09-22T00:00:00.000Z,2025-09-22T00:00:00.000Z,0.7663643292240799,H200
2025-09-23T00:00:00.000Z,2025-09-23T00:00:00.000Z,0.5943416483918129,H200
2025-09-24T00:00:00.000Z,2025-09-24T00:00:00.000Z,0.6599509626059312,H200
2025-09-25T00:00:00.000Z,2025-09-25T00:00:00.000Z,0.5256270367022939,H200
2025-09-26T00:00:00.000Z,2025-09-26T00:00:00.000Z,0.44193628137446445,H200
2025-09-27T00:00:00.000Z,2025-09-27T00:00:00.000Z,0.42672833389641474,H200
2025-09-28T00:00:00.000Z,2025-09-28T00:00:00.000Z,0.3481867283950617,H200
2025-09-29T00:00:00.000Z,2025-09-29T00:00:00.000Z,0.3840119589553431,H200
2025-09-30T00:00:00.000Z,2025-09-30T00:00:00.000Z,0.418261254633824,H200
2025-10-01T00:00:00.000Z,2025-10-01T00:00:00.000Z,0.433082462584392,H200
2025-10-02T00:00:00.000Z,2025-10-02T00:00:00.000Z,0.3947842380883296,H200
2025-10-03T00:00:00.000Z,2025-10-03T00:00:00.000Z,0.3884548611111111,H200
2025-10-04T00:00:00.000Z,2025-10-04T00:00:00.000Z,0.3500530657338693,H200
2025-10-05T00:00:00.000Z,2025-10-05T00:00:00.000Z,0.3282204918391521,H200
2025-10-06T00:00:00.000Z,2025-10-06T00:00:00.000Z,0.3975302821679438,H200
2025-10-07T00:00:00.000Z,2025-10-07T00:00:00.000Z,0.4160518815659435,H200
2025-10-08T00:00:00.000Z,2025-10-08T00:00:00.000Z,0.34227296454768735,H200
2025-10-09T00:00:00.000Z,2025-10-09T00:00:00.000Z,0.40602836879432624,H200
2025-10-10T00:00:00.000Z,2025-10-10T00:00:00.000Z,0.46671100054536574,H200
2025-10-11T00:00:00.000Z,2025-10-11T00:00:00.000Z,0.4425478898156087,H200
2025-10-12T00:00:00.000Z,2025-10-12T00:00:00.000Z,0.4,H200
2025-10-13T00:00:00.000Z,2025-10-13T00:00:00.000Z,0.43506035872505044,H200
2025-10-14T00:00:00.000Z,2025-10-14T00:00:00.000Z,0.4223278985507246,H200
2025-10-15T00:00:00.000Z,2025-10-15T00:00:00.000Z,0.4469909070164058,H200
2025-10-16T00:00:00.000Z,2025-10-16T00:00:00.000Z,0.44364026454390976,H200
2025-10-17T00:00:00.000Z,2025-10-17T00:00:00.000Z,0.4232050044406278,H200
2025-10-18T00:00:00.000Z,2025-10-18T00:00:00.000Z,0.3931260900789987,H200
2025-10-19T00:00:00.000Z,2025-10-19T00:00:00.000Z,0.35868055555555556,H200
2025-10-20T00:00:00.000Z,2025-10-20T00:00:00.000Z,0.3614582670189288,H200
2025-10-21T00:00:00.000Z,2025-10-21T00:00:00.000Z,0.46105699945557976,H200
2025-10-22T00:00:00.000Z,2025-10-22T00:00:00.000Z,0.36213083655389067,H200
2025-10-23T00:00:00.000Z,2025-10-23T00:00:00.000Z,0.344234496124031,H200
2025-10-24T00:00:00.000Z,2025-10-24T00:00:00.000Z,0.34005807504373653,H200
2025-10-25T00:00:00.000Z,2025-10-25T00:00:00.000Z,0.32436953778010763,H200
2025-10-26T00:00:00.000Z,2025-10-26T00:00:00.000Z,0.3705139243262547,H200
2025-10-27T00:00:00.000Z,2025-10-27T00:00:00.000Z,0.41544710717591843,H200
2025-10-28T00:00:00.000Z,2025-10-28T00:00:00.000Z,0.4545824858613771,H200
2025-10-29T00:00:00.000Z,2025-10-29T00:00:00.000Z,0.4039682215045634,H200
2025-10-30T00:00:00.000Z,2025-10-30T00:00:00.000Z,0.4170168654628522,H200
2025-10-31T00:00:00.000Z,2025-10-31T00:00:00.000Z,0.43436380187439394,H200
2025-11-01T00:00:00.000Z,2025-11-01T00:00:00.000Z,0.4193329052042661,H200
2025-11-02T00:00:00.000Z,2025-11-02T00:00:00.000Z,0.36233736948277667,H200
2025-11-03T00:00:00.000Z,2025-11-03T00:00:00.000Z,0.3992895616843224,H200
2025-11-04T00:00:00.000Z,2025-11-04T00:00:00.000Z,0.421776498517843,H200
2025-11-05T00:00:00.000Z,2025-11-05T00:00:00.000Z,0.5812779327731046,H200
2025-11-06T00:00:00.000Z,2025-11-06T00:00:00.000Z,0.6355871783457957,H200
2025-11-07T00:00:00.000Z,2025-11-07T00:00:00.000Z,0.6910872276301157,H200
2025-11-08T00:00:00.000Z,2025-11-08T00:00:00.000Z,0.6838889754779718,H200
2025-11-09T00:00:00.000Z,2025-11-09T00:00:00.000Z,0.7117708333333334,H200
2025-11-10T00:00:00.000Z,2025-11-10T00:00:00.000Z,0.7550907301857538,H200
2025-11-11T00:00:00.000Z,2025-11-11T00:00:00.000Z,0.5760794091720507,H200
2025-11-12T00:00:00.000Z,2025-11-12T00:00:00.000Z,0.651498289563715,H200
2025-11-13T00:00:00.000Z,2025-11-13T00:00:00.000Z,0.74609375,H200
2025-11-14T00:00:00.000Z,2025-11-14T00:00:00.000Z,0.6405588936957126,H200
2025-11-15T00:00:00.000Z,2025-11-15T00:00:00.000Z,0.619196213839071,H200
2025-11-16T00:00:00.000Z,2025-11-16T00:00:00.000Z,0.5342357010099454,H200
2025-11-17T00:00:00.000Z,2025-11-17T00:00:00.000Z,0.6397662475153605,H200
2025-11-18T00:00:00.000Z,2025-11-18T00:00:00.000Z,0.7531583418409687,H200
2025-11-19T00:00:00.000Z,2025-11-19T00:00:00.000Z,0.7323319323533475,H200
2025-11-20T00:00:00.000Z,2025-11-20T00:00:00.000Z,0.7786721713021492,H200
2025-11-21T00:00:00.000Z,2025-11-21T00:00:00.000Z,0.7818630470594355,H200
2025-11-22T00:00:00.000Z,2025-11-22T00:00:00.000Z,0.6716845091758662,H200
2025-11-23T00:00:00.000Z,2025-11-23T00:00:00.000Z,0.6999261934550668,H200
2025-11-24T00:00:00.000Z,2025-11-24T00:00:00.000Z,0.7867056451733969,H200
2025-11-25T00:00:00.000Z,2025-11-25T00:00:00.000Z,0.8071665574751146,H200
2025-11-26T00:00:00.000Z,2025-11-26T00:00:00.000Z,0.555453095196699,H200
2025-11-27T00:00:00.000Z,2025-11-27T00:00:00.000Z,0.5239091712621821,H200
2025-11-28T00:00:00.000Z,2025-11-28T00:00:00.000Z,0.5665249358958877,H200
2025-11-29T00:00:00.000Z,2025-11-29T00:00:00.000Z,0.44512589652011925,H200
2025-11-30T00:00:00.000Z,2025-11-30T00:00:00.000Z,0.3234815646651844,H200
2025-12-01T00:00:00.000Z,2025-12-01T00:00:00.000Z,0.4362566228672058,H200
2025-12-02T00:00:00.000Z,2025-12-02T00:00:00.000Z,0.511364065239169,H200
2025-12-03T00:00:00.000Z,2025-12-03T00:00:00.000Z,0.5916010180578961,H200
2025-12-04T00:00:00.000Z,2025-12-04T00:00:00.000Z,0.5997208713310423,H200
2025-12-05T00:00:00.000Z,2025-12-05T00:00:00.000Z,0.5990688084243486,H200
2025-12-06T00:00:00.000Z,2025-12-06T00:00:00.000Z,0.49917559658963034,H200
2025-12-07T00:00:00.000Z,2025-12-07T00:00:00.000Z,0.5837334436166438,H200
2025-12-08T00:00:00.000Z,2025-12-08T00:00:00.000Z,0.6012396199571632,H200
2025-12-09T00:00:00.000Z,2025-12-09T00:00:00.000Z,0.6506117629992304,H200
2025-12-10T00:00:00.000Z,2025-12-10T00:00:00.000Z,0.5118421123426727,H200
2025-12-11T00:00:00.000Z,2025-12-11T00:00:00.000Z,0.6160390515678859,H200
2025-12-12T00:00:00.000Z,2025-12-12T00:00:00.000Z,0.5849743343346159,H200
2025-12-13T00:00:00.000Z,2025-12-13T00:00:00.000Z,0.5373971304203863,H200
2025-12-14T00:00:00.000Z,2025-12-14T00:00:00.000Z,0.4765246093945588,H200
2025-12-15T00:00:00.000Z,2025-12-15T00:00:00.000Z,0.5675018719383762,H200
2025-12-16T00:00:00.000Z,2025-12-16T00:00:00.000Z,0.7679882439624697,H200
2025-12-17T00:00:00.000Z,2025-12-17T00:00:00.000Z,0.7632403738646188,H200
2025-12-18T00:00:00.000Z,2025-12-18T00:00:00.000Z,0.7247893532047536,H200
2025-12-19T00:00:00.000Z,2025-12-19T00:00:00.000Z,0.6849708686440678,H200
2025-12-20T00:00:00.000Z,2025-12-20T00:00:00.000Z,0.6555059126348188,H200
2025-12-21T00:00:00.000Z,2025-12-21T00:00:00.000Z,0.4790645191035816,H200
2025-12-22T00:00:00.000Z,2025-12-22T00:00:00.000Z,0.426505782267501,H200
2025-12-23T00:00:00.000Z,2025-12-23T00:00:00.000Z,0.7166005291005291,H200
2025-12-24T00:00:00.000Z,2025-12-24T00:00:00.000Z,0.7831940827546297,H200
2025-12-25T00:00:00.000Z,2025-12-25T00:00:00.000Z,0.7915884710883792,H200
2025-12-26T00:00:00.000Z,2025-12-26T00:00:00.000Z,0.7797422750532556,H200
2025-12-27T00:00:00.000Z,2025-12-27T00:00:00.000Z,0.747260454156285,H200
2025-12-28T00:00:00.000Z,2025-12-28T00:00:00.000Z,0.7361351925071299,H200
2025-12-29T00:00:00.000Z,2025-12-29T00:00:00.000Z,0.6932141551796157,H200
2025-12-30T00:00:00.000Z,2025-12-30T00:00:00.000Z,0.5377973903918442,H200
2025-12-31T00:00:00.000Z,2025-12-31T00:00:00.000Z,0.4326923076923077,H200
2026-01-01T00:00:00.000Z,2026-01-01T00:00:00.000Z,0.4874884849773243,H200
2026-01-02T00:00:00.000Z,2026-01-02T00:00:00.000Z,0.5117984693877551,H200
2026-01-03T00:00:00.000Z,2026-01-03T00:00:00.000Z,0.5611181972789115,H200
2026-01-04T00:00:00.000Z,2026-01-04T00:00:00.000Z,0.5889668367346939,H200
2026-01-05T00:00:00.000Z,2026-01-05T00:00:00.000Z,0.6101518461368127,H200
2026-01-06T00:00:00.000Z,2026-01-06T00:00:00.000Z,0.4729248774604276,H200
2026-01-07T00:00:00.000Z,2026-01-07T00:00:00.000Z,0.47112607572510135,H200
2026-01-08T00:00:00.000Z,2026-01-08T00:00:00.000Z,0.46819365294497095,H200
2026-01-09T00:00:00.000Z,2026-01-09T00:00:00.000Z,0.44216238644304684,H200
2026-01-10T00:00:00.000Z,2026-01-10T00:00:00.000Z,0.4575617283950617,H200
2026-01-11T00:00:00.000Z,2026-01-11T00:00:00.000Z,0.5671147467689237,H200
2026-01-12T00:00:00.000Z,2026-01-12T00:00:00.000Z,0.5994677609590588,H200
2026-01-13T00:00:00.000Z,2026-01-13T00:00:00.000Z,0.5886206687501003,H200
2026-01-14T00:00:00.000Z,2026-01-14T00:00:00.000Z,0.6242218137254902,H200
2026-01-15T00:00:00.000Z,2026-01-15T00:00:00.000Z,0.6426806972789115,H200
2026-01-16T00:00:00.000Z,2026-01-16T00:00:00.000Z,0.5608677785165485,H200
2026-01-17T00:00:00.000Z,2026-01-17T00:00:00.000Z,0.5204889417270532,H200
2026-01-18T00:00:00.000Z,2026-01-18T00:00:00.000Z,0.529296875,H200
2026-01-19T00:00:00.000Z,2026-01-19T00:00:00.000Z,0.5998263888888888,H200
2026-01-20T00:00:00.000Z,2026-01-20T00:00:00.000Z,0.7024032933112344,H200
2026-01-21T00:00:00.000Z,2026-01-21T00:00:00.000Z,0.6225620567375887,H200
2026-01-22T00:00:00.000Z,2026-01-22T00:00:00.000Z,0.6139184397163121,H200
2026-01-23T00:00:00.000Z,2026-01-23T00:00:00.000Z,0.6865420870153348,H200
2026-01-24T00:00:00.000Z,2026-01-24T00:00:00.000Z,0.5564814814814815,H200
2026-01-25T00:00:00.000Z,2026-01-25T00:00:00.000Z,0.6419542648709315,H200
2026-01-26T00:00:00.000Z,2026-01-26T00:00:00.000Z,0.7517121225356288,H200
2026-01-27T00:00:00.000Z,2026-01-27T00:00:00.000Z,0.7884504769921437,H200
2026-01-28T00:00:00.000Z,2026-01-28T00:00:00.000Z,0.8737841585497835,H200
2026-01-29T00:00:00.000Z,2026-01-29T00:00:00.000Z,0.593389144040238,H200
2026-01-30T00:00:00.000Z,2026-01-30T00:00:00.000Z,0.49230179888100484,H200
2026-01-31T00:00:00.000Z,2026-01-31T00:00:00.000Z,0.516426282051282,H200
2026-02-01T00:00:00.000Z,2026-02-01T00:00:00.000Z,0.6212587198340875,H200
2026-02-02T00:00:00.000Z,2026-02-02T00:00:00.000Z,0.5298508986928104,H200
2026-02-03T00:00:00.000Z,2026-02-03T00:00:00.000Z,0.5525111607142857,H200
2026-02-04T00:00:00.000Z,2026-02-04T00:00:00.000Z,0.5827124183006536,H200
2026-02-05T00:00:00.000Z,2026-02-05T00:00:00.000Z,0.5183476307189543,H200
2026-02-06T00:00:00.000Z,2026-02-06T00:00:00.000Z,0.5201184640522876,H200
2026-02-07T00:00:00.000Z,2026-02-07T00:00:00.000Z,0.5161356209150327,H200
2026-02-08T00:00:00.000Z,2026-02-08T00:00:00.000Z,0.563484727224223,H200
2026-02-09T00:00:00.000Z,2026-02-09T00:00:00.000Z,0.6068654883274232,H200
2026-02-10T00:00:00.000Z,2026-02-10T00:00:00.000Z,0.5968546272675737,H200
2026-02-11T00:00:00.000Z,2026-02-11T00:00:00.000Z,0.5824671648550724,H200
2026-02-12T00:00:00.000Z,2026-02-12T00:00:00.000Z,0.47591416849753315,H200
2026-02-13T00:00:00.000Z,2026-02-13T00:00:00.000Z,0.4768417783780179,H200
2026-02-14T00:00:00.000Z,2026-02-14T00:00:00.000Z,0.4261642156862745,H200
2026-02-15T00:00:00.000Z,2026-02-15T00:00:00.000Z,0.48417075163398693,H200
2026-02-16T00:00:00.000Z,2026-02-16T00:00:00.000Z,0.5970574618736384,H200
2026-02-17T00:00:00.000Z,2026-02-17T00:00:00.000Z,0.6363666142557652,H200
2026-02-18T00:00:00.000Z,2026-02-18T00:00:00.000Z,0.5990444499559083,H200
2026-02-19T00:00:00.000Z,2026-02-19T00:00:00.000Z,0.6092819940476191,H200
2026-02-20T00:00:00.000Z,2026-02-20T00:00:00.000Z,0.7261566558441559,H200
2026-02-21T00:00:00.000Z,2026-02-21T00:00:00.000Z,0.6444398757309941,H200
2026-02-22T00:00:00.000Z,2026-02-22T00:00:00.000Z,0.5840643274853801,H200
2026-02-23T00:00:00.000Z,2026-02-23T00:00:00.000Z,0.6184748981829574,H200
2026-02-24T00:00:00.000Z,2026-02-24T00:00:00.000Z,0.6995569534632035,H200
2026-02-25T00:00:00.000Z,2026-02-25T00:00:00.000Z,0.7463339327698164,H200
2026-02-26T00:00:00.000Z,2026-02-26T00:00:00.000Z,0.7227688620263143,H200
2026-02-27T00:00:00.000Z,2026-02-27T00:00:00.000Z,0.6507724829621847,H200
2026-02-28T00:00:00.000Z,2026-02-28T00:00:00.000Z,0.5729737276612277,H200
2026-03-01T00:00:00.000Z,2026-03-01T00:00:00.000Z,0.6595052083333334,H200
2026-03-02T00:00:00.000Z,2026-03-02T00:00:00.000Z,0.6978665865384616,H200
2026-03-03T00:00:00.000Z,2026-03-03T00:00:00.000Z,0.7147241810437381,H200
2026-03-04T00:00:00.000Z,2026-03-04T00:00:00.000Z,0.7400755365074395,H200
2026-03-05T00:00:00.000Z,2026-03-05T00:00:00.000Z,0.72339864996115,H200
2026-03-06T00:00:00.000Z,2026-03-06T00:00:00.000Z,0.624792848438149,H200
2026-03-07T00:00:00.000Z,2026-03-07T00:00:00.000Z,0.6510107179363201,H200
2026-03-08T00:00:00.000Z,2026-03-08T00:00:00.000Z,0.6595524018335432,H200
2026-03-09T00:00:00.000Z,2026-03-09T00:00:00.000Z,0.7062640926070839,H200
2026-03-10T00:00:00.000Z,2026-03-10T00:00:00.000Z,0.7126503001562944,H200
2026-03-11T00:00:00.000Z,2026-03-11T00:00:00.000Z,0.7350010110792018,H200
2026-03-12T00:00:00.000Z,2026-03-12T00:00:00.000Z,0.6596942204301075,H200
2026-03-13T00:00:00.000Z,2026-03-13T00:00:00.000Z,0.6650352596784179,H200
2026-03-14T00:00:00.000Z,2026-03-14T00:00:00.000Z,0.7777604735998842,H200
2026-03-15T00:00:00.000Z,2026-03-15T00:00:00.000Z,0.8313024109014675,H200
2026-03-16T00:00:00.000Z,2026-03-16T00:00:00.000Z,0.890380641244574,H200
2026-03-17T00:00:00.000Z,2026-03-17T00:00:00.000Z,0.8860065375583817,H200
2026-03-18T00:00:00.000Z,2026-03-18T00:00:00.000Z,0.8821687373005254,H200
2026-03-19T00:00:00.000Z,2026-03-19T00:00:00.000Z,0.8649391652784794,H200
2026-03-20T00:00:00.000Z,2026-03-20T00:00:00.000Z,0.763257472364968,H200
2026-03-21T00:00:00.000Z,2026-03-21T00:00:00.000Z,0.7458538898089765,H200
2026-03-22T00:00:00.000Z,2026-03-22T00:00:00.000Z,0.6973353763712631,H200
2026-03-23T00:00:00.000Z,2026-03-23T00:00:00.000Z,0.7196687019448214,H200
2026-03-24T00:00:00.000Z,2026-03-24T00:00:00.000Z,0.7626049798852511,H200
2026-03-25T00:00:00.000Z,2026-03-25T00:00:00.000Z,0.7952479032839685,H200
2026-03-26T00:00:00.000Z,2026-03-26T00:00:00.000Z,0.7593557098765432,H200
2026-03-27T00:00:00.000Z,2026-03-27T00:00:00.000Z,0.8330294228977405,H200
2026-03-28T00:00:00.000Z,2026-03-28T00:00:00.000Z,0.7947990369496856,H200
2026-03-29T00:00:00.000Z,2026-03-29T00:00:00.000Z,0.7441243411295495,H200
2026-03-30T00:00:00.000Z,2026-03-30T00:00:00.000Z,0.8310968108059881,H200
2026-03-31T00:00:00.000Z,2026-03-31T00:00:00.000Z,0.8408139297385621,H200
2026-04-01T00:00:00.000Z,2026-04-01T00:00:00.000Z,0.9063750155248912,H200
2026-04-02T00:00:00.000Z,2026-04-02T00:00:00.000Z,0.8764086831251927,H200
2026-04-03T00:00:00.000Z,2026-04-03T00:00:00.000Z,0.8544168969671202,H200
2026-04-04T00:00:00.000Z,2026-04-04T00:00:00.000Z,0.8031462585034014,H200
2026-04-05T00:00:00.000Z,2026-04-05T00:00:00.000Z,0.8514184423769507,H200
2026-04-06T00:00:00.000Z,2026-04-06T00:00:00.000Z,0.9049420248868778,H200
2026-04-07T00:00:00.000Z,2026-04-07T00:00:00.000Z,0.9412785947712419,H200
2026-04-08T00:00:00.000Z,2026-04-08T00:00:00.000Z,0.9297490145027721,H200
2026-04-09T00:00:00.000Z,2026-04-09T00:00:00.000Z,0.8896174264562634,H200
2026-04-10T00:00:00.000Z,2026-04-10T00:00:00.000Z,0.8194374431781285,H200
2026-04-11T00:00:00.000Z,2026-04-11T00:00:00.000Z,0.7341101694915254,H200
2026-04-12T00:00:00.000Z,2026-04-12T00:00:00.000Z,0.7659781073446328,H200
2026-04-13T00:00:00.000Z,2026-04-13T00:00:00.000Z,0.8657644165205532,H200
2026-04-14T00:00:00.000Z,2026-04-14T00:00:00.000Z,0.8550600891291642,H200
2026-04-15T00:00:00.000Z,2026-04-15T00:00:00.000Z,0.858093311659848,H200
2026-04-16T00:00:00.000Z,2026-04-16T00:00:00.000Z,0.852689799883536,H200
2026-04-17T00:00:00.000Z,2026-04-17T00:00:00.000Z,0.8701571815718158,H200
2026-04-18T00:00:00.000Z,2026-04-18T00:00:00.000Z,0.8148398950131234,H200
2026-04-19T00:00:00.000Z,2026-04-19T00:00:00.000Z,0.8389966124661247,H200
2026-04-20T00:00:00.000Z,2026-04-20T00:00:00.000Z,0.8495885826771653,H200
2026-04-21T00:00:00.000Z,2026-04-21T00:00:00.000Z,0.8541787472786831,H200
2026-04-22T00:00:00.000Z,2026-04-22T00:00:00.000Z,0.8679602359910839,H200
2026-04-23T00:00:00.000Z,2026-04-23T00:00:00.000Z,0.8278210704988399,H200
2026-04-24T00:00:00.000Z,2026-04-24T00:00:00.000Z,0.7199749120309757,H200
2026-04-25T00:00:00.000Z,2026-04-25T00:00:00.000Z,0.6857235142118863,H200
2026-04-26T00:00:00.000Z,2026-04-26T00:00:00.000Z,0.7013529655785965,H200
2026-04-27T00:00:00.000Z,2026-04-27T00:00:00.000Z,0.767638004265436,H200
2026-04-28T00:00:00.000Z,2026-04-28T00:00:00.000Z,0.8210407580777738,H200
2026-04-29T00:00:00.000Z,2026-04-29T00:00:00.000Z,0.9568678708187609,H200
2026-04-30T00:00:00.000Z,2026-04-30T00:00:00.000Z,0.9642832857207964,H200
2026-05-01T00:00:00.000Z,2026-05-01T00:00:00.000Z,0.933650174879379,H200
2026-05-02T00:00:00.000Z,2026-05-02T00:00:00.000Z,0.8883325040685802,H200
2026-05-03T00:00:00.000Z,2026-05-03T00:00:00.000Z,0.9170783878229826,H200
2026-05-04T00:00:00.000Z,2026-05-04T00:00:00.000Z,0.9389460154241646,H200
2026-05-05T00:00:00.000Z,2026-05-05T00:00:00.000Z,0.9453727506426736,H200
2026-05-06T00:00:00.000Z,2026-05-06T00:00:00.000Z,0.921466870194803,H200
2026-05-07T00:00:00.000Z,2026-05-07T00:00:00.000Z,0.7776784437310761,H200
2026-05-08T00:00:00.000Z,2026-05-08T00:00:00.000Z,0.7181927289051715,H200
2026-05-09T00:00:00.000Z,2026-05-09T00:00:00.000Z,0.8454966669655936,H200
2026-05-10T00:00:00.000Z,2026-05-10T00:00:00.000Z,0.9713750471954208,H200
2026-05-11T00:00:00.000Z,2026-05-11T00:00:00.000Z,0.9715935214521079,H200
2026-05-12T00:00:00.000Z,2026-05-12T00:00:00.000Z,0.9760841857645058,H200
2026-05-13T00:00:00.000Z,2026-05-13T00:00:00.000Z,0.9717526105613017,H200
2026-05-14T00:00:00.000Z,2026-05-14T00:00:00.000Z,0.9834096421951662,H200
2026-05-15T00:00:00.000Z,2026-05-15T00:00:00.000Z,0.9696063557341562,H200
2026-05-16T00:00:00.000Z,2026-05-16T00:00:00.000Z,0.9955186880244088,H200
2026-05-17T00:00:00.000Z,2026-05-17T00:00:00.000Z,0.9421131298769652,H200
2026-05-18T00:00:00.000Z,2026-05-18T00:00:00.000Z,0.9038258353184314,H200
2026-05-19T00:00:00.000Z,2026-05-19T00:00:00.000Z,0.9104237753954648,H200
2026-05-20T00:00:00.000Z,2026-05-20T00:00:00.000Z,0.9394021577043127,H200
2026-05-21T00:00:00.000Z,2026-05-21T00:00:00.000Z,0.9728356249451565,H200
2026-05-22T00:00:00.000Z,2026-05-22T00:00:00.000Z,0.9514712274918928,H200
2026-05-23T00:00:00.000Z,2026-05-23T00:00:00.000Z,0.7721632263136169,H200
2026-05-24T00:00:00.000Z,2026-05-24T00:00:00.000Z,0.7059177535694877,H200
2026-05-25T00:00:00.000Z,2026-05-25T00:00:00.000Z,0.5755139991934115,H200
2026-05-26T00:00:00.000Z,2026-05-26T00:00:00.000Z,0.5135316282397574,H200
2026-05-27T00:00:00.000Z,2026-05-27T00:00:00.000Z,0.578003925786972,H200
2026-05-28T00:00:00.000Z,2026-05-28T00:00:00.000Z,0.7564380279960176,H200
2026-05-29T00:00:00.000Z,2026-05-29T00:00:00.000Z,0.8784017272994791,H200
2026-05-30T00:00:00.000Z,2026-05-30T00:00:00.000Z,0.9438762452432364,H200
2026-05-31T00:00:00.000Z,2026-05-31T00:00:00.000Z,0.8977257702720962,H200
2026-06-01T00:00:00.000Z,2026-06-01T00:00:00.000Z,0.6848890402068565,H200
2026-06-02T00:00:00.000Z,2026-06-02T00:00:00.000Z,0.5401377650507366,H200
2026-06-03T00:00:00.000Z,2026-06-03T00:00:00.000Z,0.5778615575061137,H200
2026-06-04T00:00:00.000Z,2026-06-04T00:00:00.000Z,0.6637749717627509,H200
2026-06-05T00:00:00.000Z,2026-06-05T00:00:00.000Z,0.5701499155384973,H200
2026-06-06T00:00:00.000Z,2026-06-06T00:00:00.000Z,0.5319623417961356,H200
2026-06-07T00:00:00.000Z,2026-06-07T00:00:00.000Z,0.38607116466512237,H200
2026-06-08T00:00:00.000Z,2026-06-08T00:00:00.000Z,0.3985705974316454,H200
2026-06-09T00:00:00.000Z,2026-06-09T00:00:00.000Z,0.3994480617986959,H200
2026-06-10T00:00:00.000Z,2026-06-10T00:00:00.000Z,0.3638305482415557,H200
2026-06-11T00:00:00.000Z,2026-06-11T00:00:00.000Z,0.4189443327954703,H200
2026-06-12T00:00:00.000Z,2026-06-12T00:00:00.000Z,0.4267881751866917,H200
2026-06-13T00:00:00.000Z,2026-06-13T00:00:00.000Z,0.3800189476995842,H200
2026-06-14T00:00:00.000Z,2026-06-14T00:00:00.000Z,0.4082101392725664,H200
2026-06-15T00:00:00.000Z,2026-06-15T00:00:00.000Z,0.5163284257130808,H200
2026-06-16T00:00:00.000Z,2026-06-16T00:00:00.000Z,0.5371926210995188,H200
2026-06-17T00:00:00.000Z,2026-06-17T00:00:00.000Z,0.5162872591292257,H200
2026-06-18T00:00:00.000Z,2026-06-18T00:00:00.000Z,0.5510553180491841,H200
2026-06-19T00:00:00.000Z,2026-06-19T00:00:00.000Z,0.5496865131881193,H200
2026-06-20T00:00:00.000Z,2026-06-20T00:00:00.000Z,0.4964675410558801,H200
2026-06-21T00:00:00.000Z,2026-06-21T00:00:00.000Z,0.550162657635852,H200
2026-06-22T00:00:00.000Z,2026-06-22T00:00:00.000Z,0.5558336944339314,H200
2026-06-23T00:00:00.000Z,2026-06-23T00:00:00.000Z,0.5817049392025488,H200
2026-06-24T00:00:00.000Z,2026-06-24T00:00:00.000Z,0.6510850258894972,H200
2026-06-25T00:00:00.000Z,2026-06-25T00:00:00.000Z,0.679144026972955,H200
2026-06-26T00:00:00.000Z,2026-06-26T00:00:00.000Z,0.649349672563858,H200
2026-06-27T00:00:00.000Z,2026-06-27T00:00:00.000Z,0.6156084637567545,H200
2026-06-28T00:00:00.000Z,2026-06-28T00:00:00.000Z,0.5695036817456882,H200
2026-06-29T00:00:00.000Z,2026-06-29T00:00:00.000Z,0.6142454922192916,H200
2026-06-30T00:00:00.000Z,2026-06-30T00:00:00.000Z,0.7967973923265402,H200
2026-07-01T00:00:00.000Z,2026-07-01T00:00:00.000Z,0.8202675906712967,H200
2026-07-02T00:00:00.000Z,2026-07-02T00:00:00.000Z,0.7347265360109498,H200
2026-07-03T00:00:00.000Z,2026-07-03T00:00:00.000Z,0.7600380761609685,H200
2026-07-04T00:00:00.000Z,2026-07-04T00:00:00.000Z,0.6560738209396414,H200
2026-07-05T00:00:00.000Z,2026-07-05T00:00:00.000Z,0.6147115278645163,H200
2026-07-06T00:00:00.000Z,2026-07-06T00:00:00.000Z,0.7177091592199115,H200
2026-07-07T00:00:00.000Z,2026-07-07T00:00:00.000Z,0.8181382932412525,H200
2026-07-08T00:00:00.000Z,2026-07-08T00:00:00.000Z,0.8187106655527708,H200
2026-07-09T00:00:00.000Z,2026-07-09T00:00:00.000Z,0.8755314336413935,H200
2026-07-10T00:00:00.000Z,2026-07-10T00:00:00.000Z,0.8952286611567548,H200
2026-07-11T00:00:00.000Z,2026-07-11T00:00:00.000Z,0.8305611426848885,H200
2026-07-12T00:00:00.000Z,2026-07-12T00:00:00.000Z,0.7817389735867997,H200
2026-07-13T00:00:00.000Z,2026-07-13T00:00:00.000Z,0.838081121776774,H200
2026-07-14T00:00:00.000Z,2026-07-14T00:00:00.000Z,0.8752697785306481,H200
2026-07-15T00:00:00.000Z,2026-07-15T00:00:00.000Z,0.8268401715057766,H200
2026-07-16T00:00:00.000Z,2026-07-16T00:00:00.000Z,0.9033199822731809,H200
2026-07-17T00:00:00.000Z,2026-07-17T00:00:00.000Z,0.8425078451834305,H200
2026-07-18T00:00:00.000Z,2026-07-18T00:00:00.000Z,0.8693892320982622,H200
2026-07-19T00:00:00.000Z,2026-07-19T00:00:00.000Z,0.8490864811516985,H200
2026-07-20T00:00:00.000Z,2026-07-20T00:00:00.000Z,0.8651457881587146,H200
2026-07-21T00:00:00.000Z,2026-07-21T00:00:00.000Z,0.7977669575303025,H200
2026-07-22T00:00:00.000Z,2026-07-22T00:00:00.000Z,0.7384969325153374,H200
2026-07-23T00:00:00.000Z,2026-07-23T00:00:00.000Z,0.8381901840490797,H200
2026-07-24T00:00:00.000Z,2026-07-24T00:00:00.000Z,0.8280148077033657,H200
2026-07-25T00:00:00.000Z,2026-07-25T00:00:00.000Z,0.8769741310532978,H200
2026-07-26T00:00:00.000Z,2026-07-26T00:00:00.000Z,0.8842213114754098,H200
2026-07-27T00:00:00.000Z,2026-07-27T00:00:00.000Z,0.9214046725942392,H200
2026-07-28T00:00:00.000Z,2026-07-28T00:00:00.000Z,0.8695237387253444,H200
2026-07-29T00:00:00.000Z,2026-07-29T00:00:00.000Z,0.8923666796771972,H200
2026-07-30T00:00:00.000Z,2026-07-30T00:00:00.000Z,0.8633527048135816,H200
2026-07-31T00:00:00.000Z,2026-07-31T00:00:00.000Z,0.8691379329509582,H200
2026-08-01T00:00:00.000Z,2026-08-01T00:00:00.000Z,0.831328364679205,H200
2026-08-02T00:00:00.000Z,2026-08-02T00:00:00.000Z,0.716452272398321,H200
2026-08-03T00:00:00.000Z,2026-08-03T00:00:00.000Z,0.7525,H200
2026-08-04T00:00:00.000Z,2026-08-04T00:00:00.000Z,0.8136764705882353,H200
2026-08-05T00:00:00.000Z,2026-08-05T00:00:00.000Z,0.8501977457649726,H200
2026-08-06T00:00:00.000Z,2026-08-06T00:00:00.000Z,0.7949346405228758,H200
2026-08-07T00:00:00.000Z,2026-08-07T00:00:00.000Z,0.7568782514150743,H200
2026-08-08T00:00:00.000Z,2026-08-08T00:00:00.000Z,0.672339593114241,H200
2026-08-09T00:00:00.000Z,2026-08-09T00:00:00.000Z,0.5526398714054058,H200
2026-08-10T00:00:00.000Z,2026-08-10T00:00:00.000Z,0.5696686505510035,H200
2026-08-11T00:00:00.000Z,2026-08-11T00:00:00.000Z,0.7155338749964918,H200
2026-08-12T00:00:00.000Z,2026-08-12T00:00:00.000Z,0.8051328197356235,H200
2026-08-13T00:00:00.000Z,2026-08-13T00:00:00.000Z,0.8658489096573209,H200
2026-08-14T00:00:00.000Z,2026-08-14T00:00:00.000Z,0.800821673218688,H200
2026-08-15T00:00:00.000Z,2026-08-15T00:00:00.000Z,0.7809373917052733,H200
2026-08-16T00:00:00.000Z,2026-08-16T00:00:00.000Z,0.7640562248995983,H200
2026-08-17T00:00:00.000Z,2026-08-17T00:00:00.000Z,0.8630312388795689,H200
2026-08-18T00:00:00.000Z,2026-08-18T00:00:00.000Z,0.8531204284427792,H200
2026-08-19T00:00:00.000Z,2026-08-19T00:00:00.000Z,0.9129004659967963,H200
2026-08-20T00:00:00.000Z,2026-08-20T00:00:00.000Z,0.9156144211238998,H200
2026-08-21T00:00:00.000Z,2026-08-21T00:00:00.000Z,0.7523756366692789,H200
2026-08-22T00:00:00.000Z,2026-08-22T00:00:00.000Z,0.7097386128364389,H200
2026-08-23T00:00:00.000Z,2026-08-23T00:00:00.000Z,0.6314797747055811,H200
2026-08-24T00:00:00.000Z,2026-08-24T00:00:00.000Z,0.664796633941094,H200
2026-08-25T00:00:00.000Z,2026-08-25T00:00:00.000Z,0.6913162442396313,H200
2026-08-26T00:00:00.000Z,2026-08-26T00:00:00.000Z,0.624770002374169,H200
2026-08-27T00:00:00.000Z,2026-08-27T00:00:00.000Z,0.6932109152421653,H200
2026-08-28T00:00:00.000Z,2026-08-28T00:00:00.000Z,0.8812084842995169,H200
2026-08-29T00:00:00.000Z,2026-08-29T00:00:00.000Z,0.7320787700373298,H200
2026-08-30T00:00:00.000Z,2026-08-30T00:00:00.000Z,0.8020833333333334,H200
2024-01-01T00:00:00.000Z,2024-01-01T00:00:00.000Z,0.4671210910653995,A100 SXM4
2024-01-02T00:00:00.000Z,2024-01-02T00:00:00.000Z,0.6336073539561912,A100 SXM4
2024-01-03T00:00:00.000Z,2024-01-03T00:00:00.000Z,0.5359132024003653,A100 SXM4
2024-01-04T00:00:00.000Z,2024-01-04T00:00:00.000Z,0.4662509249923848,A100 SXM4
2024-01-05T00:00:00.000Z,2024-01-05T00:00:00.000Z,0.6036002866233755,A100 SXM4
2024-01-06T00:00:00.000Z,2024-01-06T00:00:00.000Z,0.6248297290409542,A100 SXM4
2024-01-07T00:00:00.000Z,2024-01-07T00:00:00.000Z,0.5581661599172937,A100 SXM4
2024-01-08T00:00:00.000Z,2024-01-08T00:00:00.000Z,0.5411913693880605,A100 SXM4
2024-01-09T00:00:00.000Z,2024-01-09T00:00:00.000Z,0.46783796100718644,A100 SXM4
2024-01-10T00:00:00.000Z,2024-01-10T00:00:00.000Z,0.49772615997604575,A100 SXM4
2024-01-11T00:00:00.000Z,2024-01-11T00:00:00.000Z,0.754933599981345,A100 SXM4
2024-01-12T00:00:00.000Z,2024-01-12T00:00:00.000Z,0.6888888888888889,A100 SXM4
2024-01-13T00:00:00.000Z,2024-01-13T00:00:00.000Z,0.5373346216164581,A100 SXM4
2024-01-14T00:00:00.000Z,2024-01-14T00:00:00.000Z,0.5074788125536258,A100 SXM4
2024-01-15T00:00:00.000Z,2024-01-15T00:00:00.000Z,0.5683465982006053,A100 SXM4
2024-01-16T00:00:00.000Z,2024-01-16T00:00:00.000Z,0.6799040028529193,A100 SXM4
2024-01-17T00:00:00.000Z,2024-01-17T00:00:00.000Z,0.4529158653268394,A100 SXM4
2024-01-18T00:00:00.000Z,2024-01-18T00:00:00.000Z,0.41802750434152053,A100 SXM4
2024-01-19T00:00:00.000Z,2024-01-19T00:00:00.000Z,0.4969454456136509,A100 SXM4
2024-01-20T00:00:00.000Z,2024-01-20T00:00:00.000Z,0.6142134487442776,A100 SXM4
2024-01-21T00:00:00.000Z,2024-01-21T00:00:00.000Z,0.5617088410781627,A100 SXM4
2024-01-22T00:00:00.000Z,2024-01-22T00:00:00.000Z,0.6171023763657076,A100 SXM4
2024-01-23T00:00:00.000Z,2024-01-23T00:00:00.000Z,0.7242332479892946,A100 SXM4
2024-01-24T00:00:00.000Z,2024-01-24T00:00:00.000Z,0.7660168388312503,A100 SXM4
2024-01-25T00:00:00.000Z,2024-01-25T00:00:00.000Z,0.8274286987522281,A100 SXM4
2024-01-26T00:00:00.000Z,2024-01-26T00:00:00.000Z,0.5019142196105969,A100 SXM4
2024-01-27T00:00:00.000Z,2024-01-27T00:00:00.000Z,0.5301754404561076,A100 SXM4
2024-01-28T00:00:00.000Z,2024-01-28T00:00:00.000Z,0.596395990029419,A100 SXM4
2024-01-29T00:00:00.000Z,2024-01-29T00:00:00.000Z,0.5509311467390736,A100 SXM4
2024-01-30T00:00:00.000Z,2024-01-30T00:00:00.000Z,0.6556708154650228,A100 SXM4
2024-01-31T00:00:00.000Z,2024-01-31T00:00:00.000Z,0.5206698637428552,A100 SXM4
2024-02-01T00:00:00.000Z,2024-02-01T00:00:00.000Z,0.5164856578857673,A100 SXM4
2024-02-02T00:00:00.000Z,2024-02-02T00:00:00.000Z,0.3678521976166353,A100 SXM4
2024-02-03T00:00:00.000Z,2024-02-03T00:00:00.000Z,0.308513026592358,A100 SXM4
2024-02-04T00:00:00.000Z,2024-02-04T00:00:00.000Z,0.34290551320235557,A100 SXM4
2024-02-05T00:00:00.000Z,2024-02-05T00:00:00.000Z,0.3859336400815851,A100 SXM4
2024-02-06T00:00:00.000Z,2024-02-06T00:00:00.000Z,0.3961944166102089,A100 SXM4
2024-02-07T00:00:00.000Z,2024-02-07T00:00:00.000Z,0.4595318471465732,A100 SXM4
2024-02-08T00:00:00.000Z,2024-02-08T00:00:00.000Z,0.4326232871123813,A100 SXM4
2024-02-09T00:00:00.000Z,2024-02-09T00:00:00.000Z,0.25538207316954853,A100 SXM4
2024-02-10T00:00:00.000Z,2024-02-10T00:00:00.000Z,0.19698315118397086,A100 SXM4
2024-02-11T00:00:00.000Z,2024-02-11T00:00:00.000Z,0.28987932604735883,A100 SXM4
2024-02-12T00:00:00.000Z,2024-02-12T00:00:00.000Z,0.31737249544626595,A100 SXM4
2024-02-13T00:00:00.000Z,2024-02-13T00:00:00.000Z,0.33471837383969455,A100 SXM4
2024-02-14T00:00:00.000Z,2024-02-14T00:00:00.000Z,0.4024358971251745,A100 SXM4
2024-02-15T00:00:00.000Z,2024-02-15T00:00:00.000Z,0.2946163016186117,A100 SXM4
2024-02-16T00:00:00.000Z,2024-02-16T00:00:00.000Z,0.3151573931121209,A100 SXM4
2024-02-17T00:00:00.000Z,2024-02-17T00:00:00.000Z,0.22860720375106564,A100 SXM4
2024-02-18T00:00:00.000Z,2024-02-18T00:00:00.000Z,0.28691567206592783,A100 SXM4
2024-02-19T00:00:00.000Z,2024-02-19T00:00:00.000Z,0.3701233452957411,A100 SXM4
2024-02-20T00:00:00.000Z,2024-02-20T00:00:00.000Z,0.5791205321624939,A100 SXM4
2024-02-21T00:00:00.000Z,2024-02-21T00:00:00.000Z,0.5699055681303431,A100 SXM4
2024-02-22T00:00:00.000Z,2024-02-22T00:00:00.000Z,0.5411438933686772,A100 SXM4
2024-02-23T00:00:00.000Z,2024-02-23T00:00:00.000Z,0.4877126217440505,A100 SXM4
2024-02-24T00:00:00.000Z,2024-02-24T00:00:00.000Z,0.6075715476521256,A100 SXM4
2024-02-25T00:00:00.000Z,2024-02-25T00:00:00.000Z,0.797844880044253,A100 SXM4
2024-02-26T00:00:00.000Z,2024-02-26T00:00:00.000Z,0.7871318425917239,A100 SXM4
2024-02-27T00:00:00.000Z,2024-02-27T00:00:00.000Z,0.5806392587770847,A100 SXM4
2024-02-28T00:00:00.000Z,2024-02-28T00:00:00.000Z,0.5743148380209784,A100 SXM4
2024-02-29T00:00:00.000Z,2024-02-29T00:00:00.000Z,0.5883777673209355,A100 SXM4
2024-03-01T00:00:00.000Z,2024-03-01T00:00:00.000Z,0.5798058461887753,A100 SXM4
2024-03-02T00:00:00.000Z,2024-03-02T00:00:00.000Z,0.48185359760460567,A100 SXM4
2024-03-03T00:00:00.000Z,2024-03-03T00:00:00.000Z,0.5262600767413523,A100 SXM4
2024-03-04T00:00:00.000Z,2024-03-04T00:00:00.000Z,0.6470917956227078,A100 SXM4
2024-03-05T00:00:00.000Z,2024-03-05T00:00:00.000Z,0.7786787409724857,A100 SXM4
2024-03-06T00:00:00.000Z,2024-03-06T00:00:00.000Z,0.6305190548234555,A100 SXM4
2024-03-07T00:00:00.000Z,2024-03-07T00:00:00.000Z,0.5920472756410257,A100 SXM4
2024-03-08T00:00:00.000Z,2024-03-08T00:00:00.000Z,0.46410415394790394,A100 SXM4
2024-03-09T00:00:00.000Z,2024-03-09T00:00:00.000Z,0.41790140722852415,A100 SXM4
2024-03-10T00:00:00.000Z,2024-03-10T00:00:00.000Z,0.5351376488095239,A100 SXM4
2024-03-11T00:00:00.000Z,2024-03-11T00:00:00.000Z,0.6001400192176402,A100 SXM4
2024-03-12T00:00:00.000Z,2024-03-12T00:00:00.000Z,0.6734919024235012,A100 SXM4
2024-03-13T00:00:00.000Z,2024-03-13T00:00:00.000Z,0.7238944215506715,A100 SXM4
2024-03-14T00:00:00.000Z,2024-03-14T00:00:00.000Z,0.6292124542124542,A100 SXM4
2024-03-15T00:00:00.000Z,2024-03-15T00:00:00.000Z,0.4405363363586351,A100 SXM4
2024-03-16T00:00:00.000Z,2024-03-16T00:00:00.000Z,0.47309842188874446,A100 SXM4
2024-03-17T00:00:00.000Z,2024-03-17T00:00:00.000Z,0.5518220591137257,A100 SXM4
2024-03-18T00:00:00.000Z,2024-03-18T00:00:00.000Z,0.5484631866189578,A100 SXM4
2024-03-19T00:00:00.000Z,2024-03-19T00:00:00.000Z,0.4487099994912495,A100 SXM4
2024-03-20T00:00:00.000Z,2024-03-20T00:00:00.000Z,0.4754634399165649,A100 SXM4
2024-03-21T00:00:00.000Z,2024-03-21T00:00:00.000Z,0.5785894719687092,A100 SXM4
2024-03-22T00:00:00.000Z,2024-03-22T00:00:00.000Z,0.7686176581967913,A100 SXM4
2024-03-23T00:00:00.000Z,2024-03-23T00:00:00.000Z,0.7072023430012341,A100 SXM4
2024-03-24T00:00:00.000Z,2024-03-24T00:00:00.000Z,0.6985799067830318,A100 SXM4
2024-03-25T00:00:00.000Z,2024-03-25T00:00:00.000Z,0.6981649224186538,A100 SXM4
2024-03-26T00:00:00.000Z,2024-03-26T00:00:00.000Z,0.7870428260556981,A100 SXM4
2024-03-27T00:00:00.000Z,2024-03-27T00:00:00.000Z,0.8027781444017207,A100 SXM4
2024-03-28T00:00:00.000Z,2024-03-28T00:00:00.000Z,0.809357401680879,A100 SXM4
2024-03-29T00:00:00.000Z,2024-03-29T00:00:00.000Z,0.6467053295388592,A100 SXM4
2024-03-30T00:00:00.000Z,2024-03-30T00:00:00.000Z,0.7408834726845531,A100 SXM4
2024-03-31T00:00:00.000Z,2024-03-31T00:00:00.000Z,0.7169754210977923,A100 SXM4
2024-04-01T00:00:00.000Z,2024-04-01T00:00:00.000Z,0.7694481719729018,A100 SXM4
2024-04-02T00:00:00.000Z,2024-04-02T00:00:00.000Z,0.7448430916097823,A100 SXM4
2024-04-03T00:00:00.000Z,2024-04-03T00:00:00.000Z,0.7805573433200029,A100 SXM4
2024-04-04T00:00:00.000Z,2024-04-04T00:00:00.000Z,0.815793598398988,A100 SXM4
2024-04-05T00:00:00.000Z,2024-04-05T00:00:00.000Z,0.8550813354422555,A100 SXM4
2024-04-06T00:00:00.000Z,2024-04-06T00:00:00.000Z,0.8477430023351744,A100 SXM4
2024-04-07T00:00:00.000Z,2024-04-07T00:00:00.000Z,0.8366624181524747,A100 SXM4
2024-04-08T00:00:00.000Z,2024-04-08T00:00:00.000Z,0.8275190182180715,A100 SXM4
2024-04-09T00:00:00.000Z,2024-04-09T00:00:00.000Z,0.8951826865374994,A100 SXM4
2024-04-10T00:00:00.000Z,2024-04-10T00:00:00.000Z,0.9247554852475822,A100 SXM4
2024-04-11T00:00:00.000Z,2024-04-11T00:00:00.000Z,0.8933142173649198,A100 SXM4
2024-04-12T00:00:00.000Z,2024-04-12T00:00:00.000Z,0.9524837421113502,A100 SXM4
2024-04-13T00:00:00.000Z,2024-04-13T00:00:00.000Z,0.9459373675274568,A100 SXM4
2024-04-14T00:00:00.000Z,2024-04-14T00:00:00.000Z,0.9463206318822242,A100 SXM4
2024-04-15T00:00:00.000Z,2024-04-15T00:00:00.000Z,0.8960709117940631,A100 SXM4
2024-04-16T00:00:00.000Z,2024-04-16T00:00:00.000Z,0.9556172136264733,A100 SXM4
2024-04-17T00:00:00.000Z,2024-04-17T00:00:00.000Z,0.9597295080580481,A100 SXM4
2024-04-18T00:00:00.000Z,2024-04-18T00:00:00.000Z,0.9373759344185796,A100 SXM4
2024-04-19T00:00:00.000Z,2024-04-19T00:00:00.000Z,0.921073222123797,A100 SXM4
2024-04-20T00:00:00.000Z,2024-04-20T00:00:00.000Z,0.8217783569467689,A100 SXM4
2024-04-21T00:00:00.000Z,2024-04-21T00:00:00.000Z,0.7935887512899897,A100 SXM4
2024-04-22T00:00:00.000Z,2024-04-22T00:00:00.000Z,0.8264374650169607,A100 SXM4
2024-04-23T00:00:00.000Z,2024-04-23T00:00:00.000Z,0.89478014212156,A100 SXM4
2024-04-24T00:00:00.000Z,2024-04-24T00:00:00.000Z,0.8174601710255244,A100 SXM4
2024-04-25T00:00:00.000Z,2024-04-25T00:00:00.000Z,0.7899519838511689,A100 SXM4
2024-04-26T00:00:00.000Z,2024-04-26T00:00:00.000Z,0.8468373860993749,A100 SXM4
2024-04-27T00:00:00.000Z,2024-04-27T00:00:00.000Z,0.7667467334538669,A100 SXM4
2024-04-28T00:00:00.000Z,2024-04-28T00:00:00.000Z,0.8065098522063413,A100 SXM4
2024-04-29T00:00:00.000Z,2024-04-29T00:00:00.000Z,0.7853973704807526,A100 SXM4
2024-04-30T00:00:00.000Z,2024-04-30T00:00:00.000Z,0.7815824741678395,A100 SXM4
2024-05-01T00:00:00.000Z,2024-05-01T00:00:00.000Z,0.7977998878760053,A100 SXM4
2024-05-02T00:00:00.000Z,2024-05-02T00:00:00.000Z,0.8632948588786372,A100 SXM4
2024-05-03T00:00:00.000Z,2024-05-03T00:00:00.000Z,0.8819304017378016,A100 SXM4
2024-05-04T00:00:00.000Z,2024-05-04T00:00:00.000Z,0.7403817357736369,A100 SXM4
2024-05-05T00:00:00.000Z,2024-05-05T00:00:00.000Z,0.5540364583333334,A100 SXM4
2024-05-06T00:00:00.000Z,2024-05-06T00:00:00.000Z,0.7072158743422294,A100 SXM4
2024-05-07T00:00:00.000Z,2024-05-07T00:00:00.000Z,0.7858169549757893,A100 SXM4
2024-05-08T00:00:00.000Z,2024-05-08T00:00:00.000Z,0.6889837712002865,A100 SXM4
2024-05-09T00:00:00.000Z,2024-05-09T00:00:00.000Z,0.2899646703310089,A100 SXM4
2024-05-10T00:00:00.000Z,2024-05-10T00:00:00.000Z,0.3275316542308205,A100 SXM4
2024-05-11T00:00:00.000Z,2024-05-11T00:00:00.000Z,0.313595954153605,A100 SXM4
2024-05-12T00:00:00.000Z,2024-05-12T00:00:00.000Z,0.36040313852813854,A100 SXM4
2024-05-13T00:00:00.000Z,2024-05-13T00:00:00.000Z,0.29070662176359136,A100 SXM4
2024-05-14T00:00:00.000Z,2024-05-14T00:00:00.000Z,0.4732406237830182,A100 SXM4
2024-05-15T00:00:00.000Z,2024-05-15T00:00:00.000Z,0.5388235172205594,A100 SXM4
2024-05-16T00:00:00.000Z,2024-05-16T00:00:00.000Z,0.5447892773461586,A100 SXM4
2024-05-17T00:00:00.000Z,2024-05-17T00:00:00.000Z,0.5761522498342698,A100 SXM4
2024-05-18T00:00:00.000Z,2024-05-18T00:00:00.000Z,0.5425667222283779,A100 SXM4
2024-05-19T00:00:00.000Z,2024-05-19T00:00:00.000Z,0.5353372325990245,A100 SXM4
2024-05-20T00:00:00.000Z,2024-05-20T00:00:00.000Z,0.5572282730721856,A100 SXM4
2024-05-21T00:00:00.000Z,2024-05-21T00:00:00.000Z,0.6756886263947529,A100 SXM4
2024-05-22T00:00:00.000Z,2024-05-22T00:00:00.000Z,0.6640442879718387,A100 SXM4
2024-05-23T00:00:00.000Z,2024-05-23T00:00:00.000Z,0.5799469423151538,A100 SXM4
2024-05-24T00:00:00.000Z,2024-05-24T00:00:00.000Z,0.5274124897393845,A100 SXM4
2024-05-25T00:00:00.000Z,2024-05-25T00:00:00.000Z,0.5579175399095604,A100 SXM4
2024-05-26T00:00:00.000Z,2024-05-26T00:00:00.000Z,0.42780388387829127,A100 SXM4
2024-05-27T00:00:00.000Z,2024-05-27T00:00:00.000Z,0.4571812017973941,A100 SXM4
2024-05-28T00:00:00.000Z,2024-05-28T00:00:00.000Z,0.5525994932545888,A100 SXM4
2024-05-29T00:00:00.000Z,2024-05-29T00:00:00.000Z,0.4241434527433593,A100 SXM4
2024-05-30T00:00:00.000Z,2024-05-30T00:00:00.000Z,0.47003202322595705,A100 SXM4
2024-05-31T00:00:00.000Z,2024-05-31T00:00:00.000Z,0.45749526266978807,A100 SXM4
2024-06-01T00:00:00.000Z,2024-06-01T00:00:00.000Z,0.49629839697718797,A100 SXM4
2024-06-02T00:00:00.000Z,2024-06-02T00:00:00.000Z,0.5109251591513374,A100 SXM4
2024-06-03T00:00:00.000Z,2024-06-03T00:00:00.000Z,0.5810270298464533,A100 SXM4
2024-06-04T00:00:00.000Z,2024-06-04T00:00:00.000Z,0.5274737965743469,A100 SXM4
2024-06-05T00:00:00.000Z,2024-06-05T00:00:00.000Z,0.5485468426301122,A100 SXM4
2024-06-06T00:00:00.000Z,2024-06-06T00:00:00.000Z,0.5858974384196655,A100 SXM4
2024-06-07T00:00:00.000Z,2024-06-07T00:00:00.000Z,0.5659086061289343,A100 SXM4
2024-06-08T00:00:00.000Z,2024-06-08T00:00:00.000Z,0.46398406685258226,A100 SXM4
2024-06-09T00:00:00.000Z,2024-06-09T00:00:00.000Z,0.5089846553269668,A100 SXM4
2024-06-10T00:00:00.000Z,2024-06-10T00:00:00.000Z,0.49066845874134835,A100 SXM4
2024-06-11T00:00:00.000Z,2024-06-11T00:00:00.000Z,0.5599988217427734,A100 SXM4
2024-06-12T00:00:00.000Z,2024-06-12T00:00:00.000Z,0.6674149019640638,A100 SXM4
2024-06-13T00:00:00.000Z,2024-06-13T00:00:00.000Z,0.6617005173284535,A100 SXM4
2024-06-14T00:00:00.000Z,2024-06-14T00:00:00.000Z,0.5643280462225249,A100 SXM4
2024-06-15T00:00:00.000Z,2024-06-15T00:00:00.000Z,0.5557563583472911,A100 SXM4
2024-06-16T00:00:00.000Z,2024-06-16T00:00:00.000Z,0.5489455612250406,A100 SXM4
2024-06-17T00:00:00.000Z,2024-06-17T00:00:00.000Z,0.42035863987301936,A100 SXM4
2024-06-18T00:00:00.000Z,2024-06-18T00:00:00.000Z,0.484739120989121,A100 SXM4
2024-06-19T00:00:00.000Z,2024-06-19T00:00:00.000Z,0.4700254082360247,A100 SXM4
2024-06-20T00:00:00.000Z,2024-06-20T00:00:00.000Z,0.5429572123493356,A100 SXM4
2024-06-21T00:00:00.000Z,2024-06-21T00:00:00.000Z,0.6454589058836379,A100 SXM4
2024-06-22T00:00:00.000Z,2024-06-22T00:00:00.000Z,0.5911224712594576,A100 SXM4
2024-06-23T00:00:00.000Z,2024-06-23T00:00:00.000Z,0.6452048047359288,A100 SXM4
2024-06-24T00:00:00.000Z,2024-06-24T00:00:00.000Z,0.7371617187379391,A100 SXM4
2024-06-25T00:00:00.000Z,2024-06-25T00:00:00.000Z,0.7408700964376194,A100 SXM4
2024-06-26T00:00:00.000Z,2024-06-26T00:00:00.000Z,0.7027291307389621,A100 SXM4
2024-06-27T00:00:00.000Z,2024-06-27T00:00:00.000Z,0.7745891755172356,A100 SXM4
2024-06-28T00:00:00.000Z,2024-06-28T00:00:00.000Z,0.649164517357598,A100 SXM4
2024-06-29T00:00:00.000Z,2024-06-29T00:00:00.000Z,0.5945503251045408,A100 SXM4
2024-06-30T00:00:00.000Z,2024-06-30T00:00:00.000Z,0.52807816563028,A100 SXM4
2024-07-01T00:00:00.000Z,2024-07-01T00:00:00.000Z,0.5475653300174533,A100 SXM4
2024-07-02T00:00:00.000Z,2024-07-02T00:00:00.000Z,0.5928643087186529,A100 SXM4
2024-07-03T00:00:00.000Z,2024-07-03T00:00:00.000Z,0.5649685429614737,A100 SXM4
2024-07-04T00:00:00.000Z,2024-07-04T00:00:00.000Z,0.588877834755611,A100 SXM4
2024-07-05T00:00:00.000Z,2024-07-05T00:00:00.000Z,0.5613331405212344,A100 SXM4
2024-07-06T00:00:00.000Z,2024-07-06T00:00:00.000Z,0.5452616856690378,A100 SXM4
2024-07-07T00:00:00.000Z,2024-07-07T00:00:00.000Z,0.6621097399854451,A100 SXM4
2024-07-08T00:00:00.000Z,2024-07-08T00:00:00.000Z,0.7047931362263998,A100 SXM4
2024-07-09T00:00:00.000Z,2024-07-09T00:00:00.000Z,0.6917970708120383,A100 SXM4
2024-07-10T00:00:00.000Z,2024-07-10T00:00:00.000Z,0.6287730657677071,A100 SXM4
2024-07-11T00:00:00.000Z,2024-07-11T00:00:00.000Z,0.5672105604524402,A100 SXM4
2024-07-12T00:00:00.000Z,2024-07-12T00:00:00.000Z,0.5298543438467733,A100 SXM4
2024-07-13T00:00:00.000Z,2024-07-13T00:00:00.000Z,0.46062789553689804,A100 SXM4
2024-07-14T00:00:00.000Z,2024-07-14T00:00:00.000Z,0.5521003759895154,A100 SXM4
2024-07-15T00:00:00.000Z,2024-07-15T00:00:00.000Z,0.5250172609720231,A100 SXM4
2024-07-16T00:00:00.000Z,2024-07-16T00:00:00.000Z,0.5344841186693082,A100 SXM4
2024-07-17T00:00:00.000Z,2024-07-17T00:00:00.000Z,0.47271216379791126,A100 SXM4
2024-07-18T00:00:00.000Z,2024-07-18T00:00:00.000Z,0.5616910393805952,A100 SXM4
2024-07-19T00:00:00.000Z,2024-07-19T00:00:00.000Z,0.33815250084353055,A100 SXM4
2024-07-20T00:00:00.000Z,2024-07-20T00:00:00.000Z,0.4159736871440462,A100 SXM4
2024-07-21T00:00:00.000Z,2024-07-21T00:00:00.000Z,0.423345907936023,A100 SXM4
2024-07-22T00:00:00.000Z,2024-07-22T00:00:00.000Z,0.48005397835356145,A100 SXM4
2024-07-23T00:00:00.000Z,2024-07-23T00:00:00.000Z,0.4022181090748765,A100 SXM4
2024-07-24T00:00:00.000Z,2024-07-24T00:00:00.000Z,0.5068510400117998,A100 SXM4
2024-07-25T00:00:00.000Z,2024-07-25T00:00:00.000Z,0.5458436115700752,A100 SXM4
2024-07-26T00:00:00.000Z,2024-07-26T00:00:00.000Z,0.5873312603544824,A100 SXM4
2024-07-27T00:00:00.000Z,2024-07-27T00:00:00.000Z,0.4911410680469382,A100 SXM4
2024-07-28T00:00:00.000Z,2024-07-28T00:00:00.000Z,0.47850997676551676,A100 SXM4
2024-07-29T00:00:00.000Z,2024-07-29T00:00:00.000Z,0.552571556632731,A100 SXM4
2024-07-30T00:00:00.000Z,2024-07-30T00:00:00.000Z,0.6088001227158086,A100 SXM4
2024-07-31T00:00:00.000Z,2024-07-31T00:00:00.000Z,0.6910093111677619,A100 SXM4
2024-08-01T00:00:00.000Z,2024-08-01T00:00:00.000Z,0.619005600431254,A100 SXM4
2024-08-02T00:00:00.000Z,2024-08-02T00:00:00.000Z,0.6259286261238198,A100 SXM4
2024-08-03T00:00:00.000Z,2024-08-03T00:00:00.000Z,0.6569333561384315,A100 SXM4
2024-08-04T00:00:00.000Z,2024-08-04T00:00:00.000Z,0.6384457523788187,A100 SXM4
2024-08-05T00:00:00.000Z,2024-08-05T00:00:00.000Z,0.678337177637648,A100 SXM4
2024-08-06T00:00:00.000Z,2024-08-06T00:00:00.000Z,0.6704872377728963,A100 SXM4
2024-08-07T00:00:00.000Z,2024-08-07T00:00:00.000Z,0.6273754515526667,A100 SXM4
2024-08-08T00:00:00.000Z,2024-08-08T00:00:00.000Z,0.5898410463459396,A100 SXM4
2024-08-09T00:00:00.000Z,2024-08-09T00:00:00.000Z,0.6065656565656565,A100 SXM4
2024-08-10T00:00:00.000Z,2024-08-10T00:00:00.000Z,0.5509867438973609,A100 SXM4
2024-08-11T00:00:00.000Z,2024-08-11T00:00:00.000Z,0.4964257233994076,A100 SXM4
2024-08-12T00:00:00.000Z,2024-08-12T00:00:00.000Z,0.45672090241564767,A100 SXM4
2024-08-13T00:00:00.000Z,2024-08-13T00:00:00.000Z,0.447246795072882,A100 SXM4
2024-08-14T00:00:00.000Z,2024-08-14T00:00:00.000Z,0.5436097222699584,A100 SXM4
2024-08-15T00:00:00.000Z,2024-08-15T00:00:00.000Z,0.5555814375348846,A100 SXM4
2024-08-16T00:00:00.000Z,2024-08-16T00:00:00.000Z,0.4276338054257399,A100 SXM4
2024-08-17T00:00:00.000Z,2024-08-17T00:00:00.000Z,0.4295893719806763,A100 SXM4
2024-08-18T00:00:00.000Z,2024-08-18T00:00:00.000Z,0.4426328502415459,A100 SXM4
2024-08-19T00:00:00.000Z,2024-08-19T00:00:00.000Z,0.4210822093770071,A100 SXM4
2024-08-20T00:00:00.000Z,2024-08-20T00:00:00.000Z,0.4131642512077295,A100 SXM4
2024-08-21T00:00:00.000Z,2024-08-21T00:00:00.000Z,0.3958106075548567,A100 SXM4
2024-08-22T00:00:00.000Z,2024-08-22T00:00:00.000Z,0.36545893719806766,A100 SXM4
2024-08-23T00:00:00.000Z,2024-08-23T00:00:00.000Z,0.3070512552009159,A100 SXM4
2024-08-24T00:00:00.000Z,2024-08-24T00:00:00.000Z,0.2653254558801513,A100 SXM4
2024-08-25T00:00:00.000Z,2024-08-25T00:00:00.000Z,0.23179374389051807,A100 SXM4
2024-08-26T00:00:00.000Z,2024-08-26T00:00:00.000Z,0.34411986411657247,A100 SXM4
2024-08-27T00:00:00.000Z,2024-08-27T00:00:00.000Z,0.36408439231019873,A100 SXM4
2024-08-28T00:00:00.000Z,2024-08-28T00:00:00.000Z,0.3327205882352941,A100 SXM4
2024-08-29T00:00:00.000Z,2024-08-29T00:00:00.000Z,0.3669117647058823,A100 SXM4
2024-08-30T00:00:00.000Z,2024-08-30T00:00:00.000Z,0.3442882865642605,A100 SXM4
2024-08-31T00:00:00.000Z,2024-08-31T00:00:00.000Z,0.3346813725490196,A100 SXM4
2024-09-01T00:00:00.000Z,2024-09-01T00:00:00.000Z,0.4041141969984475,A100 SXM4
2024-09-02T00:00:00.000Z,2024-09-02T00:00:00.000Z,0.4208167316066106,A100 SXM4
2024-09-03T00:00:00.000Z,2024-09-03T00:00:00.000Z,0.4359475013994412,A100 SXM4
2024-09-04T00:00:00.000Z,2024-09-04T00:00:00.000Z,0.4545235003956711,A100 SXM4
2024-09-05T00:00:00.000Z,2024-09-05T00:00:00.000Z,0.4609445314435595,A100 SXM4
2024-09-06T00:00:00.000Z,2024-09-06T00:00:00.000Z,0.536820137870421,A100 SXM4
2024-09-07T00:00:00.000Z,2024-09-07T00:00:00.000Z,0.4911954365079365,A100 SXM4
2024-09-08T00:00:00.000Z,2024-09-08T00:00:00.000Z,0.440546105930008,A100 SXM4
2024-09-09T00:00:00.000Z,2024-09-09T00:00:00.000Z,0.5191965757618576,A100 SXM4
2024-09-10T00:00:00.000Z,2024-09-10T00:00:00.000Z,0.47910291521406007,A100 SXM4
2024-09-11T00:00:00.000Z,2024-09-11T00:00:00.000Z,0.4431706114398422,A100 SXM4
2024-09-12T00:00:00.000Z,2024-09-12T00:00:00.000Z,0.515259845806239,A100 SXM4
2024-09-13T00:00:00.000Z,2024-09-13T00:00:00.000Z,0.5427465745063932,A100 SXM4
2024-09-14T00:00:00.000Z,2024-09-14T00:00:00.000Z,0.3931213980293735,A100 SXM4
2024-09-15T00:00:00.000Z,2024-09-15T00:00:00.000Z,0.45986707566462165,A100 SXM4
2024-09-16T00:00:00.000Z,2024-09-16T00:00:00.000Z,0.4947597137014315,A100 SXM4
2024-09-17T00:00:00.000Z,2024-09-17T00:00:00.000Z,0.5644523286484046,A100 SXM4
2024-09-18T00:00:00.000Z,2024-09-18T00:00:00.000Z,0.6094061876247505,A100 SXM4
2024-09-19T00:00:00.000Z,2024-09-19T00:00:00.000Z,0.5541694953195747,A100 SXM4
2024-09-20T00:00:00.000Z,2024-09-20T00:00:00.000Z,0.5745421062244238,A100 SXM4
2024-09-21T00:00:00.000Z,2024-09-21T00:00:00.000Z,0.6129472398486608,A100 SXM4
2024-09-22T00:00:00.000Z,2024-09-22T00:00:00.000Z,0.5810111121041499,A100 SXM4
2024-09-23T00:00:00.000Z,2024-09-23T00:00:00.000Z,0.5858846456694572,A100 SXM4
2024-09-24T00:00:00.000Z,2024-09-24T00:00:00.000Z,0.5522006316945894,A100 SXM4
2024-09-25T00:00:00.000Z,2024-09-25T00:00:00.000Z,0.3924600839271498,A100 SXM4
2024-09-26T00:00:00.000Z,2024-09-26T00:00:00.000Z,0.4386935085053773,A100 SXM4
2024-09-27T00:00:00.000Z,2024-09-27T00:00:00.000Z,0.32572355289421157,A100 SXM4
2024-09-28T00:00:00.000Z,2024-09-28T00:00:00.000Z,0.24007063252344935,A100 SXM4
2024-09-29T00:00:00.000Z,2024-09-29T00:00:00.000Z,0.6298505652487729,A100 SXM4
2024-09-30T00:00:00.000Z,2024-09-30T00:00:00.000Z,0.7632497627772683,A100 SXM4
2024-10-01T00:00:00.000Z,2024-10-01T00:00:00.000Z,0.7158196678060459,A100 SXM4
2024-10-02T00:00:00.000Z,2024-10-02T00:00:00.000Z,0.6730859598374602,A100 SXM4
2024-10-03T00:00:00.000Z,2024-10-03T00:00:00.000Z,0.6315988013015715,A100 SXM4
2024-10-04T00:00:00.000Z,2024-10-04T00:00:00.000Z,0.7442380301510979,A100 SXM4
2024-10-05T00:00:00.000Z,2024-10-05T00:00:00.000Z,0.7686618076380574,A100 SXM4
2024-10-06T00:00:00.000Z,2024-10-06T00:00:00.000Z,0.6926153121972987,A100 SXM4
2024-10-07T00:00:00.000Z,2024-10-07T00:00:00.000Z,0.7428492524660505,A100 SXM4
2024-10-08T00:00:00.000Z,2024-10-08T00:00:00.000Z,0.7255292786410698,A100 SXM4
2024-10-09T00:00:00.000Z,2024-10-09T00:00:00.000Z,0.7497471869891318,A100 SXM4
2024-10-10T00:00:00.000Z,2024-10-10T00:00:00.000Z,0.833173076923077,A100 SXM4
2024-10-11T00:00:00.000Z,2024-10-11T00:00:00.000Z,0.7709413416485954,A100 SXM4
2024-10-12T00:00:00.000Z,2024-10-12T00:00:00.000Z,0.7705363661268059,A100 SXM4
2024-10-13T00:00:00.000Z,2024-10-13T00:00:00.000Z,0.665447331814648,A100 SXM4
2024-10-14T00:00:00.000Z,2024-10-14T00:00:00.000Z,0.7758210844694855,A100 SXM4
2024-10-15T00:00:00.000Z,2024-10-15T00:00:00.000Z,0.7127485782068601,A100 SXM4
2024-10-16T00:00:00.000Z,2024-10-16T00:00:00.000Z,0.7098292591546409,A100 SXM4
2024-10-17T00:00:00.000Z,2024-10-17T00:00:00.000Z,0.7155288790157212,A100 SXM4
2024-10-18T00:00:00.000Z,2024-10-18T00:00:00.000Z,0.7290179583911749,A100 SXM4
2024-10-19T00:00:00.000Z,2024-10-19T00:00:00.000Z,0.6694230769230769,A100 SXM4
2024-10-20T00:00:00.000Z,2024-10-20T00:00:00.000Z,0.6304038285175333,A100 SXM4
2024-10-21T00:00:00.000Z,2024-10-21T00:00:00.000Z,0.6474010801693902,A100 SXM4
2024-10-22T00:00:00.000Z,2024-10-22T00:00:00.000Z,0.5832105848437843,A100 SXM4
2024-10-23T00:00:00.000Z,2024-10-23T00:00:00.000Z,0.6811748291868773,A100 SXM4
2024-10-24T00:00:00.000Z,2024-10-24T00:00:00.000Z,0.7510066982972861,A100 SXM4
2024-10-25T00:00:00.000Z,2024-10-25T00:00:00.000Z,0.7181137643491444,A100 SXM4
2024-10-26T00:00:00.000Z,2024-10-26T00:00:00.000Z,0.7131127431805143,A100 SXM4
2024-10-27T00:00:00.000Z,2024-10-27T00:00:00.000Z,0.7146578876030014,A100 SXM4
2024-10-28T00:00:00.000Z,2024-10-28T00:00:00.000Z,0.7589129678103459,A100 SXM4
2024-10-29T00:00:00.000Z,2024-10-29T00:00:00.000Z,0.8400704333599317,A100 SXM4
2024-10-30T00:00:00.000Z,2024-10-30T00:00:00.000Z,0.8640801944178149,A100 SXM4
2024-10-31T00:00:00.000Z,2024-10-31T00:00:00.000Z,0.7161138336713411,A100 SXM4
2024-11-01T00:00:00.000Z,2024-11-01T00:00:00.000Z,0.71342304483178,A100 SXM4
2024-11-02T00:00:00.000Z,2024-11-02T00:00:00.000Z,0.704031409161893,A100 SXM4
2024-11-03T00:00:00.000Z,2024-11-03T00:00:00.000Z,0.7033511525596028,A100 SXM4
2024-11-04T00:00:00.000Z,2024-11-04T00:00:00.000Z,0.7188158934125094,A100 SXM4
2024-11-05T00:00:00.000Z,2024-11-05T00:00:00.000Z,0.7115380601881268,A100 SXM4
2024-11-06T00:00:00.000Z,2024-11-06T00:00:00.000Z,0.7627608018358435,A100 SXM4
2024-11-07T00:00:00.000Z,2024-11-07T00:00:00.000Z,0.7315992396487054,A100 SXM4
2024-11-08T00:00:00.000Z,2024-11-08T00:00:00.000Z,0.7411907977059219,A100 SXM4
2024-11-09T00:00:00.000Z,2024-11-09T00:00:00.000Z,0.7713276136629588,A100 SXM4
2024-11-10T00:00:00.000Z,2024-11-10T00:00:00.000Z,0.7307570557435185,A100 SXM4
2024-11-11T00:00:00.000Z,2024-11-11T00:00:00.000Z,0.7753657016251292,A100 SXM4
2024-11-12T00:00:00.000Z,2024-11-12T00:00:00.000Z,0.7654309160454126,A100 SXM4
2024-11-13T00:00:00.000Z,2024-11-13T00:00:00.000Z,0.8207107577191206,A100 SXM4
2024-11-14T00:00:00.000Z,2024-11-14T00:00:00.000Z,0.7350643868698152,A100 SXM4
2024-11-15T00:00:00.000Z,2024-11-15T00:00:00.000Z,0.6475773325210293,A100 SXM4
2024-11-16T00:00:00.000Z,2024-11-16T00:00:00.000Z,0.6433431619157364,A100 SXM4
2024-11-17T00:00:00.000Z,2024-11-17T00:00:00.000Z,0.6530233156326324,A100 SXM4
2024-11-18T00:00:00.000Z,2024-11-18T00:00:00.000Z,0.7544241930751014,A100 SXM4
2024-11-19T00:00:00.000Z,2024-11-19T00:00:00.000Z,0.7152385534642461,A100 SXM4
2024-11-20T00:00:00.000Z,2024-11-20T00:00:00.000Z,0.6844779302573243,A100 SXM4
2024-11-21T00:00:00.000Z,2024-11-21T00:00:00.000Z,0.7330401170021219,A100 SXM4
2024-11-22T00:00:00.000Z,2024-11-22T00:00:00.000Z,0.7626582278481012,A100 SXM4
2024-11-23T00:00:00.000Z,2024-11-23T00:00:00.000Z,0.7699146039425055,A100 SXM4
2024-11-24T00:00:00.000Z,2024-11-24T00:00:00.000Z,0.715288757065291,A100 SXM4
2024-11-25T00:00:00.000Z,2024-11-25T00:00:00.000Z,0.7633622267410092,A100 SXM4
2024-11-26T00:00:00.000Z,2024-11-26T00:00:00.000Z,0.7414864562114643,A100 SXM4
2024-11-27T00:00:00.000Z,2024-11-27T00:00:00.000Z,0.7462251070027757,A100 SXM4
2024-11-28T00:00:00.000Z,2024-11-28T00:00:00.000Z,0.6830343685177296,A100 SXM4
2024-11-29T00:00:00.000Z,2024-11-29T00:00:00.000Z,0.5931903234429297,A100 SXM4
2024-11-30T00:00:00.000Z,2024-11-30T00:00:00.000Z,0.5903497560812617,A100 SXM4
2024-12-01T00:00:00.000Z,2024-12-01T00:00:00.000Z,0.5814986425491504,A100 SXM4
2024-12-02T00:00:00.000Z,2024-12-02T00:00:00.000Z,0.6797036414685544,A100 SXM4
2024-12-03T00:00:00.000Z,2024-12-03T00:00:00.000Z,0.7529624136772927,A100 SXM4
2024-12-04T00:00:00.000Z,2024-12-04T00:00:00.000Z,0.8368723581616099,A100 SXM4
2024-12-05T00:00:00.000Z,2024-12-05T00:00:00.000Z,0.6918181089646394,A100 SXM4
2024-12-06T00:00:00.000Z,2024-12-06T00:00:00.000Z,0.7301704629671967,A100 SXM4
2024-12-07T00:00:00.000Z,2024-12-07T00:00:00.000Z,0.7034147907972441,A100 SXM4
2024-12-08T00:00:00.000Z,2024-12-08T00:00:00.000Z,0.7775384716098014,A100 SXM4
2024-12-09T00:00:00.000Z,2024-12-09T00:00:00.000Z,0.7975808487798363,A100 SXM4
2024-12-10T00:00:00.000Z,2024-12-10T00:00:00.000Z,0.8378712316744692,A100 SXM4
2024-12-11T00:00:00.000Z,2024-12-11T00:00:00.000Z,0.8903509951104802,A100 SXM4
2024-12-12T00:00:00.000Z,2024-12-12T00:00:00.000Z,0.8129032077734498,A100 SXM4
2024-12-13T00:00:00.000Z,2024-12-13T00:00:00.000Z,0.831507505049233,A100 SXM4
2024-12-14T00:00:00.000Z,2024-12-14T00:00:00.000Z,0.8224206349206349,A100 SXM4
2024-12-15T00:00:00.000Z,2024-12-15T00:00:00.000Z,0.8487103174603174,A100 SXM4
2024-12-16T00:00:00.000Z,2024-12-16T00:00:00.000Z,0.8346553156146179,A100 SXM4
2024-12-17T00:00:00.000Z,2024-12-17T00:00:00.000Z,0.7902858599455432,A100 SXM4
2024-12-18T00:00:00.000Z,2024-12-18T00:00:00.000Z,0.8179563492063492,A100 SXM4
2024-12-19T00:00:00.000Z,2024-12-19T00:00:00.000Z,0.8588024047694959,A100 SXM4
2024-12-20T00:00:00.000Z,2024-12-20T00:00:00.000Z,0.8736436818703385,A100 SXM4
2024-12-21T00:00:00.000Z,2024-12-21T00:00:00.000Z,0.8248383655787896,A100 SXM4
2024-12-22T00:00:00.000Z,2024-12-22T00:00:00.000Z,0.7545065052125747,A100 SXM4
2024-12-23T00:00:00.000Z,2024-12-23T00:00:00.000Z,0.751746741516067,A100 SXM4
2024-12-24T00:00:00.000Z,2024-12-24T00:00:00.000Z,0.6953603770966601,A100 SXM4
2024-12-25T00:00:00.000Z,2024-12-25T00:00:00.000Z,0.6755952380952381,A100 SXM4
2024-12-26T00:00:00.000Z,2024-12-26T00:00:00.000Z,0.6766451715496878,A100 SXM4
2024-12-27T00:00:00.000Z,2024-12-27T00:00:00.000Z,0.6816255072068707,A100 SXM4
2024-12-28T00:00:00.000Z,2024-12-28T00:00:00.000Z,0.5933680851476304,A100 SXM4
2024-12-29T00:00:00.000Z,2024-12-29T00:00:00.000Z,0.6013891697199177,A100 SXM4
2024-12-30T00:00:00.000Z,2024-12-30T00:00:00.000Z,0.6595511272141706,A100 SXM4
2024-12-31T00:00:00.000Z,2024-12-31T00:00:00.000Z,0.6304347826086957,A100 SXM4
2025-01-01T00:00:00.000Z,2025-01-01T00:00:00.000Z,0.6424498659553007,A100 SXM4
2025-01-02T00:00:00.000Z,2025-01-02T00:00:00.000Z,0.7001163252899364,A100 SXM4
2025-01-03T00:00:00.000Z,2025-01-03T00:00:00.000Z,0.7424928414052311,A100 SXM4
2025-01-04T00:00:00.000Z,2025-01-04T00:00:00.000Z,0.7096394658192411,A100 SXM4
2025-01-05T00:00:00.000Z,2025-01-05T00:00:00.000Z,0.7287303259711477,A100 SXM4
2025-01-06T00:00:00.000Z,2025-01-06T00:00:00.000Z,0.7469678214011715,A100 SXM4
2025-01-07T00:00:00.000Z,2025-01-07T00:00:00.000Z,0.7081568621887432,A100 SXM4
2025-01-08T00:00:00.000Z,2025-01-08T00:00:00.000Z,0.7084625618660727,A100 SXM4
2025-01-09T00:00:00.000Z,2025-01-09T00:00:00.000Z,0.7677383629450935,A100 SXM4
2025-01-10T00:00:00.000Z,2025-01-10T00:00:00.000Z,0.7644484322389866,A100 SXM4
2025-01-11T00:00:00.000Z,2025-01-11T00:00:00.000Z,0.7377420632825574,A100 SXM4
2025-01-12T00:00:00.000Z,2025-01-12T00:00:00.000Z,0.79700177297981,A100 SXM4
2025-01-13T00:00:00.000Z,2025-01-13T00:00:00.000Z,0.7880830158436142,A100 SXM4
2025-01-14T00:00:00.000Z,2025-01-14T00:00:00.000Z,0.8038942726780303,A100 SXM4
2025-01-15T00:00:00.000Z,2025-01-15T00:00:00.000Z,0.7973206592992416,A100 SXM4
2025-01-16T00:00:00.000Z,2025-01-16T00:00:00.000Z,0.7479835468431585,A100 SXM4
2025-01-17T00:00:00.000Z,2025-01-17T00:00:00.000Z,0.7736437266040675,A100 SXM4
2025-01-18T00:00:00.000Z,2025-01-18T00:00:00.000Z,0.7760637361144205,A100 SXM4
2025-01-19T00:00:00.000Z,2025-01-19T00:00:00.000Z,0.7699460387153397,A100 SXM4
2025-01-20T00:00:00.000Z,2025-01-20T00:00:00.000Z,0.7861263109895121,A100 SXM4
2025-01-21T00:00:00.000Z,2025-01-21T00:00:00.000Z,0.7953601064359762,A100 SXM4
2025-01-22T00:00:00.000Z,2025-01-22T00:00:00.000Z,0.7965001798986361,A100 SXM4
2025-01-23T00:00:00.000Z,2025-01-23T00:00:00.000Z,0.7899681453344629,A100 SXM4
2025-01-24T00:00:00.000Z,2025-01-24T00:00:00.000Z,0.7780734403747118,A100 SXM4
2025-01-25T00:00:00.000Z,2025-01-25T00:00:00.000Z,0.7399795149303706,A100 SXM4
2025-01-26T00:00:00.000Z,2025-01-26T00:00:00.000Z,0.7947960205503309,A100 SXM4
2025-01-27T00:00:00.000Z,2025-01-27T00:00:00.000Z,0.7892946817088756,A100 SXM4
2025-01-28T00:00:00.000Z,2025-01-28T00:00:00.000Z,0.7424707721824718,A100 SXM4
2025-01-29T00:00:00.000Z,2025-01-29T00:00:00.000Z,0.7312367701677835,A100 SXM4
2025-01-30T00:00:00.000Z,2025-01-30T00:00:00.000Z,0.7834144591385792,A100 SXM4
2025-01-31T00:00:00.000Z,2025-01-31T00:00:00.000Z,0.6929818057766943,A100 SXM4
2025-02-01T00:00:00.000Z,2025-02-01T00:00:00.000Z,0.585148872931955,A100 SXM4
2025-02-02T00:00:00.000Z,2025-02-02T00:00:00.000Z,0.5535482258870564,A100 SXM4
2025-02-03T00:00:00.000Z,2025-02-03T00:00:00.000Z,0.5671695402298851,A100 SXM4
2025-02-04T00:00:00.000Z,2025-02-04T00:00:00.000Z,0.6385338580709645,A100 SXM4
2025-02-05T00:00:00.000Z,2025-02-05T00:00:00.000Z,0.5947770605317362,A100 SXM4
2025-02-06T00:00:00.000Z,2025-02-06T00:00:00.000Z,0.6091837258206121,A100 SXM4
2025-02-07T00:00:00.000Z,2025-02-07T00:00:00.000Z,0.5810823092677931,A100 SXM4
2025-02-08T00:00:00.000Z,2025-02-08T00:00:00.000Z,0.6439663792025997,A100 SXM4
2025-02-09T00:00:00.000Z,2025-02-09T00:00:00.000Z,0.621031746031746,A100 SXM4
2025-02-10T00:00:00.000Z,2025-02-10T00:00:00.000Z,0.6349848187350474,A100 SXM4
2025-02-11T00:00:00.000Z,2025-02-11T00:00:00.000Z,0.6288381683118526,A100 SXM4
2025-02-12T00:00:00.000Z,2025-02-12T00:00:00.000Z,0.6704222068225444,A100 SXM4
2025-02-13T00:00:00.000Z,2025-02-13T00:00:00.000Z,0.6710056554728205,A100 SXM4
2025-02-14T00:00:00.000Z,2025-02-14T00:00:00.000Z,0.6361374901612871,A100 SXM4
2025-02-15T00:00:00.000Z,2025-02-15T00:00:00.000Z,0.6186945375107682,A100 SXM4
2025-02-16T00:00:00.000Z,2025-02-16T00:00:00.000Z,0.5530715734870073,A100 SXM4
2025-02-17T00:00:00.000Z,2025-02-17T00:00:00.000Z,0.5317622950819673,A100 SXM4
2025-02-18T00:00:00.000Z,2025-02-18T00:00:00.000Z,0.5407739549811331,A100 SXM4
2025-02-19T00:00:00.000Z,2025-02-19T00:00:00.000Z,0.5400295507573452,A100 SXM4
2025-02-20T00:00:00.000Z,2025-02-20T00:00:00.000Z,0.6152438120175223,A100 SXM4
2025-02-21T00:00:00.000Z,2025-02-21T00:00:00.000Z,0.6059480317593908,A100 SXM4
2025-02-22T00:00:00.000Z,2025-02-22T00:00:00.000Z,0.6373355752676827,A100 SXM4
2025-02-23T00:00:00.000Z,2025-02-23T00:00:00.000Z,0.6426643921463292,A100 SXM4
2025-02-24T00:00:00.000Z,2025-02-24T00:00:00.000Z,0.7139531576687811,A100 SXM4
2025-02-25T00:00:00.000Z,2025-02-25T00:00:00.000Z,0.7343611063949503,A100 SXM4
2025-02-26T00:00:00.000Z,2025-02-26T00:00:00.000Z,0.7256019663928169,A100 SXM4
2025-02-27T00:00:00.000Z,2025-02-27T00:00:00.000Z,0.6803064411870249,A100 SXM4
2025-02-28T00:00:00.000Z,2025-02-28T00:00:00.000Z,0.7749056820077216,A100 SXM4
2025-03-01T00:00:00.000Z,2025-03-01T00:00:00.000Z,0.6111011712647226,A100 SXM4
2025-03-02T00:00:00.000Z,2025-03-02T00:00:00.000Z,0.5926119759823598,A100 SXM4
2025-03-03T00:00:00.000Z,2025-03-03T00:00:00.000Z,0.6389586925402074,A100 SXM4
2025-03-04T00:00:00.000Z,2025-03-04T00:00:00.000Z,0.6495753648540988,A100 SXM4
2025-03-05T00:00:00.000Z,2025-03-05T00:00:00.000Z,0.6386231044685667,A100 SXM4
2025-03-06T00:00:00.000Z,2025-03-06T00:00:00.000Z,0.6406117744083449,A100 SXM4
2025-03-07T00:00:00.000Z,2025-03-07T00:00:00.000Z,0.6805977187402421,A100 SXM4
2025-03-08T00:00:00.000Z,2025-03-08T00:00:00.000Z,0.6111309942532672,A100 SXM4
2025-03-09T00:00:00.000Z,2025-03-09T00:00:00.000Z,0.5776515151515151,A100 SXM4
2025-03-10T00:00:00.000Z,2025-03-10T00:00:00.000Z,0.588745969741309,A100 SXM4
2025-03-11T00:00:00.000Z,2025-03-11T00:00:00.000Z,0.6258765017643619,A100 SXM4
2025-03-12T00:00:00.000Z,2025-03-12T00:00:00.000Z,0.6936728131599424,A100 SXM4
2025-03-13T00:00:00.000Z,2025-03-13T00:00:00.000Z,0.7385912302376355,A100 SXM4
2025-03-14T00:00:00.000Z,2025-03-14T00:00:00.000Z,0.6979490517898945,A100 SXM4
2025-03-15T00:00:00.000Z,2025-03-15T00:00:00.000Z,0.6501538760534262,A100 SXM4
2025-03-16T00:00:00.000Z,2025-03-16T00:00:00.000Z,0.7089707653035986,A100 SXM4
2025-03-17T00:00:00.000Z,2025-03-17T00:00:00.000Z,0.7651094154620784,A100 SXM4
2025-03-18T00:00:00.000Z,2025-03-18T00:00:00.000Z,0.7491306097219053,A100 SXM4
2025-03-19T00:00:00.000Z,2025-03-19T00:00:00.000Z,0.7839050956572486,A100 SXM4
2025-03-20T00:00:00.000Z,2025-03-20T00:00:00.000Z,0.8064431453482989,A100 SXM4
2025-03-21T00:00:00.000Z,2025-03-21T00:00:00.000Z,0.7464695954717372,A100 SXM4
2025-03-22T00:00:00.000Z,2025-03-22T00:00:00.000Z,0.7279399935649936,A100 SXM4
2025-03-23T00:00:00.000Z,2025-03-23T00:00:00.000Z,0.7321887526781394,A100 SXM4
2025-03-24T00:00:00.000Z,2025-03-24T00:00:00.000Z,0.7196446352999751,A100 SXM4
2025-03-25T00:00:00.000Z,2025-03-25T00:00:00.000Z,0.7532700948969331,A100 SXM4
2025-03-26T00:00:00.000Z,2025-03-26T00:00:00.000Z,0.7902100814186765,A100 SXM4
2025-03-27T00:00:00.000Z,2025-03-27T00:00:00.000Z,0.7889548524105644,A100 SXM4
2025-03-28T00:00:00.000Z,2025-03-28T00:00:00.000Z,0.8006736936795995,A100 SXM4
2025-03-29T00:00:00.000Z,2025-03-29T00:00:00.000Z,0.7422930598036844,A100 SXM4
2025-03-30T00:00:00.000Z,2025-03-30T00:00:00.000Z,0.7750514029995162,A100 SXM4
2025-03-31T00:00:00.000Z,2025-03-31T00:00:00.000Z,0.7577230095115561,A100 SXM4
2025-04-01T00:00:00.000Z,2025-04-01T00:00:00.000Z,0.7809483408748115,A100 SXM4
2025-04-02T00:00:00.000Z,2025-04-02T00:00:00.000Z,0.7870775549136398,A100 SXM4
2025-04-03T00:00:00.000Z,2025-04-03T00:00:00.000Z,0.7985317872389524,A100 SXM4
2025-04-04T00:00:00.000Z,2025-04-04T00:00:00.000Z,0.7371752875880234,A100 SXM4
2025-04-05T00:00:00.000Z,2025-04-05T00:00:00.000Z,0.6922300744377979,A100 SXM4
2025-04-06T00:00:00.000Z,2025-04-06T00:00:00.000Z,0.6840239579513507,A100 SXM4
2025-04-07T00:00:00.000Z,2025-04-07T00:00:00.000Z,0.7002173304256638,A100 SXM4
2025-04-08T00:00:00.000Z,2025-04-08T00:00:00.000Z,0.7800113201977003,A100 SXM4
2025-04-09T00:00:00.000Z,2025-04-09T00:00:00.000Z,0.7994824589127687,A100 SXM4
2025-04-10T00:00:00.000Z,2025-04-10T00:00:00.000Z,0.7436805219826194,A100 SXM4
2025-04-11T00:00:00.000Z,2025-04-11T00:00:00.000Z,0.7341388457556935,A100 SXM4
2025-04-12T00:00:00.000Z,2025-04-12T00:00:00.000Z,0.7692164641705926,A100 SXM4
2025-04-13T00:00:00.000Z,2025-04-13T00:00:00.000Z,0.7401510894481219,A100 SXM4
2025-04-14T00:00:00.000Z,2025-04-14T00:00:00.000Z,0.753492570240143,A100 SXM4
2025-04-15T00:00:00.000Z,2025-04-15T00:00:00.000Z,0.770885647341958,A100 SXM4
2025-04-16T00:00:00.000Z,2025-04-16T00:00:00.000Z,0.7385581255155784,A100 SXM4
2025-04-17T00:00:00.000Z,2025-04-17T00:00:00.000Z,0.7557654626858596,A100 SXM4
2025-04-18T00:00:00.000Z,2025-04-18T00:00:00.000Z,0.7997528935028935,A100 SXM4
2025-04-19T00:00:00.000Z,2025-04-19T00:00:00.000Z,0.7097829615696123,A100 SXM4
2025-04-20T00:00:00.000Z,2025-04-20T00:00:00.000Z,0.6885113268608414,A100 SXM4
2025-04-21T00:00:00.000Z,2025-04-21T00:00:00.000Z,0.75494046644337,A100 SXM4
2025-04-22T00:00:00.000Z,2025-04-22T00:00:00.000Z,0.857913582620398,A100 SXM4
2025-04-23T00:00:00.000Z,2025-04-23T00:00:00.000Z,0.838935185218646,A100 SXM4
2025-04-24T00:00:00.000Z,2025-04-24T00:00:00.000Z,0.846545940191601,A100 SXM4
2025-04-25T00:00:00.000Z,2025-04-25T00:00:00.000Z,0.8259075907590759,A100 SXM4
2025-04-26T00:00:00.000Z,2025-04-26T00:00:00.000Z,0.8179661807435505,A100 SXM4
2025-04-27T00:00:00.000Z,2025-04-27T00:00:00.000Z,0.7892646439106616,A100 SXM4
2025-04-28T00:00:00.000Z,2025-04-28T00:00:00.000Z,0.8425060372757102,A100 SXM4
2025-04-29T00:00:00.000Z,2025-04-29T00:00:00.000Z,0.8830493480564037,A100 SXM4
2025-04-30T00:00:00.000Z,2025-04-30T00:00:00.000Z,0.8852643825564117,A100 SXM4
2025-05-01T00:00:00.000Z,2025-05-01T00:00:00.000Z,0.784725253973999,A100 SXM4
2025-05-02T00:00:00.000Z,2025-05-02T00:00:00.000Z,0.7892764601025473,A100 SXM4
2025-05-03T00:00:00.000Z,2025-05-03T00:00:00.000Z,0.6965451161863893,A100 SXM4
2025-05-04T00:00:00.000Z,2025-05-04T00:00:00.000Z,0.7556197169461845,A100 SXM4
2025-05-05T00:00:00.000Z,2025-05-05T00:00:00.000Z,0.813301282051282,A100 SXM4
2025-05-06T00:00:00.000Z,2025-05-06T00:00:00.000Z,0.8584942954085919,A100 SXM4
2025-05-07T00:00:00.000Z,2025-05-07T00:00:00.000Z,0.8923630493531809,A100 SXM4
2025-05-08T00:00:00.000Z,2025-05-08T00:00:00.000Z,0.8696260481598175,A100 SXM4
2025-05-09T00:00:00.000Z,2025-05-09T00:00:00.000Z,0.8673261228450448,A100 SXM4
2025-05-10T00:00:00.000Z,2025-05-10T00:00:00.000Z,0.7783093804559926,A100 SXM4
2025-05-11T00:00:00.000Z,2025-05-11T00:00:00.000Z,0.8161057692307693,A100 SXM4
2025-05-12T00:00:00.000Z,2025-05-12T00:00:00.000Z,0.8467999154639063,A100 SXM4
2025-05-13T00:00:00.000Z,2025-05-13T00:00:00.000Z,0.8996423650337202,A100 SXM4
2025-05-14T00:00:00.000Z,2025-05-14T00:00:00.000Z,0.8661858974358975,A100 SXM4
2025-05-15T00:00:00.000Z,2025-05-15T00:00:00.000Z,0.8754734704239655,A100 SXM4
2025-05-16T00:00:00.000Z,2025-05-16T00:00:00.000Z,0.8505973850848917,A100 SXM4
2025-05-17T00:00:00.000Z,2025-05-17T00:00:00.000Z,0.7914110097372763,A100 SXM4
2025-05-18T00:00:00.000Z,2025-05-18T00:00:00.000Z,0.7541047854785479,A100 SXM4
2025-05-19T00:00:00.000Z,2025-05-19T00:00:00.000Z,0.7409893409118034,A100 SXM4
2025-05-20T00:00:00.000Z,2025-05-20T00:00:00.000Z,0.7948396867612293,A100 SXM4
2025-05-21T00:00:00.000Z,2025-05-21T00:00:00.000Z,0.7878923862445468,A100 SXM4
2025-05-22T00:00:00.000Z,2025-05-22T00:00:00.000Z,0.7408837541034037,A100 SXM4
2025-05-23T00:00:00.000Z,2025-05-23T00:00:00.000Z,0.6608142431890248,A100 SXM4
2025-05-24T00:00:00.000Z,2025-05-24T00:00:00.000Z,0.7154372799909975,A100 SXM4
2025-05-25T00:00:00.000Z,2025-05-25T00:00:00.000Z,0.717863475177305,A100 SXM4
2025-05-26T00:00:00.000Z,2025-05-26T00:00:00.000Z,0.7145748275424978,A100 SXM4
2025-05-27T00:00:00.000Z,2025-05-27T00:00:00.000Z,0.7256017568935003,A100 SXM4
2025-05-28T00:00:00.000Z,2025-05-28T00:00:00.000Z,0.7137574555531433,A100 SXM4
2025-05-29T00:00:00.000Z,2025-05-29T00:00:00.000Z,0.6645702610712707,A100 SXM4
2025-05-30T00:00:00.000Z,2025-05-30T00:00:00.000Z,0.6822079850385223,A100 SXM4
2025-05-31T00:00:00.000Z,2025-05-31T00:00:00.000Z,0.6907718323703527,A100 SXM4
2025-06-01T00:00:00.000Z,2025-06-01T00:00:00.000Z,0.6577932098765432,A100 SXM4
2025-06-02T00:00:00.000Z,2025-06-02T00:00:00.000Z,0.7129629629629629,A100 SXM4
2025-06-03T00:00:00.000Z,2025-06-03T00:00:00.000Z,0.8318890491023603,A100 SXM4
2025-06-04T00:00:00.000Z,2025-06-04T00:00:00.000Z,0.8171729937548289,A100 SXM4
2025-06-05T00:00:00.000Z,2025-06-05T00:00:00.000Z,0.7564000485307761,A100 SXM4
2025-06-06T00:00:00.000Z,2025-06-06T00:00:00.000Z,0.7874272615059072,A100 SXM4
2025-06-07T00:00:00.000Z,2025-06-07T00:00:00.000Z,0.7819388114970904,A100 SXM4
2025-06-08T00:00:00.000Z,2025-06-08T00:00:00.000Z,0.7951370170709794,A100 SXM4
2025-06-09T00:00:00.000Z,2025-06-09T00:00:00.000Z,0.8250786163522013,A100 SXM4
2025-06-10T00:00:00.000Z,2025-06-10T00:00:00.000Z,0.8054355167580587,A100 SXM4
2025-06-11T00:00:00.000Z,2025-06-11T00:00:00.000Z,0.8027986868635381,A100 SXM4
2025-06-12T00:00:00.000Z,2025-06-12T00:00:00.000Z,0.7134784501045094,A100 SXM4
2025-06-13T00:00:00.000Z,2025-06-13T00:00:00.000Z,0.6813063756859697,A100 SXM4
2025-06-14T00:00:00.000Z,2025-06-14T00:00:00.000Z,0.6989643741922796,A100 SXM4
2025-06-15T00:00:00.000Z,2025-06-15T00:00:00.000Z,0.7203696348550278,A100 SXM4
2025-06-16T00:00:00.000Z,2025-06-16T00:00:00.000Z,0.7271646464710213,A100 SXM4
2025-06-17T00:00:00.000Z,2025-06-17T00:00:00.000Z,0.7279876377981371,A100 SXM4
2025-06-18T00:00:00.000Z,2025-06-18T00:00:00.000Z,0.7395646231171614,A100 SXM4
2025-06-19T00:00:00.000Z,2025-06-19T00:00:00.000Z,0.7351922055330261,A100 SXM4
2025-06-20T00:00:00.000Z,2025-06-20T00:00:00.000Z,0.714347584912101,A100 SXM4
2025-06-21T00:00:00.000Z,2025-06-21T00:00:00.000Z,0.6525430107526882,A100 SXM4
2025-06-22T00:00:00.000Z,2025-06-22T00:00:00.000Z,0.6466666666666666,A100 SXM4
2025-06-23T00:00:00.000Z,2025-06-23T00:00:00.000Z,0.6841993393436192,A100 SXM4
2025-06-24T00:00:00.000Z,2025-06-24T00:00:00.000Z,0.6739915354052862,A100 SXM4
2025-06-25T00:00:00.000Z,2025-06-25T00:00:00.000Z,0.6615651637550598,A100 SXM4
2025-06-26T00:00:00.000Z,2025-06-26T00:00:00.000Z,0.5936026420846525,A100 SXM4
2025-06-27T00:00:00.000Z,2025-06-27T00:00:00.000Z,0.5682596983013213,A100 SXM4
2025-06-28T00:00:00.000Z,2025-06-28T00:00:00.000Z,0.48823182192231634,A100 SXM4
2025-06-29T00:00:00.000Z,2025-06-29T00:00:00.000Z,0.4750291344911301,A100 SXM4
2025-06-30T00:00:00.000Z,2025-06-30T00:00:00.000Z,0.5244419453058331,A100 SXM4
2025-07-01T00:00:00.000Z,2025-07-01T00:00:00.000Z,0.49921330317631224,A100 SXM4
2025-07-02T00:00:00.000Z,2025-07-02T00:00:00.000Z,0.43248359457251034,A100 SXM4
2025-07-03T00:00:00.000Z,2025-07-03T00:00:00.000Z,0.4507973133258446,A100 SXM4
2025-07-04T00:00:00.000Z,2025-07-04T00:00:00.000Z,0.4065666876369682,A100 SXM4
2025-07-05T00:00:00.000Z,2025-07-05T00:00:00.000Z,0.36565287784561723,A100 SXM4
2025-07-06T00:00:00.000Z,2025-07-06T00:00:00.000Z,0.41569833505176534,A100 SXM4
2025-07-07T00:00:00.000Z,2025-07-07T00:00:00.000Z,0.4993979792528179,A100 SXM4
2025-07-08T00:00:00.000Z,2025-07-08T00:00:00.000Z,0.46864595216577526,A100 SXM4
2025-07-09T00:00:00.000Z,2025-07-09T00:00:00.000Z,0.4728457106754969,A100 SXM4
2025-07-10T00:00:00.000Z,2025-07-10T00:00:00.000Z,0.5126311794313282,A100 SXM4
2025-07-11T00:00:00.000Z,2025-07-11T00:00:00.000Z,0.6265591447038042,A100 SXM4
2025-07-12T00:00:00.000Z,2025-07-12T00:00:00.000Z,0.5502525880404141,A100 SXM4
2025-07-13T00:00:00.000Z,2025-07-13T00:00:00.000Z,0.49563374452027686,A100 SXM4
2025-07-14T00:00:00.000Z,2025-07-14T00:00:00.000Z,0.648741418764302,A100 SXM4
2025-07-15T00:00:00.000Z,2025-07-15T00:00:00.000Z,0.6226045810464075,A100 SXM4
2025-07-16T00:00:00.000Z,2025-07-16T00:00:00.000Z,0.5990843607291189,A100 SXM4
2025-07-17T00:00:00.000Z,2025-07-17T00:00:00.000Z,0.6157499745218578,A100 SXM4
2025-07-18T00:00:00.000Z,2025-07-18T00:00:00.000Z,0.6065535970527774,A100 SXM4
2025-07-19T00:00:00.000Z,2025-07-19T00:00:00.000Z,0.549342884670671,A100 SXM4
2025-07-20T00:00:00.000Z,2025-07-20T00:00:00.000Z,0.5171615626985779,A100 SXM4
2025-07-21T00:00:00.000Z,2025-07-21T00:00:00.000Z,0.5685482249344297,A100 SXM4
2025-07-22T00:00:00.000Z,2025-07-22T00:00:00.000Z,0.5791525380260704,A100 SXM4
2025-07-23T00:00:00.000Z,2025-07-23T00:00:00.000Z,0.5932897294588907,A100 SXM4
2025-07-24T00:00:00.000Z,2025-07-24T00:00:00.000Z,0.6388664360956542,A100 SXM4
2025-07-25T00:00:00.000Z,2025-07-25T00:00:00.000Z,0.6967051972837173,A100 SXM4
2025-07-26T00:00:00.000Z,2025-07-26T00:00:00.000Z,0.601349680624818,A100 SXM4
2025-07-27T00:00:00.000Z,2025-07-27T00:00:00.000Z,0.5804331207627068,A100 SXM4
2025-07-28T00:00:00.000Z,2025-07-28T00:00:00.000Z,0.6281228180421728,A100 SXM4
2025-07-29T00:00:00.000Z,2025-07-29T00:00:00.000Z,0.7221536521294899,A100 SXM4
2025-07-30T00:00:00.000Z,2025-07-30T00:00:00.000Z,0.6895596905276842,A100 SXM4
2025-07-31T00:00:00.000Z,2025-07-31T00:00:00.000Z,0.6974323237242778,A100 SXM4
2025-08-01T00:00:00.000Z,2025-08-01T00:00:00.000Z,0.6571298617749899,A100 SXM4
2025-08-02T00:00:00.000Z,2025-08-02T00:00:00.000Z,0.633785140562249,A100 SXM4
2025-08-03T00:00:00.000Z,2025-08-03T00:00:00.000Z,0.558388617762188,A100 SXM4
2025-08-04T00:00:00.000Z,2025-08-04T00:00:00.000Z,0.618183116148232,A100 SXM4
2025-08-05T00:00:00.000Z,2025-08-05T00:00:00.000Z,0.6581017278741966,A100 SXM4
2025-08-06T00:00:00.000Z,2025-08-06T00:00:00.000Z,0.7008443237526293,A100 SXM4
2025-08-07T00:00:00.000Z,2025-08-07T00:00:00.000Z,0.6725319746666996,A100 SXM4
2025-08-08T00:00:00.000Z,2025-08-08T00:00:00.000Z,0.7058370868371617,A100 SXM4
2025-08-09T00:00:00.000Z,2025-08-09T00:00:00.000Z,0.6349140569627197,A100 SXM4
2025-08-10T00:00:00.000Z,2025-08-10T00:00:00.000Z,0.612290870157968,A100 SXM4
2025-08-11T00:00:00.000Z,2025-08-11T00:00:00.000Z,0.6513292433537833,A100 SXM4
2025-08-12T00:00:00.000Z,2025-08-12T00:00:00.000Z,0.6350240844080349,A100 SXM4
2025-08-13T00:00:00.000Z,2025-08-13T00:00:00.000Z,0.7142636978390677,A100 SXM4
2025-08-14T00:00:00.000Z,2025-08-14T00:00:00.000Z,0.7252062005669138,A100 SXM4
2025-08-15T00:00:00.000Z,2025-08-15T00:00:00.000Z,0.6726033987334972,A100 SXM4
2025-08-16T00:00:00.000Z,2025-08-16T00:00:00.000Z,0.5641528188485416,A100 SXM4
2025-08-17T00:00:00.000Z,2025-08-17T00:00:00.000Z,0.5330284552845529,A100 SXM4
2025-08-18T00:00:00.000Z,2025-08-18T00:00:00.000Z,0.6099894569350912,A100 SXM4
2025-08-19T00:00:00.000Z,2025-08-19T00:00:00.000Z,0.6879916172791776,A100 SXM4
2025-08-20T00:00:00.000Z,2025-08-20T00:00:00.000Z,0.708205240095175,A100 SXM4
2025-08-21T00:00:00.000Z,2025-08-21T00:00:00.000Z,0.6583293774766846,A100 SXM4
2025-08-22T00:00:00.000Z,2025-08-22T00:00:00.000Z,0.6103620992606161,A100 SXM4
2025-08-23T00:00:00.000Z,2025-08-23T00:00:00.000Z,0.5994907774811822,A100 SXM4
2025-08-24T00:00:00.000Z,2025-08-24T00:00:00.000Z,0.6342775152347965,A100 SXM4
2025-08-25T00:00:00.000Z,2025-08-25T00:00:00.000Z,0.5761060084077319,A100 SXM4
2025-08-26T00:00:00.000Z,2025-08-26T00:00:00.000Z,0.6428317127432341,A100 SXM4
2025-08-27T00:00:00.000Z,2025-08-27T00:00:00.000Z,0.6987961682298969,A100 SXM4
2025-08-28T00:00:00.000Z,2025-08-28T00:00:00.000Z,0.7229503786392006,A100 SXM4
2025-08-29T00:00:00.000Z,2025-08-29T00:00:00.000Z,0.620071752635312,A100 SXM4
2025-08-30T00:00:00.000Z,2025-08-30T00:00:00.000Z,0.5842749529190208,A100 SXM4
2025-08-31T00:00:00.000Z,2025-08-31T00:00:00.000Z,0.6243914643472649,A100 SXM4
2025-09-01T00:00:00.000Z,2025-09-01T00:00:00.000Z,0.6563524312868027,A100 SXM4
2025-09-02T00:00:00.000Z,2025-09-02T00:00:00.000Z,0.6877035234199822,A100 SXM4
2025-09-03T00:00:00.000Z,2025-09-03T00:00:00.000Z,0.7023512217551234,A100 SXM4
2025-09-04T00:00:00.000Z,2025-09-04T00:00:00.000Z,0.6822088907201556,A100 SXM4
2025-09-05T00:00:00.000Z,2025-09-05T00:00:00.000Z,0.6287546952239301,A100 SXM4
2025-09-06T00:00:00.000Z,2025-09-06T00:00:00.000Z,0.63523251116814,A100 SXM4
2025-09-07T00:00:00.000Z,2025-09-07T00:00:00.000Z,0.7531802086857345,A100 SXM4
2025-09-08T00:00:00.000Z,2025-09-08T00:00:00.000Z,0.7587348153762321,A100 SXM4
2025-09-09T00:00:00.000Z,2025-09-09T00:00:00.000Z,0.8216119721887328,A100 SXM4
2025-09-10T00:00:00.000Z,2025-09-10T00:00:00.000Z,0.8381901840490797,A100 SXM4
2025-09-11T00:00:00.000Z,2025-09-11T00:00:00.000Z,0.8300056602395559,A100 SXM4
2025-09-12T00:00:00.000Z,2025-09-12T00:00:00.000Z,0.7196732328937027,A100 SXM4
2025-09-13T00:00:00.000Z,2025-09-13T00:00:00.000Z,0.652998794583331,A100 SXM4
2025-09-14T00:00:00.000Z,2025-09-14T00:00:00.000Z,0.624991667498661,A100 SXM4
2025-09-15T00:00:00.000Z,2025-09-15T00:00:00.000Z,0.7231222564403018,A100 SXM4
2025-09-16T00:00:00.000Z,2025-09-16T00:00:00.000Z,0.8191859191453418,A100 SXM4
2025-09-17T00:00:00.000Z,2025-09-17T00:00:00.000Z,0.7857142857142857,A100 SXM4
2025-09-18T00:00:00.000Z,2025-09-18T00:00:00.000Z,0.7327091310948867,A100 SXM4
2025-09-19T00:00:00.000Z,2025-09-19T00:00:00.000Z,0.7046730848809811,A100 SXM4
2025-09-20T00:00:00.000Z,2025-09-20T00:00:00.000Z,0.6979266430958048,A100 SXM4
2025-09-21T00:00:00.000Z,2025-09-21T00:00:00.000Z,0.7260997097844113,A100 SXM4
2025-09-22T00:00:00.000Z,2025-09-22T00:00:00.000Z,0.7681756401196409,A100 SXM4
2025-09-23T00:00:00.000Z,2025-09-23T00:00:00.000Z,0.8148772216780167,A100 SXM4
2025-09-24T00:00:00.000Z,2025-09-24T00:00:00.000Z,0.8328847614203664,A100 SXM4
2025-09-25T00:00:00.000Z,2025-09-25T00:00:00.000Z,0.651070512666933,A100 SXM4
2025-09-26T00:00:00.000Z,2025-09-26T00:00:00.000Z,0.5604210658513914,A100 SXM4
2025-09-27T00:00:00.000Z,2025-09-27T00:00:00.000Z,0.5236869004702794,A100 SXM4
2025-09-28T00:00:00.000Z,2025-09-28T00:00:00.000Z,0.524120052322916,A100 SXM4
2025-09-29T00:00:00.000Z,2025-09-29T00:00:00.000Z,0.548920806521298,A100 SXM4
2025-09-30T00:00:00.000Z,2025-09-30T00:00:00.000Z,0.6028430697258605,A100 SXM4
2025-10-01T00:00:00.000Z,2025-10-01T00:00:00.000Z,0.5649109790937319,A100 SXM4
2025-10-02T00:00:00.000Z,2025-10-02T00:00:00.000Z,0.4518759854867886,A100 SXM4
2025-10-03T00:00:00.000Z,2025-10-03T00:00:00.000Z,0.5326736240263586,A100 SXM4
2025-10-04T00:00:00.000Z,2025-10-04T00:00:00.000Z,0.4980175846172631,A100 SXM4
2025-10-05T00:00:00.000Z,2025-10-05T00:00:00.000Z,0.4776470432571843,A100 SXM4
2025-10-06T00:00:00.000Z,2025-10-06T00:00:00.000Z,0.5604057729462434,A100 SXM4
2025-10-07T00:00:00.000Z,2025-10-07T00:00:00.000Z,0.5903092296948842,A100 SXM4
2025-10-08T00:00:00.000Z,2025-10-08T00:00:00.000Z,0.5755696844572041,A100 SXM4
2025-10-09T00:00:00.000Z,2025-10-09T00:00:00.000Z,0.5309676877095441,A100 SXM4
2025-10-10T00:00:00.000Z,2025-10-10T00:00:00.000Z,0.5778419850100103,A100 SXM4
2025-10-11T00:00:00.000Z,2025-10-11T00:00:00.000Z,0.49116794363392186,A100 SXM4
2025-10-12T00:00:00.000Z,2025-10-12T00:00:00.000Z,0.5299770893671328,A100 SXM4
2025-10-13T00:00:00.000Z,2025-10-13T00:00:00.000Z,0.5652166809937605,A100 SXM4
2025-10-14T00:00:00.000Z,2025-10-14T00:00:00.000Z,0.6036499758268292,A100 SXM4
2025-10-15T00:00:00.000Z,2025-10-15T00:00:00.000Z,0.6478811820427095,A100 SXM4
2025-10-16T00:00:00.000Z,2025-10-16T00:00:00.000Z,0.5670318315499672,A100 SXM4
2025-10-17T00:00:00.000Z,2025-10-17T00:00:00.000Z,0.6387870667227449,A100 SXM4
2025-10-18T00:00:00.000Z,2025-10-18T00:00:00.000Z,0.5698063170872432,A100 SXM4
2025-10-19T00:00:00.000Z,2025-10-19T00:00:00.000Z,0.548194908666291,A100 SXM4
2025-10-20T00:00:00.000Z,2025-10-20T00:00:00.000Z,0.5210491595519707,A100 SXM4
2025-10-21T00:00:00.000Z,2025-10-21T00:00:00.000Z,0.5664431381268983,A100 SXM4
2025-10-22T00:00:00.000Z,2025-10-22T00:00:00.000Z,0.6279142304496956,A100 SXM4
2025-10-23T00:00:00.000Z,2025-10-23T00:00:00.000Z,0.640853619035142,A100 SXM4
2025-10-24T00:00:00.000Z,2025-10-24T00:00:00.000Z,0.5601193446573739,A100 SXM4
2025-10-25T00:00:00.000Z,2025-10-25T00:00:00.000Z,0.5516887218580786,A100 SXM4
2025-10-26T00:00:00.000Z,2025-10-26T00:00:00.000Z,0.48440227233359057,A100 SXM4
2025-10-27T00:00:00.000Z,2025-10-27T00:00:00.000Z,0.5119173890792563,A100 SXM4
2025-10-28T00:00:00.000Z,2025-10-28T00:00:00.000Z,0.6353477227518148,A100 SXM4
2025-10-29T00:00:00.000Z,2025-10-29T00:00:00.000Z,0.6431372549019608,A100 SXM4
2025-10-30T00:00:00.000Z,2025-10-30T00:00:00.000Z,0.7016981363170852,A100 SXM4
2025-10-31T00:00:00.000Z,2025-10-31T00:00:00.000Z,0.6477732793522267,A100 SXM4
2025-11-01T00:00:00.000Z,2025-11-01T00:00:00.000Z,0.6248313090418354,A100 SXM4
2025-11-02T00:00:00.000Z,2025-11-02T00:00:00.000Z,0.5636018520909156,A100 SXM4
2025-11-03T00:00:00.000Z,2025-11-03T00:00:00.000Z,0.6434128816641318,A100 SXM4
2025-11-04T00:00:00.000Z,2025-11-04T00:00:00.000Z,0.6610240246342185,A100 SXM4
2025-11-05T00:00:00.000Z,2025-11-05T00:00:00.000Z,0.5923523622792932,A100 SXM4
2025-11-06T00:00:00.000Z,2025-11-06T00:00:00.000Z,0.659883946761354,A100 SXM4
2025-11-07T00:00:00.000Z,2025-11-07T00:00:00.000Z,0.6597670526901348,A100 SXM4
2025-11-08T00:00:00.000Z,2025-11-08T00:00:00.000Z,0.6626082337317397,A100 SXM4
2025-11-09T00:00:00.000Z,2025-11-09T00:00:00.000Z,0.6343221542082308,A100 SXM4
2025-11-10T00:00:00.000Z,2025-11-10T00:00:00.000Z,0.5822523827970109,A100 SXM4
2025-11-11T00:00:00.000Z,2025-11-11T00:00:00.000Z,0.6146529062166832,A100 SXM4
2025-11-12T00:00:00.000Z,2025-11-12T00:00:00.000Z,0.6108998825601879,A100 SXM4
2025-11-13T00:00:00.000Z,2025-11-13T00:00:00.000Z,0.6663537530572475,A100 SXM4
2025-11-14T00:00:00.000Z,2025-11-14T00:00:00.000Z,0.6641720921167138,A100 SXM4
2025-11-15T00:00:00.000Z,2025-11-15T00:00:00.000Z,0.6388824644158131,A100 SXM4
2025-11-16T00:00:00.000Z,2025-11-16T00:00:00.000Z,0.6868077778228191,A100 SXM4
2025-11-17T00:00:00.000Z,2025-11-17T00:00:00.000Z,0.701390665800967,A100 SXM4
2025-11-18T00:00:00.000Z,2025-11-18T00:00:00.000Z,0.7153482174672582,A100 SXM4
2025-11-19T00:00:00.000Z,2025-11-19T00:00:00.000Z,0.7555933044593788,A100 SXM4
2025-11-20T00:00:00.000Z,2025-11-20T00:00:00.000Z,0.7177838023698688,A100 SXM4
2025-11-21T00:00:00.000Z,2025-11-21T00:00:00.000Z,0.7144582947499735,A100 SXM4
2025-11-22T00:00:00.000Z,2025-11-22T00:00:00.000Z,0.5931933842239185,A100 SXM4
2025-11-23T00:00:00.000Z,2025-11-23T00:00:00.000Z,0.5808426122558304,A100 SXM4
2025-11-24T00:00:00.000Z,2025-11-24T00:00:00.000Z,0.6775190659652062,A100 SXM4
2025-11-25T00:00:00.000Z,2025-11-25T00:00:00.000Z,0.6980491437427292,A100 SXM4
2025-11-26T00:00:00.000Z,2025-11-26T00:00:00.000Z,0.6128884343193017,A100 SXM4
2025-11-27T00:00:00.000Z,2025-11-27T00:00:00.000Z,0.6488550554072161,A100 SXM4
2025-11-28T00:00:00.000Z,2025-11-28T00:00:00.000Z,0.6173206426268326,A100 SXM4
2025-11-29T00:00:00.000Z,2025-11-29T00:00:00.000Z,0.5781742511709986,A100 SXM4
2025-11-30T00:00:00.000Z,2025-11-30T00:00:00.000Z,0.5774937261542366,A100 SXM4
2025-12-01T00:00:00.000Z,2025-12-01T00:00:00.000Z,0.5741725768321513,A100 SXM4
2025-12-02T00:00:00.000Z,2025-12-02T00:00:00.000Z,0.6019176869701739,A100 SXM4
2025-12-03T00:00:00.000Z,2025-12-03T00:00:00.000Z,0.6112489181523393,A100 SXM4
2025-12-04T00:00:00.000Z,2025-12-04T00:00:00.000Z,0.6399154750279231,A100 SXM4
2025-12-05T00:00:00.000Z,2025-12-05T00:00:00.000Z,0.6453650479076593,A100 SXM4
2025-12-06T00:00:00.000Z,2025-12-06T00:00:00.000Z,0.6041096721178727,A100 SXM4
2025-12-07T00:00:00.000Z,2025-12-07T00:00:00.000Z,0.5921741479339605,A100 SXM4
2025-12-08T00:00:00.000Z,2025-12-08T00:00:00.000Z,0.649321584961882,A100 SXM4
2025-12-09T00:00:00.000Z,2025-12-09T00:00:00.000Z,0.651604596779915,A100 SXM4
2025-12-10T00:00:00.000Z,2025-12-10T00:00:00.000Z,0.7101070868516793,A100 SXM4
2025-12-11T00:00:00.000Z,2025-12-11T00:00:00.000Z,0.6354034444528773,A100 SXM4
2025-12-12T00:00:00.000Z,2025-12-12T00:00:00.000Z,0.5646200466440724,A100 SXM4
2025-12-13T00:00:00.000Z,2025-12-13T00:00:00.000Z,0.5571712295915369,A100 SXM4
2025-12-14T00:00:00.000Z,2025-12-14T00:00:00.000Z,0.5649147555693603,A100 SXM4
2025-12-15T00:00:00.000Z,2025-12-15T00:00:00.000Z,0.605974846666336,A100 SXM4
2025-12-16T00:00:00.000Z,2025-12-16T00:00:00.000Z,0.6150812929674762,A100 SXM4
2025-12-17T00:00:00.000Z,2025-12-17T00:00:00.000Z,0.5768662484088016,A100 SXM4
2025-12-18T00:00:00.000Z,2025-12-18T00:00:00.000Z,0.5465435864372035,A100 SXM4
2025-12-19T00:00:00.000Z,2025-12-19T00:00:00.000Z,0.5902628960661258,A100 SXM4
2025-12-20T00:00:00.000Z,2025-12-20T00:00:00.000Z,0.5785444440799944,A100 SXM4
2025-12-21T00:00:00.000Z,2025-12-21T00:00:00.000Z,0.5715140356097803,A100 SXM4
2025-12-22T00:00:00.000Z,2025-12-22T00:00:00.000Z,0.6034382284382285,A100 SXM4
2025-12-23T00:00:00.000Z,2025-12-23T00:00:00.000Z,0.6729312354312355,A100 SXM4
2025-12-24T00:00:00.000Z,2025-12-24T00:00:00.000Z,0.6646574348912478,A100 SXM4
2025-12-25T00:00:00.000Z,2025-12-25T00:00:00.000Z,0.6175848169458544,A100 SXM4
2025-12-26T00:00:00.000Z,2025-12-26T00:00:00.000Z,0.6203934361407671,A100 SXM4
2025-12-27T00:00:00.000Z,2025-12-27T00:00:00.000Z,0.6296898087448752,A100 SXM4
2025-12-28T00:00:00.000Z,2025-12-28T00:00:00.000Z,0.587671952716905,A100 SXM4
2025-12-29T00:00:00.000Z,2025-12-29T00:00:00.000Z,0.598763048120871,A100 SXM4
2025-12-30T00:00:00.000Z,2025-12-30T00:00:00.000Z,0.6638225255972696,A100 SXM4
2025-12-31T00:00:00.000Z,2025-12-31T00:00:00.000Z,0.5938566552901023,A100 SXM4
2026-01-01T00:00:00.000Z,2026-01-01T00:00:00.000Z,0.5737352697042708,A100 SXM4
2026-01-02T00:00:00.000Z,2026-01-02T00:00:00.000Z,0.6132548783416197,A100 SXM4
2026-01-03T00:00:00.000Z,2026-01-03T00:00:00.000Z,0.5587315130830489,A100 SXM4
2026-01-04T00:00:00.000Z,2026-01-04T00:00:00.000Z,0.5901700973503233,A100 SXM4
2026-01-05T00:00:00.000Z,2026-01-05T00:00:00.000Z,0.5744930209170929,A100 SXM4
2026-01-06T00:00:00.000Z,2026-01-06T00:00:00.000Z,0.5927049872333415,A100 SXM4
2026-01-07T00:00:00.000Z,2026-01-07T00:00:00.000Z,0.5917586570971757,A100 SXM4
2026-01-08T00:00:00.000Z,2026-01-08T00:00:00.000Z,0.6223123358960126,A100 SXM4
2026-01-09T00:00:00.000Z,2026-01-09T00:00:00.000Z,0.6210640521904527,A100 SXM4
2026-01-10T00:00:00.000Z,2026-01-10T00:00:00.000Z,0.5776586749416116,A100 SXM4
2026-01-11T00:00:00.000Z,2026-01-11T00:00:00.000Z,0.5990484429065744,A100 SXM4
2026-01-12T00:00:00.000Z,2026-01-12T00:00:00.000Z,0.6542726304837031,A100 SXM4
2026-01-13T00:00:00.000Z,2026-01-13T00:00:00.000Z,0.6543035102015108,A100 SXM4
2026-01-14T00:00:00.000Z,2026-01-14T00:00:00.000Z,0.6132442169131589,A100 SXM4
2026-01-15T00:00:00.000Z,2026-01-15T00:00:00.000Z,0.6372165878976433,A100 SXM4
2026-01-16T00:00:00.000Z,2026-01-16T00:00:00.000Z,0.6683047003377858,A100 SXM4
2026-01-17T00:00:00.000Z,2026-01-17T00:00:00.000Z,0.6787420364992728,A100 SXM4
2026-01-18T00:00:00.000Z,2026-01-18T00:00:00.000Z,0.6829573648968666,A100 SXM4
2026-01-19T00:00:00.000Z,2026-01-19T00:00:00.000Z,0.6803691292257248,A100 SXM4
2026-01-20T00:00:00.000Z,2026-01-20T00:00:00.000Z,0.7244476413648315,A100 SXM4
2026-01-21T00:00:00.000Z,2026-01-21T00:00:00.000Z,0.7244958481613286,A100 SXM4
2026-01-22T00:00:00.000Z,2026-01-22T00:00:00.000Z,0.6784947565376735,A100 SXM4
2026-01-23T00:00:00.000Z,2026-01-23T00:00:00.000Z,0.7167703309472873,A100 SXM4
2026-01-24T00:00:00.000Z,2026-01-24T00:00:00.000Z,0.6437338701026684,A100 SXM4
2026-01-25T00:00:00.000Z,2026-01-25T00:00:00.000Z,0.6202262898393499,A100 SXM4
2026-01-26T00:00:00.000Z,2026-01-26T00:00:00.000Z,0.6253840546476206,A100 SXM4
2026-01-27T00:00:00.000Z,2026-01-27T00:00:00.000Z,0.695342686414115,A100 SXM4
2026-01-28T00:00:00.000Z,2026-01-28T00:00:00.000Z,0.7280666471679039,A100 SXM4
2026-01-29T00:00:00.000Z,2026-01-29T00:00:00.000Z,0.7049316117583386,A100 SXM4
2026-01-30T00:00:00.000Z,2026-01-30T00:00:00.000Z,0.645487389860544,A100 SXM4
2026-01-31T00:00:00.000Z,2026-01-31T00:00:00.000Z,0.5856308341807848,A100 SXM4
2026-02-01T00:00:00.000Z,2026-02-01T00:00:00.000Z,0.5155372190840558,A100 SXM4
2026-02-02T00:00:00.000Z,2026-02-02T00:00:00.000Z,0.6475621979614326,A100 SXM4
2026-02-03T00:00:00.000Z,2026-02-03T00:00:00.000Z,0.6395796149100799,A100 SXM4
2026-02-04T00:00:00.000Z,2026-02-04T00:00:00.000Z,0.6180468372789057,A100 SXM4
2026-02-05T00:00:00.000Z,2026-02-05T00:00:00.000Z,0.6445126327243214,A100 SXM4
2026-02-06T00:00:00.000Z,2026-02-06T00:00:00.000Z,0.5711219801476969,A100 SXM4
2026-02-07T00:00:00.000Z,2026-02-07T00:00:00.000Z,0.5791117222172368,A100 SXM4
2026-02-08T00:00:00.000Z,2026-02-08T00:00:00.000Z,0.6086220725310435,A100 SXM4
2026-02-09T00:00:00.000Z,2026-02-09T00:00:00.000Z,0.6770863494191194,A100 SXM4
2026-02-10T00:00:00.000Z,2026-02-10T00:00:00.000Z,0.7106238867173741,A100 SXM4
2026-02-11T00:00:00.000Z,2026-02-11T00:00:00.000Z,0.7574957931817865,A100 SXM4
2026-02-12T00:00:00.000Z,2026-02-12T00:00:00.000Z,0.6634264880877655,A100 SXM4
2026-02-13T00:00:00.000Z,2026-02-13T00:00:00.000Z,0.6567701091307462,A100 SXM4
2026-02-14T00:00:00.000Z,2026-02-14T00:00:00.000Z,0.5794504350223599,A100 SXM4
2026-02-15T00:00:00.000Z,2026-02-15T00:00:00.000Z,0.6011236575162533,A100 SXM4
2026-02-16T00:00:00.000Z,2026-02-16T00:00:00.000Z,0.6322924522201101,A100 SXM4
2026-02-17T00:00:00.000Z,2026-02-17T00:00:00.000Z,0.6158697574177826,A100 SXM4
2026-02-18T00:00:00.000Z,2026-02-18T00:00:00.000Z,0.6917685945599628,A100 SXM4
2026-02-19T00:00:00.000Z,2026-02-19T00:00:00.000Z,0.7573024054982818,A100 SXM4
2026-02-20T00:00:00.000Z,2026-02-20T00:00:00.000Z,0.7385889511842555,A100 SXM4
2026-02-21T00:00:00.000Z,2026-02-21T00:00:00.000Z,0.7361563025527653,A100 SXM4
2026-02-22T00:00:00.000Z,2026-02-22T00:00:00.000Z,0.7282412890655171,A100 SXM4
2026-02-23T00:00:00.000Z,2026-02-23T00:00:00.000Z,0.7690253092252133,A100 SXM4
2026-02-24T00:00:00.000Z,2026-02-24T00:00:00.000Z,0.7668079096045197,A100 SXM4
2026-02-25T00:00:00.000Z,2026-02-25T00:00:00.000Z,0.8333711240859362,A100 SXM4
2026-02-26T00:00:00.000Z,2026-02-26T00:00:00.000Z,0.8033388129924608,A100 SXM4
2026-02-27T00:00:00.000Z,2026-02-27T00:00:00.000Z,0.7715117283944015,A100 SXM4
2026-02-28T00:00:00.000Z,2026-02-28T00:00:00.000Z,0.7526083419242537,A100 SXM4
2026-03-01T00:00:00.000Z,2026-03-01T00:00:00.000Z,0.7434727047057443,A100 SXM4
2026-03-02T00:00:00.000Z,2026-03-02T00:00:00.000Z,0.7866247559663252,A100 SXM4
2026-03-03T00:00:00.000Z,2026-03-03T00:00:00.000Z,0.8330578489145418,A100 SXM4
2026-03-04T00:00:00.000Z,2026-03-04T00:00:00.000Z,0.8855734297721713,A100 SXM4
2026-03-05T00:00:00.000Z,2026-03-05T00:00:00.000Z,0.8380505169650959,A100 SXM4
2026-03-06T00:00:00.000Z,2026-03-06T00:00:00.000Z,0.8396176833010979,A100 SXM4
2026-03-07T00:00:00.000Z,2026-03-07T00:00:00.000Z,0.7539401408855334,A100 SXM4
2026-03-08T00:00:00.000Z,2026-03-08T00:00:00.000Z,0.7638391232141232,A100 SXM4
2026-03-09T00:00:00.000Z,2026-03-09T00:00:00.000Z,0.7193737261197457,A100 SXM4
2026-03-10T00:00:00.000Z,2026-03-10T00:00:00.000Z,0.8168024598863707,A100 SXM4
2026-03-11T00:00:00.000Z,2026-03-11T00:00:00.000Z,0.8295222412763962,A100 SXM4
2026-03-12T00:00:00.000Z,2026-03-12T00:00:00.000Z,0.8176462425942307,A100 SXM4
2026-03-13T00:00:00.000Z,2026-03-13T00:00:00.000Z,0.8219259453482357,A100 SXM4
2026-03-14T00:00:00.000Z,2026-03-14T00:00:00.000Z,0.8164626775726734,A100 SXM4
2026-03-15T00:00:00.000Z,2026-03-15T00:00:00.000Z,0.8431940696560625,A100 SXM4
2026-03-16T00:00:00.000Z,2026-03-16T00:00:00.000Z,0.8456041253538286,A100 SXM4
2026-03-17T00:00:00.000Z,2026-03-17T00:00:00.000Z,0.9091154335600452,A100 SXM4
2026-03-18T00:00:00.000Z,2026-03-18T00:00:00.000Z,0.9213611570742878,A100 SXM4
2026-03-19T00:00:00.000Z,2026-03-19T00:00:00.000Z,0.9067063897400977,A100 SXM4
2026-03-20T00:00:00.000Z,2026-03-20T00:00:00.000Z,0.8970073218607569,A100 SXM4
2026-03-21T00:00:00.000Z,2026-03-21T00:00:00.000Z,0.8516035825318413,A100 SXM4
2026-03-22T00:00:00.000Z,2026-03-22T00:00:00.000Z,0.8529588038262107,A100 SXM4
2026-03-23T00:00:00.000Z,2026-03-23T00:00:00.000Z,0.9000684585892254,A100 SXM4
2026-03-24T00:00:00.000Z,2026-03-24T00:00:00.000Z,0.8598125386325924,A100 SXM4
2026-03-25T00:00:00.000Z,2026-03-25T00:00:00.000Z,0.882510784135282,A100 SXM4
2026-03-26T00:00:00.000Z,2026-03-26T00:00:00.000Z,0.9136794089940007,A100 SXM4
2026-03-27T00:00:00.000Z,2026-03-27T00:00:00.000Z,0.9405554998789003,A100 SXM4
2026-03-28T00:00:00.000Z,2026-03-28T00:00:00.000Z,0.9134488039315338,A100 SXM4
2026-03-29T00:00:00.000Z,2026-03-29T00:00:00.000Z,0.8907980255789254,A100 SXM4
2026-03-30T00:00:00.000Z,2026-03-30T00:00:00.000Z,0.9167973032886008,A100 SXM4
2026-03-31T00:00:00.000Z,2026-03-31T00:00:00.000Z,0.9113856301290862,A100 SXM4
2026-04-01T00:00:00.000Z,2026-04-01T00:00:00.000Z,0.8821411586653437,A100 SXM4
2026-04-02T00:00:00.000Z,2026-04-02T00:00:00.000Z,0.9136152783096345,A100 SXM4
2026-04-03T00:00:00.000Z,2026-04-03T00:00:00.000Z,0.9412722344826386,A100 SXM4
2026-04-04T00:00:00.000Z,2026-04-04T00:00:00.000Z,0.9374321389793703,A100 SXM4
2026-04-05T00:00:00.000Z,2026-04-05T00:00:00.000Z,0.8938139135494951,A100 SXM4
2026-04-06T00:00:00.000Z,2026-04-06T00:00:00.000Z,0.9333715363115889,A100 SXM4
2026-04-07T00:00:00.000Z,2026-04-07T00:00:00.000Z,0.9433020034233649,A100 SXM4
2026-04-08T00:00:00.000Z,2026-04-08T00:00:00.000Z,0.90661435801154,A100 SXM4
2026-04-09T00:00:00.000Z,2026-04-09T00:00:00.000Z,0.8910866738414047,A100 SXM4
2026-04-10T00:00:00.000Z,2026-04-10T00:00:00.000Z,0.8493820880999683,A100 SXM4
2026-04-11T00:00:00.000Z,2026-04-11T00:00:00.000Z,0.775036843820903,A100 SXM4
2026-04-12T00:00:00.000Z,2026-04-12T00:00:00.000Z,0.7951976976700112,A100 SXM4
2026-04-13T00:00:00.000Z,2026-04-13T00:00:00.000Z,0.8072585144502592,A100 SXM4
2026-04-14T00:00:00.000Z,2026-04-14T00:00:00.000Z,0.8804297098367511,A100 SXM4
2026-04-15T00:00:00.000Z,2026-04-15T00:00:00.000Z,0.8376711036046578,A100 SXM4
2026-04-16T00:00:00.000Z,2026-04-16T00:00:00.000Z,0.8158393470636729,A100 SXM4
2026-04-17T00:00:00.000Z,2026-04-17T00:00:00.000Z,0.8000902931370909,A100 SXM4
2026-04-18T00:00:00.000Z,2026-04-18T00:00:00.000Z,0.7490763247587686,A100 SXM4
2026-04-19T00:00:00.000Z,2026-04-19T00:00:00.000Z,0.7413293122792376,A100 SXM4
2026-04-20T00:00:00.000Z,2026-04-20T00:00:00.000Z,0.7872906816390859,A100 SXM4
2026-04-21T00:00:00.000Z,2026-04-21T00:00:00.000Z,0.7970951281856501,A100 SXM4
2026-04-22T00:00:00.000Z,2026-04-22T00:00:00.000Z,0.7348642888678208,A100 SXM4
2026-04-23T00:00:00.000Z,2026-04-23T00:00:00.000Z,0.802750936802661,A100 SXM4
2026-04-24T00:00:00.000Z,2026-04-24T00:00:00.000Z,0.810691289139565,A100 SXM4
2026-04-25T00:00:00.000Z,2026-04-25T00:00:00.000Z,0.7473496090066288,A100 SXM4
2026-04-26T00:00:00.000Z,2026-04-26T00:00:00.000Z,0.8010607993197278,A100 SXM4
2026-04-27T00:00:00.000Z,2026-04-27T00:00:00.000Z,0.8451669050702426,A100 SXM4
2026-04-28T00:00:00.000Z,2026-04-28T00:00:00.000Z,0.9425141052258501,A100 SXM4
2026-04-29T00:00:00.000Z,2026-04-29T00:00:00.000Z,0.9299437130638558,A100 SXM4
2026-04-30T00:00:00.000Z,2026-04-30T00:00:00.000Z,0.9227938434890012,A100 SXM4
2026-05-01T00:00:00.000Z,2026-05-01T00:00:00.000Z,0.8540563772740025,A100 SXM4
2026-05-02T00:00:00.000Z,2026-05-02T00:00:00.000Z,0.7809143171785611,A100 SXM4
2026-05-03T00:00:00.000Z,2026-05-03T00:00:00.000Z,0.8193167507146835,A100 SXM4
2026-05-04T00:00:00.000Z,2026-05-04T00:00:00.000Z,0.8978848624242408,A100 SXM4
2026-05-05T00:00:00.000Z,2026-05-05T00:00:00.000Z,0.8945294378425754,A100 SXM4
2026-05-06T00:00:00.000Z,2026-05-06T00:00:00.000Z,0.9048910108886858,A100 SXM4
2026-05-07T00:00:00.000Z,2026-05-07T00:00:00.000Z,0.8476265704736892,A100 SXM4
2026-05-08T00:00:00.000Z,2026-05-08T00:00:00.000Z,0.7464341181949344,A100 SXM4
2026-05-09T00:00:00.000Z,2026-05-09T00:00:00.000Z,0.7399167149651402,A100 SXM4
2026-05-10T00:00:00.000Z,2026-05-10T00:00:00.000Z,0.7320749988552182,A100 SXM4
2026-05-11T00:00:00.000Z,2026-05-11T00:00:00.000Z,0.9085271315342519,A100 SXM4
2026-05-12T00:00:00.000Z,2026-05-12T00:00:00.000Z,0.8861823669165181,A100 SXM4
2026-05-13T00:00:00.000Z,2026-05-13T00:00:00.000Z,0.899114776137859,A100 SXM4
2026-05-14T00:00:00.000Z,2026-05-14T00:00:00.000Z,0.8879430202323619,A100 SXM4
2026-05-15T00:00:00.000Z,2026-05-15T00:00:00.000Z,0.9168727824204943,A100 SXM4
2026-05-16T00:00:00.000Z,2026-05-16T00:00:00.000Z,0.8788990741614584,A100 SXM4
2026-05-17T00:00:00.000Z,2026-05-17T00:00:00.000Z,0.889316411514448,A100 SXM4
2026-05-18T00:00:00.000Z,2026-05-18T00:00:00.000Z,0.8720532615251938,A100 SXM4
2026-05-19T00:00:00.000Z,2026-05-19T00:00:00.000Z,0.882842416081912,A100 SXM4
2026-05-20T00:00:00.000Z,2026-05-20T00:00:00.000Z,0.8612165531343323,A100 SXM4
2026-05-21T00:00:00.000Z,2026-05-21T00:00:00.000Z,0.9297523578421216,A100 SXM4
2026-05-22T00:00:00.000Z,2026-05-22T00:00:00.000Z,0.9338345799998392,A100 SXM4
2026-05-23T00:00:00.000Z,2026-05-23T00:00:00.000Z,0.8686657761910043,A100 SXM4
2026-05-24T00:00:00.000Z,2026-05-24T00:00:00.000Z,0.8039987212709474,A100 SXM4
2026-05-25T00:00:00.000Z,2026-05-25T00:00:00.000Z,0.8112106680680425,A100 SXM4
2026-05-26T00:00:00.000Z,2026-05-26T00:00:00.000Z,0.7103707688074979,A100 SXM4
2026-05-27T00:00:00.000Z,2026-05-27T00:00:00.000Z,0.7474232810694996,A100 SXM4
2026-05-28T00:00:00.000Z,2026-05-28T00:00:00.000Z,0.8007630185403486,A100 SXM4
2026-05-29T00:00:00.000Z,2026-05-29T00:00:00.000Z,0.8957715861785305,A100 SXM4
2026-05-30T00:00:00.000Z,2026-05-30T00:00:00.000Z,0.8458124103921963,A100 SXM4
2026-05-31T00:00:00.000Z,2026-05-31T00:00:00.000Z,0.7577750991566837,A100 SXM4
2026-06-01T00:00:00.000Z,2026-06-01T00:00:00.000Z,0.7656457377062917,A100 SXM4
2026-06-02T00:00:00.000Z,2026-06-02T00:00:00.000Z,0.7246650948197395,A100 SXM4
2026-06-03T00:00:00.000Z,2026-06-03T00:00:00.000Z,0.7031365620414143,A100 SXM4
2026-06-04T00:00:00.000Z,2026-06-04T00:00:00.000Z,0.7760831832124296,A100 SXM4
2026-06-05T00:00:00.000Z,2026-06-05T00:00:00.000Z,0.7821257694279804,A100 SXM4
2026-06-06T00:00:00.000Z,2026-06-06T00:00:00.000Z,0.6739685072660034,A100 SXM4
2026-06-07T00:00:00.000Z,2026-06-07T00:00:00.000Z,0.6696462391774892,A100 SXM4
2026-06-08T00:00:00.000Z,2026-06-08T00:00:00.000Z,0.6713922654492098,A100 SXM4
2026-06-09T00:00:00.000Z,2026-06-09T00:00:00.000Z,0.7512607994745795,A100 SXM4
2026-06-10T00:00:00.000Z,2026-06-10T00:00:00.000Z,0.8218246793433703,A100 SXM4
2026-06-11T00:00:00.000Z,2026-06-11T00:00:00.000Z,0.7964913069090488,A100 SXM4
2026-06-12T00:00:00.000Z,2026-06-12T00:00:00.000Z,0.7148506724403728,A100 SXM4
2026-06-13T00:00:00.000Z,2026-06-13T00:00:00.000Z,0.619565291332636,A100 SXM4
2026-06-14T00:00:00.000Z,2026-06-14T00:00:00.000Z,0.5389625623682889,A100 SXM4
2026-06-15T00:00:00.000Z,2026-06-15T00:00:00.000Z,0.5991122013944119,A100 SXM4
2026-06-16T00:00:00.000Z,2026-06-16T00:00:00.000Z,0.6823391786631612,A100 SXM4
2026-06-17T00:00:00.000Z,2026-06-17T00:00:00.000Z,0.5919920931286589,A100 SXM4
2026-06-18T00:00:00.000Z,2026-06-18T00:00:00.000Z,0.6289267703212851,A100 SXM4
2026-06-19T00:00:00.000Z,2026-06-19T00:00:00.000Z,0.6448008222249971,A100 SXM4
2026-06-20T00:00:00.000Z,2026-06-20T00:00:00.000Z,0.6653949700206222,A100 SXM4
2026-06-21T00:00:00.000Z,2026-06-21T00:00:00.000Z,0.6545343111460254,A100 SXM4
2026-06-22T00:00:00.000Z,2026-06-22T00:00:00.000Z,0.6993027269850066,A100 SXM4
2026-06-23T00:00:00.000Z,2026-06-23T00:00:00.000Z,0.6527140867556066,A100 SXM4
2026-06-24T00:00:00.000Z,2026-06-24T00:00:00.000Z,0.6673771597766079,A100 SXM4
2026-06-25T00:00:00.000Z,2026-06-25T00:00:00.000Z,0.6991827077490307,A100 SXM4
2026-06-26T00:00:00.000Z,2026-06-26T00:00:00.000Z,0.6582268215212793,A100 SXM4
2026-06-27T00:00:00.000Z,2026-06-27T00:00:00.000Z,0.6166189577466051,A100 SXM4
2026-06-28T00:00:00.000Z,2026-06-28T00:00:00.000Z,0.646206336875308,A100 SXM4
2026-06-29T00:00:00.000Z,2026-06-29T00:00:00.000Z,0.7068536353771026,A100 SXM4
2026-06-30T00:00:00.000Z,2026-06-30T00:00:00.000Z,0.730282300674456,A100 SXM4
2026-07-01T00:00:00.000Z,2026-07-01T00:00:00.000Z,0.7628366785011998,A100 SXM4
2026-07-02T00:00:00.000Z,2026-07-02T00:00:00.000Z,0.7748501630488643,A100 SXM4
2026-07-03T00:00:00.000Z,2026-07-03T00:00:00.000Z,0.751579353842514,A100 SXM4
2026-07-04T00:00:00.000Z,2026-07-04T00:00:00.000Z,0.7205091514512726,A100 SXM4
2026-07-05T00:00:00.000Z,2026-07-05T00:00:00.000Z,0.6836478785693676,A100 SXM4
2026-07-06T00:00:00.000Z,2026-07-06T00:00:00.000Z,0.7195398347122071,A100 SXM4
2026-07-07T00:00:00.000Z,2026-07-07T00:00:00.000Z,0.6942083925095981,A100 SXM4
2026-07-08T00:00:00.000Z,2026-07-08T00:00:00.000Z,0.7066097282977529,A100 SXM4
2026-07-09T00:00:00.000Z,2026-07-09T00:00:00.000Z,0.6928727470687102,A100 SXM4
2026-07-10T00:00:00.000Z,2026-07-10T00:00:00.000Z,0.7169434101699802,A100 SXM4
2026-07-11T00:00:00.000Z,2026-07-11T00:00:00.000Z,0.8128865718963915,A100 SXM4
2026-07-12T00:00:00.000Z,2026-07-12T00:00:00.000Z,0.8055518659916662,A100 SXM4
2026-07-13T00:00:00.000Z,2026-07-13T00:00:00.000Z,0.8391539217851363,A100 SXM4
2026-07-14T00:00:00.000Z,2026-07-14T00:00:00.000Z,0.8237803288793345,A100 SXM4
2026-07-15T00:00:00.000Z,2026-07-15T00:00:00.000Z,0.8475524790587623,A100 SXM4
2026-07-16T00:00:00.000Z,2026-07-16T00:00:00.000Z,0.7916170184285657,A100 SXM4
2026-07-17T00:00:00.000Z,2026-07-17T00:00:00.000Z,0.7307249938671172,A100 SXM4
2026-07-18T00:00:00.000Z,2026-07-18T00:00:00.000Z,0.6878980972730973,A100 SXM4
2026-07-19T00:00:00.000Z,2026-07-19T00:00:00.000Z,0.7413004294525347,A100 SXM4
2026-07-20T00:00:00.000Z,2026-07-20T00:00:00.000Z,0.7800591762450471,A100 SXM4
2026-07-21T00:00:00.000Z,2026-07-21T00:00:00.000Z,0.808111993044437,A100 SXM4
2026-07-22T00:00:00.000Z,2026-07-22T00:00:00.000Z,0.8116282818442244,A100 SXM4
2026-07-23T00:00:00.000Z,2026-07-23T00:00:00.000Z,0.8022400313191109,A100 SXM4
2026-07-24T00:00:00.000Z,2026-07-24T00:00:00.000Z,0.8564917183357771,A100 SXM4
2026-07-25T00:00:00.000Z,2026-07-25T00:00:00.000Z,0.8496374517855567,A100 SXM4
2026-07-26T00:00:00.000Z,2026-07-26T00:00:00.000Z,0.8474912320219384,A100 SXM4
2026-07-27T00:00:00.000Z,2026-07-27T00:00:00.000Z,0.8678450698102292,A100 SXM4
2026-07-28T00:00:00.000Z,2026-07-28T00:00:00.000Z,0.85095291120747,A100 SXM4
2026-07-29T00:00:00.000Z,2026-07-29T00:00:00.000Z,0.8020011351570303,A100 SXM4
2026-07-30T00:00:00.000Z,2026-07-30T00:00:00.000Z,0.8208921399290006,A100 SXM4
2026-07-31T00:00:00.000Z,2026-07-31T00:00:00.000Z,0.7611535082886411,A100 SXM4
2026-08-01T00:00:00.000Z,2026-08-01T00:00:00.000Z,0.7398198566652713,A100 SXM4
2026-08-02T00:00:00.000Z,2026-08-02T00:00:00.000Z,0.7189058221090212,A100 SXM4
2026-08-03T00:00:00.000Z,2026-08-03T00:00:00.000Z,0.7389465145983499,A100 SXM4
2026-08-04T00:00:00.000Z,2026-08-04T00:00:00.000Z,0.7853396661763379,A100 SXM4
2026-08-05T00:00:00.000Z,2026-08-05T00:00:00.000Z,0.7932023473257409,A100 SXM4
2026-08-06T00:00:00.000Z,2026-08-06T00:00:00.000Z,0.7604479602258435,A100 SXM4
2026-08-07T00:00:00.000Z,2026-08-07T00:00:00.000Z,0.7899749200569405,A100 SXM4
2026-08-08T00:00:00.000Z,2026-08-08T00:00:00.000Z,0.7311786840693217,A100 SXM4
2026-08-09T00:00:00.000Z,2026-08-09T00:00:00.000Z,0.7583035958652048,A100 SXM4
2026-08-10T00:00:00.000Z,2026-08-10T00:00:00.000Z,0.764103837878903,A100 SXM4
2026-08-11T00:00:00.000Z,2026-08-11T00:00:00.000Z,0.7948480090203358,A100 SXM4
2026-08-12T00:00:00.000Z,2026-08-12T00:00:00.000Z,0.7636295855513888,A100 SXM4
2026-08-13T00:00:00.000Z,2026-08-13T00:00:00.000Z,0.8233677058202672,A100 SXM4
2026-08-14T00:00:00.000Z,2026-08-14T00:00:00.000Z,0.8000333399039457,A100 SXM4
2026-08-15T00:00:00.000Z,2026-08-15T00:00:00.000Z,0.737729959323948,A100 SXM4
2026-08-16T00:00:00.000Z,2026-08-16T00:00:00.000Z,0.7369044657716365,A100 SXM4
2026-08-17T00:00:00.000Z,2026-08-17T00:00:00.000Z,0.8192518193970286,A100 SXM4
2026-08-18T00:00:00.000Z,2026-08-18T00:00:00.000Z,0.8926968302597666,A100 SXM4
2026-08-19T00:00:00.000Z,2026-08-19T00:00:00.000Z,0.9354084283916431,A100 SXM4
2026-08-20T00:00:00.000Z,2026-08-20T00:00:00.000Z,0.8702372086768666,A100 SXM4
2026-08-21T00:00:00.000Z,2026-08-21T00:00:00.000Z,0.8782276900808922,A100 SXM4
2026-08-22T00:00:00.000Z,2026-08-22T00:00:00.000Z,0.810581012051819,A100 SXM4
2026-08-23T00:00:00.000Z,2026-08-23T00:00:00.000Z,0.8123522071802172,A100 SXM4
2026-08-24T00:00:00.000Z,2026-08-24T00:00:00.000Z,0.8622146872158034,A100 SXM4
2026-08-25T00:00:00.000Z,2026-08-25T00:00:00.000Z,0.8625779277160328,A100 SXM4
2026-08-26T00:00:00.000Z,2026-08-26T00:00:00.000Z,0.8262551135094385,A100 SXM4
2026-08-27T00:00:00.000Z,2026-08-27T00:00:00.000Z,0.8823196736418712,A100 SXM4
2026-08-28T00:00:00.000Z,2026-08-28T00:00:00.000Z,0.848397307909167,A100 SXM4
2026-08-29T00:00:00.000Z,2026-08-29T00:00:00.000Z,0.7863436908089713,A100 SXM4
2026-08-30T00:00:00.000Z,2026-08-30T00:00:00.000Z,0.7885714285714286,A100 SXM4
2025-02-06T00:00:00.000Z,2025-02-06T00:00:00.000Z,,RTX 5090
2025-02-07T00:00:00.000Z,2025-02-07T00:00:00.000Z,0.8181818181818182,RTX 5090
2025-02-08T00:00:00.000Z,2025-02-08T00:00:00.000Z,0.4375,RTX 5090
2025-02-09T00:00:00.000Z,2025-02-09T00:00:00.000Z,0.0625,RTX 5090
2025-02-10T00:00:00.000Z,2025-02-10T00:00:00.000Z,0.4166666666666667,RTX 5090
2025-02-11T00:00:00.000Z,2025-02-11T00:00:00.000Z,0.1388888888888889,RTX 5090
2025-02-12T00:00:00.000Z,2025-02-12T00:00:00.000Z,0.21805555555555556,RTX 5090
2025-02-13T00:00:00.000Z,2025-02-13T00:00:00.000Z,0.2513888888888889,RTX 5090
2025-02-14T00:00:00.000Z,2025-02-14T00:00:00.000Z,0.5125,RTX 5090
2025-02-15T00:00:00.000Z,2025-02-15T00:00:00.000Z,0.41388888888888886,RTX 5090
2025-02-16T00:00:00.000Z,2025-02-16T00:00:00.000Z,0.5557539682539683,RTX 5090
2025-02-17T00:00:00.000Z,2025-02-17T00:00:00.000Z,0.34015151515151515,RTX 5090
2025-02-18T00:00:00.000Z,2025-02-18T00:00:00.000Z,0.3961279461279461,RTX 5090
2025-02-19T00:00:00.000Z,2025-02-19T00:00:00.000Z,0.3419191919191919,RTX 5090
2025-02-20T00:00:00.000Z,2025-02-20T00:00:00.000Z,0.39015151515151514,RTX 5090
2025-02-21T00:00:00.000Z,2025-02-21T00:00:00.000Z,0.4466540404040404,RTX 5090
2025-02-22T00:00:00.000Z,2025-02-22T00:00:00.000Z,0.42460839598997496,RTX 5090
2025-02-23T00:00:00.000Z,2025-02-23T00:00:00.000Z,0.23990975422427036,RTX 5090
2025-02-24T00:00:00.000Z,2025-02-24T00:00:00.000Z,0.1784752515015673,RTX 5090
2025-02-25T00:00:00.000Z,2025-02-25T00:00:00.000Z,0.36440000371888914,RTX 5090
2025-02-26T00:00:00.000Z,2025-02-26T00:00:00.000Z,0.21046367747329314,RTX 5090
2025-02-27T00:00:00.000Z,2025-02-27T00:00:00.000Z,0.2789181619348793,RTX 5090
2025-02-28T00:00:00.000Z,2025-02-28T00:00:00.000Z,0.29112796058910767,RTX 5090
2025-03-01T00:00:00.000Z,2025-03-01T00:00:00.000Z,0.21461609620721553,RTX 5090
2025-03-02T00:00:00.000Z,2025-03-02T00:00:00.000Z,0.3100840330131825,RTX 5090
2025-03-03T00:00:00.000Z,2025-03-03T00:00:00.000Z,0.3209896584896585,RTX 5090
2025-03-04T00:00:00.000Z,2025-03-04T00:00:00.000Z,0.3805624283415164,RTX 5090
2025-03-05T00:00:00.000Z,2025-03-05T00:00:00.000Z,0.4281404595870005,RTX 5090
2025-03-06T00:00:00.000Z,2025-03-06T00:00:00.000Z,0.4825394934671664,RTX 5090
2025-03-07T00:00:00.000Z,2025-03-07T00:00:00.000Z,0.42965924137100897,RTX 5090
2025-03-08T00:00:00.000Z,2025-03-08T00:00:00.000Z,0.496906328320802,RTX 5090
2025-03-09T00:00:00.000Z,2025-03-09T00:00:00.000Z,0.24760536398467434,RTX 5090
2025-03-10T00:00:00.000Z,2025-03-10T00:00:00.000Z,0.3018208819214637,RTX 5090
2025-03-11T00:00:00.000Z,2025-03-11T00:00:00.000Z,0.3719510486607462,RTX 5090
2025-03-12T00:00:00.000Z,2025-03-12T00:00:00.000Z,0.4841917526446389,RTX 5090
2025-03-13T00:00:00.000Z,2025-03-13T00:00:00.000Z,0.6721719389077114,RTX 5090
2025-03-14T00:00:00.000Z,2025-03-14T00:00:00.000Z,0.5826886934324816,RTX 5090
2025-03-15T00:00:00.000Z,2025-03-15T00:00:00.000Z,0.708556094975245,RTX 5090
2025-03-16T00:00:00.000Z,2025-03-16T00:00:00.000Z,0.6225793939494753,RTX 5090
2025-03-17T00:00:00.000Z,2025-03-17T00:00:00.000Z,0.5700391911113764,RTX 5090
2025-03-18T00:00:00.000Z,2025-03-18T00:00:00.000Z,0.6551407827343406,RTX 5090
2025-03-19T00:00:00.000Z,2025-03-19T00:00:00.000Z,0.6780022269747265,RTX 5090
2025-03-20T00:00:00.000Z,2025-03-20T00:00:00.000Z,0.6705335231918319,RTX 5090
2025-03-21T00:00:00.000Z,2025-03-21T00:00:00.000Z,0.6547922725946064,RTX 5090
2025-03-22T00:00:00.000Z,2025-03-22T00:00:00.000Z,0.5534430245131954,RTX 5090
2025-03-23T00:00:00.000Z,2025-03-23T00:00:00.000Z,0.6587304444488281,RTX 5090
2025-03-24T00:00:00.000Z,2025-03-24T00:00:00.000Z,0.7375440639811991,RTX 5090
2025-03-25T00:00:00.000Z,2025-03-25T00:00:00.000Z,0.7483095879839793,RTX 5090
2025-03-26T00:00:00.000Z,2025-03-26T00:00:00.000Z,0.6518586351919685,RTX 5090
2025-03-27T00:00:00.000Z,2025-03-27T00:00:00.000Z,0.5955592129823359,RTX 5090
2025-03-28T00:00:00.000Z,2025-03-28T00:00:00.000Z,0.6220996909556231,RTX 5090
2025-03-29T00:00:00.000Z,2025-03-29T00:00:00.000Z,0.5607910113093043,RTX 5090
2025-03-30T00:00:00.000Z,2025-03-30T00:00:00.000Z,0.5405016972808272,RTX 5090
2025-03-31T00:00:00.000Z,2025-03-31T00:00:00.000Z,0.7107429141885947,RTX 5090
2025-04-01T00:00:00.000Z,2025-04-01T00:00:00.000Z,0.6314548834632443,RTX 5090
2025-04-02T00:00:00.000Z,2025-04-02T00:00:00.000Z,0.6696328660794528,RTX 5090
2025-04-03T00:00:00.000Z,2025-04-03T00:00:00.000Z,0.628673753079456,RTX 5090
2025-04-04T00:00:00.000Z,2025-04-04T00:00:00.000Z,0.6635493471747915,RTX 5090
2025-04-05T00:00:00.000Z,2025-04-05T00:00:00.000Z,0.7014845886650714,RTX 5090
2025-04-06T00:00:00.000Z,2025-04-06T00:00:00.000Z,0.6546898949552387,RTX 5090
2025-04-07T00:00:00.000Z,2025-04-07T00:00:00.000Z,0.6694544773903386,RTX 5090
2025-04-08T00:00:00.000Z,2025-04-08T00:00:00.000Z,0.668515293106731,RTX 5090
2025-04-09T00:00:00.000Z,2025-04-09T00:00:00.000Z,0.6721049600103619,RTX 5090
2025-04-10T00:00:00.000Z,2025-04-10T00:00:00.000Z,0.6724799610365882,RTX 5090
2025-04-11T00:00:00.000Z,2025-04-11T00:00:00.000Z,0.6866152465862906,RTX 5090
2025-04-12T00:00:00.000Z,2025-04-12T00:00:00.000Z,0.6669141027384137,RTX 5090
2025-04-13T00:00:00.000Z,2025-04-13T00:00:00.000Z,0.5753446313491855,RTX 5090
2025-04-14T00:00:00.000Z,2025-04-14T00:00:00.000Z,0.5026157048839408,RTX 5090
2025-04-15T00:00:00.000Z,2025-04-15T00:00:00.000Z,0.4652062265049737,RTX 5090
2025-04-16T00:00:00.000Z,2025-04-16T00:00:00.000Z,0.4825130198181531,RTX 5090
2025-04-17T00:00:00.000Z,2025-04-17T00:00:00.000Z,0.4294273594903561,RTX 5090
2025-04-18T00:00:00.000Z,2025-04-18T00:00:00.000Z,0.43456616934787295,RTX 5090
2025-04-19T00:00:00.000Z,2025-04-19T00:00:00.000Z,0.45437614714347646,RTX 5090
2025-04-20T00:00:00.000Z,2025-04-20T00:00:00.000Z,0.4241172862216479,RTX 5090
2025-04-21T00:00:00.000Z,2025-04-21T00:00:00.000Z,0.3773015862067394,RTX 5090
2025-04-22T00:00:00.000Z,2025-04-22T00:00:00.000Z,0.409446006273527,RTX 5090
2025-04-23T00:00:00.000Z,2025-04-23T00:00:00.000Z,0.4368837005161195,RTX 5090
2025-04-24T00:00:00.000Z,2025-04-24T00:00:00.000Z,0.39094722852033065,RTX 5090
2025-04-25T00:00:00.000Z,2025-04-25T00:00:00.000Z,0.47742917034828486,RTX 5090
2025-04-26T00:00:00.000Z,2025-04-26T00:00:00.000Z,0.4423644290462965,RTX 5090
2025-04-27T00:00:00.000Z,2025-04-27T00:00:00.000Z,0.43661723170534744,RTX 5090
2025-04-28T00:00:00.000Z,2025-04-28T00:00:00.000Z,0.42998906405192255,RTX 5090
2025-04-29T00:00:00.000Z,2025-04-29T00:00:00.000Z,0.3661761860799025,RTX 5090
2025-04-30T00:00:00.000Z,2025-04-30T00:00:00.000Z,0.35278511642892,RTX 5090
2025-05-01T00:00:00.000Z,2025-05-01T00:00:00.000Z,0.4045872063872184,RTX 5090
2025-05-02T00:00:00.000Z,2025-05-02T00:00:00.000Z,0.4103704323835852,RTX 5090
2025-05-03T00:00:00.000Z,2025-05-03T00:00:00.000Z,0.3515262025770942,RTX 5090
2025-05-04T00:00:00.000Z,2025-05-04T00:00:00.000Z,0.32533996469868626,RTX 5090
2025-05-05T00:00:00.000Z,2025-05-05T00:00:00.000Z,0.3158092000779635,RTX 5090
2025-05-06T00:00:00.000Z,2025-05-06T00:00:00.000Z,0.354062734616217,RTX 5090
2025-05-07T00:00:00.000Z,2025-05-07T00:00:00.000Z,0.5143296017029131,RTX 5090
2025-05-08T00:00:00.000Z,2025-05-08T00:00:00.000Z,0.626288730713496,RTX 5090
2025-05-09T00:00:00.000Z,2025-05-09T00:00:00.000Z,0.6241855861079836,RTX 5090
2025-05-10T00:00:00.000Z,2025-05-10T00:00:00.000Z,0.6117212844028389,RTX 5090
2025-05-11T00:00:00.000Z,2025-05-11T00:00:00.000Z,0.6848907279950879,RTX 5090
2025-05-12T00:00:00.000Z,2025-05-12T00:00:00.000Z,0.7582387733147669,RTX 5090
2025-05-13T00:00:00.000Z,2025-05-13T00:00:00.000Z,0.7457066800623885,RTX 5090
2025-05-14T00:00:00.000Z,2025-05-14T00:00:00.000Z,0.7204386913330413,RTX 5090
2025-05-15T00:00:00.000Z,2025-05-15T00:00:00.000Z,0.7147604692560849,RTX 5090
2025-05-16T00:00:00.000Z,2025-05-16T00:00:00.000Z,0.6645579487766313,RTX 5090
2025-05-17T00:00:00.000Z,2025-05-17T00:00:00.000Z,0.5877380250361065,RTX 5090
2025-05-18T00:00:00.000Z,2025-05-18T00:00:00.000Z,0.6006789566810078,RTX 5090
2025-05-19T00:00:00.000Z,2025-05-19T00:00:00.000Z,0.631628771975511,RTX 5090
2025-05-20T00:00:00.000Z,2025-05-20T00:00:00.000Z,0.6483227568310883,RTX 5090
2025-05-21T00:00:00.000Z,2025-05-21T00:00:00.000Z,0.6762745575483932,RTX 5090
2025-05-22T00:00:00.000Z,2025-05-22T00:00:00.000Z,0.6044314524641345,RTX 5090
2025-05-23T00:00:00.000Z,2025-05-23T00:00:00.000Z,0.5848057633227498,RTX 5090
2025-05-24T00:00:00.000Z,2025-05-24T00:00:00.000Z,0.5357227859752104,RTX 5090
2025-05-25T00:00:00.000Z,2025-05-25T00:00:00.000Z,0.5287244962818205,RTX 5090
2025-05-26T00:00:00.000Z,2025-05-26T00:00:00.000Z,0.5233909859679183,RTX 5090
2025-05-27T00:00:00.000Z,2025-05-27T00:00:00.000Z,0.5251242491220611,RTX 5090
2025-05-28T00:00:00.000Z,2025-05-28T00:00:00.000Z,0.5412996436933112,RTX 5090
2025-05-29T00:00:00.000Z,2025-05-29T00:00:00.000Z,0.551647087533203,RTX 5090
2025-05-30T00:00:00.000Z,2025-05-30T00:00:00.000Z,0.5661672608589954,RTX 5090
2025-05-31T00:00:00.000Z,2025-05-31T00:00:00.000Z,0.5465723436990256,RTX 5090
2025-06-01T00:00:00.000Z,2025-06-01T00:00:00.000Z,0.5276309907896376,RTX 5090
2025-06-02T00:00:00.000Z,2025-06-02T00:00:00.000Z,0.4974822944775569,RTX 5090
2025-06-03T00:00:00.000Z,2025-06-03T00:00:00.000Z,0.511955144048667,RTX 5090
2025-06-04T00:00:00.000Z,2025-06-04T00:00:00.000Z,0.4950470391875251,RTX 5090
2025-06-05T00:00:00.000Z,2025-06-05T00:00:00.000Z,0.49954711897599197,RTX 5090
2025-06-06T00:00:00.000Z,2025-06-06T00:00:00.000Z,0.5209563057275854,RTX 5090
2025-06-07T00:00:00.000Z,2025-06-07T00:00:00.000Z,0.5062821789414284,RTX 5090
2025-06-08T00:00:00.000Z,2025-06-08T00:00:00.000Z,0.49695159848311793,RTX 5090
2025-06-09T00:00:00.000Z,2025-06-09T00:00:00.000Z,0.5190446863029897,RTX 5090
2025-06-10T00:00:00.000Z,2025-06-10T00:00:00.000Z,0.5214354963254504,RTX 5090
2025-06-11T00:00:00.000Z,2025-06-11T00:00:00.000Z,0.5651103284532188,RTX 5090
2025-06-12T00:00:00.000Z,2025-06-12T00:00:00.000Z,0.5705292850001533,RTX 5090
2025-06-13T00:00:00.000Z,2025-06-13T00:00:00.000Z,0.5885199798793909,RTX 5090
2025-06-14T00:00:00.000Z,2025-06-14T00:00:00.000Z,0.546463348918274,RTX 5090
2025-06-15T00:00:00.000Z,2025-06-15T00:00:00.000Z,0.5355412769436765,RTX 5090
2025-06-16T00:00:00.000Z,2025-06-16T00:00:00.000Z,0.5243628494681739,RTX 5090
2025-06-17T00:00:00.000Z,2025-06-17T00:00:00.000Z,0.5512163935761092,RTX 5090
2025-06-18T00:00:00.000Z,2025-06-18T00:00:00.000Z,0.5451958895974248,RTX 5090
2025-06-19T00:00:00.000Z,2025-06-19T00:00:00.000Z,0.5706501509341786,RTX 5090
2025-06-20T00:00:00.000Z,2025-06-20T00:00:00.000Z,0.6122278706645831,RTX 5090
2025-06-21T00:00:00.000Z,2025-06-21T00:00:00.000Z,0.6293655426706435,RTX 5090
2025-06-22T00:00:00.000Z,2025-06-22T00:00:00.000Z,0.6773542451690021,RTX 5090
2025-06-23T00:00:00.000Z,2025-06-23T00:00:00.000Z,0.6846935864879012,RTX 5090
2025-06-24T00:00:00.000Z,2025-06-24T00:00:00.000Z,0.718039769487073,RTX 5090
2025-06-25T00:00:00.000Z,2025-06-25T00:00:00.000Z,0.738006140309993,RTX 5090
2025-06-26T00:00:00.000Z,2025-06-26T00:00:00.000Z,0.7212736870114425,RTX 5090
2025-06-27T00:00:00.000Z,2025-06-27T00:00:00.000Z,0.7579184091476524,RTX 5090
2025-06-28T00:00:00.000Z,2025-06-28T00:00:00.000Z,0.678459615102257,RTX 5090
2025-06-29T00:00:00.000Z,2025-06-29T00:00:00.000Z,0.617140923577987,RTX 5090
2025-06-30T00:00:00.000Z,2025-06-30T00:00:00.000Z,0.664176218309056,RTX 5090
2025-07-01T00:00:00.000Z,2025-07-01T00:00:00.000Z,0.7604237244642605,RTX 5090
2025-07-02T00:00:00.000Z,2025-07-02T00:00:00.000Z,0.7574223945066882,RTX 5090
2025-07-03T00:00:00.000Z,2025-07-03T00:00:00.000Z,0.7355175526564978,RTX 5090
2025-07-04T00:00:00.000Z,2025-07-04T00:00:00.000Z,0.6588092947053562,RTX 5090
2025-07-05T00:00:00.000Z,2025-07-05T00:00:00.000Z,0.6375251500847163,RTX 5090
2025-07-06T00:00:00.000Z,2025-07-06T00:00:00.000Z,0.5723143869783592,RTX 5090
2025-07-07T00:00:00.000Z,2025-07-07T00:00:00.000Z,0.6339577412443408,RTX 5090
2025-07-08T00:00:00.000Z,2025-07-08T00:00:00.000Z,0.7145203326910858,RTX 5090
2025-07-09T00:00:00.000Z,2025-07-09T00:00:00.000Z,0.7332498712948944,RTX 5090
2025-07-10T00:00:00.000Z,2025-07-10T00:00:00.000Z,0.7122676085955107,RTX 5090
2025-07-11T00:00:00.000Z,2025-07-11T00:00:00.000Z,0.7396633374226768,RTX 5090
2025-07-12T00:00:00.000Z,2025-07-12T00:00:00.000Z,0.7727465191436812,RTX 5090
2025-07-13T00:00:00.000Z,2025-07-13T00:00:00.000Z,0.7348028493363804,RTX 5090
2025-07-14T00:00:00.000Z,2025-07-14T00:00:00.000Z,0.7272932663919547,RTX 5090
2025-07-15T00:00:00.000Z,2025-07-15T00:00:00.000Z,0.667803994242779,RTX 5090
2025-07-16T00:00:00.000Z,2025-07-16T00:00:00.000Z,0.6674229497864645,RTX 5090
2025-07-17T00:00:00.000Z,2025-07-17T00:00:00.000Z,0.6141264939704649,RTX 5090
2025-07-18T00:00:00.000Z,2025-07-18T00:00:00.000Z,0.5703357216669361,RTX 5090
2025-07-19T00:00:00.000Z,2025-07-19T00:00:00.000Z,0.6040968863678636,RTX 5090
2025-07-20T00:00:00.000Z,2025-07-20T00:00:00.000Z,0.6365383903394124,RTX 5090
2025-07-21T00:00:00.000Z,2025-07-21T00:00:00.000Z,0.5997801774815699,RTX 5090
2025-07-22T00:00:00.000Z,2025-07-22T00:00:00.000Z,0.6415327380799473,RTX 5090
2025-07-23T00:00:00.000Z,2025-07-23T00:00:00.000Z,0.6689861999201392,RTX 5090
2025-07-24T00:00:00.000Z,2025-07-24T00:00:00.000Z,0.6866230941533665,RTX 5090
2025-07-25T00:00:00.000Z,2025-07-25T00:00:00.000Z,0.6726776538152702,RTX 5090
2025-07-26T00:00:00.000Z,2025-07-26T00:00:00.000Z,0.632428969768569,RTX 5090
2025-07-27T00:00:00.000Z,2025-07-27T00:00:00.000Z,0.6407715594610454,RTX 5090
2025-07-28T00:00:00.000Z,2025-07-28T00:00:00.000Z,0.6610690451597032,RTX 5090
2025-07-29T00:00:00.000Z,2025-07-29T00:00:00.000Z,0.6399339049468351,RTX 5090
2025-07-30T00:00:00.000Z,2025-07-30T00:00:00.000Z,0.6410523790764535,RTX 5090
2025-07-31T00:00:00.000Z,2025-07-31T00:00:00.000Z,0.6674748007055276,RTX 5090
2025-08-01T00:00:00.000Z,2025-08-01T00:00:00.000Z,0.652437854660299,RTX 5090
2025-08-02T00:00:00.000Z,2025-08-02T00:00:00.000Z,0.5588622201095963,RTX 5090
2025-08-03T00:00:00.000Z,2025-08-03T00:00:00.000Z,0.49539522774066685,RTX 5090
2025-08-04T00:00:00.000Z,2025-08-04T00:00:00.000Z,0.5930727500859689,RTX 5090
2025-08-05T00:00:00.000Z,2025-08-05T00:00:00.000Z,0.6385661238263604,RTX 5090
2025-08-06T00:00:00.000Z,2025-08-06T00:00:00.000Z,0.6541526201682756,RTX 5090
2025-08-07T00:00:00.000Z,2025-08-07T00:00:00.000Z,0.6942631981115904,RTX 5090
2025-08-08T00:00:00.000Z,2025-08-08T00:00:00.000Z,0.6375657421527746,RTX 5090
2025-08-09T00:00:00.000Z,2025-08-09T00:00:00.000Z,0.6513925841940612,RTX 5090
2025-08-10T00:00:00.000Z,2025-08-10T00:00:00.000Z,0.6429114092215491,RTX 5090
2025-08-11T00:00:00.000Z,2025-08-11T00:00:00.000Z,0.6670704943642909,RTX 5090
2025-08-12T00:00:00.000Z,2025-08-12T00:00:00.000Z,0.6559530810161166,RTX 5090
2025-08-13T00:00:00.000Z,2025-08-13T00:00:00.000Z,0.6956269304596218,RTX 5090
2025-08-14T00:00:00.000Z,2025-08-14T00:00:00.000Z,0.6823090646229821,RTX 5090
2025-08-15T00:00:00.000Z,2025-08-15T00:00:00.000Z,0.7037704720059346,RTX 5090
2025-08-16T00:00:00.000Z,2025-08-16T00:00:00.000Z,0.5685940281772223,RTX 5090
2025-08-17T00:00:00.000Z,2025-08-17T00:00:00.000Z,0.6556458760562326,RTX 5090
2025-08-18T00:00:00.000Z,2025-08-18T00:00:00.000Z,0.6882083213306667,RTX 5090
2025-08-19T00:00:00.000Z,2025-08-19T00:00:00.000Z,0.5839652857477805,RTX 5090
2025-08-20T00:00:00.000Z,2025-08-20T00:00:00.000Z,0.5928972540962811,RTX 5090
2025-08-21T00:00:00.000Z,2025-08-21T00:00:00.000Z,0.5896788723202206,RTX 5090
2025-08-22T00:00:00.000Z,2025-08-22T00:00:00.000Z,0.6180221669708639,RTX 5090
2025-08-23T00:00:00.000Z,2025-08-23T00:00:00.000Z,0.654936387757206,RTX 5090
2025-08-24T00:00:00.000Z,2025-08-24T00:00:00.000Z,0.5644267674875548,RTX 5090
2025-08-25T00:00:00.000Z,2025-08-25T00:00:00.000Z,0.5981318987323129,RTX 5090
2025-08-26T00:00:00.000Z,2025-08-26T00:00:00.000Z,0.572274997521883,RTX 5090
2025-08-27T00:00:00.000Z,2025-08-27T00:00:00.000Z,0.6602401104511972,RTX 5090
2025-08-28T00:00:00.000Z,2025-08-28T00:00:00.000Z,0.6634351629976798,RTX 5090
2025-08-29T00:00:00.000Z,2025-08-29T00:00:00.000Z,0.6372975832224818,RTX 5090
2025-08-30T00:00:00.000Z,2025-08-30T00:00:00.000Z,0.6345468364731562,RTX 5090
2025-08-31T00:00:00.000Z,2025-08-31T00:00:00.000Z,0.5955932042997796,RTX 5090
2025-09-01T00:00:00.000Z,2025-09-01T00:00:00.000Z,0.5681811653098566,RTX 5090
2025-09-02T00:00:00.000Z,2025-09-02T00:00:00.000Z,0.5601627381585516,RTX 5090
2025-09-03T00:00:00.000Z,2025-09-03T00:00:00.000Z,0.551495550883744,RTX 5090
2025-09-04T00:00:00.000Z,2025-09-04T00:00:00.000Z,0.5511617195592798,RTX 5090
2025-09-05T00:00:00.000Z,2025-09-05T00:00:00.000Z,0.5360599203976635,RTX 5090
2025-09-06T00:00:00.000Z,2025-09-06T00:00:00.000Z,0.549935182913754,RTX 5090
2025-09-07T00:00:00.000Z,2025-09-07T00:00:00.000Z,0.5240409333839507,RTX 5090
2025-09-08T00:00:00.000Z,2025-09-08T00:00:00.000Z,0.5683724991949721,RTX 5090
2025-09-09T00:00:00.000Z,2025-09-09T00:00:00.000Z,0.5672875398943188,RTX 5090
2025-09-10T00:00:00.000Z,2025-09-10T00:00:00.000Z,0.5448448868204736,RTX 5090
2025-09-11T00:00:00.000Z,2025-09-11T00:00:00.000Z,0.5365379039946497,RTX 5090
2025-09-12T00:00:00.000Z,2025-09-12T00:00:00.000Z,0.5482922318621931,RTX 5090
2025-09-13T00:00:00.000Z,2025-09-13T00:00:00.000Z,0.5666964603727603,RTX 5090
2025-09-14T00:00:00.000Z,2025-09-14T00:00:00.000Z,0.5213325789457011,RTX 5090
2025-09-15T00:00:00.000Z,2025-09-15T00:00:00.000Z,0.5556706184390027,RTX 5090
2025-09-16T00:00:00.000Z,2025-09-16T00:00:00.000Z,0.5739728444085008,RTX 5090
2025-09-17T00:00:00.000Z,2025-09-17T00:00:00.000Z,0.5474643182765323,RTX 5090
2025-09-18T00:00:00.000Z,2025-09-18T00:00:00.000Z,0.6032161657785142,RTX 5090
2025-09-19T00:00:00.000Z,2025-09-19T00:00:00.000Z,0.5673822382780852,RTX 5090
2025-09-20T00:00:00.000Z,2025-09-20T00:00:00.000Z,0.5699066149646487,RTX 5090
2025-09-21T00:00:00.000Z,2025-09-21T00:00:00.000Z,0.5807871958458625,RTX 5090
2025-09-22T00:00:00.000Z,2025-09-22T00:00:00.000Z,0.538586784083757,RTX 5090
2025-09-23T00:00:00.000Z,2025-09-23T00:00:00.000Z,0.5809310034009032,RTX 5090
2025-09-24T00:00:00.000Z,2025-09-24T00:00:00.000Z,0.5670632515733977,RTX 5090
2025-09-25T00:00:00.000Z,2025-09-25T00:00:00.000Z,0.5886948475313956,RTX 5090
2025-09-26T00:00:00.000Z,2025-09-26T00:00:00.000Z,0.6084005791632856,RTX 5090
2025-09-27T00:00:00.000Z,2025-09-27T00:00:00.000Z,0.6436863722519066,RTX 5090
2025-09-28T00:00:00.000Z,2025-09-28T00:00:00.000Z,0.6301182474466654,RTX 5090
2025-09-29T00:00:00.000Z,2025-09-29T00:00:00.000Z,0.5782342499974502,RTX 5090
2025-09-30T00:00:00.000Z,2025-09-30T00:00:00.000Z,0.5615037684589942,RTX 5090
2025-10-01T00:00:00.000Z,2025-10-01T00:00:00.000Z,0.5946138428833305,RTX 5090
2025-10-02T00:00:00.000Z,2025-10-02T00:00:00.000Z,0.5986263948658804,RTX 5090
2025-10-03T00:00:00.000Z,2025-10-03T00:00:00.000Z,0.6071924086072411,RTX 5090
2025-10-04T00:00:00.000Z,2025-10-04T00:00:00.000Z,0.6472085082782634,RTX 5090
2025-10-05T00:00:00.000Z,2025-10-05T00:00:00.000Z,0.6268896926102885,RTX 5090
2025-10-06T00:00:00.000Z,2025-10-06T00:00:00.000Z,0.658090445284759,RTX 5090
2025-10-07T00:00:00.000Z,2025-10-07T00:00:00.000Z,0.5840030929562038,RTX 5090
2025-10-08T00:00:00.000Z,2025-10-08T00:00:00.000Z,0.6309757354030431,RTX 5090
2025-10-09T00:00:00.000Z,2025-10-09T00:00:00.000Z,0.5995281666296237,RTX 5090
2025-10-10T00:00:00.000Z,2025-10-10T00:00:00.000Z,0.5616475597213729,RTX 5090
2025-10-11T00:00:00.000Z,2025-10-11T00:00:00.000Z,0.5838520759392157,RTX 5090
2025-10-12T00:00:00.000Z,2025-10-12T00:00:00.000Z,0.6185246359168047,RTX 5090
2025-10-13T00:00:00.000Z,2025-10-13T00:00:00.000Z,0.6625530107011698,RTX 5090
2025-10-14T00:00:00.000Z,2025-10-14T00:00:00.000Z,0.7077140798754975,RTX 5090
2025-10-15T00:00:00.000Z,2025-10-15T00:00:00.000Z,0.7286515113430934,RTX 5090
2025-10-16T00:00:00.000Z,2025-10-16T00:00:00.000Z,0.7249983554135407,RTX 5090
2025-10-17T00:00:00.000Z,2025-10-17T00:00:00.000Z,0.7260916963660244,RTX 5090
2025-10-18T00:00:00.000Z,2025-10-18T00:00:00.000Z,0.8402913188934625,RTX 5090
2025-10-19T00:00:00.000Z,2025-10-19T00:00:00.000Z,0.8973631585250329,RTX 5090
2025-10-20T00:00:00.000Z,2025-10-20T00:00:00.000Z,0.9365410176894621,RTX 5090
2025-10-21T00:00:00.000Z,2025-10-21T00:00:00.000Z,0.865915952052526,RTX 5090
2025-10-22T00:00:00.000Z,2025-10-22T00:00:00.000Z,0.7954125420888454,RTX 5090
2025-10-23T00:00:00.000Z,2025-10-23T00:00:00.000Z,0.757665842544565,RTX 5090
2025-10-24T00:00:00.000Z,2025-10-24T00:00:00.000Z,0.713929479679225,RTX 5090
2025-10-25T00:00:00.000Z,2025-10-25T00:00:00.000Z,0.5654191881362762,RTX 5090
2025-10-26T00:00:00.000Z,2025-10-26T00:00:00.000Z,0.57762613873041,RTX 5090
2025-10-27T00:00:00.000Z,2025-10-27T00:00:00.000Z,0.690880726899917,RTX 5090
2025-10-28T00:00:00.000Z,2025-10-28T00:00:00.000Z,0.7591901854200632,RTX 5090
2025-10-29T00:00:00.000Z,2025-10-29T00:00:00.000Z,0.676919238719655,RTX 5090
2025-10-30T00:00:00.000Z,2025-10-30T00:00:00.000Z,0.6499738458347434,RTX 5090
2025-10-31T00:00:00.000Z,2025-10-31T00:00:00.000Z,0.6687689913672782,RTX 5090
2025-11-01T00:00:00.000Z,2025-11-01T00:00:00.000Z,0.6477527141276614,RTX 5090
2025-11-02T00:00:00.000Z,2025-11-02T00:00:00.000Z,0.7100094464878647,RTX 5090
2025-11-03T00:00:00.000Z,2025-11-03T00:00:00.000Z,0.7117950458190627,RTX 5090
2025-11-04T00:00:00.000Z,2025-11-04T00:00:00.000Z,0.7207029255539759,RTX 5090
2025-11-05T00:00:00.000Z,2025-11-05T00:00:00.000Z,0.671009018677727,RTX 5090
2025-11-06T00:00:00.000Z,2025-11-06T00:00:00.000Z,0.7046800810715779,RTX 5090
2025-11-07T00:00:00.000Z,2025-11-07T00:00:00.000Z,0.7534939756482858,RTX 5090
2025-11-08T00:00:00.000Z,2025-11-08T00:00:00.000Z,0.7684826314379033,RTX 5090
2025-11-09T00:00:00.000Z,2025-11-09T00:00:00.000Z,0.7838826448081809,RTX 5090
2025-11-10T00:00:00.000Z,2025-11-10T00:00:00.000Z,0.8666167418883917,RTX 5090
2025-11-11T00:00:00.000Z,2025-11-11T00:00:00.000Z,0.8959739799348578,RTX 5090
2025-11-12T00:00:00.000Z,2025-11-12T00:00:00.000Z,0.9089838940403407,RTX 5090
2025-11-13T00:00:00.000Z,2025-11-13T00:00:00.000Z,0.7725149068415935,RTX 5090
2025-11-14T00:00:00.000Z,2025-11-14T00:00:00.000Z,0.83081894083767,RTX 5090
2025-11-15T00:00:00.000Z,2025-11-15T00:00:00.000Z,0.8436686676513329,RTX 5090
2025-11-16T00:00:00.000Z,2025-11-16T00:00:00.000Z,0.897740991796326,RTX 5090
2025-11-17T00:00:00.000Z,2025-11-17T00:00:00.000Z,0.9530057643246219,RTX 5090
2025-11-18T00:00:00.000Z,2025-11-18T00:00:00.000Z,0.9614339697029548,RTX 5090
2025-11-19T00:00:00.000Z,2025-11-19T00:00:00.000Z,0.6221268091780033,RTX 5090
2025-11-20T00:00:00.000Z,2025-11-20T00:00:00.000Z,0.6316855607918395,RTX 5090
2025-11-21T00:00:00.000Z,2025-11-21T00:00:00.000Z,0.7052150705160007,RTX 5090
2025-11-22T00:00:00.000Z,2025-11-22T00:00:00.000Z,0.6883942191223069,RTX 5090
2025-11-23T00:00:00.000Z,2025-11-23T00:00:00.000Z,0.6685515143656386,RTX 5090
2025-11-24T00:00:00.000Z,2025-11-24T00:00:00.000Z,0.6278419807856164,RTX 5090
2025-11-25T00:00:00.000Z,2025-11-25T00:00:00.000Z,0.7600275536107514,RTX 5090
2025-11-26T00:00:00.000Z,2025-11-26T00:00:00.000Z,0.7225551342504545,RTX 5090
2025-11-27T00:00:00.000Z,2025-11-27T00:00:00.000Z,0.7656026268551097,RTX 5090
2025-11-28T00:00:00.000Z,2025-11-28T00:00:00.000Z,0.7532310113306552,RTX 5090
2025-11-29T00:00:00.000Z,2025-11-29T00:00:00.000Z,0.7698057756648223,RTX 5090
2025-11-30T00:00:00.000Z,2025-11-30T00:00:00.000Z,0.7990402984767341,RTX 5090
2025-12-01T00:00:00.000Z,2025-12-01T00:00:00.000Z,0.7771398655219883,RTX 5090
2025-12-02T00:00:00.000Z,2025-12-02T00:00:00.000Z,0.8157754075595145,RTX 5090
2025-12-03T00:00:00.000Z,2025-12-03T00:00:00.000Z,0.8498596498647715,RTX 5090
2025-12-04T00:00:00.000Z,2025-12-04T00:00:00.000Z,0.7065669635307966,RTX 5090
2025-12-05T00:00:00.000Z,2025-12-05T00:00:00.000Z,0.7030654849355963,RTX 5090
2025-12-06T00:00:00.000Z,2025-12-06T00:00:00.000Z,0.70856278919731,RTX 5090
2025-12-07T00:00:00.000Z,2025-12-07T00:00:00.000Z,0.7158942685276986,RTX 5090
2025-12-08T00:00:00.000Z,2025-12-08T00:00:00.000Z,0.6575402333794487,RTX 5090
2025-12-09T00:00:00.000Z,2025-12-09T00:00:00.000Z,0.6663060338852409,RTX 5090
2025-12-10T00:00:00.000Z,2025-12-10T00:00:00.000Z,0.6686287034176012,RTX 5090
2025-12-11T00:00:00.000Z,2025-12-11T00:00:00.000Z,0.6941444497651891,RTX 5090
2025-12-12T00:00:00.000Z,2025-12-12T00:00:00.000Z,0.7144211892403857,RTX 5090
2025-12-13T00:00:00.000Z,2025-12-13T00:00:00.000Z,0.6776302085804409,RTX 5090
2025-12-14T00:00:00.000Z,2025-12-14T00:00:00.000Z,0.6628531041288571,RTX 5090
2025-12-15T00:00:00.000Z,2025-12-15T00:00:00.000Z,0.6666971604504595,RTX 5090
2025-12-16T00:00:00.000Z,2025-12-16T00:00:00.000Z,0.6738936738576582,RTX 5090
2025-12-17T00:00:00.000Z,2025-12-17T00:00:00.000Z,0.6411200685673552,RTX 5090
2025-12-18T00:00:00.000Z,2025-12-18T00:00:00.000Z,0.5795413932361877,RTX 5090
2025-12-19T00:00:00.000Z,2025-12-19T00:00:00.000Z,0.6039344595506115,RTX 5090
2025-12-20T00:00:00.000Z,2025-12-20T00:00:00.000Z,0.6806040740661418,RTX 5090
2025-12-21T00:00:00.000Z,2025-12-21T00:00:00.000Z,0.6979869382092179,RTX 5090
2025-12-22T00:00:00.000Z,2025-12-22T00:00:00.000Z,0.7223072006196893,RTX 5090
2025-12-23T00:00:00.000Z,2025-12-23T00:00:00.000Z,0.7310028639385435,RTX 5090
2025-12-24T00:00:00.000Z,2025-12-24T00:00:00.000Z,0.7221746706341864,RTX 5090
2025-12-25T00:00:00.000Z,2025-12-25T00:00:00.000Z,0.7721233554892268,RTX 5090
2025-12-26T00:00:00.000Z,2025-12-26T00:00:00.000Z,0.7737805290094137,RTX 5090
2025-12-27T00:00:00.000Z,2025-12-27T00:00:00.000Z,0.7321055741420479,RTX 5090
2025-12-28T00:00:00.000Z,2025-12-28T00:00:00.000Z,0.7193533486743301,RTX 5090
2025-12-29T00:00:00.000Z,2025-12-29T00:00:00.000Z,0.7562962462916291,RTX 5090
2025-12-30T00:00:00.000Z,2025-12-30T00:00:00.000Z,0.7453212285073832,RTX 5090
2025-12-31T00:00:00.000Z,2025-12-31T00:00:00.000Z,0.7207644962747004,RTX 5090
2026-01-01T00:00:00.000Z,2026-01-01T00:00:00.000Z,0.6541580417750955,RTX 5090
2026-01-02T00:00:00.000Z,2026-01-02T00:00:00.000Z,0.6309776849218978,RTX 5090
2026-01-03T00:00:00.000Z,2026-01-03T00:00:00.000Z,0.6427269185931478,RTX 5090
2026-01-04T00:00:00.000Z,2026-01-04T00:00:00.000Z,0.631746106659958,RTX 5090
2026-01-05T00:00:00.000Z,2026-01-05T00:00:00.000Z,0.5675473090370123,RTX 5090
2026-01-06T00:00:00.000Z,2026-01-06T00:00:00.000Z,0.5874919562909298,RTX 5090
2026-01-07T00:00:00.000Z,2026-01-07T00:00:00.000Z,0.6385135393682235,RTX 5090
2026-01-08T00:00:00.000Z,2026-01-08T00:00:00.000Z,0.6721816076257309,RTX 5090
2026-01-09T00:00:00.000Z,2026-01-09T00:00:00.000Z,0.6732255189560871,RTX 5090
2026-01-10T00:00:00.000Z,2026-01-10T00:00:00.000Z,0.6706095890217967,RTX 5090
2026-01-11T00:00:00.000Z,2026-01-11T00:00:00.000Z,0.6787389151881692,RTX 5090
2026-01-12T00:00:00.000Z,2026-01-12T00:00:00.000Z,0.6688760905112344,RTX 5090
2026-01-13T00:00:00.000Z,2026-01-13T00:00:00.000Z,0.6767749598841533,RTX 5090
2026-01-14T00:00:00.000Z,2026-01-14T00:00:00.000Z,0.6939936103386432,RTX 5090
2026-01-15T00:00:00.000Z,2026-01-15T00:00:00.000Z,0.6973000854393144,RTX 5090
2026-01-16T00:00:00.000Z,2026-01-16T00:00:00.000Z,0.7019851368298015,RTX 5090
2026-01-17T00:00:00.000Z,2026-01-17T00:00:00.000Z,0.6848536942941584,RTX 5090
2026-01-18T00:00:00.000Z,2026-01-18T00:00:00.000Z,0.6743302801994443,RTX 5090
2026-01-19T00:00:00.000Z,2026-01-19T00:00:00.000Z,0.6964345459547283,RTX 5090
2026-01-20T00:00:00.000Z,2026-01-20T00:00:00.000Z,0.7339940319587875,RTX 5090
2026-01-21T00:00:00.000Z,2026-01-21T00:00:00.000Z,0.7747342315878948,RTX 5090
2026-01-22T00:00:00.000Z,2026-01-22T00:00:00.000Z,0.7858936536023112,RTX 5090
2026-01-23T00:00:00.000Z,2026-01-23T00:00:00.000Z,0.7772696490366002,RTX 5090
2026-01-24T00:00:00.000Z,2026-01-24T00:00:00.000Z,0.77512309100378,RTX 5090
2026-01-25T00:00:00.000Z,2026-01-25T00:00:00.000Z,0.7969775558865753,RTX 5090
2026-01-26T00:00:00.000Z,2026-01-26T00:00:00.000Z,0.8301121397746827,RTX 5090
2026-01-27T00:00:00.000Z,2026-01-27T00:00:00.000Z,0.8744997311688303,RTX 5090
2026-01-28T00:00:00.000Z,2026-01-28T00:00:00.000Z,0.919758654725333,RTX 5090
2026-01-29T00:00:00.000Z,2026-01-29T00:00:00.000Z,0.9390029915031604,RTX 5090
2026-01-30T00:00:00.000Z,2026-01-30T00:00:00.000Z,0.913742152460992,RTX 5090
2026-01-31T00:00:00.000Z,2026-01-31T00:00:00.000Z,0.8701526201224798,RTX 5090
2026-02-01T00:00:00.000Z,2026-02-01T00:00:00.000Z,0.8387693490841053,RTX 5090
2026-02-02T00:00:00.000Z,2026-02-02T00:00:00.000Z,0.8666212310575712,RTX 5090
2026-02-03T00:00:00.000Z,2026-02-03T00:00:00.000Z,0.8679490029607723,RTX 5090
2026-02-04T00:00:00.000Z,2026-02-04T00:00:00.000Z,0.83632036033097,RTX 5090
2026-02-05T00:00:00.000Z,2026-02-05T00:00:00.000Z,0.7900257552366212,RTX 5090
2026-02-06T00:00:00.000Z,2026-02-06T00:00:00.000Z,0.7740231857128368,RTX 5090
2026-02-07T00:00:00.000Z,2026-02-07T00:00:00.000Z,0.7864649035048128,RTX 5090
2026-02-08T00:00:00.000Z,2026-02-08T00:00:00.000Z,0.7817453740580446,RTX 5090
2026-02-09T00:00:00.000Z,2026-02-09T00:00:00.000Z,0.8041070670523774,RTX 5090
2026-02-10T00:00:00.000Z,2026-02-10T00:00:00.000Z,0.7925321779759966,RTX 5090
2026-02-11T00:00:00.000Z,2026-02-11T00:00:00.000Z,0.8259983636365432,RTX 5090
2026-02-12T00:00:00.000Z,2026-02-12T00:00:00.000Z,0.8197590384842172,RTX 5090
2026-02-13T00:00:00.000Z,2026-02-13T00:00:00.000Z,0.8187432517114764,RTX 5090
2026-02-14T00:00:00.000Z,2026-02-14T00:00:00.000Z,0.7939715649990855,RTX 5090
2026-02-15T00:00:00.000Z,2026-02-15T00:00:00.000Z,0.7949316174410279,RTX 5090
2026-02-16T00:00:00.000Z,2026-02-16T00:00:00.000Z,0.7995550657475083,RTX 5090
2026-02-17T00:00:00.000Z,2026-02-17T00:00:00.000Z,0.8038539098139356,RTX 5090
2026-02-18T00:00:00.000Z,2026-02-18T00:00:00.000Z,0.7893095090812959,RTX 5090
2026-02-19T00:00:00.000Z,2026-02-19T00:00:00.000Z,0.8010838036462432,RTX 5090
2026-02-20T00:00:00.000Z,2026-02-20T00:00:00.000Z,0.7794465348224834,RTX 5090
2026-02-21T00:00:00.000Z,2026-02-21T00:00:00.000Z,0.7770581783246733,RTX 5090
2026-02-22T00:00:00.000Z,2026-02-22T00:00:00.000Z,0.7708583677476831,RTX 5090
2026-02-23T00:00:00.000Z,2026-02-23T00:00:00.000Z,0.796486643788225,RTX 5090
2026-02-24T00:00:00.000Z,2026-02-24T00:00:00.000Z,0.7710364324253809,RTX 5090
2026-02-25T00:00:00.000Z,2026-02-25T00:00:00.000Z,0.8187741623931938,RTX 5090
2026-02-26T00:00:00.000Z,2026-02-26T00:00:00.000Z,0.8066556423557089,RTX 5090
2026-02-27T00:00:00.000Z,2026-02-27T00:00:00.000Z,0.7864554608172659,RTX 5090
2026-02-28T00:00:00.000Z,2026-02-28T00:00:00.000Z,0.770695387737278,RTX 5090
2026-03-01T00:00:00.000Z,2026-03-01T00:00:00.000Z,0.7782307154885119,RTX 5090
2026-03-02T00:00:00.000Z,2026-03-02T00:00:00.000Z,0.7732103993693656,RTX 5090
2026-03-03T00:00:00.000Z,2026-03-03T00:00:00.000Z,0.7864876486788492,RTX 5090
2026-03-04T00:00:00.000Z,2026-03-04T00:00:00.000Z,0.8012706344826973,RTX 5090
2026-03-05T00:00:00.000Z,2026-03-05T00:00:00.000Z,0.7693753708113865,RTX 5090
2026-03-06T00:00:00.000Z,2026-03-06T00:00:00.000Z,0.801596572563229,RTX 5090
2026-03-07T00:00:00.000Z,2026-03-07T00:00:00.000Z,0.7730297870665581,RTX 5090
2026-03-08T00:00:00.000Z,2026-03-08T00:00:00.000Z,0.7732218962218278,RTX 5090
2026-03-09T00:00:00.000Z,2026-03-09T00:00:00.000Z,0.7698484540530878,RTX 5090
2026-03-10T00:00:00.000Z,2026-03-10T00:00:00.000Z,0.7891454842953789,RTX 5090
2026-03-11T00:00:00.000Z,2026-03-11T00:00:00.000Z,0.8066108821731335,RTX 5090
2026-03-12T00:00:00.000Z,2026-03-12T00:00:00.000Z,0.7932928229267379,RTX 5090
2026-03-13T00:00:00.000Z,2026-03-13T00:00:00.000Z,0.7586311751791925,RTX 5090
2026-03-14T00:00:00.000Z,2026-03-14T00:00:00.000Z,0.7127515828221102,RTX 5090
2026-03-15T00:00:00.000Z,2026-03-15T00:00:00.000Z,0.6542525238037751,RTX 5090
2026-03-16T00:00:00.000Z,2026-03-16T00:00:00.000Z,0.6908161011403283,RTX 5090
2026-03-17T00:00:00.000Z,2026-03-17T00:00:00.000Z,0.7015810815470848,RTX 5090
2026-03-18T00:00:00.000Z,2026-03-18T00:00:00.000Z,0.7681881772766388,RTX 5090
2026-03-19T00:00:00.000Z,2026-03-19T00:00:00.000Z,0.861817600777871,RTX 5090
2026-03-20T00:00:00.000Z,2026-03-20T00:00:00.000Z,0.8603424739171104,RTX 5090
2026-03-21T00:00:00.000Z,2026-03-21T00:00:00.000Z,0.7985797226849216,RTX 5090
2026-03-22T00:00:00.000Z,2026-03-22T00:00:00.000Z,0.7924876341004177,RTX 5090
2026-03-23T00:00:00.000Z,2026-03-23T00:00:00.000Z,0.8009665290114067,RTX 5090
2026-03-24T00:00:00.000Z,2026-03-24T00:00:00.000Z,0.8428830640415071,RTX 5090
2026-03-25T00:00:00.000Z,2026-03-25T00:00:00.000Z,0.8600519986141375,RTX 5090
2026-03-26T00:00:00.000Z,2026-03-26T00:00:00.000Z,0.8464525052497317,RTX 5090
2026-03-27T00:00:00.000Z,2026-03-27T00:00:00.000Z,0.8622591301053042,RTX 5090
2026-03-28T00:00:00.000Z,2026-03-28T00:00:00.000Z,0.8419690145484016,RTX 5090
2026-03-29T00:00:00.000Z,2026-03-29T00:00:00.000Z,0.8379786717402898,RTX 5090
2026-03-30T00:00:00.000Z,2026-03-30T00:00:00.000Z,0.8692754970634885,RTX 5090
2026-03-31T00:00:00.000Z,2026-03-31T00:00:00.000Z,0.8869087099920293,RTX 5090
2026-04-01T00:00:00.000Z,2026-04-01T00:00:00.000Z,0.887310441100262,RTX 5090
2026-04-02T00:00:00.000Z,2026-04-02T00:00:00.000Z,0.8862002539143337,RTX 5090
2026-04-03T00:00:00.000Z,2026-04-03T00:00:00.000Z,0.7936943376215815,RTX 5090
2026-04-04T00:00:00.000Z,2026-04-04T00:00:00.000Z,0.7717870716006267,RTX 5090
2026-04-05T00:00:00.000Z,2026-04-05T00:00:00.000Z,0.7573250076809361,RTX 5090
2026-04-06T00:00:00.000Z,2026-04-06T00:00:00.000Z,0.7751686842444931,RTX 5090
2026-04-07T00:00:00.000Z,2026-04-07T00:00:00.000Z,0.8015474117616969,RTX 5090
2026-04-08T00:00:00.000Z,2026-04-08T00:00:00.000Z,0.7947441124243545,RTX 5090
2026-04-09T00:00:00.000Z,2026-04-09T00:00:00.000Z,0.7561615244904586,RTX 5090
2026-04-10T00:00:00.000Z,2026-04-10T00:00:00.000Z,0.7123734910203601,RTX 5090
2026-04-11T00:00:00.000Z,2026-04-11T00:00:00.000Z,0.6891131925904347,RTX 5090
2026-04-12T00:00:00.000Z,2026-04-12T00:00:00.000Z,0.6912465587244445,RTX 5090
2026-04-13T00:00:00.000Z,2026-04-13T00:00:00.000Z,0.7291228708019396,RTX 5090
2026-04-14T00:00:00.000Z,2026-04-14T00:00:00.000Z,0.7728785324461318,RTX 5090
2026-04-15T00:00:00.000Z,2026-04-15T00:00:00.000Z,0.8069326809047854,RTX 5090
2026-04-16T00:00:00.000Z,2026-04-16T00:00:00.000Z,0.7826638024379843,RTX 5090
2026-04-17T00:00:00.000Z,2026-04-17T00:00:00.000Z,0.7641286756944464,RTX 5090
2026-04-18T00:00:00.000Z,2026-04-18T00:00:00.000Z,0.7465044292936056,RTX 5090
2026-04-19T00:00:00.000Z,2026-04-19T00:00:00.000Z,0.749803059972348,RTX 5090
2026-04-20T00:00:00.000Z,2026-04-20T00:00:00.000Z,0.7346744266150722,RTX 5090
2026-04-21T00:00:00.000Z,2026-04-21T00:00:00.000Z,0.7558062879899479,RTX 5090
2026-04-22T00:00:00.000Z,2026-04-22T00:00:00.000Z,0.7634265806343117,RTX 5090
2026-04-23T00:00:00.000Z,2026-04-23T00:00:00.000Z,0.7399237203237424,RTX 5090
2026-04-24T00:00:00.000Z,2026-04-24T00:00:00.000Z,0.7301083322830303,RTX 5090
2026-04-25T00:00:00.000Z,2026-04-25T00:00:00.000Z,0.7350053430337475,RTX 5090
2026-04-26T00:00:00.000Z,2026-04-26T00:00:00.000Z,0.7404570947194267,RTX 5090
2026-04-27T00:00:00.000Z,2026-04-27T00:00:00.000Z,0.7591699708557788,RTX 5090
2026-04-28T00:00:00.000Z,2026-04-28T00:00:00.000Z,0.8307530217086165,RTX 5090
2026-04-29T00:00:00.000Z,2026-04-29T00:00:00.000Z,0.9003198402153342,RTX 5090
2026-04-30T00:00:00.000Z,2026-04-30T00:00:00.000Z,0.9635483734383593,RTX 5090
2026-05-01T00:00:00.000Z,2026-05-01T00:00:00.000Z,0.8166474232713988,RTX 5090
2026-05-02T00:00:00.000Z,2026-05-02T00:00:00.000Z,0.7500039963304529,RTX 5090
2026-05-03T00:00:00.000Z,2026-05-03T00:00:00.000Z,0.7944486501601081,RTX 5090
2026-05-04T00:00:00.000Z,2026-05-04T00:00:00.000Z,0.8055613808490393,RTX 5090
2026-05-05T00:00:00.000Z,2026-05-05T00:00:00.000Z,0.8632661906848083,RTX 5090
2026-05-06T00:00:00.000Z,2026-05-06T00:00:00.000Z,0.8597550964072954,RTX 5090
2026-05-07T00:00:00.000Z,2026-05-07T00:00:00.000Z,0.8920224436024486,RTX 5090
2026-05-08T00:00:00.000Z,2026-05-08T00:00:00.000Z,0.9313884348773123,RTX 5090
2026-05-09T00:00:00.000Z,2026-05-09T00:00:00.000Z,0.9569451503673079,RTX 5090
2026-05-10T00:00:00.000Z,2026-05-10T00:00:00.000Z,0.9771090071955231,RTX 5090
2026-05-11T00:00:00.000Z,2026-05-11T00:00:00.000Z,0.9869572959345867,RTX 5090
2026-05-12T00:00:00.000Z,2026-05-12T00:00:00.000Z,0.9586624518248343,RTX 5090
2026-05-13T00:00:00.000Z,2026-05-13T00:00:00.000Z,0.9785273327855456,RTX 5090
2026-05-14T00:00:00.000Z,2026-05-14T00:00:00.000Z,0.9848879434993156,RTX 5090
2026-05-15T00:00:00.000Z,2026-05-15T00:00:00.000Z,0.979306652052799,RTX 5090
2026-05-16T00:00:00.000Z,2026-05-16T00:00:00.000Z,0.9794903234490009,RTX 5090
2026-05-17T00:00:00.000Z,2026-05-17T00:00:00.000Z,0.9957411450345061,RTX 5090
2026-05-18T00:00:00.000Z,2026-05-18T00:00:00.000Z,0.9937990264705016,RTX 5090
2026-05-19T00:00:00.000Z,2026-05-19T00:00:00.000Z,0.9903744478156308,RTX 5090
2026-05-20T00:00:00.000Z,2026-05-20T00:00:00.000Z,0.9949533516183346,RTX 5090
2026-05-21T00:00:00.000Z,2026-05-21T00:00:00.000Z,0.9814732048299755,RTX 5090
2026-05-22T00:00:00.000Z,2026-05-22T00:00:00.000Z,0.9251042354733999,RTX 5090
2026-05-23T00:00:00.000Z,2026-05-23T00:00:00.000Z,0.9227676987230466,RTX 5090
2026-05-24T00:00:00.000Z,2026-05-24T00:00:00.000Z,0.9072509327707265,RTX 5090
2026-05-25T00:00:00.000Z,2026-05-25T00:00:00.000Z,0.905855106249366,RTX 5090
2026-05-26T00:00:00.000Z,2026-05-26T00:00:00.000Z,0.9108973956358829,RTX 5090
2026-05-27T00:00:00.000Z,2026-05-27T00:00:00.000Z,0.9368497330610098,RTX 5090
2026-05-28T00:00:00.000Z,2026-05-28T00:00:00.000Z,0.9880019895117914,RTX 5090
2026-05-29T00:00:00.000Z,2026-05-29T00:00:00.000Z,0.9885730733706911,RTX 5090
2026-05-30T00:00:00.000Z,2026-05-30T00:00:00.000Z,0.976887894480457,RTX 5090
2026-05-31T00:00:00.000Z,2026-05-31T00:00:00.000Z,0.9268026674915484,RTX 5090
2026-06-01T00:00:00.000Z,2026-06-01T00:00:00.000Z,0.902902028186683,RTX 5090
2026-06-02T00:00:00.000Z,2026-06-02T00:00:00.000Z,0.8377573909887436,RTX 5090
2026-06-03T00:00:00.000Z,2026-06-03T00:00:00.000Z,0.9275220089749021,RTX 5090
2026-06-04T00:00:00.000Z,2026-06-04T00:00:00.000Z,0.9309130697010715,RTX 5090
2026-06-05T00:00:00.000Z,2026-06-05T00:00:00.000Z,0.8978592366584653,RTX 5090
2026-06-06T00:00:00.000Z,2026-06-06T00:00:00.000Z,0.8388867279538466,RTX 5090
2026-06-07T00:00:00.000Z,2026-06-07T00:00:00.000Z,0.6915225249565894,RTX 5090
2026-06-08T00:00:00.000Z,2026-06-08T00:00:00.000Z,0.6530907703398432,RTX 5090
2026-06-09T00:00:00.000Z,2026-06-09T00:00:00.000Z,0.6812375701497142,RTX 5090
2026-06-10T00:00:00.000Z,2026-06-10T00:00:00.000Z,0.6913120949871566,RTX 5090
2026-06-11T00:00:00.000Z,2026-06-11T00:00:00.000Z,0.6671209931830937,RTX 5090
2026-06-12T00:00:00.000Z,2026-06-12T00:00:00.000Z,0.6276723529605077,RTX 5090
2026-06-13T00:00:00.000Z,2026-06-13T00:00:00.000Z,0.6220586388532116,RTX 5090
2026-06-14T00:00:00.000Z,2026-06-14T00:00:00.000Z,0.648348917200147,RTX 5090
2026-06-15T00:00:00.000Z,2026-06-15T00:00:00.000Z,0.664214319756874,RTX 5090
2026-06-16T00:00:00.000Z,2026-06-16T00:00:00.000Z,0.7175107459269218,RTX 5090
2026-06-17T00:00:00.000Z,2026-06-17T00:00:00.000Z,0.7432278999134645,RTX 5090
2026-06-18T00:00:00.000Z,2026-06-18T00:00:00.000Z,0.7756735324876605,RTX 5090
2026-06-19T00:00:00.000Z,2026-06-19T00:00:00.000Z,0.7664045470210447,RTX 5090
2026-06-20T00:00:00.000Z,2026-06-20T00:00:00.000Z,0.7574564326847311,RTX 5090
2026-06-21T00:00:00.000Z,2026-06-21T00:00:00.000Z,0.7209852896372996,RTX 5090
2026-06-22T00:00:00.000Z,2026-06-22T00:00:00.000Z,0.7317188188505721,RTX 5090
2026-06-23T00:00:00.000Z,2026-06-23T00:00:00.000Z,0.7520222613870617,RTX 5090
2026-06-24T00:00:00.000Z,2026-06-24T00:00:00.000Z,0.7842800150041418,RTX 5090
2026-06-25T00:00:00.000Z,2026-06-25T00:00:00.000Z,0.791575622291006,RTX 5090
2026-06-26T00:00:00.000Z,2026-06-26T00:00:00.000Z,0.847474090480808,RTX 5090
2026-06-27T00:00:00.000Z,2026-06-27T00:00:00.000Z,0.8375863509065824,RTX 5090
2026-06-28T00:00:00.000Z,2026-06-28T00:00:00.000Z,0.8327251810685818,RTX 5090
2026-06-29T00:00:00.000Z,2026-06-29T00:00:00.000Z,0.8309475137741246,RTX 5090
2026-06-30T00:00:00.000Z,2026-06-30T00:00:00.000Z,0.834074522834063,RTX 5090
2026-07-01T00:00:00.000Z,2026-07-01T00:00:00.000Z,0.7894987335661658,RTX 5090
2026-07-02T00:00:00.000Z,2026-07-02T00:00:00.000Z,0.8018393888362583,RTX 5090
2026-07-03T00:00:00.000Z,2026-07-03T00:00:00.000Z,0.7811371846338303,RTX 5090
2026-07-04T00:00:00.000Z,2026-07-04T00:00:00.000Z,0.7585306357984497,RTX 5090
2026-07-05T00:00:00.000Z,2026-07-05T00:00:00.000Z,0.7682792971594692,RTX 5090
2026-07-06T00:00:00.000Z,2026-07-06T00:00:00.000Z,0.7123866455800265,RTX 5090
2026-07-07T00:00:00.000Z,2026-07-07T00:00:00.000Z,0.801831206940742,RTX 5090
2026-07-08T00:00:00.000Z,2026-07-08T00:00:00.000Z,0.7959363613732977,RTX 5090
2026-07-09T00:00:00.000Z,2026-07-09T00:00:00.000Z,0.8388750750489531,RTX 5090
2026-07-10T00:00:00.000Z,2026-07-10T00:00:00.000Z,0.7962187278178687,RTX 5090
2026-07-11T00:00:00.000Z,2026-07-11T00:00:00.000Z,0.7723383003002706,RTX 5090
2026-07-12T00:00:00.000Z,2026-07-12T00:00:00.000Z,0.7338871089854911,RTX 5090
2026-07-13T00:00:00.000Z,2026-07-13T00:00:00.000Z,0.7360667442761935,RTX 5090
2026-07-14T00:00:00.000Z,2026-07-14T00:00:00.000Z,0.766157470350113,RTX 5090
2026-07-15T00:00:00.000Z,2026-07-15T00:00:00.000Z,0.7542440378714959,RTX 5090
2026-07-16T00:00:00.000Z,2026-07-16T00:00:00.000Z,0.715706622297548,RTX 5090
2026-07-17T00:00:00.000Z,2026-07-17T00:00:00.000Z,0.7407293642860782,RTX 5090
2026-07-18T00:00:00.000Z,2026-07-18T00:00:00.000Z,0.7412434915926681,RTX 5090
2026-07-19T00:00:00.000Z,2026-07-19T00:00:00.000Z,0.7822159841611583,RTX 5090
2026-07-20T00:00:00.000Z,2026-07-20T00:00:00.000Z,0.7793320050657545,RTX 5090
2026-07-21T00:00:00.000Z,2026-07-21T00:00:00.000Z,0.7460107695209072,RTX 5090
2026-07-22T00:00:00.000Z,2026-07-22T00:00:00.000Z,0.7753452863545467,RTX 5090
2026-07-23T00:00:00.000Z,2026-07-23T00:00:00.000Z,0.7629874101835108,RTX 5090
2026-07-24T00:00:00.000Z,2026-07-24T00:00:00.000Z,0.7534364652978639,RTX 5090
2026-07-25T00:00:00.000Z,2026-07-25T00:00:00.000Z,0.745022299023779,RTX 5090
2026-07-26T00:00:00.000Z,2026-07-26T00:00:00.000Z,0.7407623080275504,RTX 5090
2026-07-27T00:00:00.000Z,2026-07-27T00:00:00.000Z,0.7367975203895514,RTX 5090
2026-07-28T00:00:00.000Z,2026-07-28T00:00:00.000Z,0.7794130828284883,RTX 5090
2026-07-29T00:00:00.000Z,2026-07-29T00:00:00.000Z,0.7794933747188845,RTX 5090
2026-07-30T00:00:00.000Z,2026-07-30T00:00:00.000Z,0.7774189047930017,RTX 5090
2026-07-31T00:00:00.000Z,2026-07-31T00:00:00.000Z,0.7954897815234071,RTX 5090
2026-08-01T00:00:00.000Z,2026-08-01T00:00:00.000Z,0.7681501636042114,RTX 5090
2026-08-02T00:00:00.000Z,2026-08-02T00:00:00.000Z,0.75687359744313,RTX 5090
2026-08-03T00:00:00.000Z,2026-08-03T00:00:00.000Z,0.8552408202084383,RTX 5090
2026-08-04T00:00:00.000Z,2026-08-04T00:00:00.000Z,0.8212069438847468,RTX 5090
2026-08-05T00:00:00.000Z,2026-08-05T00:00:00.000Z,0.8120828376709054,RTX 5090
2026-08-06T00:00:00.000Z,2026-08-06T00:00:00.000Z,0.8413870645723459,RTX 5090
2026-08-07T00:00:00.000Z,2026-08-07T00:00:00.000Z,0.7966982147512793,RTX 5090
2026-08-08T00:00:00.000Z,2026-08-08T00:00:00.000Z,0.7976602790321863,RTX 5090
2026-08-09T00:00:00.000Z,2026-08-09T00:00:00.000Z,0.8137655654346903,RTX 5090
2026-08-10T00:00:00.000Z,2026-08-10T00:00:00.000Z,0.8822905728692123,RTX 5090
2026-08-11T00:00:00.000Z,2026-08-11T00:00:00.000Z,0.9196166426979278,RTX 5090
2026-08-12T00:00:00.000Z,2026-08-12T00:00:00.000Z,0.8805207755949982,RTX 5090
2026-08-13T00:00:00.000Z,2026-08-13T00:00:00.000Z,0.8125426949341554,RTX 5090
2026-08-14T00:00:00.000Z,2026-08-14T00:00:00.000Z,0.8321641429659935,RTX 5090
2026-08-15T00:00:00.000Z,2026-08-15T00:00:00.000Z,0.7954274239095986,RTX 5090
2026-08-16T00:00:00.000Z,2026-08-16T00:00:00.000Z,0.8222013320541791,RTX 5090
2026-08-17T00:00:00.000Z,2026-08-17T00:00:00.000Z,0.8953351457276418,RTX 5090
2026-08-18T00:00:00.000Z,2026-08-18T00:00:00.000Z,0.8800645489887491,RTX 5090
2026-08-19T00:00:00.000Z,2026-08-19T00:00:00.000Z,0.8884933324122134,RTX 5090
2026-08-20T00:00:00.000Z,2026-08-20T00:00:00.000Z,0.8627854857748937,RTX 5090
2026-08-21T00:00:00.000Z,2026-08-21T00:00:00.000Z,0.8826383589684155,RTX 5090
2026-08-22T00:00:00.000Z,2026-08-22T00:00:00.000Z,0.8899133221160649,RTX 5090
2026-08-23T00:00:00.000Z,2026-08-23T00:00:00.000Z,0.8509069315221126,RTX 5090
2026-08-24T00:00:00.000Z,2026-08-24T00:00:00.000Z,0.8649021237705786,RTX 5090
2026-08-25T00:00:00.000Z,2026-08-25T00:00:00.000Z,0.903514176241867,RTX 5090
2026-08-26T00:00:00.000Z,2026-08-26T00:00:00.000Z,0.9315710026839794,RTX 5090
2026-08-27T00:00:00.000Z,2026-08-27T00:00:00.000Z,0.8903788675201396,RTX 5090
2026-08-28T00:00:00.000Z,2026-08-28T00:00:00.000Z,0.89330618529499,RTX 5090
2026-08-29T00:00:00.000Z,2026-08-29T00:00:00.000Z,0.8799954906722536,RTX 5090
2026-08-30T00:00:00.000Z,2026-08-30T00:00:00.000Z,0.8876638855780691,RTX 5090
2025-09-16T00:00:00.000Z,2025-09-16T00:00:00.000Z,0.8667628667628667,RTX PRO 6000 WS
2025-09-17T00:00:00.000Z,2025-09-17T00:00:00.000Z,0.8125565583192702,RTX PRO 6000 WS
2025-09-18T00:00:00.000Z,2025-09-18T00:00:00.000Z,0.8312146892655368,RTX PRO 6000 WS
2025-09-19T00:00:00.000Z,2025-09-19T00:00:00.000Z,0.8844836337352934,RTX PRO 6000 WS
2025-09-20T00:00:00.000Z,2025-09-20T00:00:00.000Z,0.8764849992461933,RTX PRO 6000 WS
2025-09-21T00:00:00.000Z,2025-09-21T00:00:00.000Z,0.7807753201986458,RTX PRO 6000 WS
2025-09-22T00:00:00.000Z,2025-09-22T00:00:00.000Z,0.6807242824666099,RTX PRO 6000 WS
2025-09-23T00:00:00.000Z,2025-09-23T00:00:00.000Z,0.7042874396135266,RTX PRO 6000 WS
2025-09-24T00:00:00.000Z,2025-09-24T00:00:00.000Z,0.7341959972394755,RTX PRO 6000 WS
2025-09-25T00:00:00.000Z,2025-09-25T00:00:00.000Z,0.7891645988420182,RTX PRO 6000 WS
2025-09-26T00:00:00.000Z,2025-09-26T00:00:00.000Z,0.7215388007729676,RTX PRO 6000 WS
2025-09-27T00:00:00.000Z,2025-09-27T00:00:00.000Z,0.5548620861120861,RTX PRO 6000 WS
2025-09-28T00:00:00.000Z,2025-09-28T00:00:00.000Z,0.6052553204014549,RTX PRO 6000 WS
2025-09-29T00:00:00.000Z,2025-09-29T00:00:00.000Z,0.7012110383164583,RTX PRO 6000 WS
2025-09-30T00:00:00.000Z,2025-09-30T00:00:00.000Z,0.6181865555664837,RTX PRO 6000 WS
2025-10-01T00:00:00.000Z,2025-10-01T00:00:00.000Z,0.5933007976126526,RTX PRO 6000 WS
2025-10-02T00:00:00.000Z,2025-10-02T00:00:00.000Z,0.5269599536888657,RTX PRO 6000 WS
2025-10-03T00:00:00.000Z,2025-10-03T00:00:00.000Z,0.47320241261398177,RTX PRO 6000 WS
2025-10-04T00:00:00.000Z,2025-10-04T00:00:00.000Z,0.4209092454933312,RTX PRO 6000 WS
2025-10-05T00:00:00.000Z,2025-10-05T00:00:00.000Z,0.3892082655039169,RTX PRO 6000 WS
2025-10-06T00:00:00.000Z,2025-10-06T00:00:00.000Z,0.5420817529341214,RTX PRO 6000 WS
2025-10-07T00:00:00.000Z,2025-10-07T00:00:00.000Z,0.4186698717948718,RTX PRO 6000 WS
2025-10-08T00:00:00.000Z,2025-10-08T00:00:00.000Z,0.4847116864167835,RTX PRO 6000 WS
2025-10-09T00:00:00.000Z,2025-10-09T00:00:00.000Z,0.543968047318312,RTX PRO 6000 WS
2025-10-10T00:00:00.000Z,2025-10-10T00:00:00.000Z,0.5664768626327444,RTX PRO 6000 WS
2025-10-11T00:00:00.000Z,2025-10-11T00:00:00.000Z,0.5595253677265905,RTX PRO 6000 WS
2025-10-12T00:00:00.000Z,2025-10-12T00:00:00.000Z,0.6284311298776937,RTX PRO 6000 WS
2025-10-13T00:00:00.000Z,2025-10-13T00:00:00.000Z,0.6620383590329335,RTX PRO 6000 WS
2025-10-14T00:00:00.000Z,2025-10-14T00:00:00.000Z,0.6558149806209441,RTX PRO 6000 WS
2025-10-15T00:00:00.000Z,2025-10-15T00:00:00.000Z,0.6052056437309001,RTX PRO 6000 WS
2025-10-16T00:00:00.000Z,2025-10-16T00:00:00.000Z,0.6987330440801373,RTX PRO 6000 WS
2025-10-17T00:00:00.000Z,2025-10-17T00:00:00.000Z,0.6448910606508228,RTX PRO 6000 WS
2025-10-18T00:00:00.000Z,2025-10-18T00:00:00.000Z,0.6285508601042453,RTX PRO 6000 WS
2025-10-19T00:00:00.000Z,2025-10-19T00:00:00.000Z,0.580869485996788,RTX PRO 6000 WS
2025-10-20T00:00:00.000Z,2025-10-20T00:00:00.000Z,0.6817843116628095,RTX PRO 6000 WS
2025-10-21T00:00:00.000Z,2025-10-21T00:00:00.000Z,0.7269556307828542,RTX PRO 6000 WS
2025-10-22T00:00:00.000Z,2025-10-22T00:00:00.000Z,0.774650093069874,RTX PRO 6000 WS
2025-10-23T00:00:00.000Z,2025-10-23T00:00:00.000Z,0.7306743891563267,RTX PRO 6000 WS
2025-10-24T00:00:00.000Z,2025-10-24T00:00:00.000Z,0.7217235390938196,RTX PRO 6000 WS
2025-10-25T00:00:00.000Z,2025-10-25T00:00:00.000Z,0.6701814910203382,RTX PRO 6000 WS
2025-10-26T00:00:00.000Z,2025-10-26T00:00:00.000Z,0.5739924666236131,RTX PRO 6000 WS
2025-10-27T00:00:00.000Z,2025-10-27T00:00:00.000Z,0.6448196504402011,RTX PRO 6000 WS
2025-10-28T00:00:00.000Z,2025-10-28T00:00:00.000Z,0.5985818287711124,RTX PRO 6000 WS
2025-10-29T00:00:00.000Z,2025-10-29T00:00:00.000Z,0.7566633592708194,RTX PRO 6000 WS
2025-10-30T00:00:00.000Z,2025-10-30T00:00:00.000Z,0.8014609737196831,RTX PRO 6000 WS
2025-10-31T00:00:00.000Z,2025-10-31T00:00:00.000Z,0.7806372549019608,RTX PRO 6000 WS
2025-11-01T00:00:00.000Z,2025-11-01T00:00:00.000Z,0.7333724591762432,RTX PRO 6000 WS
2025-11-02T00:00:00.000Z,2025-11-02T00:00:00.000Z,0.6899448154409958,RTX PRO 6000 WS
2025-11-03T00:00:00.000Z,2025-11-03T00:00:00.000Z,0.6872882605250488,RTX PRO 6000 WS
2025-11-04T00:00:00.000Z,2025-11-04T00:00:00.000Z,0.6191648517957768,RTX PRO 6000 WS
2025-11-05T00:00:00.000Z,2025-11-05T00:00:00.000Z,0.6221330275229358,RTX PRO 6000 WS
2025-11-06T00:00:00.000Z,2025-11-06T00:00:00.000Z,0.6549033917153183,RTX PRO 6000 WS
2025-11-07T00:00:00.000Z,2025-11-07T00:00:00.000Z,0.7725083402835696,RTX PRO 6000 WS
2025-11-08T00:00:00.000Z,2025-11-08T00:00:00.000Z,0.7394729562241432,RTX PRO 6000 WS
2025-11-09T00:00:00.000Z,2025-11-09T00:00:00.000Z,0.6660933987911389,RTX PRO 6000 WS
2025-11-10T00:00:00.000Z,2025-11-10T00:00:00.000Z,0.6148626674390569,RTX PRO 6000 WS
2025-11-11T00:00:00.000Z,2025-11-11T00:00:00.000Z,0.6039580922241357,RTX PRO 6000 WS
2025-11-12T00:00:00.000Z,2025-11-12T00:00:00.000Z,0.6894222256359733,RTX PRO 6000 WS
2025-11-13T00:00:00.000Z,2025-11-13T00:00:00.000Z,0.7732759677433286,RTX PRO 6000 WS
2025-11-14T00:00:00.000Z,2025-11-14T00:00:00.000Z,0.7937776442316665,RTX PRO 6000 WS
2025-11-15T00:00:00.000Z,2025-11-15T00:00:00.000Z,0.8887768817204301,RTX PRO 6000 WS
2025-11-16T00:00:00.000Z,2025-11-16T00:00:00.000Z,0.8177687301423516,RTX PRO 6000 WS
2025-11-17T00:00:00.000Z,2025-11-17T00:00:00.000Z,0.8392032076058465,RTX PRO 6000 WS
2025-11-18T00:00:00.000Z,2025-11-18T00:00:00.000Z,0.8438445558415753,RTX PRO 6000 WS
2025-11-19T00:00:00.000Z,2025-11-19T00:00:00.000Z,0.7827524461220671,RTX PRO 6000 WS
2025-11-20T00:00:00.000Z,2025-11-20T00:00:00.000Z,0.7657082262156804,RTX PRO 6000 WS
2025-11-21T00:00:00.000Z,2025-11-21T00:00:00.000Z,0.7203076576871751,RTX PRO 6000 WS
2025-11-22T00:00:00.000Z,2025-11-22T00:00:00.000Z,0.6447656600442261,RTX PRO 6000 WS
2025-11-23T00:00:00.000Z,2025-11-23T00:00:00.000Z,0.6458478901107589,RTX PRO 6000 WS
2025-11-24T00:00:00.000Z,2025-11-24T00:00:00.000Z,0.6450109537820365,RTX PRO 6000 WS
2025-11-25T00:00:00.000Z,2025-11-25T00:00:00.000Z,0.692029409645999,RTX PRO 6000 WS
2025-11-26T00:00:00.000Z,2025-11-26T00:00:00.000Z,0.710872577684505,RTX PRO 6000 WS
2025-11-27T00:00:00.000Z,2025-11-27T00:00:00.000Z,0.7580492705109931,RTX PRO 6000 WS
2025-11-28T00:00:00.000Z,2025-11-28T00:00:00.000Z,0.7025289074290411,RTX PRO 6000 WS
2025-11-29T00:00:00.000Z,2025-11-29T00:00:00.000Z,0.6978848182576335,RTX PRO 6000 WS
2025-11-30T00:00:00.000Z,2025-11-30T00:00:00.000Z,0.6570812619216438,RTX PRO 6000 WS
2025-12-01T00:00:00.000Z,2025-12-01T00:00:00.000Z,0.6569343006867865,RTX PRO 6000 WS
2025-12-02T00:00:00.000Z,2025-12-02T00:00:00.000Z,0.6803483346679529,RTX PRO 6000 WS
2025-12-03T00:00:00.000Z,2025-12-03T00:00:00.000Z,0.6965817839891973,RTX PRO 6000 WS
2025-12-04T00:00:00.000Z,2025-12-04T00:00:00.000Z,0.7122442296247274,RTX PRO 6000 WS
2025-12-05T00:00:00.000Z,2025-12-05T00:00:00.000Z,0.6920333048903436,RTX PRO 6000 WS
2025-12-06T00:00:00.000Z,2025-12-06T00:00:00.000Z,0.6035019191273508,RTX PRO 6000 WS
2025-12-07T00:00:00.000Z,2025-12-07T00:00:00.000Z,0.5859404147411196,RTX PRO 6000 WS
2025-12-08T00:00:00.000Z,2025-12-08T00:00:00.000Z,0.6824115713853326,RTX PRO 6000 WS
2025-12-09T00:00:00.000Z,2025-12-09T00:00:00.000Z,0.6908663433229659,RTX PRO 6000 WS
2025-12-10T00:00:00.000Z,2025-12-10T00:00:00.000Z,0.6860451862479301,RTX PRO 6000 WS
2025-12-11T00:00:00.000Z,2025-12-11T00:00:00.000Z,0.6087409625783978,RTX PRO 6000 WS
2025-12-12T00:00:00.000Z,2025-12-12T00:00:00.000Z,0.599111264854981,RTX PRO 6000 WS
2025-12-13T00:00:00.000Z,2025-12-13T00:00:00.000Z,0.5805111107872815,RTX PRO 6000 WS
2025-12-14T00:00:00.000Z,2025-12-14T00:00:00.000Z,0.5814982145478648,RTX PRO 6000 WS
2025-12-15T00:00:00.000Z,2025-12-15T00:00:00.000Z,0.5788256187946754,RTX PRO 6000 WS
2025-12-16T00:00:00.000Z,2025-12-16T00:00:00.000Z,0.6086924400258773,RTX PRO 6000 WS
2025-12-17T00:00:00.000Z,2025-12-17T00:00:00.000Z,0.6977979643634104,RTX PRO 6000 WS
2025-12-18T00:00:00.000Z,2025-12-18T00:00:00.000Z,0.6750506639102709,RTX PRO 6000 WS
2025-12-19T00:00:00.000Z,2025-12-19T00:00:00.000Z,0.6464829991951696,RTX PRO 6000 WS
2025-12-20T00:00:00.000Z,2025-12-20T00:00:00.000Z,0.5987016364025183,RTX PRO 6000 WS
2025-12-21T00:00:00.000Z,2025-12-21T00:00:00.000Z,0.6689423881258554,RTX PRO 6000 WS
2025-12-22T00:00:00.000Z,2025-12-22T00:00:00.000Z,0.6418232556138761,RTX PRO 6000 WS
2025-12-23T00:00:00.000Z,2025-12-23T00:00:00.000Z,0.6942891798808047,RTX PRO 6000 WS
2025-12-24T00:00:00.000Z,2025-12-24T00:00:00.000Z,0.5934391513260037,RTX PRO 6000 WS
2025-12-25T00:00:00.000Z,2025-12-25T00:00:00.000Z,0.6497040016851857,RTX PRO 6000 WS
2025-12-26T00:00:00.000Z,2025-12-26T00:00:00.000Z,0.6167870539050821,RTX PRO 6000 WS
2025-12-27T00:00:00.000Z,2025-12-27T00:00:00.000Z,0.5432343720393705,RTX PRO 6000 WS
2025-12-28T00:00:00.000Z,2025-12-28T00:00:00.000Z,0.5727547242612745,RTX PRO 6000 WS
2025-12-29T00:00:00.000Z,2025-12-29T00:00:00.000Z,0.5435868356343119,RTX PRO 6000 WS
2025-12-30T00:00:00.000Z,2025-12-30T00:00:00.000Z,0.6914854678193717,RTX PRO 6000 WS
2025-12-31T00:00:00.000Z,2025-12-31T00:00:00.000Z,0.6745283018867925,RTX PRO 6000 WS
2026-01-01T00:00:00.000Z,2026-01-01T00:00:00.000Z,0.644554464338692,RTX PRO 6000 WS
2026-01-02T00:00:00.000Z,2026-01-02T00:00:00.000Z,0.6094485961693458,RTX PRO 6000 WS
2026-01-03T00:00:00.000Z,2026-01-03T00:00:00.000Z,0.6204881453705299,RTX PRO 6000 WS
2026-01-04T00:00:00.000Z,2026-01-04T00:00:00.000Z,0.6143302964066102,RTX PRO 6000 WS
2026-01-05T00:00:00.000Z,2026-01-05T00:00:00.000Z,0.6334209789541955,RTX PRO 6000 WS
2026-01-06T00:00:00.000Z,2026-01-06T00:00:00.000Z,0.6668060896119464,RTX PRO 6000 WS
2026-01-07T00:00:00.000Z,2026-01-07T00:00:00.000Z,0.7594374591336124,RTX PRO 6000 WS
2026-01-08T00:00:00.000Z,2026-01-08T00:00:00.000Z,0.6388513800654785,RTX PRO 6000 WS
2026-01-09T00:00:00.000Z,2026-01-09T00:00:00.000Z,0.561502867880537,RTX PRO 6000 WS
2026-01-10T00:00:00.000Z,2026-01-10T00:00:00.000Z,0.5527677283148112,RTX PRO 6000 WS
2026-01-11T00:00:00.000Z,2026-01-11T00:00:00.000Z,0.5613373346154368,RTX PRO 6000 WS
2026-01-12T00:00:00.000Z,2026-01-12T00:00:00.000Z,0.6856297219894874,RTX PRO 6000 WS
2026-01-13T00:00:00.000Z,2026-01-13T00:00:00.000Z,0.6396985447975855,RTX PRO 6000 WS
2026-01-14T00:00:00.000Z,2026-01-14T00:00:00.000Z,0.7140904674480306,RTX PRO 6000 WS
2026-01-15T00:00:00.000Z,2026-01-15T00:00:00.000Z,0.7469223951628837,RTX PRO 6000 WS
2026-01-16T00:00:00.000Z,2026-01-16T00:00:00.000Z,0.6739634101096402,RTX PRO 6000 WS
2026-01-17T00:00:00.000Z,2026-01-17T00:00:00.000Z,0.6952833662161907,RTX PRO 6000 WS
2026-01-18T00:00:00.000Z,2026-01-18T00:00:00.000Z,0.7014939560978987,RTX PRO 6000 WS
2026-01-19T00:00:00.000Z,2026-01-19T00:00:00.000Z,0.6845723175879853,RTX PRO 6000 WS
2026-01-20T00:00:00.000Z,2026-01-20T00:00:00.000Z,0.7237467212459773,RTX PRO 6000 WS
2026-01-21T00:00:00.000Z,2026-01-21T00:00:00.000Z,0.727481658826062,RTX PRO 6000 WS
2026-01-22T00:00:00.000Z,2026-01-22T00:00:00.000Z,0.7425928138233187,RTX PRO 6000 WS
2026-01-23T00:00:00.000Z,2026-01-23T00:00:00.000Z,0.7496567466303395,RTX PRO 6000 WS
2026-01-24T00:00:00.000Z,2026-01-24T00:00:00.000Z,0.6928405494675124,RTX PRO 6000 WS
2026-01-25T00:00:00.000Z,2026-01-25T00:00:00.000Z,0.6560818776122602,RTX PRO 6000 WS
2026-01-26T00:00:00.000Z,2026-01-26T00:00:00.000Z,0.7636130526541578,RTX PRO 6000 WS
2026-01-27T00:00:00.000Z,2026-01-27T00:00:00.000Z,0.7671406707082374,RTX PRO 6000 WS
2026-01-28T00:00:00.000Z,2026-01-28T00:00:00.000Z,0.8031976458378146,RTX PRO 6000 WS
2026-01-29T00:00:00.000Z,2026-01-29T00:00:00.000Z,0.8217163448551821,RTX PRO 6000 WS
2026-01-30T00:00:00.000Z,2026-01-30T00:00:00.000Z,0.7287740836737719,RTX PRO 6000 WS
2026-01-31T00:00:00.000Z,2026-01-31T00:00:00.000Z,0.6576508011519298,RTX PRO 6000 WS
2026-02-01T00:00:00.000Z,2026-02-01T00:00:00.000Z,0.6441974229980602,RTX PRO 6000 WS
2026-02-02T00:00:00.000Z,2026-02-02T00:00:00.000Z,0.6981655429582297,RTX PRO 6000 WS
2026-02-03T00:00:00.000Z,2026-02-03T00:00:00.000Z,0.7008590411875533,RTX PRO 6000 WS
2026-02-04T00:00:00.000Z,2026-02-04T00:00:00.000Z,0.6621865034567951,RTX PRO 6000 WS
2026-02-05T00:00:00.000Z,2026-02-05T00:00:00.000Z,0.7024055493053808,RTX PRO 6000 WS
2026-02-06T00:00:00.000Z,2026-02-06T00:00:00.000Z,0.6740440912737323,RTX PRO 6000 WS
2026-02-07T00:00:00.000Z,2026-02-07T00:00:00.000Z,0.6434609443326055,RTX PRO 6000 WS
2026-02-08T00:00:00.000Z,2026-02-08T00:00:00.000Z,0.6400693910470054,RTX PRO 6000 WS
2026-02-09T00:00:00.000Z,2026-02-09T00:00:00.000Z,0.7472012803165373,RTX PRO 6000 WS
2026-02-10T00:00:00.000Z,2026-02-10T00:00:00.000Z,0.7171107840010287,RTX PRO 6000 WS
2026-02-11T00:00:00.000Z,2026-02-11T00:00:00.000Z,0.7570171228935103,RTX PRO 6000 WS
2026-02-12T00:00:00.000Z,2026-02-12T00:00:00.000Z,0.7386964784963325,RTX PRO 6000 WS
2026-02-13T00:00:00.000Z,2026-02-13T00:00:00.000Z,0.7682712056383298,RTX PRO 6000 WS
2026-02-14T00:00:00.000Z,2026-02-14T00:00:00.000Z,0.7831605621358962,RTX PRO 6000 WS
2026-02-15T00:00:00.000Z,2026-02-15T00:00:00.000Z,0.7540172355850017,RTX PRO 6000 WS
2026-02-16T00:00:00.000Z,2026-02-16T00:00:00.000Z,0.7526920562908411,RTX PRO 6000 WS
2026-02-17T00:00:00.000Z,2026-02-17T00:00:00.000Z,0.8120196421337085,RTX PRO 6000 WS
2026-02-18T00:00:00.000Z,2026-02-18T00:00:00.000Z,0.8707343937594866,RTX PRO 6000 WS
2026-02-19T00:00:00.000Z,2026-02-19T00:00:00.000Z,0.8309526846520225,RTX PRO 6000 WS
2026-02-20T00:00:00.000Z,2026-02-20T00:00:00.000Z,0.7962162607653736,RTX PRO 6000 WS
2026-02-21T00:00:00.000Z,2026-02-21T00:00:00.000Z,0.7934014110121013,RTX PRO 6000 WS
2026-02-22T00:00:00.000Z,2026-02-22T00:00:00.000Z,0.780835618138823,RTX PRO 6000 WS
2026-02-23T00:00:00.000Z,2026-02-23T00:00:00.000Z,0.8321119999252213,RTX PRO 6000 WS
2026-02-24T00:00:00.000Z,2026-02-24T00:00:00.000Z,0.840181513997586,RTX PRO 6000 WS
2026-02-25T00:00:00.000Z,2026-02-25T00:00:00.000Z,0.8293333753340997,RTX PRO 6000 WS
2026-02-26T00:00:00.000Z,2026-02-26T00:00:00.000Z,0.8516209346444418,RTX PRO 6000 WS
2026-02-27T00:00:00.000Z,2026-02-27T00:00:00.000Z,0.8238027760676884,RTX PRO 6000 WS
2026-02-28T00:00:00.000Z,2026-02-28T00:00:00.000Z,0.8175739208418237,RTX PRO 6000 WS
2026-03-01T00:00:00.000Z,2026-03-01T00:00:00.000Z,0.790001994167941,RTX PRO 6000 WS
2026-03-02T00:00:00.000Z,2026-03-02T00:00:00.000Z,0.8288501676039933,RTX PRO 6000 WS
2026-03-03T00:00:00.000Z,2026-03-03T00:00:00.000Z,0.8526430310722698,RTX PRO 6000 WS
2026-03-04T00:00:00.000Z,2026-03-04T00:00:00.000Z,0.8495911537452421,RTX PRO 6000 WS
2026-03-05T00:00:00.000Z,2026-03-05T00:00:00.000Z,0.8028198791862995,RTX PRO 6000 WS
2026-03-06T00:00:00.000Z,2026-03-06T00:00:00.000Z,0.8100000134132268,RTX PRO 6000 WS
2026-03-07T00:00:00.000Z,2026-03-07T00:00:00.000Z,0.8792143539833259,RTX PRO 6000 WS
2026-03-08T00:00:00.000Z,2026-03-08T00:00:00.000Z,0.8821696352857118,RTX PRO 6000 WS
2026-03-09T00:00:00.000Z,2026-03-09T00:00:00.000Z,0.9139637318452621,RTX PRO 6000 WS
2026-03-10T00:00:00.000Z,2026-03-10T00:00:00.000Z,0.8882775179379533,RTX PRO 6000 WS
2026-03-11T00:00:00.000Z,2026-03-11T00:00:00.000Z,0.8764699959271232,RTX PRO 6000 WS
2026-03-12T00:00:00.000Z,2026-03-12T00:00:00.000Z,0.864755553138402,RTX PRO 6000 WS
2026-03-13T00:00:00.000Z,2026-03-13T00:00:00.000Z,0.8719897366569394,RTX PRO 6000 WS
2026-03-14T00:00:00.000Z,2026-03-14T00:00:00.000Z,0.8831213375114301,RTX PRO 6000 WS
2026-03-15T00:00:00.000Z,2026-03-15T00:00:00.000Z,0.8724205887468887,RTX PRO 6000 WS
2026-03-16T00:00:00.000Z,2026-03-16T00:00:00.000Z,0.8579679777270016,RTX PRO 6000 WS
2026-03-17T00:00:00.000Z,2026-03-17T00:00:00.000Z,0.8553926030025981,RTX PRO 6000 WS
2026-03-18T00:00:00.000Z,2026-03-18T00:00:00.000Z,0.8887161230154529,RTX PRO 6000 WS
2026-03-19T00:00:00.000Z,2026-03-19T00:00:00.000Z,0.8781466451984347,RTX PRO 6000 WS
2026-03-20T00:00:00.000Z,2026-03-20T00:00:00.000Z,0.8845858035422463,RTX PRO 6000 WS
2026-03-21T00:00:00.000Z,2026-03-21T00:00:00.000Z,0.8522154029689226,RTX PRO 6000 WS
2026-03-22T00:00:00.000Z,2026-03-22T00:00:00.000Z,0.8467251577273293,RTX PRO 6000 WS
2026-03-23T00:00:00.000Z,2026-03-23T00:00:00.000Z,0.9037803962561294,RTX PRO 6000 WS
2026-03-24T00:00:00.000Z,2026-03-24T00:00:00.000Z,0.9266704885809174,RTX PRO 6000 WS
2026-03-25T00:00:00.000Z,2026-03-25T00:00:00.000Z,0.892330306942228,RTX PRO 6000 WS
2026-03-26T00:00:00.000Z,2026-03-26T00:00:00.000Z,0.907583539053178,RTX PRO 6000 WS
2026-03-27T00:00:00.000Z,2026-03-27T00:00:00.000Z,0.9427488255920684,RTX PRO 6000 WS
2026-03-28T00:00:00.000Z,2026-03-28T00:00:00.000Z,0.8575622227581238,RTX PRO 6000 WS
2026-03-29T00:00:00.000Z,2026-03-29T00:00:00.000Z,0.8801305944004738,RTX PRO 6000 WS
2026-03-30T00:00:00.000Z,2026-03-30T00:00:00.000Z,0.8932411652815673,RTX PRO 6000 WS
2026-03-31T00:00:00.000Z,2026-03-31T00:00:00.000Z,0.9343603013959569,RTX PRO 6000 WS
2026-04-01T00:00:00.000Z,2026-04-01T00:00:00.000Z,0.9347260107140899,RTX PRO 6000 WS
2026-04-02T00:00:00.000Z,2026-04-02T00:00:00.000Z,0.9288528145484409,RTX PRO 6000 WS
2026-04-03T00:00:00.000Z,2026-04-03T00:00:00.000Z,0.9123435393628582,RTX PRO 6000 WS
2026-04-04T00:00:00.000Z,2026-04-04T00:00:00.000Z,0.9225125680979491,RTX PRO 6000 WS
2026-04-05T00:00:00.000Z,2026-04-05T00:00:00.000Z,0.9118951139419884,RTX PRO 6000 WS
2026-04-06T00:00:00.000Z,2026-04-06T00:00:00.000Z,0.9318409199213253,RTX PRO 6000 WS
2026-04-07T00:00:00.000Z,2026-04-07T00:00:00.000Z,0.9491028494648241,RTX PRO 6000 WS
2026-04-08T00:00:00.000Z,2026-04-08T00:00:00.000Z,0.9495841095847629,RTX PRO 6000 WS
2026-04-09T00:00:00.000Z,2026-04-09T00:00:00.000Z,0.9313409496712848,RTX PRO 6000 WS
2026-04-10T00:00:00.000Z,2026-04-10T00:00:00.000Z,0.9251751368964571,RTX PRO 6000 WS
2026-04-11T00:00:00.000Z,2026-04-11T00:00:00.000Z,0.8783413208157417,RTX PRO 6000 WS
2026-04-12T00:00:00.000Z,2026-04-12T00:00:00.000Z,0.868962951058989,RTX PRO 6000 WS
2026-04-13T00:00:00.000Z,2026-04-13T00:00:00.000Z,0.8959080559982265,RTX PRO 6000 WS
2026-04-14T00:00:00.000Z,2026-04-14T00:00:00.000Z,0.9091946370459212,RTX PRO 6000 WS
2026-04-15T00:00:00.000Z,2026-04-15T00:00:00.000Z,0.9336362193746559,RTX PRO 6000 WS
2026-04-16T00:00:00.000Z,2026-04-16T00:00:00.000Z,0.9188276345916837,RTX PRO 6000 WS
2026-04-17T00:00:00.000Z,2026-04-17T00:00:00.000Z,0.9166118906085842,RTX PRO 6000 WS
2026-04-18T00:00:00.000Z,2026-04-18T00:00:00.000Z,0.8749888147808272,RTX PRO 6000 WS
2026-04-19T00:00:00.000Z,2026-04-19T00:00:00.000Z,0.8411663525100398,RTX PRO 6000 WS
2026-04-20T00:00:00.000Z,2026-04-20T00:00:00.000Z,0.8707395163405552,RTX PRO 6000 WS
2026-04-21T00:00:00.000Z,2026-04-21T00:00:00.000Z,0.889669490101199,RTX PRO 6000 WS
2026-04-22T00:00:00.000Z,2026-04-22T00:00:00.000Z,0.9097288421788474,RTX PRO 6000 WS
2026-04-23T00:00:00.000Z,2026-04-23T00:00:00.000Z,0.8905099832506829,RTX PRO 6000 WS
2026-04-24T00:00:00.000Z,2026-04-24T00:00:00.000Z,0.8802129488314736,RTX PRO 6000 WS
2026-04-25T00:00:00.000Z,2026-04-25T00:00:00.000Z,0.8147406464995826,RTX PRO 6000 WS
2026-04-26T00:00:00.000Z,2026-04-26T00:00:00.000Z,0.8226827525781433,RTX PRO 6000 WS
2026-04-27T00:00:00.000Z,2026-04-27T00:00:00.000Z,0.8682216041993848,RTX PRO 6000 WS
2026-04-28T00:00:00.000Z,2026-04-28T00:00:00.000Z,0.9108002189453627,RTX PRO 6000 WS
2026-04-29T00:00:00.000Z,2026-04-29T00:00:00.000Z,0.8962703389342647,RTX PRO 6000 WS
2026-04-30T00:00:00.000Z,2026-04-30T00:00:00.000Z,0.9158908875670224,RTX PRO 6000 WS
2026-05-01T00:00:00.000Z,2026-05-01T00:00:00.000Z,0.8661830092931186,RTX PRO 6000 WS
2026-05-02T00:00:00.000Z,2026-05-02T00:00:00.000Z,0.8039700085448419,RTX PRO 6000 WS
2026-05-03T00:00:00.000Z,2026-05-03T00:00:00.000Z,0.8511961159956968,RTX PRO 6000 WS
2026-05-04T00:00:00.000Z,2026-05-04T00:00:00.000Z,0.8764434173736964,RTX PRO 6000 WS
2026-05-05T00:00:00.000Z,2026-05-05T00:00:00.000Z,0.8876510442713514,RTX PRO 6000 WS
2026-05-06T00:00:00.000Z,2026-05-06T00:00:00.000Z,0.8981863283023347,RTX PRO 6000 WS
2026-05-07T00:00:00.000Z,2026-05-07T00:00:00.000Z,0.8707883487189487,RTX PRO 6000 WS
2026-05-08T00:00:00.000Z,2026-05-08T00:00:00.000Z,0.8849202570688917,RTX PRO 6000 WS
2026-05-09T00:00:00.000Z,2026-05-09T00:00:00.000Z,0.847465419633429,RTX PRO 6000 WS
2026-05-10T00:00:00.000Z,2026-05-10T00:00:00.000Z,0.8598554063513166,RTX PRO 6000 WS
2026-05-11T00:00:00.000Z,2026-05-11T00:00:00.000Z,0.9234407155034703,RTX PRO 6000 WS
2026-05-12T00:00:00.000Z,2026-05-12T00:00:00.000Z,0.8750239125433426,RTX PRO 6000 WS
2026-05-13T00:00:00.000Z,2026-05-13T00:00:00.000Z,0.8800103058686896,RTX PRO 6000 WS
2026-05-14T00:00:00.000Z,2026-05-14T00:00:00.000Z,0.8510239519238021,RTX PRO 6000 WS
2026-05-15T00:00:00.000Z,2026-05-15T00:00:00.000Z,0.8454371035278129,RTX PRO 6000 WS
2026-05-16T00:00:00.000Z,2026-05-16T00:00:00.000Z,0.8136039249166892,RTX PRO 6000 WS
2026-05-17T00:00:00.000Z,2026-05-17T00:00:00.000Z,0.8365592577235634,RTX PRO 6000 WS
2026-05-18T00:00:00.000Z,2026-05-18T00:00:00.000Z,0.8843947863465851,RTX PRO 6000 WS
2026-05-19T00:00:00.000Z,2026-05-19T00:00:00.000Z,0.8519534913892012,RTX PRO 6000 WS
2026-05-20T00:00:00.000Z,2026-05-20T00:00:00.000Z,0.9034878640769924,RTX PRO 6000 WS
2026-05-21T00:00:00.000Z,2026-05-21T00:00:00.000Z,0.944011520548531,RTX PRO 6000 WS
2026-05-22T00:00:00.000Z,2026-05-22T00:00:00.000Z,0.931086593664972,RTX PRO 6000 WS
2026-05-23T00:00:00.000Z,2026-05-23T00:00:00.000Z,0.9066091692179618,RTX PRO 6000 WS
2026-05-24T00:00:00.000Z,2026-05-24T00:00:00.000Z,0.9230298911896774,RTX PRO 6000 WS
2026-05-25T00:00:00.000Z,2026-05-25T00:00:00.000Z,0.9191246926626235,RTX PRO 6000 WS
2026-05-26T00:00:00.000Z,2026-05-26T00:00:00.000Z,0.8573542529146166,RTX PRO 6000 WS
2026-05-27T00:00:00.000Z,2026-05-27T00:00:00.000Z,0.840458575712125,RTX PRO 6000 WS
2026-05-28T00:00:00.000Z,2026-05-28T00:00:00.000Z,0.9604772649805277,RTX PRO 6000 WS
2026-05-29T00:00:00.000Z,2026-05-29T00:00:00.000Z,0.9685629677763493,RTX PRO 6000 WS
2026-05-30T00:00:00.000Z,2026-05-30T00:00:00.000Z,0.8623334403193996,RTX PRO 6000 WS
2026-05-31T00:00:00.000Z,2026-05-31T00:00:00.000Z,0.776016092938882,RTX PRO 6000 WS
2026-06-01T00:00:00.000Z,2026-06-01T00:00:00.000Z,0.8016177980755277,RTX PRO 6000 WS
2026-06-02T00:00:00.000Z,2026-06-02T00:00:00.000Z,0.7638533866720785,RTX PRO 6000 WS
2026-06-03T00:00:00.000Z,2026-06-03T00:00:00.000Z,0.7969103825433764,RTX PRO 6000 WS
2026-06-04T00:00:00.000Z,2026-06-04T00:00:00.000Z,0.806459861162732,RTX PRO 6000 WS
2026-06-05T00:00:00.000Z,2026-06-05T00:00:00.000Z,0.8610228853985394,RTX PRO 6000 WS
2026-06-06T00:00:00.000Z,2026-06-06T00:00:00.000Z,0.7655134657343526,RTX PRO 6000 WS
2026-06-07T00:00:00.000Z,2026-06-07T00:00:00.000Z,0.7847252021874046,RTX PRO 6000 WS
2026-06-08T00:00:00.000Z,2026-06-08T00:00:00.000Z,0.792672854479903,RTX PRO 6000 WS
2026-06-09T00:00:00.000Z,2026-06-09T00:00:00.000Z,0.8099558171866994,RTX PRO 6000 WS
2026-06-10T00:00:00.000Z,2026-06-10T00:00:00.000Z,0.8569208227077995,RTX PRO 6000 WS
2026-06-11T00:00:00.000Z,2026-06-11T00:00:00.000Z,0.8508182831207003,RTX PRO 6000 WS
2026-06-12T00:00:00.000Z,2026-06-12T00:00:00.000Z,0.7983420874625262,RTX PRO 6000 WS
2026-06-13T00:00:00.000Z,2026-06-13T00:00:00.000Z,0.7417885850557531,RTX PRO 6000 WS
2026-06-14T00:00:00.000Z,2026-06-14T00:00:00.000Z,0.7173610689361619,RTX PRO 6000 WS
2026-06-15T00:00:00.000Z,2026-06-15T00:00:00.000Z,0.7254226829254135,RTX PRO 6000 WS
2026-06-16T00:00:00.000Z,2026-06-16T00:00:00.000Z,0.7180138979544092,RTX PRO 6000 WS
2026-06-17T00:00:00.000Z,2026-06-17T00:00:00.000Z,0.7806051281631025,RTX PRO 6000 WS
2026-06-18T00:00:00.000Z,2026-06-18T00:00:00.000Z,0.7797867065973995,RTX PRO 6000 WS
2026-06-19T00:00:00.000Z,2026-06-19T00:00:00.000Z,0.7544244719432801,RTX PRO 6000 WS
2026-06-20T00:00:00.000Z,2026-06-20T00:00:00.000Z,0.6867516604743887,RTX PRO 6000 WS
2026-06-21T00:00:00.000Z,2026-06-21T00:00:00.000Z,0.6486825544445003,RTX PRO 6000 WS
2026-06-22T00:00:00.000Z,2026-06-22T00:00:00.000Z,0.666147209856272,RTX PRO 6000 WS
2026-06-23T00:00:00.000Z,2026-06-23T00:00:00.000Z,0.666823006176672,RTX PRO 6000 WS
2026-06-24T00:00:00.000Z,2026-06-24T00:00:00.000Z,0.6834465401230325,RTX PRO 6000 WS
2026-06-25T00:00:00.000Z,2026-06-25T00:00:00.000Z,0.6981210540764989,RTX PRO 6000 WS
2026-06-26T00:00:00.000Z,2026-06-26T00:00:00.000Z,0.7092489150921124,RTX PRO 6000 WS
2026-06-27T00:00:00.000Z,2026-06-27T00:00:00.000Z,0.6402270939764576,RTX PRO 6000 WS
2026-06-28T00:00:00.000Z,2026-06-28T00:00:00.000Z,0.7518289801424802,RTX PRO 6000 WS
2026-06-29T00:00:00.000Z,2026-06-29T00:00:00.000Z,0.8754765069903336,RTX PRO 6000 WS
2026-06-30T00:00:00.000Z,2026-06-30T00:00:00.000Z,0.8096571887049422,RTX PRO 6000 WS
2026-07-01T00:00:00.000Z,2026-07-01T00:00:00.000Z,0.8510290130288299,RTX PRO 6000 WS
2026-07-02T00:00:00.000Z,2026-07-02T00:00:00.000Z,0.8267216420110748,RTX PRO 6000 WS
2026-07-03T00:00:00.000Z,2026-07-03T00:00:00.000Z,0.7801123330206358,RTX PRO 6000 WS
2026-07-04T00:00:00.000Z,2026-07-04T00:00:00.000Z,0.6960371886575479,RTX PRO 6000 WS
2026-07-05T00:00:00.000Z,2026-07-05T00:00:00.000Z,0.6759694712485216,RTX PRO 6000 WS
2026-07-06T00:00:00.000Z,2026-07-06T00:00:00.000Z,0.7401503908359582,RTX PRO 6000 WS
2026-07-07T00:00:00.000Z,2026-07-07T00:00:00.000Z,0.7473165769176787,RTX PRO 6000 WS
2026-07-08T00:00:00.000Z,2026-07-08T00:00:00.000Z,0.7442773406854114,RTX PRO 6000 WS
2026-07-09T00:00:00.000Z,2026-07-09T00:00:00.000Z,0.7425270780783416,RTX PRO 6000 WS
2026-07-10T00:00:00.000Z,2026-07-10T00:00:00.000Z,0.7676179410395501,RTX PRO 6000 WS
2026-07-11T00:00:00.000Z,2026-07-11T00:00:00.000Z,0.7523903572663146,RTX PRO 6000 WS
2026-07-12T00:00:00.000Z,2026-07-12T00:00:00.000Z,0.728620923117841,RTX PRO 6000 WS
2026-07-13T00:00:00.000Z,2026-07-13T00:00:00.000Z,0.7609822424726187,RTX PRO 6000 WS
2026-07-14T00:00:00.000Z,2026-07-14T00:00:00.000Z,0.8094025774354916,RTX PRO 6000 WS
2026-07-15T00:00:00.000Z,2026-07-15T00:00:00.000Z,0.814841578043549,RTX PRO 6000 WS
2026-07-16T00:00:00.000Z,2026-07-16T00:00:00.000Z,0.8172770868072434,RTX PRO 6000 WS
2026-07-17T00:00:00.000Z,2026-07-17T00:00:00.000Z,0.8252771433671616,RTX PRO 6000 WS
2026-07-18T00:00:00.000Z,2026-07-18T00:00:00.000Z,0.8001688240968418,RTX PRO 6000 WS
2026-07-19T00:00:00.000Z,2026-07-19T00:00:00.000Z,0.802454212572971,RTX PRO 6000 WS
2026-07-20T00:00:00.000Z,2026-07-20T00:00:00.000Z,0.8570154630005449,RTX PRO 6000 WS
2026-07-21T00:00:00.000Z,2026-07-21T00:00:00.000Z,0.8342318131759708,RTX PRO 6000 WS
2026-07-22T00:00:00.000Z,2026-07-22T00:00:00.000Z,0.8345403491897326,RTX PRO 6000 WS
2026-07-23T00:00:00.000Z,2026-07-23T00:00:00.000Z,0.8872946013504629,RTX PRO 6000 WS
2026-07-24T00:00:00.000Z,2026-07-24T00:00:00.000Z,0.8829752943231519,RTX PRO 6000 WS
2026-07-25T00:00:00.000Z,2026-07-25T00:00:00.000Z,0.840379070271891,RTX PRO 6000 WS
2026-07-26T00:00:00.000Z,2026-07-26T00:00:00.000Z,0.8444813252025668,RTX PRO 6000 WS
2026-07-27T00:00:00.000Z,2026-07-27T00:00:00.000Z,0.8984999316174458,RTX PRO 6000 WS
2026-07-28T00:00:00.000Z,2026-07-28T00:00:00.000Z,0.8898629522518755,RTX PRO 6000 WS
2026-07-29T00:00:00.000Z,2026-07-29T00:00:00.000Z,0.8945235668045061,RTX PRO 6000 WS
2026-07-30T00:00:00.000Z,2026-07-30T00:00:00.000Z,0.8983588910967308,RTX PRO 6000 WS
2026-07-31T00:00:00.000Z,2026-07-31T00:00:00.000Z,0.8706910326999033,RTX PRO 6000 WS
2026-08-01T00:00:00.000Z,2026-08-01T00:00:00.000Z,0.8430199211697142,RTX PRO 6000 WS
2026-08-02T00:00:00.000Z,2026-08-02T00:00:00.000Z,0.8105967515865716,RTX PRO 6000 WS
2026-08-03T00:00:00.000Z,2026-08-03T00:00:00.000Z,0.7851904890953223,RTX PRO 6000 WS
2026-08-04T00:00:00.000Z,2026-08-04T00:00:00.000Z,0.8617035951129314,RTX PRO 6000 WS
2026-08-05T00:00:00.000Z,2026-08-05T00:00:00.000Z,0.8619054680052209,RTX PRO 6000 WS
2026-08-06T00:00:00.000Z,2026-08-06T00:00:00.000Z,0.8582166776328315,RTX PRO 6000 WS
2026-08-07T00:00:00.000Z,2026-08-07T00:00:00.000Z,0.8564853330039465,RTX PRO 6000 WS
2026-08-08T00:00:00.000Z,2026-08-08T00:00:00.000Z,0.8132762842359014,RTX PRO 6000 WS
2026-08-09T00:00:00.000Z,2026-08-09T00:00:00.000Z,0.8670762447628135,RTX PRO 6000 WS
2026-08-10T00:00:00.000Z,2026-08-10T00:00:00.000Z,0.9201341382491883,RTX PRO 6000 WS
2026-08-11T00:00:00.000Z,2026-08-11T00:00:00.000Z,0.9274337593261478,RTX PRO 6000 WS
2026-08-12T00:00:00.000Z,2026-08-12T00:00:00.000Z,0.9053571333465128,RTX PRO 6000 WS
2026-08-13T00:00:00.000Z,2026-08-13T00:00:00.000Z,0.9270486680194818,RTX PRO 6000 WS
2026-08-14T00:00:00.000Z,2026-08-14T00:00:00.000Z,0.8705923191261691,RTX PRO 6000 WS
2026-08-15T00:00:00.000Z,2026-08-15T00:00:00.000Z,0.8155689867746853,RTX PRO 6000 WS
2026-08-16T00:00:00.000Z,2026-08-16T00:00:00.000Z,0.8179655717039984,RTX PRO 6000 WS
2026-08-17T00:00:00.000Z,2026-08-17T00:00:00.000Z,0.8595789963939153,RTX PRO 6000 WS
2026-08-18T00:00:00.000Z,2026-08-18T00:00:00.000Z,0.8845020444763942,RTX PRO 6000 WS
2026-08-19T00:00:00.000Z,2026-08-19T00:00:00.000Z,0.8967247300234482,RTX PRO 6000 WS
2026-08-20T00:00:00.000Z,2026-08-20T00:00:00.000Z,0.8879164696722275,RTX PRO 6000 WS
2026-08-21T00:00:00.000Z,2026-08-21T00:00:00.000Z,0.8536093924774482,RTX PRO 6000 WS
2026-08-22T00:00:00.000Z,2026-08-22T00:00:00.000Z,0.8518488148039095,RTX PRO 6000 WS
2026-08-23T00:00:00.000Z,2026-08-23T00:00:00.000Z,0.8410645682392753,RTX PRO 6000 WS
2026-08-24T00:00:00.000Z,2026-08-24T00:00:00.000Z,0.8956316237910907,RTX PRO 6000 WS
2026-08-25T00:00:00.000Z,2026-08-25T00:00:00.000Z,0.913900356340126,RTX PRO 6000 WS
2026-08-26T00:00:00.000Z,2026-08-26T00:00:00.000Z,0.914745970624012,RTX PRO 6000 WS
2026-08-27T00:00:00.000Z,2026-08-27T00:00:00.000Z,0.906436334649027,RTX PRO 6000 WS
2026-08-28T00:00:00.000Z,2026-08-28T00:00:00.000Z,0.8838858512506838,RTX PRO 6000 WS
2026-08-29T00:00:00.000Z,2026-08-29T00:00:00.000Z,0.8628209789041004,RTX PRO 6000 WS
2026-08-30T00:00:00.000Z,2026-08-30T00:00:00.000Z,0.8475177304964538,RTX PRO 6000 WS
